mtllib material.mtl
usemtl material_link4_2
v -11.41746998 21.02564049 440.70001221
v -11.77830982 20.40064049 442.00000000
v -11.05661964 21.65064049 442.00000000
v -11.05661964 21.65064049 440.70001221
v -11.77830982 20.40064049 440.70001221
v -12.50000000 20.40064049 440.70001221
v -13.22169018 20.40064049 442.00000000
v -11.77830982 20.40064049 442.00000000
v -11.77830982 20.40064049 440.70001221
v -13.22169018 20.40064049 440.70001221
v -13.94338036 21.65064049 442.00000000
v -13.58253002 21.02564049 440.70001221
v -13.94338036 21.65064049 440.70001221
v -13.22169018 20.40064049 442.00000000
v -13.22169018 20.40064049 440.70001221
v -12.75988960 20.42794991 440.70001221
v -13.22169018 20.40064049 440.70001221
v -12.63066006 20.40748024 440.70001221
v -12.88626957 20.46182060 440.70001221
v -13.00841999 20.50869942 440.70001221
v -13.12500000 20.56809998 440.70001221
v -13.23472977 20.63936043 440.70001221
v -13.33640957 20.72171021 440.70001221
v -13.42893028 20.81422043 440.70001221
v -12.50000000 20.40064049 440.70001221
v -13.58253002 21.02564049 440.70001221
v -13.51126957 20.91589928 440.70001221
v -11.57106972 20.81422043 440.70001221
v -11.66359043 20.72171021 440.70001221
v -11.77830982 20.40064049 440.70001221
v -11.76527023 20.63936043 440.70001221
v -11.87500000 20.56809998 440.70001221
v -11.99158001 20.50869942 440.70001221
v -12.11373043 20.46182060 440.70001221
v -12.24011040 20.42794991 440.70001221
v -12.36933994 20.40748024 440.70001221
v -11.41746998 21.02564049 440.70001221
v -11.48873043 20.91589928 440.70001221
v -13.22169018 -20.40064049 442.00000000
v -13.22169018 -20.40064049 440.70001221
v -12.50000000 -20.40064049 440.70001221
v -11.77830982 -20.40064049 442.00000000
v -11.77830982 -20.40064049 440.70001221
v -11.05661964 -21.65064049 442.00000000
v -11.41746998 -21.02564049 440.70001221
v -11.05661964 -21.65064049 440.70001221
v -11.77830982 -20.40064049 442.00000000
v -11.77830982 -20.40064049 440.70001221
v -13.58253002 -21.02564049 440.70001221
v -13.22169018 -20.40064049 442.00000000
v -13.94338036 -21.65064049 442.00000000
v -13.22169018 -20.40064049 440.70001221
v -13.94338036 -21.65064049 440.70001221
v -13.42893028 -20.81422043 440.70001221
v -13.22169018 -20.40064049 440.70001221
v -13.51126957 -20.91589928 440.70001221
v -13.33640957 -20.72171021 440.70001221
v -13.23472977 -20.63936043 440.70001221
v -13.12500000 -20.56809998 440.70001221
v -13.00841999 -20.50869942 440.70001221
v -12.88626957 -20.46182060 440.70001221
v -12.75988960 -20.42794991 440.70001221
v -13.58253002 -21.02564049 440.70001221
v -12.50000000 -20.40064049 440.70001221
v -12.63066006 -20.40748024 440.70001221
v -11.76527023 -20.63936043 440.70001221
v -11.77830982 -20.40064049 440.70001221
v -11.87500000 -20.56809998 440.70001221
v -11.66359043 -20.72171021 440.70001221
v -11.57106972 -20.81422043 440.70001221
v -11.48873043 -20.91589928 440.70001221
v -11.99158001 -20.50869942 440.70001221
v -12.11373043 -20.46182060 440.70001221
v -12.24011040 -20.42794991 440.70001221
v -12.36933994 -20.40748024 440.70001221
v -11.41746998 -21.02564049 440.70001221
v -17.36804008 -17.34336090 398.50000000
v -16.69045067 -16.41496086 398.50000000
v -16.58439064 -16.50915909 398.50000000
v -16.48493958 -16.61030960 398.50000000
v -17.27495003 -17.44725037 398.50000000
v -16.39253998 -16.71793938 398.50000000
v -16.30761909 -16.83156013 398.50000000
v -17.47525978 -17.25412941 398.50000000
v -16.92040062 -16.24906921 398.50000000
v -16.80261993 -16.32813072 398.50000000
v -17.19799042 -17.56358910 398.50000000
v -16.23056030 -16.95066071 398.50000000
v -16.16172028 -17.07468033 398.50000000
v -16.10140991 -17.20307922 398.50000000
v -17.59432983 -17.18145943 398.50000000
v -17.17060089 -16.11566925 398.50000000
v -17.04324913 -16.17815018 398.50000000
v -17.13878059 -17.68988991 398.50000000
v -16.04990959 -17.33525085 398.50000000
v -16.00744057 -17.47059059 398.50000000
v -17.72270966 -17.12690926 398.50000000
v -17.43648911 -16.01720047 398.50000000
v -17.30187988 -16.06193924 398.50000000
v -17.09859085 -17.82346916 398.50000000
v -15.97420979 -17.60849953 398.50000000
v -15.95036030 -17.74832916 398.50000000
v -17.85766983 -17.09161949 398.50000000
v -17.85408974 -15.93871021 398.50000000
v -17.71323013 -15.95543957 398.50000000
v -17.57382011 -15.98163986 398.50000000
v -17.07827950 -17.96147919 398.50000000
v -15.93601036 -17.88945007 398.50000000
v -15.93122005 -18.03121948 398.50000000
v -17.99633026 -17.07637024 398.50000000
v -18.13759041 -15.93391991 398.50000000
v -17.99575043 -15.93152046 398.50000000
v -17.07827950 -18.10096931 398.50000000
v -15.93601036 -18.17299080 398.50000000
v -15.95036030 -18.31411934 398.50000000
v -18.13573074 -17.08146095 398.50000000
v -18.41914940 -15.96735954 398.50000000
v -18.27893066 -15.94587994 398.50000000
v -17.09859085 -18.23897934 398.50000000
v -15.97420979 -18.45395088 398.50000000
v -16.00744057 -18.59185028 398.50000000
v -18.27289963 -17.10680008 398.50000000
v -18.69363976 -16.03844070 398.50000000
v -18.55759048 -15.99825954 398.50000000
v -17.13878059 -18.37256050 398.50000000
v -16.04990959 -18.72719955 398.50000000
v -16.10140991 -18.85936928 398.50000000
v -18.40492058 -17.15184021 398.50000000
v -18.95605087 -16.14583015 398.50000000
v -18.82666016 -16.08769989 398.50000000
v -17.19799042 -18.49885941 398.50000000
v -16.16172028 -18.98776054 398.50000000
v -16.23056030 -19.11178970 398.50000000
v -16.30761909 -19.23089027 398.50000000
v -18.52898026 -17.21562004 398.50000000
v -19.20161057 -16.28759956 398.50000000
v -19.08122063 -16.21257019 398.50000000
v -17.27495003 -18.61520004 398.50000000
v -16.39253998 -19.34450912 398.50000000
v -16.48493958 -19.45214081 398.50000000
v -18.64242935 -17.29678917 398.50000000
v -19.42581940 -16.46116066 398.50000000
v -19.31665039 -16.37059021 398.50000000
v -17.36804008 -18.71908951 398.50000000
v -19.52864075 -16.55888939 398.50000000
v -18.74284935 -17.39361000 398.50000000
v -16.58439064 -19.55328941 398.50000000
v -19.62462044 -16.66333961 398.50000000
v -16.69045067 -19.64748955 398.50000000
v -17.47525978 -18.80831909 398.50000000
v -19.71332932 -16.77403069 398.50000000
v -18.82810020 -17.50400925 398.50000000
v -16.80261993 -19.73431969 398.50000000
v -19.79435921 -16.89045906 398.50000000
v -16.92040062 -19.81337929 398.50000000
v -17.59432983 -18.88097954 398.50000000
v -19.86734962 -17.01209068 398.50000000
v -18.89636993 -17.62565994 398.50000000
v -17.04324913 -19.88430023 398.50000000
v -19.93195915 -17.13837051 398.50000000
v -17.17060089 -19.94676971 398.50000000
v -17.72270966 -18.93553925 398.50000000
v -19.98789978 -17.26873016 398.50000000
v -18.94619942 -17.75595093 398.50000000
v -17.30187988 -20.00049973 398.50000000
v -20.03491974 -17.40255928 398.50000000
v -17.43648911 -20.04524994 398.50000000
v -17.85766983 -18.97081947 398.50000000
v -20.07279015 -17.53926086 398.50000000
v -18.97653008 -17.89209938 398.50000000
v -17.57382011 -20.08079910 398.50000000
v -20.10133934 -17.67820930 398.50000000
v -17.71323013 -20.10700989 398.50000000
v -20.12044907 -17.81876945 398.50000000
v -18.98671913 -18.03121948 398.50000000
v -17.85408974 -20.12373924 398.50000000
v -17.99633026 -18.98608017 398.50000000
v -20.13002014 -17.96030045 398.50000000
v -17.99575043 -20.13092041 398.50000000
v -20.13002014 -18.10214996 398.50000000
v -18.13759041 -20.12853050 398.50000000
v -18.13573074 -18.98097992 398.50000000
v -20.12044907 -18.24367905 398.50000000
v -18.97653008 -18.17033958 398.50000000
v -18.27893066 -20.11655998 398.50000000
v -20.10133934 -18.38423920 398.50000000
v -18.41914940 -20.09507942 398.50000000
v -18.27289963 -18.95565033 398.50000000
v -20.07279015 -18.52318001 398.50000000
v -18.94619942 -18.30649948 398.50000000
v -18.55759048 -20.06418037 398.50000000
v -20.03491974 -18.65988922 398.50000000
v -18.69363976 -20.02400970 398.50000000
v -18.40492058 -18.91061020 398.50000000
v -19.98789978 -18.79372025 398.50000000
v -18.89636993 -18.43679047 398.50000000
v -18.82666016 -19.97475052 398.50000000
v -19.93195915 -18.92407990 398.50000000
v -18.95605087 -19.91661072 398.50000000
v -18.52898026 -18.84683037 398.50000000
v -19.86734962 -19.05035973 398.50000000
v -18.82810020 -18.55842972 398.50000000
v -19.08122063 -19.84988022 398.50000000
v -19.79435921 -19.17198944 398.50000000
v -19.20161057 -19.77483940 398.50000000
v -18.64242935 -18.76565933 398.50000000
v -19.71332932 -19.28841972 398.50000000
v -18.74284935 -18.66884041 398.50000000
v -19.31665039 -19.69185066 398.50000000
v -19.62462044 -19.39911079 398.50000000
v -19.42581940 -19.60128021 398.50000000
v -19.52864075 -19.50354958 398.50000000
v -18.98671913 -18.03121948 408.50000000
v -18.98671913 -18.03121948 398.50000000
v -18.97653008 -17.89209938 408.50000000
v -18.97653008 -17.89209938 408.50000000
v -18.97653008 -17.89209938 398.50000000
v -18.94619942 -17.75595093 408.50000000
v -18.97653008 -17.89209938 398.50000000
v -18.94619942 -17.75595093 398.50000000
v -18.94619942 -17.75595093 408.50000000
v -18.94619942 -17.75595093 398.50000000
v -18.89636993 -17.62565994 408.50000000
v -18.89636993 -17.62565994 398.50000000
v -18.89636993 -17.62565994 408.50000000
v -18.89636993 -17.62565994 398.50000000
v -18.82810020 -17.50400925 408.50000000
v -18.82810020 -17.50400925 398.50000000
v -18.82810020 -17.50400925 408.50000000
v -18.82810020 -17.50400925 398.50000000
v -18.74284935 -17.39361000 408.50000000
v -18.74284935 -17.39361000 398.50000000
v -18.74284935 -17.39361000 408.50000000
v -18.74284935 -17.39361000 398.50000000
v -18.64242935 -17.29678917 408.50000000
v -18.64242935 -17.29678917 398.50000000
v -18.64242935 -17.29678917 408.50000000
v -18.64242935 -17.29678917 398.50000000
v -18.52898026 -17.21562004 408.50000000
v -18.52898026 -17.21562004 398.50000000
v -18.52898026 -17.21562004 408.50000000
v -18.52898026 -17.21562004 398.50000000
v -18.40492058 -17.15184021 408.50000000
v -18.40492058 -17.15184021 398.50000000
v -18.40492058 -17.15184021 408.50000000
v -18.40492058 -17.15184021 398.50000000
v -18.27289963 -17.10680008 408.50000000
v -18.27289963 -17.10680008 398.50000000
v -18.27289963 -17.10680008 408.50000000
v -18.27289963 -17.10680008 398.50000000
v -18.13573074 -17.08146095 408.50000000
v -18.13573074 -17.08146095 398.50000000
v -18.13573074 -17.08146095 408.50000000
v -18.13573074 -17.08146095 398.50000000
v -17.99633026 -17.07637024 408.50000000
v -17.99633026 -17.07637024 398.50000000
v -17.99633026 -17.07637024 408.50000000
v -17.99633026 -17.07637024 398.50000000
v -17.85766983 -17.09161949 408.50000000
v -17.85766983 -17.09161949 398.50000000
v -17.85766983 -17.09161949 408.50000000
v -17.85766983 -17.09161949 398.50000000
v -17.72270966 -17.12690926 408.50000000
v -17.72270966 -17.12690926 398.50000000
v -17.72270966 -17.12690926 408.50000000
v -17.72270966 -17.12690926 398.50000000
v -17.59432983 -17.18145943 408.50000000
v -17.59432983 -17.18145943 398.50000000
v -17.59432983 -17.18145943 408.50000000
v -17.59432983 -17.18145943 398.50000000
v -17.47525978 -17.25412941 408.50000000
v -17.47525978 -17.25412941 398.50000000
v -17.47525978 -17.25412941 408.50000000
v -17.47525978 -17.25412941 398.50000000
v -17.36804008 -17.34336090 408.50000000
v -17.36804008 -17.34336090 398.50000000
v -17.36804008 -17.34336090 408.50000000
v -17.36804008 -17.34336090 398.50000000
v -17.27495003 -17.44725037 408.50000000
v -17.27495003 -17.44725037 398.50000000
v -17.27495003 -17.44725037 408.50000000
v -17.27495003 -17.44725037 398.50000000
v -17.19799042 -17.56358910 408.50000000
v -17.19799042 -17.56358910 408.50000000
v -17.19799042 -17.56358910 398.50000000
v -17.13878059 -17.68988991 408.50000000
v -17.19799042 -17.56358910 398.50000000
v -17.13878059 -17.68988991 398.50000000
v -17.13878059 -17.68988991 408.50000000
v -17.09859085 -17.82346916 398.50000000
v -17.09859085 -17.82346916 408.50000000
v -17.09859085 -17.82346916 408.50000000
v -17.09859085 -17.82346916 398.50000000
v -17.07827950 -17.96147919 408.50000000
v -17.13878059 -17.68988991 398.50000000
v -17.07827950 -17.96147919 408.50000000
v -17.07827950 -17.96147919 398.50000000
v -17.07827950 -18.10096931 408.50000000
v -17.07827950 -17.96147919 398.50000000
v -17.07827950 -18.10096931 398.50000000
v -17.07827950 -18.10096931 408.50000000
v -17.09859085 -18.23897934 398.50000000
v -17.09859085 -18.23897934 408.50000000
v -17.09859085 -18.23897934 408.50000000
v -17.09859085 -18.23897934 398.50000000
v -17.13878059 -18.37256050 408.50000000
v -17.07827950 -18.10096931 398.50000000
v -17.13878059 -18.37256050 408.50000000
v -17.13878059 -18.37256050 398.50000000
v -17.19799042 -18.49885941 408.50000000
v -17.13878059 -18.37256050 398.50000000
v -17.19799042 -18.49885941 408.50000000
v -17.19799042 -18.49885941 398.50000000
v -17.27495003 -18.61520004 408.50000000
v -17.19799042 -18.49885941 398.50000000
v -17.27495003 -18.61520004 398.50000000
v -17.27495003 -18.61520004 408.50000000
v -17.36804008 -18.71908951 398.50000000
v -17.36804008 -18.71908951 408.50000000
v -17.36804008 -18.71908951 408.50000000
v -17.36804008 -18.71908951 398.50000000
v -17.47525978 -18.80831909 408.50000000
v -17.27495003 -18.61520004 398.50000000
v -17.47525978 -18.80831909 398.50000000
v -17.47525978 -18.80831909 408.50000000
v -17.47525978 -18.80831909 398.50000000
v -17.59432983 -18.88097954 408.50000000
v -17.59432983 -18.88097954 398.50000000
v -17.59432983 -18.88097954 398.50000000
v -17.72270966 -18.93553925 398.50000000
v -17.59432983 -18.88097954 408.50000000
v -17.72270966 -18.93553925 408.50000000
v -17.72270966 -18.93553925 408.50000000
v -17.72270966 -18.93553925 398.50000000
v -17.85766983 -18.97081947 408.50000000
v -17.85766983 -18.97081947 398.50000000
v -17.85766983 -18.97081947 398.50000000
v -17.99633026 -18.98608017 398.50000000
v -17.85766983 -18.97081947 408.50000000
v -17.99633026 -18.98608017 408.50000000
v -17.99633026 -18.98608017 408.50000000
v -17.99633026 -18.98608017 398.50000000
v -18.13573074 -18.98097992 408.50000000
v -18.13573074 -18.98097992 398.50000000
v -18.13573074 -18.98097992 398.50000000
v -18.27289963 -18.95565033 398.50000000
v -18.13573074 -18.98097992 408.50000000
v -18.27289963 -18.95565033 408.50000000
v -18.27289963 -18.95565033 408.50000000
v -18.27289963 -18.95565033 398.50000000
v -18.40492058 -18.91061020 408.50000000
v -18.40492058 -18.91061020 398.50000000
v -18.40492058 -18.91061020 408.50000000
v -18.40492058 -18.91061020 398.50000000
v -18.52898026 -18.84683037 408.50000000
v -18.52898026 -18.84683037 398.50000000
v -18.52898026 -18.84683037 398.50000000
v -18.64242935 -18.76565933 398.50000000
v -18.52898026 -18.84683037 408.50000000
v -18.64242935 -18.76565933 408.50000000
v -18.64242935 -18.76565933 398.50000000
v -18.74284935 -18.66884041 398.50000000
v -18.64242935 -18.76565933 408.50000000
v -18.74284935 -18.66884041 408.50000000
v -18.74284935 -18.66884041 398.50000000
v -18.82810020 -18.55842972 398.50000000
v -18.74284935 -18.66884041 408.50000000
v -18.82810020 -18.55842972 408.50000000
v -18.82810020 -18.55842972 408.50000000
v -18.82810020 -18.55842972 398.50000000
v -18.89636993 -18.43679047 408.50000000
v -18.89636993 -18.43679047 398.50000000
v -18.89636993 -18.43679047 398.50000000
v -18.94619942 -18.30649948 398.50000000
v -18.89636993 -18.43679047 408.50000000
v -18.94619942 -18.30649948 408.50000000
v -18.94619942 -18.30649948 398.50000000
v -18.97653008 -18.17033958 398.50000000
v -18.94619942 -18.30649948 408.50000000
v -18.97653008 -18.17033958 408.50000000
v -18.97653008 -18.17033958 408.50000000
v -18.97653008 -18.17033958 398.50000000
v -18.98671913 -18.03121948 408.50000000
v -18.98671913 -18.03121948 398.50000000
v -17.09859085 -17.82346916 408.50000000
v -17.19799042 -17.56358910 408.50000000
v -17.13878059 -17.68988991 408.50000000
v -17.85766983 -17.09161949 408.50000000
v -17.72270966 -17.12690926 408.50000000
v -17.59432983 -17.18145943 408.50000000
v -17.19799042 -18.49885941 408.50000000
v -17.07827950 -18.10096931 408.50000000
v -17.09859085 -18.23897934 408.50000000
v -17.13878059 -18.37256050 408.50000000
v -18.64242935 -17.29678917 408.50000000
v -18.52898026 -17.21562004 408.50000000
v -18.40492058 -17.15184021 408.50000000
v -17.36804008 -18.71908951 408.50000000
v -17.07827950 -17.96147919 408.50000000
v -17.27495003 -18.61520004 408.50000000
v -17.59432983 -18.88097954 408.50000000
v -17.47525978 -18.80831909 408.50000000
v -17.72270966 -18.93553925 408.50000000
v -18.94619942 -17.75595093 408.50000000
v -18.89636993 -17.62565994 408.50000000
v -18.82810020 -17.50400925 408.50000000
v -17.85766983 -18.97081947 408.50000000
v -17.47525978 -17.25412941 408.50000000
v -17.36804008 -17.34336090 408.50000000
v -17.27495003 -17.44725037 408.50000000
v -18.97653008 -17.89209938 408.50000000
v -18.74284935 -17.39361000 408.50000000
v -18.27289963 -18.95565033 408.50000000
v -17.99633026 -18.98608017 408.50000000
v -18.13573074 -18.98097992 408.50000000
v -18.89636993 -18.43679047 408.50000000
v -18.94619942 -18.30649948 408.50000000
v -18.97653008 -18.17033958 408.50000000
v -18.52898026 -18.84683037 408.50000000
v -18.40492058 -18.91061020 408.50000000
v -18.82810020 -18.55842972 408.50000000
v -18.98671913 -18.03121948 408.50000000
v -18.74284935 -18.66884041 408.50000000
v -18.27289963 -17.10680008 408.50000000
v -18.13573074 -17.08146095 408.50000000
v -17.99633026 -17.07637024 408.50000000
v -18.64242935 -18.76565933 408.50000000
v -15.93122005 -18.03121948 398.50000000
v -15.93601036 -17.88945007 398.50000000
v -16.03121948 -18.03121948 398.39999390
v -16.03620911 -17.89015007 398.39999390
v -15.93601036 -17.88945007 398.50000000
v -15.95036030 -17.74832916 398.50000000
v -16.03620911 -17.89015007 398.39999390
v -16.05113029 -17.74976921 398.39999390
v -16.05113029 -17.74976921 398.39999390
v -15.97420979 -17.60849953 398.50000000
v -16.07591057 -17.61079979 398.39999390
v -15.95036030 -17.74832916 398.50000000
v -15.97420979 -17.60849953 398.50000000
v -16.05113029 -17.74976921 398.39999390
v -15.97420979 -17.60849953 398.50000000
v -16.00744057 -17.47059059 398.50000000
v -16.07591057 -17.61079979 398.39999390
v -16.07591057 -17.61079979 398.39999390
v -16.00744057 -17.47059059 398.50000000
v -16.11043930 -17.47392082 398.39999390
v -16.00744057 -17.47059059 398.50000000
v -16.04990959 -17.33525085 398.50000000
v -16.11043930 -17.47392082 398.39999390
v -16.11043930 -17.47392082 398.39999390
v -16.04990959 -17.33525085 398.50000000
v -16.15453911 -17.33982086 398.39999390
v -16.15453911 -17.33982086 398.39999390
v -16.10140991 -17.20307922 398.50000000
v -16.20797920 -17.20915985 398.39999390
v -16.04990959 -17.33525085 398.50000000
v -16.10140991 -17.20307922 398.50000000
v -16.15453911 -17.33982086 398.39999390
v -16.20797920 -17.20915985 398.39999390
v -16.16172028 -17.07468033 398.50000000
v -16.27050972 -17.08259964 398.39999390
v -16.10140991 -17.20307922 398.50000000
v -16.16172028 -17.07468033 398.50000000
v -16.20797920 -17.20915985 398.39999390
v -16.27050972 -17.08259964 398.39999390
v -16.23056030 -16.95066071 398.50000000
v -16.34181023 -16.96076012 398.39999390
v -16.16172028 -17.07468033 398.50000000
v -16.23056030 -16.95066071 398.50000000
v -16.27050972 -17.08259964 398.39999390
v -16.34181023 -16.96076012 398.39999390
v -16.30761909 -16.83156013 398.50000000
v -16.42152977 -16.84425926 398.39999390
v -16.23056030 -16.95066071 398.50000000
v -16.30761909 -16.83156013 398.50000000
v -16.34181023 -16.96076012 398.39999390
v -16.42152977 -16.84425926 398.39999390
v -16.39253998 -16.71793938 398.50000000
v -16.50926971 -16.73366928 398.39999390
v -16.30761909 -16.83156013 398.50000000
v -16.39253998 -16.71793938 398.50000000
v -16.42152977 -16.84425926 398.39999390
v -16.50926971 -16.73366928 398.39999390
v -16.48493958 -16.61030960 398.50000000
v -16.60457993 -16.62955093 398.39999390
v -16.39253998 -16.71793938 398.50000000
v -16.48493958 -16.61030960 398.50000000
v -16.50926971 -16.73366928 398.39999390
v -16.60457993 -16.62955093 398.39999390
v -16.58439064 -16.50915909 398.50000000
v -16.70701027 -16.53240013 398.39999390
v -16.48493958 -16.61030960 398.50000000
v -16.58439064 -16.50915909 398.50000000
v -16.60457993 -16.62955093 398.39999390
v -16.70701027 -16.53240013 398.39999390
v -16.69045067 -16.41496086 398.50000000
v -16.81604004 -16.44272995 398.39999390
v -16.58439064 -16.50915909 398.50000000
v -16.69045067 -16.41496086 398.50000000
v -16.70701027 -16.53240013 398.39999390
v -16.81604004 -16.44272995 398.39999390
v -16.80261993 -16.32813072 398.50000000
v -16.93111038 -16.36096954 398.39999390
v -16.69045067 -16.41496086 398.50000000
v -16.80261993 -16.32813072 398.50000000
v -16.81604004 -16.44272995 398.39999390
v -16.93111038 -16.36096954 398.39999390
v -16.92040062 -16.24906921 398.50000000
v -17.05167007 -16.28753090 398.39999390
v -16.80261993 -16.32813072 398.50000000
v -16.92040062 -16.24906921 398.50000000
v -16.93111038 -16.36096954 398.39999390
v -17.05167007 -16.28753090 398.39999390
v -17.04324913 -16.17815018 398.50000000
v -17.17711067 -16.22277069 398.39999390
v -16.92040062 -16.24906921 398.50000000
v -17.04324913 -16.17815018 398.50000000
v -17.05167007 -16.28753090 398.39999390
v -17.17711067 -16.22277069 398.39999390
v -17.17060089 -16.11566925 398.50000000
v -17.30681038 -16.16703033 398.39999390
v -17.04324913 -16.17815018 398.50000000
v -17.17060089 -16.11566925 398.50000000
v -17.17711067 -16.22277069 398.39999390
v -17.30681038 -16.16703033 398.39999390
v -17.30187988 -16.06193924 398.50000000
v -17.44010925 -16.12056923 398.39999390
v -17.17060089 -16.11566925 398.50000000
v -17.30187988 -16.06193924 398.50000000
v -17.30681038 -16.16703033 398.39999390
v -17.44010925 -16.12056923 398.39999390
v -17.43648911 -16.01720047 398.50000000
v -17.57636070 -16.08363914 398.39999390
v -17.30187988 -16.06193924 398.50000000
v -17.43648911 -16.01720047 398.50000000
v -17.44010925 -16.12056923 398.39999390
v -17.57636070 -16.08363914 398.39999390
v -17.57382011 -15.98163986 398.50000000
v -17.71487045 -16.05640030 398.39999390
v -17.43648911 -16.01720047 398.50000000
v -17.57382011 -15.98163986 398.50000000
v -17.57636070 -16.08363914 398.39999390
v -17.71487045 -16.05640030 398.39999390
v -17.71323013 -15.95543957 398.50000000
v -17.85495949 -16.03900909 398.39999390
v -17.57382011 -15.98163986 398.50000000
v -17.71323013 -15.95543957 398.50000000
v -17.71487045 -16.05640030 398.39999390
v -17.85495949 -16.03900909 398.39999390
v -17.85408974 -15.93871021 398.50000000
v -17.99592972 -16.03153038 398.39999390
v -17.71323013 -15.95543957 398.50000000
v -17.85408974 -15.93871021 398.50000000
v -17.85495949 -16.03900909 398.39999390
v -17.99575043 -15.93152046 398.50000000
v -17.99592972 -16.03153038 398.39999390
v -18.13759041 -15.93391991 398.50000000
v -18.13706970 -16.03403091 398.39999390
v -17.99575043 -15.93152046 398.50000000
v -18.13706970 -16.03403091 398.39999390
v -18.27893066 -15.94587994 398.50000000
v -18.27769089 -16.04647064 398.39999390
v -18.13759041 -15.93391991 398.50000000
v -18.27893066 -15.94587994 398.50000000
v -18.13706970 -16.03403091 398.39999390
v -18.27769089 -16.04647064 398.39999390
v -18.41914940 -15.96735954 398.50000000
v -18.41707039 -16.06879997 398.39999390
v -18.27893066 -15.94587994 398.50000000
v -18.41707039 -16.06879997 398.39999390
v -18.55759048 -15.99825954 398.50000000
v -18.55454063 -16.10090065 398.39999390
v -18.41914940 -15.96735954 398.50000000
v -18.55759048 -15.99825954 398.50000000
v -18.41707039 -16.06879997 398.39999390
v -18.55454063 -16.10090065 398.39999390
v -18.69363976 -16.03844070 398.50000000
v -18.68939972 -16.14262962 398.39999390
v -18.55759048 -15.99825954 398.50000000
v -18.69363976 -16.03844070 398.50000000
v -18.55454063 -16.10090065 398.39999390
v -18.68939972 -16.14262962 398.39999390
v -18.82666016 -16.08769989 398.50000000
v -18.82098007 -16.19375992 398.39999390
v -18.69363976 -16.03844070 398.50000000
v -18.82666016 -16.08769989 398.50000000
v -18.68939972 -16.14262962 398.39999390
v -18.82666016 -16.08769989 398.50000000
v -18.95605087 -16.14583015 398.50000000
v -18.82098007 -16.19375992 398.39999390
v -18.82098007 -16.19375992 398.39999390
v -18.95605087 -16.14583015 398.50000000
v -18.94862938 -16.25403976 398.39999390
v -18.95605087 -16.14583015 398.50000000
v -19.08122063 -16.21257019 398.50000000
v -18.94862938 -16.25403976 398.39999390
v -18.94862938 -16.25403976 398.39999390
v -19.08122063 -16.21257019 398.50000000
v -19.07169914 -16.32317924 398.39999390
v -19.08122063 -16.21257019 398.50000000
v -19.20161057 -16.28759956 398.50000000
v -19.07169914 -16.32317924 398.39999390
v -19.07169914 -16.32317924 398.39999390
v -19.20161057 -16.28759956 398.50000000
v -19.18959045 -16.40082932 398.39999390
v -19.20161057 -16.28759956 398.50000000
v -19.31665039 -16.37059021 398.50000000
v -19.18959045 -16.40082932 398.39999390
v -19.18959045 -16.40082932 398.39999390
v -19.31665039 -16.37059021 398.50000000
v -19.30171013 -16.48660088 398.39999390
v -19.31665039 -16.37059021 398.50000000
v -19.42581940 -16.46116066 398.50000000
v -19.30171013 -16.48660088 398.39999390
v -19.30171013 -16.48660088 398.39999390
v -19.42581940 -16.46116066 398.50000000
v -19.40751076 -16.58007050 398.39999390
v -19.42581940 -16.46116066 398.50000000
v -19.52864075 -16.55888939 398.50000000
v -19.40751076 -16.58007050 398.39999390
v -19.40751076 -16.58007050 398.39999390
v -19.52864075 -16.55888939 398.50000000
v -19.50643921 -16.68077087 398.39999390
v -19.52864075 -16.55888939 398.50000000
v -19.62462044 -16.66333961 398.50000000
v -19.50643921 -16.68077087 398.39999390
v -19.50643921 -16.68077087 398.39999390
v -19.62462044 -16.66333961 398.50000000
v -19.59803009 -16.78819084 398.39999390
v -19.59803009 -16.78819084 398.39999390
v -19.71332932 -16.77403069 398.50000000
v -19.68181038 -16.90180969 398.39999390
v -19.62462044 -16.66333961 398.50000000
v -19.71332932 -16.77403069 398.50000000
v -19.59803009 -16.78819084 398.39999390
v -19.71332932 -16.77403069 398.50000000
v -19.79435921 -16.89045906 398.50000000
v -19.68181038 -16.90180969 398.39999390
v -19.68181038 -16.90180969 398.39999390
v -19.79435921 -16.89045906 398.50000000
v -19.75736046 -17.02104950 398.39999390
v -19.75736046 -17.02104950 398.39999390
v -19.86734962 -17.01209068 398.50000000
v -19.82431984 -17.14533043 398.39999390
v -19.79435921 -16.89045906 398.50000000
v -19.86734962 -17.01209068 398.50000000
v -19.75736046 -17.02104950 398.39999390
v -19.82431984 -17.14533043 398.39999390
v -19.93195915 -17.13837051 398.50000000
v -19.88233948 -17.27401924 398.39999390
v -19.86734962 -17.01209068 398.50000000
v -19.93195915 -17.13837051 398.50000000
v -19.82431984 -17.14533043 398.39999390
v -19.88233948 -17.27401924 398.39999390
v -19.98789978 -17.26873016 398.50000000
v -19.93114090 -17.40648079 398.39999390
v -19.93195915 -17.13837051 398.50000000
v -19.98789978 -17.26873016 398.50000000
v -19.88233948 -17.27401924 398.39999390
v -19.93114090 -17.40648079 398.39999390
v -20.03491974 -17.40255928 398.50000000
v -19.97047997 -17.54204941 398.39999390
v -19.98789978 -17.26873016 398.50000000
v -20.03491974 -17.40255928 398.50000000
v -19.93114090 -17.40648079 398.39999390
v -19.97047997 -17.54204941 398.39999390
v -20.07279015 -17.53926086 398.50000000
v -20.00016022 -17.68007088 398.39999390
v -20.03491974 -17.40255928 398.50000000
v -20.07279015 -17.53926086 398.50000000
v -19.97047997 -17.54204941 398.39999390
v -20.00016022 -17.68007088 398.39999390
v -20.10133934 -17.67820930 398.50000000
v -20.02001953 -17.81982994 398.39999390
v -20.07279015 -17.53926086 398.50000000
v -20.10133934 -17.67820930 398.50000000
v -20.00016022 -17.68007088 398.39999390
v -20.02001953 -17.81982994 398.39999390
v -20.12044907 -17.81876945 398.50000000
v -20.02997971 -17.96063995 398.39999390
v -20.12044907 -17.81876945 398.50000000
v -20.12044907 -17.81876945 398.50000000
v -20.13002014 -17.96030045 398.50000000
v -20.02997971 -17.96063995 398.39999390
v -20.02997971 -17.96063995 398.39999390
v -20.13002014 -18.10214996 398.50000000
v -20.02997971 -18.10181046 398.39999390
v -20.13002014 -17.96030045 398.50000000
v -20.02997971 -18.10181046 398.39999390
v -20.12044907 -18.24367905 398.50000000
v -20.02001953 -18.24262047 398.39999390
v -20.13002014 -18.10214996 398.50000000
v -20.12044907 -18.24367905 398.50000000
v -20.02997971 -18.10181046 398.39999390
v -20.02001953 -18.24262047 398.39999390
v -20.10133934 -18.38423920 398.50000000
v -20.00016022 -18.38237953 398.39999390
v -20.12044907 -18.24367905 398.50000000
v -20.00016022 -18.38237953 398.39999390
v -20.07279015 -18.52318001 398.50000000
v -19.97047997 -18.52038956 398.39999390
v -20.10133934 -18.38423920 398.50000000
v -20.07279015 -18.52318001 398.50000000
v -20.00016022 -18.38237953 398.39999390
v -19.97047997 -18.52038956 398.39999390
v -20.03491974 -18.65988922 398.50000000
v -19.93114090 -18.65596962 398.39999390
v -20.07279015 -18.52318001 398.50000000
v -20.03491974 -18.65988922 398.50000000
v -19.97047997 -18.52038956 398.39999390
v -19.93114090 -18.65596962 398.39999390
v -19.98789978 -18.79372025 398.50000000
v -19.88233948 -18.78842926 398.39999390
v -20.03491974 -18.65988922 398.50000000
v -19.98789978 -18.79372025 398.50000000
v -19.93114090 -18.65596962 398.39999390
v -19.88233948 -18.78842926 398.39999390
v -19.93195915 -18.92407990 398.50000000
v -19.82431984 -18.91711998 398.39999390
v -19.98789978 -18.79372025 398.50000000
v -19.93195915 -18.92407990 398.50000000
v -19.88233948 -18.78842926 398.39999390
v -19.82431984 -18.91711998 398.39999390
v -19.86734962 -19.05035973 398.50000000
v -19.75736046 -19.04140091 398.39999390
v -19.93195915 -18.92407990 398.50000000
v -19.86734962 -19.05035973 398.50000000
v -19.82431984 -18.91711998 398.39999390
v -19.75736046 -19.04140091 398.39999390
v -19.79435921 -19.17198944 398.50000000
v -19.68181038 -19.16064072 398.39999390
v -19.86734962 -19.05035973 398.50000000
v -19.79435921 -19.17198944 398.50000000
v -19.75736046 -19.04140091 398.39999390
v -19.68181038 -19.16064072 398.39999390
v -19.71332932 -19.28841972 398.50000000
v -19.59803009 -19.27425957 398.39999390
v -19.79435921 -19.17198944 398.50000000
v -19.71332932 -19.28841972 398.50000000
v -19.68181038 -19.16064072 398.39999390
v -19.71332932 -19.28841972 398.50000000
v -19.62462044 -19.39911079 398.50000000
v -19.59803009 -19.27425957 398.39999390
v -19.59803009 -19.27425957 398.39999390
v -19.62462044 -19.39911079 398.50000000
v -19.50643921 -19.38167953 398.39999390
v -19.62462044 -19.39911079 398.50000000
v -19.52864075 -19.50354958 398.50000000
v -19.50643921 -19.38167953 398.39999390
v -19.50643921 -19.38167953 398.39999390
v -19.52864075 -19.50354958 398.50000000
v -19.40751076 -19.48237991 398.39999390
v -19.52864075 -19.50354958 398.50000000
v -19.42581940 -19.60128021 398.50000000
v -19.40751076 -19.48237991 398.39999390
v -19.40751076 -19.48237991 398.39999390
v -19.42581940 -19.60128021 398.50000000
v -19.30171013 -19.57584000 398.39999390
v -19.42581940 -19.60128021 398.50000000
v -19.31665039 -19.69185066 398.50000000
v -19.30171013 -19.57584000 398.39999390
v -19.30171013 -19.57584000 398.39999390
v -19.31665039 -19.69185066 398.50000000
v -19.18959045 -19.66161919 398.39999390
v -19.31665039 -19.69185066 398.50000000
v -19.20161057 -19.77483940 398.50000000
v -19.18959045 -19.66161919 398.39999390
v -19.18959045 -19.66161919 398.39999390
v -19.20161057 -19.77483940 398.50000000
v -19.07169914 -19.73925972 398.39999390
v -19.20161057 -19.77483940 398.50000000
v -19.08122063 -19.84988022 398.50000000
v -19.07169914 -19.73925972 398.39999390
v -19.07169914 -19.73925972 398.39999390
v -19.08122063 -19.84988022 398.50000000
v -18.94862938 -19.80839920 398.39999390
v -19.08122063 -19.84988022 398.50000000
v -18.95605087 -19.91661072 398.50000000
v -18.94862938 -19.80839920 398.39999390
v -18.94862938 -19.80839920 398.39999390
v -18.95605087 -19.91661072 398.50000000
v -18.82098007 -19.86869049 398.39999390
v -18.95605087 -19.91661072 398.50000000
v -18.82666016 -19.97475052 398.50000000
v -18.82098007 -19.86869049 398.39999390
v -18.82098007 -19.86869049 398.39999390
v -18.82666016 -19.97475052 398.50000000
v -18.68939972 -19.91982079 398.39999390
v -18.82666016 -19.97475052 398.50000000
v -18.69363976 -20.02400970 398.50000000
v -18.68939972 -19.91982079 398.39999390
v -18.68939972 -19.91982079 398.39999390
v -18.69363976 -20.02400970 398.50000000
v -18.55454063 -19.96154022 398.39999390
v -18.69363976 -20.02400970 398.50000000
v -18.55759048 -20.06418037 398.50000000
v -18.55454063 -19.96154022 398.39999390
v -18.55454063 -19.96154022 398.39999390
v -18.55759048 -20.06418037 398.50000000
v -18.41707039 -19.99365044 398.39999390
v -18.55759048 -20.06418037 398.50000000
v -18.41914940 -20.09507942 398.50000000
v -18.41707039 -19.99365044 398.39999390
v -18.41707039 -19.99365044 398.39999390
v -18.41914940 -20.09507942 398.50000000
v -18.27769089 -20.01597977 398.39999390
v -18.27893066 -20.11655998 398.50000000
v -18.27769089 -20.01597977 398.39999390
v -18.27893066 -20.11655998 398.50000000
v -18.13706970 -20.02841949 398.39999390
v -18.27893066 -20.11655998 398.50000000
v -18.13759041 -20.12853050 398.50000000
v -18.13706970 -20.02841949 398.39999390
v -18.13706970 -20.02841949 398.39999390
v -18.13759041 -20.12853050 398.50000000
v -17.99592972 -20.03091049 398.39999390
v -17.99575043 -20.13092041 398.50000000
v -17.99575043 -20.13092041 398.50000000
v -17.85408974 -20.12373924 398.50000000
v -17.99592972 -20.03091049 398.39999390
v -17.85495949 -20.02343941 398.39999390
v -17.85495949 -20.02343941 398.39999390
v -17.71323013 -20.10700989 398.50000000
v -17.71487045 -20.00605011 398.39999390
v -17.85408974 -20.12373924 398.50000000
v -17.71323013 -20.10700989 398.50000000
v -17.85495949 -20.02343941 398.39999390
v -17.71487045 -20.00605011 398.39999390
v -17.57382011 -20.08079910 398.50000000
v -17.57636070 -19.97880936 398.39999390
v -17.71323013 -20.10700989 398.50000000
v -17.57382011 -20.08079910 398.50000000
v -17.71487045 -20.00605011 398.39999390
v -17.57636070 -19.97880936 398.39999390
v -17.43648911 -20.04524994 398.50000000
v -17.44010925 -19.94186974 398.39999390
v -17.57382011 -20.08079910 398.50000000
v -17.43648911 -20.04524994 398.50000000
v -17.57636070 -19.97880936 398.39999390
v -17.44010925 -19.94186974 398.39999390
v -17.30187988 -20.00049973 398.50000000
v -17.30681038 -19.89542007 398.39999390
v -17.43648911 -20.04524994 398.50000000
v -17.30187988 -20.00049973 398.50000000
v -17.44010925 -19.94186974 398.39999390
v -17.30681038 -19.89542007 398.39999390
v -17.17060089 -19.94676971 398.50000000
v -17.17711067 -19.83967018 398.39999390
v -17.30187988 -20.00049973 398.50000000
v -17.17060089 -19.94676971 398.50000000
v -17.30681038 -19.89542007 398.39999390
v -17.17711067 -19.83967018 398.39999390
v -17.04324913 -19.88430023 398.50000000
v -17.05167007 -19.77491951 398.39999390
v -17.17060089 -19.94676971 398.50000000
v -17.04324913 -19.88430023 398.50000000
v -17.17711067 -19.83967018 398.39999390
v -17.05167007 -19.77491951 398.39999390
v -16.92040062 -19.81337929 398.50000000
v -16.93111038 -19.70148087 398.39999390
v -17.04324913 -19.88430023 398.50000000
v -16.92040062 -19.81337929 398.50000000
v -17.05167007 -19.77491951 398.39999390
v -16.93111038 -19.70148087 398.39999390
v -16.80261993 -19.73431969 398.50000000
v -16.81604004 -19.61972046 398.39999390
v -16.92040062 -19.81337929 398.50000000
v -16.80261993 -19.73431969 398.50000000
v -16.93111038 -19.70148087 398.39999390
v -16.81604004 -19.61972046 398.39999390
v -16.69045067 -19.64748955 398.50000000
v -16.70701027 -19.53005028 398.39999390
v -16.80261993 -19.73431969 398.50000000
v -16.69045067 -19.64748955 398.50000000
v -16.81604004 -19.61972046 398.39999390
v -16.70701027 -19.53005028 398.39999390
v -16.58439064 -19.55328941 398.50000000
v -16.60457993 -19.43289948 398.39999390
v -16.69045067 -19.64748955 398.50000000
v -16.58439064 -19.55328941 398.50000000
v -16.70701027 -19.53005028 398.39999390
v -16.58439064 -19.55328941 398.50000000
v -16.48493958 -19.45214081 398.50000000
v -16.60457993 -19.43289948 398.39999390
v -16.60457993 -19.43289948 398.39999390
v -16.48493958 -19.45214081 398.50000000
v -16.50926971 -19.32877922 398.39999390
v -16.48493958 -19.45214081 398.50000000
v -16.39253998 -19.34450912 398.50000000
v -16.50926971 -19.32877922 398.39999390
v -16.50926971 -19.32877922 398.39999390
v -16.39253998 -19.34450912 398.50000000
v -16.42152977 -19.21818924 398.39999390
v -16.39253998 -19.34450912 398.50000000
v -16.30761909 -19.23089027 398.50000000
v -16.42152977 -19.21818924 398.39999390
v -16.42152977 -19.21818924 398.39999390
v -16.30761909 -19.23089027 398.50000000
v -16.34181023 -19.10169029 398.39999390
v -16.30761909 -19.23089027 398.50000000
v -16.23056030 -19.11178970 398.50000000
v -16.34181023 -19.10169029 398.39999390
v -16.34181023 -19.10169029 398.39999390
v -16.23056030 -19.11178970 398.50000000
v -16.27050972 -18.97985077 398.39999390
v -16.23056030 -19.11178970 398.50000000
v -16.16172028 -18.98776054 398.50000000
v -16.27050972 -18.97985077 398.39999390
v -16.27050972 -18.97985077 398.39999390
v -16.16172028 -18.98776054 398.50000000
v -16.20797920 -18.85329056 398.39999390
v -16.16172028 -18.98776054 398.50000000
v -16.10140991 -18.85936928 398.50000000
v -16.20797920 -18.85329056 398.39999390
v -16.20797920 -18.85329056 398.39999390
v -16.10140991 -18.85936928 398.50000000
v -16.15453911 -18.72262955 398.39999390
v -16.10140991 -18.85936928 398.50000000
v -16.04990959 -18.72719955 398.50000000
v -16.15453911 -18.72262955 398.39999390
v -16.15453911 -18.72262955 398.39999390
v -16.04990959 -18.72719955 398.50000000
v -16.11043930 -18.58852959 398.39999390
v -16.04990959 -18.72719955 398.50000000
v -16.00744057 -18.59185028 398.50000000
v -16.11043930 -18.58852959 398.39999390
v -16.11043930 -18.58852959 398.39999390
v -16.00744057 -18.59185028 398.50000000
v -16.07591057 -18.45165062 398.39999390
v -16.00744057 -18.59185028 398.50000000
v -15.97420979 -18.45395088 398.50000000
v -16.07591057 -18.45165062 398.39999390
v -16.07591057 -18.45165062 398.39999390
v -15.97420979 -18.45395088 398.50000000
v -16.05113029 -18.31267929 398.39999390
v -15.97420979 -18.45395088 398.50000000
v -15.95036030 -18.31411934 398.50000000
v -16.05113029 -18.31267929 398.39999390
v -16.05113029 -18.31267929 398.39999390
v -15.95036030 -18.31411934 398.50000000
v -16.03620911 -18.17230034 398.39999390
v -15.93601036 -18.17299080 398.50000000
v -16.03620911 -18.17230034 398.39999390
v -15.93601036 -18.17299080 398.50000000
v -16.03121948 -18.03121948 398.39999390
v -15.93122005 -18.03121948 398.50000000
v -16.03121948 -18.03121948 398.39999390
v -16.03620911 -17.89015007 398.39999390
v -16.03121948 -18.03121948 397.39999390
v -16.03620911 -17.89015007 397.39999390
v -16.03620911 -17.89015007 397.39999390
v -16.05113029 -17.74976921 398.39999390
v -16.05113029 -17.74976921 397.39999390
v -16.03620911 -17.89015007 398.39999390
v -16.05113029 -17.74976921 397.39999390
v -16.07591057 -17.61079979 398.39999390
v -16.07591057 -17.61079979 397.39999390
v -16.05113029 -17.74976921 398.39999390
v -16.07591057 -17.61079979 397.39999390
v -16.11043930 -17.47392082 398.39999390
v -16.11043930 -17.47392082 397.39999390
v -16.07591057 -17.61079979 398.39999390
v -16.11043930 -17.47392082 398.39999390
v -16.15453911 -17.33982086 398.39999390
v -16.11043930 -17.47392082 397.39999390
v -16.15453911 -17.33982086 397.39999390
v -16.15453911 -17.33982086 398.39999390
v -16.20797920 -17.20915985 398.39999390
v -16.15453911 -17.33982086 397.39999390
v -16.20797920 -17.20915985 397.39999390
v -16.20797920 -17.20915985 398.39999390
v -16.27050972 -17.08259964 398.39999390
v -16.20797920 -17.20915985 397.39999390
v -16.27050972 -17.08259964 397.39999390
v -16.27050972 -17.08259964 398.39999390
v -16.34181023 -16.96076012 398.39999390
v -16.27050972 -17.08259964 397.39999390
v -16.34181023 -16.96076012 397.39999390
v -16.34181023 -16.96076012 398.39999390
v -16.42152977 -16.84425926 398.39999390
v -16.34181023 -16.96076012 397.39999390
v -16.42152977 -16.84425926 397.39999390
v -16.42152977 -16.84425926 397.39999390
v -16.50926971 -16.73366928 398.39999390
v -16.50926971 -16.73366928 397.39999390
v -16.50926971 -16.73366928 397.39999390
v -16.50926971 -16.73366928 398.39999390
v -16.60457993 -16.62955093 397.39999390
v -16.42152977 -16.84425926 398.39999390
v -16.60457993 -16.62955093 398.39999390
v -16.60457993 -16.62955093 397.39999390
v -16.70701027 -16.53240013 398.39999390
v -16.70701027 -16.53240013 397.39999390
v -16.60457993 -16.62955093 398.39999390
v -16.70701027 -16.53240013 397.39999390
v -16.81604004 -16.44272995 398.39999390
v -16.81604004 -16.44272995 397.39999390
v -16.70701027 -16.53240013 398.39999390
v -16.81604004 -16.44272995 397.39999390
v -16.93111038 -16.36096954 398.39999390
v -16.93111038 -16.36096954 397.39999390
v -16.81604004 -16.44272995 398.39999390
v -16.93111038 -16.36096954 397.39999390
v -17.05167007 -16.28753090 398.39999390
v -17.05167007 -16.28753090 397.39999390
v -16.93111038 -16.36096954 398.39999390
v -17.05167007 -16.28753090 397.39999390
v -17.17711067 -16.22277069 398.39999390
v -17.17711067 -16.22277069 397.39999390
v -17.17711067 -16.22277069 397.39999390
v -17.17711067 -16.22277069 398.39999390
v -17.30681038 -16.16703033 397.39999390
v -17.05167007 -16.28753090 398.39999390
v -17.30681038 -16.16703033 398.39999390
v -17.30681038 -16.16703033 397.39999390
v -17.44010925 -16.12056923 398.39999390
v -17.44010925 -16.12056923 397.39999390
v -17.30681038 -16.16703033 398.39999390
v -17.44010925 -16.12056923 397.39999390
v -17.57636070 -16.08363914 398.39999390
v -17.57636070 -16.08363914 397.39999390
v -17.44010925 -16.12056923 398.39999390
v -17.57636070 -16.08363914 397.39999390
v -17.71487045 -16.05640030 398.39999390
v -17.71487045 -16.05640030 397.39999390
v -17.71487045 -16.05640030 397.39999390
v -17.71487045 -16.05640030 398.39999390
v -17.85495949 -16.03900909 397.39999390
v -17.57636070 -16.08363914 398.39999390
v -17.85495949 -16.03900909 397.39999390
v -17.85495949 -16.03900909 398.39999390
v -17.99592972 -16.03153038 397.39999390
v -17.85495949 -16.03900909 398.39999390
v -17.99592972 -16.03153038 398.39999390
v -17.99592972 -16.03153038 397.39999390
v -18.13706970 -16.03403091 398.39999390
v -18.13706970 -16.03403091 397.39999390
v -17.99592972 -16.03153038 398.39999390
v -18.13706970 -16.03403091 397.39999390
v -18.27769089 -16.04647064 398.39999390
v -18.27769089 -16.04647064 397.39999390
v -18.27769089 -16.04647064 397.39999390
v -18.27769089 -16.04647064 398.39999390
v -18.41707039 -16.06879997 397.39999390
v -18.13706970 -16.03403091 398.39999390
v -18.41707039 -16.06879997 397.39999390
v -18.41707039 -16.06879997 398.39999390
v -18.55454063 -16.10090065 397.39999390
v -18.41707039 -16.06879997 398.39999390
v -18.55454063 -16.10090065 398.39999390
v -18.55454063 -16.10090065 397.39999390
v -18.68939972 -16.14262962 398.39999390
v -18.68939972 -16.14262962 397.39999390
v -18.55454063 -16.10090065 398.39999390
v -18.68939972 -16.14262962 397.39999390
v -18.82098007 -16.19375992 398.39999390
v -18.82098007 -16.19375992 397.39999390
v -18.68939972 -16.14262962 398.39999390
v -18.82098007 -16.19375992 397.39999390
v -18.94862938 -16.25403976 398.39999390
v -18.94862938 -16.25403976 397.39999390
v -18.82098007 -16.19375992 398.39999390
v -18.94862938 -16.25403976 398.39999390
v -19.07169914 -16.32317924 398.39999390
v -18.94862938 -16.25403976 397.39999390
v -19.07169914 -16.32317924 397.39999390
v -19.07169914 -16.32317924 397.39999390
v -19.07169914 -16.32317924 398.39999390
v -19.18959045 -16.40082932 397.39999390
v -19.18959045 -16.40082932 398.39999390
v -19.18959045 -16.40082932 398.39999390
v -19.30171013 -16.48660088 398.39999390
v -19.18959045 -16.40082932 397.39999390
v -19.30171013 -16.48660088 397.39999390
v -19.30171013 -16.48660088 397.39999390
v -19.30171013 -16.48660088 398.39999390
v -19.40751076 -16.58007050 397.39999390
v -19.40751076 -16.58007050 398.39999390
v -19.40751076 -16.58007050 397.39999390
v -19.40751076 -16.58007050 398.39999390
v -19.50643921 -16.68077087 397.39999390
v -19.50643921 -16.68077087 398.39999390
v -19.50643921 -16.68077087 398.39999390
v -19.59803009 -16.78819084 398.39999390
v -19.50643921 -16.68077087 397.39999390
v -19.59803009 -16.78819084 397.39999390
v -19.59803009 -16.78819084 397.39999390
v -19.68181038 -16.90180969 398.39999390
v -19.68181038 -16.90180969 397.39999390
v -19.59803009 -16.78819084 398.39999390
v -19.68181038 -16.90180969 397.39999390
v -19.75736046 -17.02104950 398.39999390
v -19.75736046 -17.02104950 397.39999390
v -19.75736046 -17.02104950 397.39999390
v -19.75736046 -17.02104950 398.39999390
v -19.82431984 -17.14533043 397.39999390
v -19.68181038 -16.90180969 398.39999390
v -19.82431984 -17.14533043 397.39999390
v -19.82431984 -17.14533043 398.39999390
v -19.88233948 -17.27401924 397.39999390
v -19.82431984 -17.14533043 398.39999390
v -19.88233948 -17.27401924 398.39999390
v -19.88233948 -17.27401924 397.39999390
v -19.93114090 -17.40648079 398.39999390
v -19.93114090 -17.40648079 397.39999390
v -19.93114090 -17.40648079 397.39999390
v -19.93114090 -17.40648079 398.39999390
v -19.97047997 -17.54204941 397.39999390
v -19.88233948 -17.27401924 398.39999390
v -19.97047997 -17.54204941 398.39999390
v -19.97047997 -17.54204941 397.39999390
v -20.00016022 -17.68007088 398.39999390
v -20.00016022 -17.68007088 397.39999390
v -19.97047997 -17.54204941 398.39999390
v -20.00016022 -17.68007088 397.39999390
v -20.02001953 -17.81982994 398.39999390
v -20.02001953 -17.81982994 397.39999390
v -20.00016022 -17.68007088 398.39999390
v -20.02001953 -17.81982994 397.39999390
v -20.02997971 -17.96063995 398.39999390
v -20.02997971 -17.96063995 397.39999390
v -20.02001953 -17.81982994 398.39999390
v -20.02997971 -17.96063995 397.39999390
v -20.02997971 -18.10181046 398.39999390
v -20.02997971 -18.10181046 397.39999390
v -20.02997971 -17.96063995 398.39999390
v -20.02997971 -18.10181046 397.39999390
v -20.02001953 -18.24262047 398.39999390
v -20.02001953 -18.24262047 397.39999390
v -20.02001953 -18.24262047 397.39999390
v -20.02001953 -18.24262047 398.39999390
v -20.00016022 -18.38237953 397.39999390
v -20.02997971 -18.10181046 398.39999390
v -20.00016022 -18.38237953 398.39999390
v -20.00016022 -18.38237953 397.39999390
v -19.97047997 -18.52038956 398.39999390
v -19.97047997 -18.52038956 397.39999390
v -20.00016022 -18.38237953 398.39999390
v -19.97047997 -18.52038956 397.39999390
v -19.93114090 -18.65596962 398.39999390
v -19.93114090 -18.65596962 397.39999390
v -19.97047997 -18.52038956 398.39999390
v -19.93114090 -18.65596962 397.39999390
v -19.88233948 -18.78842926 398.39999390
v -19.88233948 -18.78842926 397.39999390
v -19.93114090 -18.65596962 398.39999390
v -19.88233948 -18.78842926 397.39999390
v -19.82431984 -18.91711998 398.39999390
v -19.82431984 -18.91711998 397.39999390
v -19.88233948 -18.78842926 398.39999390
v -19.82431984 -18.91711998 397.39999390
v -19.75736046 -19.04140091 398.39999390
v -19.75736046 -19.04140091 397.39999390
v -19.75736046 -19.04140091 397.39999390
v -19.75736046 -19.04140091 398.39999390
v -19.68181038 -19.16064072 397.39999390
v -19.82431984 -18.91711998 398.39999390
v -19.68181038 -19.16064072 398.39999390
v -19.68181038 -19.16064072 397.39999390
v -19.59803009 -19.27425957 398.39999390
v -19.59803009 -19.27425957 397.39999390
v -19.68181038 -19.16064072 398.39999390
v -19.59803009 -19.27425957 397.39999390
v -19.50643921 -19.38167953 398.39999390
v -19.50643921 -19.38167953 397.39999390
v -19.59803009 -19.27425957 398.39999390
v -19.50643921 -19.38167953 398.39999390
v -19.40751076 -19.48237991 398.39999390
v -19.50643921 -19.38167953 397.39999390
v -19.40751076 -19.48237991 397.39999390
v -19.40751076 -19.48237991 398.39999390
v -19.30171013 -19.57584000 398.39999390
v -19.40751076 -19.48237991 397.39999390
v -19.30171013 -19.57584000 397.39999390
v -19.30171013 -19.57584000 397.39999390
v -19.30171013 -19.57584000 398.39999390
v -19.18959045 -19.66161919 397.39999390
v -19.18959045 -19.66161919 398.39999390
v -19.18959045 -19.66161919 398.39999390
v -19.07169914 -19.73925972 398.39999390
v -19.18959045 -19.66161919 397.39999390
v -19.07169914 -19.73925972 397.39999390
v -19.07169914 -19.73925972 398.39999390
v -18.94862938 -19.80839920 398.39999390
v -19.07169914 -19.73925972 397.39999390
v -18.94862938 -19.80839920 397.39999390
v -18.94862938 -19.80839920 398.39999390
v -18.82098007 -19.86869049 398.39999390
v -18.94862938 -19.80839920 397.39999390
v -18.82098007 -19.86869049 397.39999390
v -18.82098007 -19.86869049 397.39999390
v -18.82098007 -19.86869049 398.39999390
v -18.68939972 -19.91982079 397.39999390
v -18.68939972 -19.91982079 398.39999390
v -18.68939972 -19.91982079 397.39999390
v -18.68939972 -19.91982079 398.39999390
v -18.55454063 -19.96154022 397.39999390
v -18.55454063 -19.96154022 398.39999390
v -18.55454063 -19.96154022 398.39999390
v -18.41707039 -19.99365044 398.39999390
v -18.55454063 -19.96154022 397.39999390
v -18.41707039 -19.99365044 397.39999390
v -18.41707039 -19.99365044 397.39999390
v -18.41707039 -19.99365044 398.39999390
v -18.27769089 -20.01597977 397.39999390
v -18.27769089 -20.01597977 398.39999390
v -18.27769089 -20.01597977 398.39999390
v -18.13706970 -20.02841949 398.39999390
v -18.27769089 -20.01597977 397.39999390
v -18.13706970 -20.02841949 397.39999390
v -18.13706970 -20.02841949 397.39999390
v -18.13706970 -20.02841949 398.39999390
v -17.99592972 -20.03091049 397.39999390
v -17.99592972 -20.03091049 398.39999390
v -17.99592972 -20.03091049 398.39999390
v -17.85495949 -20.02343941 398.39999390
v -17.99592972 -20.03091049 397.39999390
v -17.85495949 -20.02343941 397.39999390
v -17.85495949 -20.02343941 398.39999390
v -17.71487045 -20.00605011 398.39999390
v -17.85495949 -20.02343941 397.39999390
v -17.71487045 -20.00605011 397.39999390
v -17.71487045 -20.00605011 398.39999390
v -17.57636070 -19.97880936 398.39999390
v -17.71487045 -20.00605011 397.39999390
v -17.57636070 -19.97880936 397.39999390
v -17.57636070 -19.97880936 397.39999390
v -17.44010925 -19.94186974 398.39999390
v -17.44010925 -19.94186974 397.39999390
v -17.57636070 -19.97880936 398.39999390
v -17.44010925 -19.94186974 397.39999390
v -17.30681038 -19.89542007 398.39999390
v -17.30681038 -19.89542007 397.39999390
v -17.30681038 -19.89542007 397.39999390
v -17.30681038 -19.89542007 398.39999390
v -17.17711067 -19.83967018 397.39999390
v -17.44010925 -19.94186974 398.39999390
v -17.17711067 -19.83967018 398.39999390
v -17.17711067 -19.83967018 397.39999390
v -17.05167007 -19.77491951 398.39999390
v -17.05167007 -19.77491951 397.39999390
v -17.05167007 -19.77491951 397.39999390
v -17.05167007 -19.77491951 398.39999390
v -16.93111038 -19.70148087 397.39999390
v -17.17711067 -19.83967018 398.39999390
v -16.93111038 -19.70148087 398.39999390
v -16.93111038 -19.70148087 397.39999390
v -16.81604004 -19.61972046 398.39999390
v -16.81604004 -19.61972046 397.39999390
v -16.81604004 -19.61972046 397.39999390
v -16.81604004 -19.61972046 398.39999390
v -16.70701027 -19.53005028 397.39999390
v -16.93111038 -19.70148087 398.39999390
v -16.70701027 -19.53005028 397.39999390
v -16.70701027 -19.53005028 398.39999390
v -16.60457993 -19.43289948 397.39999390
v -16.70701027 -19.53005028 398.39999390
v -16.60457993 -19.43289948 398.39999390
v -16.60457993 -19.43289948 397.39999390
v -16.50926971 -19.32877922 398.39999390
v -16.50926971 -19.32877922 397.39999390
v -16.60457993 -19.43289948 398.39999390
v -16.50926971 -19.32877922 397.39999390
v -16.42152977 -19.21818924 398.39999390
v -16.42152977 -19.21818924 397.39999390
v -16.42152977 -19.21818924 397.39999390
v -16.42152977 -19.21818924 398.39999390
v -16.34181023 -19.10169029 397.39999390
v -16.50926971 -19.32877922 398.39999390
v -16.34181023 -19.10169029 398.39999390
v -16.34181023 -19.10169029 397.39999390
v -16.27050972 -18.97985077 398.39999390
v -16.27050972 -18.97985077 397.39999390
v -16.27050972 -18.97985077 397.39999390
v -16.27050972 -18.97985077 398.39999390
v -16.20797920 -18.85329056 397.39999390
v -16.34181023 -19.10169029 398.39999390
v -16.20797920 -18.85329056 398.39999390
v -16.20797920 -18.85329056 398.39999390
v -16.15453911 -18.72262955 398.39999390
v -16.20797920 -18.85329056 397.39999390
v -16.15453911 -18.72262955 397.39999390
v -16.15453911 -18.72262955 397.39999390
v -16.15453911 -18.72262955 398.39999390
v -16.11043930 -18.58852959 397.39999390
v -16.11043930 -18.58852959 398.39999390
v -16.11043930 -18.58852959 397.39999390
v -16.11043930 -18.58852959 398.39999390
v -16.07591057 -18.45165062 397.39999390
v -16.07591057 -18.45165062 398.39999390
v -16.07591057 -18.45165062 398.39999390
v -16.05113029 -18.31267929 398.39999390
v -16.07591057 -18.45165062 397.39999390
v -16.05113029 -18.31267929 397.39999390
v -16.05113029 -18.31267929 397.39999390
v -16.05113029 -18.31267929 398.39999390
v -16.03620911 -18.17230034 397.39999390
v -16.03620911 -18.17230034 398.39999390
v -16.03620911 -18.17230034 398.39999390
v -16.03121948 -18.03121948 398.39999390
v -16.03620911 -18.17230034 397.39999390
v -16.03121948 -18.03121948 397.39999390
v -17.08742905 -17.13721085 397.39999390
v -16.50926971 -16.73366928 397.39999390
v -16.60457993 -16.62955093 397.39999390
v -16.70701027 -16.53240013 397.39999390
v -17.18961906 -17.04040909 397.39999390
v -16.81604004 -16.44272995 397.39999390
v -16.99629974 -17.24449921 397.39999390
v -16.34181023 -16.96076012 397.39999390
v -16.42152977 -16.84425926 397.39999390
v -17.30167961 -16.95523071 397.39999390
v -16.93111038 -16.36096954 397.39999390
v -17.05167007 -16.28753090 397.39999390
v -16.91731071 -17.36100006 397.39999390
v -16.27050972 -17.08259964 397.39999390
v -17.42229080 -16.88265991 397.39999390
v -17.17711067 -16.22277069 397.39999390
v -16.85137939 -17.48537064 397.39999390
v -16.15453911 -17.33982086 397.39999390
v -16.20797920 -17.20915985 397.39999390
v -17.55003929 -16.82354927 397.39999390
v -17.30681038 -16.16703033 397.39999390
v -17.44010925 -16.12056923 397.39999390
v -16.79928017 -17.61613083 397.39999390
v -16.11043930 -17.47392082 397.39999390
v -17.68343925 -16.77861023 397.39999390
v -17.57636070 -16.08363914 397.39999390
v -16.76161957 -17.75176048 397.39999390
v -16.05113029 -17.74976921 397.39999390
v -16.07591057 -17.61079979 397.39999390
v -17.82090950 -16.74835014 397.39999390
v -17.71487045 -16.05640030 397.39999390
v -17.85495949 -16.03900909 397.39999390
v -16.73884010 -17.89067078 397.39999390
v -16.03620911 -17.89015007 397.39999390
v -17.96084023 -16.73312950 397.39999390
v -17.99592972 -16.03153038 397.39999390
v -16.73122025 -18.03121948 397.39999390
v -16.03121948 -18.03121948 397.39999390
v -16.03620911 -18.17230034 397.39999390
v -18.10160065 -16.73312950 397.39999390
v -18.13706970 -16.03403091 397.39999390
v -18.27769089 -16.04647064 397.39999390
v -16.73884010 -18.17177963 397.39999390
v -16.05113029 -18.31267929 397.39999390
v -18.24154091 -16.74835014 397.39999390
v -18.41707039 -16.06879997 397.39999390
v -16.76161957 -18.31068039 397.39999390
v -16.11043930 -18.58852959 397.39999390
v -16.07591057 -18.45165062 397.39999390
v -18.37900925 -16.77861023 397.39999390
v -18.55454063 -16.10090065 397.39999390
v -18.68939972 -16.14262962 397.39999390
v -16.79928017 -18.44631958 397.39999390
v -16.15453911 -18.72262955 397.39999390
v -18.51239967 -16.82354927 397.39999390
v -18.82098007 -16.19375992 397.39999390
v -16.85137939 -18.57707977 397.39999390
v -16.27050972 -18.97985077 397.39999390
v -16.20797920 -18.85329056 397.39999390
v -18.64015007 -16.88265991 397.39999390
v -18.94862938 -16.25403976 397.39999390
v -19.07169914 -16.32317924 397.39999390
v -16.91731071 -18.70144081 397.39999390
v -16.34181023 -19.10169029 397.39999390
v -18.76077080 -16.95523071 397.39999390
v -19.18959045 -16.40082932 397.39999390
v -16.99629974 -18.81794930 397.39999390
v -16.42152977 -19.21818924 397.39999390
v -16.50926971 -19.32877922 397.39999390
v -18.87282944 -17.04040909 397.39999390
v -19.30171013 -16.48660088 397.39999390
v -19.40751076 -16.58007050 397.39999390
v -17.08742905 -18.92523003 397.39999390
v -16.60457993 -19.43289948 397.39999390
v -18.97501945 -17.13721085 397.39999390
v -19.50643921 -16.68077087 397.39999390
v -16.70701027 -19.53005028 397.39999390
v -17.18961906 -19.02202988 397.39999390
v -19.59803009 -16.78819084 397.39999390
v -19.06613922 -17.24449921 397.39999390
v -16.81604004 -19.61972046 397.39999390
v -17.30167961 -19.10721970 397.39999390
v -19.68181038 -16.90180969 397.39999390
v -19.14513969 -17.36100006 397.39999390
v -16.93111038 -19.70148087 397.39999390
v -19.75736046 -17.02104950 397.39999390
v -17.05167007 -19.77491951 397.39999390
v -17.42229080 -19.17979050 397.39999390
v -19.82431984 -17.14533043 397.39999390
v -19.21106911 -17.48537064 397.39999390
v -17.17711067 -19.83967018 397.39999390
v -17.55003929 -19.23888969 397.39999390
v -19.88233948 -17.27401924 397.39999390
v -19.26317024 -17.61613083 397.39999390
v -17.30681038 -19.89542007 397.39999390
v -19.93114090 -17.40648079 397.39999390
v -17.44010925 -19.94186974 397.39999390
v -17.68343925 -19.28384018 397.39999390
v -19.97047997 -17.54204941 397.39999390
v -19.30083084 -17.75176048 397.39999390
v -17.57636070 -19.97880936 397.39999390
v -17.82090950 -19.31410027 397.39999390
v -20.00016022 -17.68007088 397.39999390
v -19.32360077 -17.89067078 397.39999390
v -17.71487045 -20.00605011 397.39999390
v -20.02001953 -17.81982994 397.39999390
v -17.85495949 -20.02343941 397.39999390
v -17.96084023 -19.32932091 397.39999390
v -20.02997971 -17.96063995 397.39999390
v -19.33122063 -18.03121948 397.39999390
v -17.99592972 -20.03091049 397.39999390
v -18.10160065 -19.32932091 397.39999390
v -20.02997971 -18.10181046 397.39999390
v -19.32360077 -18.17177963 397.39999390
v -18.13706970 -20.02841949 397.39999390
v -20.02001953 -18.24262047 397.39999390
v -18.27769089 -20.01597977 397.39999390
v -18.24154091 -19.31410027 397.39999390
v -20.00016022 -18.38237953 397.39999390
v -19.30083084 -18.31068039 397.39999390
v -18.41707039 -19.99365044 397.39999390
v -18.37900925 -19.28384018 397.39999390
v -19.97047997 -18.52038956 397.39999390
v -19.26317024 -18.44631958 397.39999390
v -18.55454063 -19.96154022 397.39999390
v -19.93114090 -18.65596962 397.39999390
v -18.68939972 -19.91982079 397.39999390
v -18.51239967 -19.23888969 397.39999390
v -19.88233948 -18.78842926 397.39999390
v -19.21106911 -18.57707977 397.39999390
v -18.82098007 -19.86869049 397.39999390
v -18.64015007 -19.17979050 397.39999390
v -19.82431984 -18.91711998 397.39999390
v -19.14513969 -18.70144081 397.39999390
v -18.94862938 -19.80839920 397.39999390
v -19.75736046 -19.04140091 397.39999390
v -19.07169914 -19.73925972 397.39999390
v -18.76077080 -19.10721970 397.39999390
v -19.68181038 -19.16064072 397.39999390
v -19.06613922 -18.81794930 397.39999390
v -19.18959045 -19.66161919 397.39999390
v -18.87282944 -19.02202988 397.39999390
v -19.59803009 -19.27425957 397.39999390
v -18.97501945 -18.92523003 397.39999390
v -19.30171013 -19.57584000 397.39999390
v -19.50643921 -19.38167953 397.39999390
v -19.40751076 -19.48237991 397.39999390
v -19.33122063 -18.03121948 393.60000610
v -19.32360077 -17.89067078 393.60000610
v -19.33122063 -18.03121948 397.39999390
v -19.32360077 -17.89067078 397.39999390
v -19.32360077 -17.89067078 393.60000610
v -19.30083084 -17.75176048 393.60000610
v -19.32360077 -17.89067078 397.39999390
v -19.30083084 -17.75176048 397.39999390
v -19.30083084 -17.75176048 393.60000610
v -19.26317024 -17.61613083 393.60000610
v -19.30083084 -17.75176048 397.39999390
v -19.26317024 -17.61613083 397.39999390
v -19.26317024 -17.61613083 393.60000610
v -19.21106911 -17.48537064 393.60000610
v -19.26317024 -17.61613083 397.39999390
v -19.21106911 -17.48537064 397.39999390
v -19.21106911 -17.48537064 393.60000610
v -19.14513969 -17.36100006 393.60000610
v -19.21106911 -17.48537064 397.39999390
v -19.14513969 -17.36100006 397.39999390
v -19.14513969 -17.36100006 397.39999390
v -19.14513969 -17.36100006 393.60000610
v -19.06613922 -17.24449921 397.39999390
v -19.06613922 -17.24449921 393.60000610
v -19.06613922 -17.24449921 393.60000610
v -18.97501945 -17.13721085 393.60000610
v -19.06613922 -17.24449921 397.39999390
v -18.97501945 -17.13721085 397.39999390
v -18.97501945 -17.13721085 397.39999390
v -18.97501945 -17.13721085 393.60000610
v -18.87282944 -17.04040909 397.39999390
v -18.87282944 -17.04040909 393.60000610
v -18.87282944 -17.04040909 393.60000610
v -18.76077080 -16.95523071 393.60000610
v -18.87282944 -17.04040909 397.39999390
v -18.76077080 -16.95523071 397.39999390
v -18.76077080 -16.95523071 393.60000610
v -18.64015007 -16.88265991 393.60000610
v -18.76077080 -16.95523071 397.39999390
v -18.64015007 -16.88265991 397.39999390
v -18.64015007 -16.88265991 393.60000610
v -18.51239967 -16.82354927 393.60000610
v -18.64015007 -16.88265991 397.39999390
v -18.51239967 -16.82354927 397.39999390
v -18.51239967 -16.82354927 393.60000610
v -18.37900925 -16.77861023 393.60000610
v -18.51239967 -16.82354927 397.39999390
v -18.37900925 -16.77861023 397.39999390
v -18.37900925 -16.77861023 397.39999390
v -18.24154091 -16.74835014 393.60000610
v -18.24154091 -16.74835014 397.39999390
v -18.37900925 -16.77861023 393.60000610
v -18.24154091 -16.74835014 397.39999390
v -18.10160065 -16.73312950 393.60000610
v -18.10160065 -16.73312950 397.39999390
v -18.24154091 -16.74835014 393.60000610
v -18.10160065 -16.73312950 397.39999390
v -17.96084023 -16.73312950 393.60000610
v -17.96084023 -16.73312950 397.39999390
v -18.10160065 -16.73312950 393.60000610
v -17.96084023 -16.73312950 397.39999390
v -17.82090950 -16.74835014 393.60000610
v -17.82090950 -16.74835014 397.39999390
v -17.96084023 -16.73312950 393.60000610
v -17.82090950 -16.74835014 397.39999390
v -17.68343925 -16.77861023 393.60000610
v -17.68343925 -16.77861023 397.39999390
v -17.82090950 -16.74835014 393.60000610
v -17.68343925 -16.77861023 397.39999390
v -17.55003929 -16.82354927 393.60000610
v -17.55003929 -16.82354927 397.39999390
v -17.68343925 -16.77861023 393.60000610
v -17.55003929 -16.82354927 397.39999390
v -17.42229080 -16.88265991 393.60000610
v -17.42229080 -16.88265991 397.39999390
v -17.55003929 -16.82354927 393.60000610
v -17.42229080 -16.88265991 397.39999390
v -17.30167961 -16.95523071 393.60000610
v -17.30167961 -16.95523071 397.39999390
v -17.42229080 -16.88265991 393.60000610
v -17.30167961 -16.95523071 393.60000610
v -17.18961906 -17.04040909 393.60000610
v -17.30167961 -16.95523071 397.39999390
v -17.18961906 -17.04040909 397.39999390
v -17.18961906 -17.04040909 393.60000610
v -17.08742905 -17.13721085 393.60000610
v -17.18961906 -17.04040909 397.39999390
v -17.08742905 -17.13721085 397.39999390
v -17.08742905 -17.13721085 393.60000610
v -16.99629974 -17.24449921 393.60000610
v -17.08742905 -17.13721085 397.39999390
v -16.99629974 -17.24449921 397.39999390
v -16.99629974 -17.24449921 393.60000610
v -16.91731071 -17.36100006 393.60000610
v -16.99629974 -17.24449921 397.39999390
v -16.91731071 -17.36100006 397.39999390
v -16.91731071 -17.36100006 393.60000610
v -16.85137939 -17.48537064 393.60000610
v -16.91731071 -17.36100006 397.39999390
v -16.85137939 -17.48537064 397.39999390
v -16.85137939 -17.48537064 393.60000610
v -16.79928017 -17.61613083 393.60000610
v -16.85137939 -17.48537064 397.39999390
v -16.79928017 -17.61613083 397.39999390
v -16.79928017 -17.61613083 393.60000610
v -16.76161957 -17.75176048 393.60000610
v -16.79928017 -17.61613083 397.39999390
v -16.76161957 -17.75176048 397.39999390
v -16.76161957 -17.75176048 393.60000610
v -16.73884010 -17.89067078 393.60000610
v -16.76161957 -17.75176048 397.39999390
v -16.73884010 -17.89067078 397.39999390
v -16.73884010 -17.89067078 393.60000610
v -16.73122025 -18.03121948 393.60000610
v -16.73884010 -17.89067078 397.39999390
v -16.73122025 -18.03121948 397.39999390
v -16.73122025 -18.03121948 393.60000610
v -16.73884010 -18.17177963 393.60000610
v -16.73122025 -18.03121948 397.39999390
v -16.73884010 -18.17177963 397.39999390
v -16.73884010 -18.17177963 393.60000610
v -16.76161957 -18.31068039 393.60000610
v -16.73884010 -18.17177963 397.39999390
v -16.76161957 -18.31068039 397.39999390
v -16.76161957 -18.31068039 393.60000610
v -16.79928017 -18.44631958 393.60000610
v -16.76161957 -18.31068039 397.39999390
v -16.79928017 -18.44631958 397.39999390
v -16.79928017 -18.44631958 393.60000610
v -16.85137939 -18.57707977 393.60000610
v -16.79928017 -18.44631958 397.39999390
v -16.85137939 -18.57707977 397.39999390
v -16.85137939 -18.57707977 393.60000610
v -16.91731071 -18.70144081 393.60000610
v -16.85137939 -18.57707977 397.39999390
v -16.91731071 -18.70144081 397.39999390
v -16.91731071 -18.70144081 393.60000610
v -16.99629974 -18.81794930 393.60000610
v -16.91731071 -18.70144081 397.39999390
v -16.99629974 -18.81794930 397.39999390
v -16.99629974 -18.81794930 393.60000610
v -17.08742905 -18.92523003 393.60000610
v -16.99629974 -18.81794930 397.39999390
v -17.08742905 -18.92523003 397.39999390
v -17.08742905 -18.92523003 393.60000610
v -17.18961906 -19.02202988 393.60000610
v -17.08742905 -18.92523003 397.39999390
v -17.18961906 -19.02202988 397.39999390
v -17.18961906 -19.02202988 393.60000610
v -17.30167961 -19.10721970 393.60000610
v -17.18961906 -19.02202988 397.39999390
v -17.30167961 -19.10721970 397.39999390
v -17.30167961 -19.10721970 393.60000610
v -17.42229080 -19.17979050 393.60000610
v -17.30167961 -19.10721970 397.39999390
v -17.42229080 -19.17979050 397.39999390
v -17.42229080 -19.17979050 393.60000610
v -17.55003929 -19.23888969 393.60000610
v -17.42229080 -19.17979050 397.39999390
v -17.55003929 -19.23888969 397.39999390
v -17.55003929 -19.23888969 397.39999390
v -17.68343925 -19.28384018 393.60000610
v -17.68343925 -19.28384018 397.39999390
v -17.55003929 -19.23888969 393.60000610
v -17.68343925 -19.28384018 397.39999390
v -17.82090950 -19.31410027 393.60000610
v -17.82090950 -19.31410027 397.39999390
v -17.68343925 -19.28384018 393.60000610
v -17.82090950 -19.31410027 397.39999390
v -17.96084023 -19.32932091 393.60000610
v -17.96084023 -19.32932091 397.39999390
v -17.82090950 -19.31410027 393.60000610
v -17.96084023 -19.32932091 397.39999390
v -18.10160065 -19.32932091 393.60000610
v -18.10160065 -19.32932091 397.39999390
v -17.96084023 -19.32932091 393.60000610
v -18.10160065 -19.32932091 397.39999390
v -18.24154091 -19.31410027 393.60000610
v -18.24154091 -19.31410027 397.39999390
v -18.10160065 -19.32932091 393.60000610
v -18.24154091 -19.31410027 397.39999390
v -18.37900925 -19.28384018 393.60000610
v -18.37900925 -19.28384018 397.39999390
v -18.24154091 -19.31410027 393.60000610
v -18.37900925 -19.28384018 393.60000610
v -18.51239967 -19.23888969 393.60000610
v -18.37900925 -19.28384018 397.39999390
v -18.51239967 -19.23888969 397.39999390
v -18.51239967 -19.23888969 397.39999390
v -18.64015007 -19.17979050 393.60000610
v -18.64015007 -19.17979050 397.39999390
v -18.51239967 -19.23888969 393.60000610
v -18.64015007 -19.17979050 397.39999390
v -18.76077080 -19.10721970 393.60000610
v -18.76077080 -19.10721970 397.39999390
v -18.64015007 -19.17979050 393.60000610
v -18.76077080 -19.10721970 397.39999390
v -18.87282944 -19.02202988 393.60000610
v -18.87282944 -19.02202988 397.39999390
v -18.76077080 -19.10721970 393.60000610
v -18.87282944 -19.02202988 397.39999390
v -18.97501945 -18.92523003 393.60000610
v -18.97501945 -18.92523003 397.39999390
v -18.87282944 -19.02202988 393.60000610
v -18.97501945 -18.92523003 397.39999390
v -19.06613922 -18.81794930 393.60000610
v -19.06613922 -18.81794930 397.39999390
v -18.97501945 -18.92523003 393.60000610
v -19.06613922 -18.81794930 397.39999390
v -19.14513969 -18.70144081 393.60000610
v -19.14513969 -18.70144081 397.39999390
v -19.06613922 -18.81794930 393.60000610
v -19.14513969 -18.70144081 397.39999390
v -19.21106911 -18.57707977 393.60000610
v -19.21106911 -18.57707977 397.39999390
v -19.14513969 -18.70144081 393.60000610
v -19.21106911 -18.57707977 397.39999390
v -19.26317024 -18.44631958 393.60000610
v -19.26317024 -18.44631958 397.39999390
v -19.21106911 -18.57707977 393.60000610
v -19.26317024 -18.44631958 397.39999390
v -19.30083084 -18.31068039 393.60000610
v -19.30083084 -18.31068039 397.39999390
v -19.26317024 -18.44631958 393.60000610
v -19.30083084 -18.31068039 397.39999390
v -19.32360077 -18.17177963 393.60000610
v -19.32360077 -18.17177963 397.39999390
v -19.30083084 -18.31068039 393.60000610
v -19.32360077 -18.17177963 397.39999390
v -19.33122063 -18.03121948 393.60000610
v -19.33122063 -18.03121948 397.39999390
v -19.32360077 -18.17177963 393.60000610
v -17.22920990 -19.80866051 392.95001221
v -17.41016960 -19.87968063 392.95001221
v -17.36288071 -19.51242065 393.27499390
v -17.51367950 -19.57160950 393.27499390
v -17.41016960 -19.87968063 392.95001221
v -17.66963005 -19.61548042 393.27499390
v -17.51367950 -19.57160950 393.27499390
v -16.89291954 -19.61450005 392.95001221
v -16.89372063 -20.00143051 392.62500000
v -17.05621910 -19.71997070 392.95001221
v -17.05621910 -19.71997070 392.95001221
v -16.89372063 -20.00143051 392.62500000
v -17.22920990 -19.80866051 392.95001221
v -16.70321083 -19.87837982 392.62500000
v -16.65008926 -20.23406029 392.29998779
v -16.77243996 -20.30619049 392.29998779
v -16.89372063 -20.00143051 392.62500000
v -16.65008926 -20.23406029 392.29998779
v -16.89855957 -20.37154007 392.29998779
v -16.77243996 -20.30619049 392.29998779
v -17.82917023 -19.64361000 393.27499390
v -17.99070930 -19.65571976 393.27499390
v -17.96084023 -19.32932091 393.60000610
v -17.96084023 -19.32932091 393.60000610
v -17.99070930 -19.65571976 393.27499390
v -18.10160065 -19.32932091 393.60000610
v -17.59730911 -19.93232918 392.95001221
v -17.09555054 -20.10490036 392.62500000
v -17.02804947 -20.42989922 392.29998779
v -17.09555054 -20.10490036 392.62500000
v -16.89855957 -20.37154007 392.29998779
v -18.10160065 -19.32932091 393.60000610
v -18.15266037 -19.65167999 393.27499390
v -18.24154091 -19.31410027 393.60000610
v -17.99070930 -19.65571976 393.27499390
v -18.15266037 -19.65167999 393.27499390
v -18.10160065 -19.32932091 393.60000610
v -17.66963005 -19.61548042 393.27499390
v -17.78874969 -19.96608925 392.95001221
v -17.82917023 -19.64361000 393.27499390
v -17.59730911 -19.93232918 392.95001221
v -20.63121986 -18.03121948 392.29998779
v -20.62734032 -17.88924026 392.29998779
v -20.30621910 -18.03121948 392.62500000
v -17.02804947 -20.42989922 392.29998779
v -17.30666924 -20.18775940 392.62500000
v -17.09555054 -20.10490036 392.62500000
v -17.30666924 -20.18775940 392.62500000
v -17.16053963 -20.48110008 392.29998779
v -17.30666924 -20.18775940 392.62500000
v -17.02804947 -20.42989922 392.29998779
v -17.29561996 -20.52499008 392.29998779
v -17.30666924 -20.18775940 392.62500000
v -17.16053963 -20.48110008 392.29998779
v -18.24154091 -19.31410027 393.60000610
v -18.31340027 -19.63154030 393.27499390
v -18.37900925 -19.28384018 393.60000610
v -18.15266037 -19.65167999 393.27499390
v -18.31340027 -19.63154030 393.27499390
v -18.24154091 -19.31410027 393.60000610
v -17.98261070 -19.98061943 392.95001221
v -17.78874969 -19.96608925 392.95001221
v -17.98261070 -19.98061943 392.95001221
v -17.29561996 -20.52499008 392.29998779
v -17.52499008 -20.24917984 392.62500000
v -17.52499008 -20.24917984 392.62500000
v -17.43289948 -20.56143951 392.29998779
v -17.52499008 -20.24917984 392.62500000
v -17.29561996 -20.52499008 392.29998779
v -17.57196999 -20.59033966 392.29998779
v -17.52499008 -20.24917984 392.62500000
v -17.43289948 -20.56143951 392.29998779
v -18.31340027 -19.63154030 393.27499390
v -18.47134018 -19.59548950 393.27499390
v -18.37900925 -19.28384018 393.60000610
v -18.17695045 -19.97577095 392.95001221
v -17.57196999 -20.59033966 392.29998779
v -17.74834061 -20.28857040 392.62500000
v -17.52499008 -20.24917984 392.62500000
v -17.74834061 -20.28857040 392.62500000
v -17.71240044 -20.61160088 392.29998779
v -17.74834061 -20.28857040 392.62500000
v -17.57196999 -20.59033966 392.29998779
v -17.85379028 -20.62516022 392.29998779
v -17.74834061 -20.28857040 392.62500000
v -17.71240044 -20.61160088 392.29998779
v -17.74834061 -20.28857040 392.62500000
v -18.47134018 -19.59548950 393.27499390
v -18.62490082 -19.54389000 393.27499390
v -18.37900925 -19.28384018 393.60000610
v -18.51239967 -19.23888969 393.60000610
v -18.17695045 -19.97577095 392.95001221
v -18.36984062 -19.95159912 392.95001221
v -17.97451019 -20.30551910 392.62500000
v -17.85379028 -20.62516022 392.29998779
v -17.97451019 -20.30551910 392.62500000
v -17.74834061 -20.28857040 392.62500000
v -17.99571037 -20.63097954 392.29998779
v -17.97451019 -20.30551910 392.62500000
v -17.85379028 -20.62516022 392.29998779
v -18.13772964 -20.62903976 392.29998779
v -17.97451019 -20.30551910 392.62500000
v -17.99571037 -20.63097954 392.29998779
v -18.51239967 -19.23888969 393.60000610
v -18.77256966 -19.47727013 393.27499390
v -18.64015007 -19.17979050 393.60000610
v -18.62490082 -19.54389000 393.27499390
v -18.77256966 -19.47727013 393.27499390
v -18.51239967 -19.23888969 393.60000610
v -18.55936050 -19.90834045 392.95001221
v -18.36984062 -19.95159912 392.95001221
v -18.20124054 -20.29986000 392.62500000
v -17.97451019 -20.30551910 392.62500000
v -18.20124054 -20.29986000 392.62500000
v -18.13772964 -20.62903976 392.29998779
v -18.20124054 -20.29986000 392.62500000
v -17.97451019 -20.30551910 392.62500000
v -18.27943993 -20.61935043 392.29998779
v -18.20124054 -20.29986000 392.62500000
v -18.13772964 -20.62903976 392.29998779
v -18.42041016 -20.60193062 392.29998779
v -18.27943993 -20.61935043 392.29998779
v -18.64015007 -19.17979050 393.60000610
v -18.91286087 -19.39627075 393.27499390
v -18.76077080 -19.10721970 393.60000610
v -18.77256966 -19.47727013 393.27499390
v -18.91286087 -19.39627075 393.27499390
v -18.64015007 -19.17979050 393.60000610
v -18.74364090 -19.84642982 392.95001221
v -18.55936050 -19.90834045 392.95001221
v -18.62490082 -19.54389000 393.27499390
v -18.74364090 -19.84642982 392.95001221
v -18.77256966 -19.47727013 393.27499390
v -18.42626953 -20.27165985 392.62500000
v -18.56020927 -20.57683945 392.29998779
v -18.42626953 -20.27165985 392.62500000
v -18.42041016 -20.60193062 392.29998779
v -18.91286087 -19.39627075 393.27499390
v -19.04438972 -19.30170059 393.27499390
v -18.76077080 -19.10721970 393.60000610
v -18.76077080 -19.10721970 393.60000610
v -19.04438972 -19.30170059 393.27499390
v -18.87282944 -19.02202988 393.60000610
v -18.92082977 -19.76646996 392.95001221
v -18.56020927 -20.57683945 392.29998779
v -18.64739037 -20.22118950 392.62500000
v -18.42626953 -20.27165985 392.62500000
v -18.69842911 -20.54416084 392.29998779
v -18.83466911 -20.50396919 392.29998779
v -18.64739037 -20.22118950 392.62500000
v -18.69842911 -20.54416084 392.29998779
v -18.64739037 -20.22118950 392.62500000
v -19.04438972 -19.30170059 393.27499390
v -19.16585922 -19.19450951 393.27499390
v -18.87282944 -19.02202988 393.60000610
v -18.87282944 -19.02202988 393.60000610
v -19.16585922 -19.19450951 393.27499390
v -18.97501945 -18.92523003 393.60000610
v -19.08918953 -19.66926956 392.95001221
v -18.92082977 -19.76646996 392.95001221
v -18.83466911 -20.50396919 392.29998779
v -18.86236954 -20.14896011 392.62500000
v -18.64739037 -20.22118950 392.62500000
v -18.86236954 -20.14896011 392.62500000
v -18.96850014 -20.45639992 392.29998779
v -18.86236954 -20.14896011 392.62500000
v -18.83466911 -20.50396919 392.29998779
v -19.09954071 -20.40159988 392.29998779
v -18.86236954 -20.14896011 392.62500000
v -18.96850014 -20.45639992 392.29998779
v -19.16585922 -19.19450951 393.27499390
v -19.27605057 -19.07575035 393.27499390
v -18.97501945 -18.92523003 393.60000610
v -18.97501945 -18.92523003 393.60000610
v -19.27605057 -19.07575035 393.27499390
v -19.06613922 -18.81794930 393.60000610
v -18.91286087 -19.39627075 393.27499390
v -19.24703026 -19.55578995 392.95001221
v -19.04438972 -19.30170059 393.27499390
v -19.08918953 -19.66926956 392.95001221
v -19.06909943 -20.05567932 392.62500000
v -18.86236954 -20.14896011 392.62500000
v -19.09954071 -20.40159988 392.29998779
v -19.06909943 -20.05567932 392.62500000
v -19.22739029 -20.33971977 392.29998779
v -19.06909943 -20.05567932 392.62500000
v -19.09954071 -20.40159988 392.29998779
v -19.35166931 -20.27095985 392.29998779
v -19.06909943 -20.05567932 392.62500000
v -19.22739029 -20.33971977 392.29998779
v -19.27605057 -19.07575035 393.27499390
v -19.37385941 -18.94662094 393.27499390
v -19.06613922 -18.81794930 393.60000610
v -19.06613922 -18.81794930 393.60000610
v -19.37385941 -18.94662094 393.27499390
v -19.14513969 -18.70144081 393.60000610
v -19.39278030 -19.42716026 392.95001221
v -19.24703026 -19.55578995 392.95001221
v -19.47200966 -20.19551086 392.29998779
v -19.26552010 -19.94227982 392.62500000
v -19.35166931 -20.27095985 392.29998779
v -19.58805084 -20.11359978 392.29998779
v -19.26552010 -19.94227982 392.62500000
v -19.47200966 -20.19551086 392.29998779
v -19.35166931 -20.27095985 392.29998779
v -19.26552010 -19.94227982 392.62500000
v -19.37385941 -18.94662094 393.27499390
v -19.45833015 -18.80838966 393.27499390
v -19.14513969 -18.70144081 393.60000610
v -19.14513969 -18.70144081 393.60000610
v -19.45833015 -18.80838966 393.27499390
v -19.21106911 -18.57707977 393.60000610
v -19.16585922 -19.19450951 393.27499390
v -19.52500916 -19.28466034 392.95001221
v -19.27605057 -19.07575035 393.27499390
v -19.39278030 -19.42716026 392.95001221
v -19.58805084 -20.11359978 392.29998779
v -19.44965935 -19.80989075 392.62500000
v -19.26552010 -19.94227982 392.62500000
v -19.69944954 -20.02547073 392.29998779
v -19.44965935 -19.80989075 392.62500000
v -19.58805084 -20.11359978 392.29998779
v -19.44965935 -19.80989075 392.62500000
v -19.45833015 -18.80838966 393.27499390
v -19.52861977 -18.66242981 393.27499390
v -19.21106911 -18.57707977 393.60000610
v -19.21106911 -18.57707977 393.60000610
v -19.52861977 -18.66242981 393.27499390
v -19.26317024 -18.44631958 393.60000610
v -19.27605057 -19.07575035 393.27499390
v -19.64238930 -19.12969971 392.95001221
v -19.37385941 -18.94662094 393.27499390
v -19.52500916 -19.28466034 392.95001221
v -19.80586052 -19.93140030 392.29998779
v -19.61971092 -19.65982056 392.62500000
v -19.69944954 -20.02547073 392.29998779
v -19.90698051 -19.83164978 392.29998779
v -19.61971092 -19.65982056 392.62500000
v -19.80586052 -19.93140030 392.29998779
v -19.52861977 -18.66242981 393.27499390
v -19.58403015 -18.51020050 393.27499390
v -19.26317024 -18.44631958 393.60000610
v -19.26317024 -18.44631958 393.60000610
v -19.58403015 -18.51020050 393.27499390
v -19.30083084 -18.31068039 393.60000610
v -19.37385941 -18.94662094 393.27499390
v -19.74375916 -18.96381950 392.95001221
v -19.45833015 -18.80838966 393.27499390
v -19.64238930 -19.12969971 392.95001221
v -20.00250053 -19.72653008 392.29998779
v -19.77396965 -19.49357033 392.62500000
v -19.90698051 -19.83164978 392.29998779
v -20.09214020 -19.61635017 392.29998779
v -19.77396965 -19.49357033 392.62500000
v -20.00250053 -19.72653008 392.29998779
v -19.61971092 -19.65982056 392.62500000
v -19.77396965 -19.49357033 392.62500000
v -19.58403015 -18.51020050 393.27499390
v -19.62400055 -18.35321045 393.27499390
v -19.30083084 -18.31068039 393.60000610
v -19.30083084 -18.31068039 393.60000610
v -19.62400055 -18.35321045 393.27499390
v -19.32360077 -18.17177963 393.60000610
v -19.82810020 -18.78866959 392.95001221
v -19.74375916 -18.96381950 392.95001221
v -20.17563057 -19.50144005 392.29998779
v -19.91091919 -19.31278038 392.62500000
v -20.09214020 -19.61635017 392.29998779
v -20.25271034 -19.38213921 392.29998779
v -19.91091919 -19.31278038 392.62500000
v -20.17563057 -19.50144005 392.29998779
v -20.09214020 -19.61635017 392.29998779
v -19.91091919 -19.31278038 392.62500000
v -19.33122063 -18.03121948 393.60000610
v -19.64814949 -18.19301987 393.27499390
v -19.65621948 -18.03121948 393.27499390
v -19.64814949 -18.19301987 393.27499390
v -19.32360077 -18.17177963 393.60000610
v -19.52861977 -18.66242981 393.27499390
v -19.89459038 -18.60600090 392.95001221
v -19.58403015 -18.51020050 393.27499390
v -19.82810020 -18.78866959 392.95001221
v -20.32316971 -19.25881004 392.29998779
v -20.02918053 -19.11924934 392.62500000
v -20.25271034 -19.38213921 392.29998779
v -20.38678932 -19.13182068 392.29998779
v -20.02918053 -19.11924934 392.62500000
v -20.32316971 -19.25881004 392.29998779
v -20.02918053 -19.11924934 392.62500000
v -20.02918053 -19.11924934 392.62500000
v -20.25271034 -19.38213921 392.29998779
v -19.91091919 -19.31278038 392.62500000
v -19.94256020 -18.41761017 392.95001221
v -19.89459038 -18.60600090 392.95001221
v -20.44338036 -19.00153923 392.29998779
v -20.12758064 -18.91490936 392.62500000
v -20.38678932 -19.13182068 392.29998779
v -20.49276924 -18.86837006 392.29998779
v -20.12758064 -18.91490936 392.62500000
v -20.44338036 -19.00153923 392.29998779
v -20.38678932 -19.13182068 392.29998779
v -20.12758064 -18.91490936 392.62500000
v -20.02918053 -19.11924934 392.62500000
v -20.12758064 -18.91490936 392.62500000
v -20.12758064 -18.91490936 392.62500000
v -19.97153091 -18.22537994 392.95001221
v -19.98122025 -18.03121948 392.95001221
v -19.97153091 -18.22537994 392.95001221
v -19.94256020 -18.41761017 392.95001221
v -20.20515060 -18.70178986 392.62500000
v -20.53480911 -18.73270035 392.29998779
v -20.20515060 -18.70178986 392.62500000
v -20.49276924 -18.86837006 392.29998779
v -20.49276924 -18.86837006 392.29998779
v -20.26111984 -18.48200989 392.62500000
v -20.56937981 -18.59493065 392.29998779
v -20.26111984 -18.48200989 392.62500000
v -20.53480911 -18.73270035 392.29998779
v -20.59638023 -18.45548058 392.29998779
v -20.26111984 -18.48200989 392.62500000
v -20.56937981 -18.59493065 392.29998779
v -20.20515060 -18.70178986 392.62500000
v -20.20515060 -18.70178986 392.62500000
v -20.26111984 -18.48200989 392.62500000
v -20.29491997 -18.25774002 392.62500000
v -20.30621910 -18.03121948 392.62500000
v -20.29491997 -18.25774002 392.62500000
v -20.61572075 -18.31476974 392.29998779
v -20.29491997 -18.25774002 392.62500000
v -20.59638023 -18.45548058 392.29998779
v -20.62734032 -18.17321014 392.29998779
v -20.29491997 -18.25774002 392.62500000
v -20.61572075 -18.31476974 392.29998779
v -20.30621910 -18.03121948 392.62500000
v -20.29491997 -18.25774002 392.62500000
v -20.62734032 -18.17321014 392.29998779
v -20.26111984 -18.48200989 392.62500000
v -20.62734032 -18.17321014 392.29998779
v -20.63121986 -18.03121948 392.29998779
v -20.30621910 -18.03121948 392.62500000
v -19.65621948 -18.03121948 393.27499390
v -19.64814949 -17.86943054 393.27499390
v -19.33122063 -18.03121948 393.60000610
v -19.32360077 -17.89067078 393.60000610
v -19.64814949 -17.86943054 393.27499390
v -19.62400055 -17.70923996 393.27499390
v -19.32360077 -17.89067078 393.60000610
v -19.30083084 -17.75176048 393.60000610
v -19.30083084 -17.75176048 393.60000610
v -19.58403015 -17.55224991 393.27499390
v -19.26317024 -17.61613083 393.60000610
v -19.62400055 -17.70923996 393.27499390
v -19.58403015 -17.55224991 393.27499390
v -19.30083084 -17.75176048 393.60000610
v -19.98122025 -18.03121948 392.95001221
v -19.97153091 -17.83707047 392.95001221
v -19.58403015 -17.55224991 393.27499390
v -19.52861977 -17.40002060 393.27499390
v -19.26317024 -17.61613083 393.60000610
v -19.26317024 -17.61613083 393.60000610
v -19.52861977 -17.40002060 393.27499390
v -19.21106911 -17.48537064 393.60000610
v -19.97153091 -17.83707047 392.95001221
v -19.94256020 -17.64484024 392.95001221
v -19.21106911 -17.48537064 393.60000610
v -19.45833015 -17.25406075 393.27499390
v -19.14513969 -17.36100006 393.60000610
v -19.52861977 -17.40002060 393.27499390
v -19.45833015 -17.25406075 393.27499390
v -19.21106911 -17.48537064 393.60000610
v -19.94256020 -17.64484024 392.95001221
v -19.89459038 -17.45644951 392.95001221
v -20.62734032 -17.88924026 392.29998779
v -20.29491997 -17.80471039 392.62500000
v -20.30621910 -18.03121948 392.62500000
v -20.61572075 -17.74768066 392.29998779
v -20.29491997 -17.80471039 392.62500000
v -20.62734032 -17.88924026 392.29998779
v -20.59638023 -17.60696030 392.29998779
v -20.29491997 -17.80471039 392.62500000
v -20.61572075 -17.74768066 392.29998779
v -20.30621910 -18.03121948 392.62500000
v -20.29491997 -17.80471039 392.62500000
v -19.14513969 -17.36100006 393.60000610
v -19.37385941 -17.11582947 393.27499390
v -19.06613922 -17.24449921 393.60000610
v -19.45833015 -17.25406075 393.27499390
v -19.37385941 -17.11582947 393.27499390
v -19.14513969 -17.36100006 393.60000610
v -19.89459038 -17.45644951 392.95001221
v -19.82810020 -17.27378082 392.95001221
v -19.58403015 -17.55224991 393.27499390
v -19.52861977 -17.40002060 393.27499390
v -20.26111984 -17.58044052 392.62500000
v -20.56937981 -17.46751976 392.29998779
v -20.26111984 -17.58044052 392.62500000
v -20.59638023 -17.60696030 392.29998779
v -20.53480911 -17.32975006 392.29998779
v -20.26111984 -17.58044052 392.62500000
v -20.56937981 -17.46751976 392.29998779
v -20.26111984 -17.58044052 392.62500000
v -20.29491997 -17.80471039 392.62500000
v -19.06613922 -17.24449921 393.60000610
v -19.27605057 -16.98669052 393.27499390
v -18.97501945 -17.13721085 393.60000610
v -19.37385941 -17.11582947 393.27499390
v -19.27605057 -16.98669052 393.27499390
v -19.06613922 -17.24449921 393.60000610
v -19.74375916 -17.09863091 392.95001221
v -19.82810020 -17.27378082 392.95001221
v -20.20515060 -17.36066055 392.62500000
v -20.49276924 -17.19408035 392.29998779
v -20.20515060 -17.36066055 392.62500000
v -20.53480911 -17.32975006 392.29998779
v -20.20515060 -17.36066055 392.62500000
v -20.26111984 -17.58044052 392.62500000
v -19.27605057 -16.98669052 393.27499390
v -19.16585922 -16.86794090 393.27499390
v -18.97501945 -17.13721085 393.60000610
v -18.97501945 -17.13721085 393.60000610
v -19.16585922 -16.86794090 393.27499390
v -18.87282944 -17.04040909 393.60000610
v -19.74375916 -17.09863091 392.95001221
v -19.64238930 -16.93275070 392.95001221
v -19.45833015 -17.25406075 393.27499390
v -19.37385941 -17.11582947 393.27499390
v -19.64238930 -16.93275070 392.95001221
v -19.27605057 -16.98669052 393.27499390
v -19.37385941 -17.11582947 393.27499390
v -20.12758064 -17.14752960 392.62500000
v -20.44338036 -17.06090927 392.29998779
v -20.12758064 -17.14752960 392.62500000
v -20.49276924 -17.19408035 392.29998779
v -20.38678932 -16.93062973 392.29998779
v -20.12758064 -17.14752960 392.62500000
v -20.44338036 -17.06090927 392.29998779
v -20.20515060 -17.36066055 392.62500000
v -20.49276924 -17.19408035 392.29998779
v -18.87282944 -17.04040909 393.60000610
v -19.04438972 -16.76074982 393.27499390
v -18.76077080 -16.95523071 393.60000610
v -19.16585922 -16.86794090 393.27499390
v -19.04438972 -16.76074982 393.27499390
v -18.87282944 -17.04040909 393.60000610
v -19.52500916 -16.77779007 392.95001221
v -20.02918053 -16.94319916 392.62500000
v -20.32316971 -16.80364037 392.29998779
v -20.02918053 -16.94319916 392.62500000
v -20.38678932 -16.93062973 392.29998779
v -20.25271034 -16.68030930 392.29998779
v -20.02918053 -16.94319916 392.62500000
v -20.32316971 -16.80364037 392.29998779
v -20.02918053 -16.94319916 392.62500000
v -20.12758064 -17.14752960 392.62500000
v -20.38678932 -16.93062973 392.29998779
v -20.02918053 -16.94319916 392.62500000
v -20.12758064 -17.14752960 392.62500000
v -19.04438972 -16.76074982 393.27499390
v -18.91286087 -16.66617966 393.27499390
v -18.76077080 -16.95523071 393.60000610
v -18.76077080 -16.95523071 393.60000610
v -18.91286087 -16.66617966 393.27499390
v -18.64015007 -16.88265991 393.60000610
v -19.39278030 -16.63528061 392.95001221
v -19.52500916 -16.77779007 392.95001221
v -20.25271034 -16.68030930 392.29998779
v -19.91091919 -16.74967003 392.62500000
v -20.17563057 -16.56101036 392.29998779
v -19.91091919 -16.74967003 392.62500000
v -20.25271034 -16.68030930 392.29998779
v -20.09214020 -16.44610023 392.29998779
v -19.91091919 -16.74967003 392.62500000
v -20.17563057 -16.56101036 392.29998779
v -18.64015007 -16.88265991 393.60000610
v -18.77256966 -16.58518028 393.27499390
v -18.51239967 -16.82354927 393.60000610
v -18.91286087 -16.66617966 393.27499390
v -18.77256966 -16.58518028 393.27499390
v -18.64015007 -16.88265991 393.60000610
v -19.04438972 -16.76074982 393.27499390
v -19.24703026 -16.50665092 392.95001221
v -18.91286087 -16.66617966 393.27499390
v -19.39278030 -16.63528061 392.95001221
v -19.24703026 -16.50665092 392.95001221
v -20.09214020 -16.44610023 392.29998779
v -19.77396965 -16.56888008 392.62500000
v -19.91091919 -16.74967003 392.62500000
v -20.00250053 -16.33592033 392.29998779
v -19.77396965 -16.56888008 392.62500000
v -20.09214020 -16.44610023 392.29998779
v -19.90698051 -16.23080063 392.29998779
v -19.77396965 -16.56888008 392.62500000
v -20.00250053 -16.33592033 392.29998779
v -18.51239967 -16.82354927 393.60000610
v -18.62490082 -16.51855087 393.27499390
v -18.37900925 -16.77861023 393.60000610
v -18.77256966 -16.58518028 393.27499390
v -18.62490082 -16.51855087 393.27499390
v -18.51239967 -16.82354927 393.60000610
v -19.08918953 -16.39316940 392.95001221
v -19.80586052 -16.13105011 392.29998779
v -19.61971092 -16.40262985 392.62500000
v -19.90698051 -16.23080063 392.29998779
v -19.69944954 -16.03697014 392.29998779
v -19.61971092 -16.40262985 392.62500000
v -19.80586052 -16.13105011 392.29998779
v -19.61971092 -16.40262985 392.62500000
v -18.47134018 -16.46696091 393.27499390
v -19.08918953 -16.39316940 392.95001221
v -18.92082977 -16.29597092 392.95001221
v -18.77256966 -16.58518028 393.27499390
v -18.92082977 -16.29597092 392.95001221
v -18.62490082 -16.51855087 393.27499390
v -19.58805084 -15.94884968 392.29998779
v -19.44965935 -16.25255966 392.62500000
v -19.69944954 -16.03697014 392.29998779
v -19.44965935 -16.25255966 392.62500000
v -18.47134018 -16.46696091 393.27499390
v -18.31340027 -16.43091011 393.27499390
v -18.37900925 -16.77861023 393.60000610
v -18.37900925 -16.77861023 393.60000610
v -18.31340027 -16.43091011 393.27499390
v -18.24154091 -16.74835014 393.60000610
v -18.74364090 -16.21602058 392.95001221
v -19.47200966 -15.86693954 392.29998779
v -19.26552010 -16.12017059 392.62500000
v -19.58805084 -15.94884968 392.29998779
v -19.35166931 -15.79148960 392.29998779
v -19.26552010 -16.12017059 392.62500000
v -19.47200966 -15.86693954 392.29998779
v -19.26552010 -16.12017059 392.62500000
v -19.58805084 -15.94884968 392.29998779
v -19.44965935 -16.25255966 392.62500000
v -18.24154091 -16.74835014 393.60000610
v -18.15266037 -16.41077042 393.27499390
v -18.10160065 -16.73312950 393.60000610
v -18.31340027 -16.43091011 393.27499390
v -18.15266037 -16.41077042 393.27499390
v -18.24154091 -16.74835014 393.60000610
v -18.74364090 -16.21602058 392.95001221
v -18.55936050 -16.15410995 392.95001221
v -19.22739029 -15.72272015 392.29998779
v -19.06909943 -16.00676918 392.62500000
v -19.35166931 -15.79148960 392.29998779
v -19.09954071 -15.66084003 392.29998779
v -19.06909943 -16.00676918 392.62500000
v -19.22739029 -15.72272015 392.29998779
v -19.35166931 -15.79148960 392.29998779
v -19.06909943 -16.00676918 392.62500000
v -19.26552010 -16.12017059 392.62500000
v -18.10160065 -16.73312950 393.60000610
v -17.99070930 -16.40673065 393.27499390
v -17.96084023 -16.73312950 393.60000610
v -18.15266037 -16.41077042 393.27499390
v -17.99070930 -16.40673065 393.27499390
v -18.10160065 -16.73312950 393.60000610
v -18.36984062 -16.11084938 392.95001221
v -18.55936050 -16.15410995 392.95001221
v -19.09954071 -15.66084003 392.29998779
v -18.86236954 -15.91349030 392.62500000
v -19.06909943 -16.00676918 392.62500000
v -18.96850014 -15.60604000 392.29998779
v -18.86236954 -15.91349030 392.62500000
v -19.09954071 -15.66084003 392.29998779
v -18.83466911 -15.55848026 392.29998779
v -18.86236954 -15.91349030 392.62500000
v -18.96850014 -15.60604000 392.29998779
v -17.99070930 -16.40673065 393.27499390
v -17.82917023 -16.41884041 393.27499390
v -17.96084023 -16.73312950 393.60000610
v -17.96084023 -16.73312950 393.60000610
v -17.82917023 -16.41884041 393.27499390
v -17.82090950 -16.74835014 393.60000610
v -18.36984062 -16.11084938 392.95001221
v -18.17695045 -16.08667946 392.95001221
v -18.83466911 -15.55848026 392.29998779
v -18.64739037 -15.84125042 392.62500000
v -18.86236954 -15.91349030 392.62500000
v -18.69842911 -15.51828957 392.29998779
v -18.64739037 -15.84125042 392.62500000
v -18.83466911 -15.55848026 392.29998779
v -18.56020927 -15.48560047 392.29998779
v -18.64739037 -15.84125042 392.62500000
v -18.69842911 -15.51828957 392.29998779
v -18.64739037 -15.84125042 392.62500000
v -18.86236954 -15.91349030 392.62500000
v -17.82090950 -16.74835014 393.60000610
v -17.66963005 -16.44696045 393.27499390
v -17.68343925 -16.77861023 393.60000610
v -17.82917023 -16.41884041 393.27499390
v -17.66963005 -16.44696045 393.27499390
v -17.82090950 -16.74835014 393.60000610
v -17.98261070 -16.08182907 392.95001221
v -18.17695045 -16.08667946 392.95001221
v -18.42626953 -15.79078007 392.62500000
v -18.42041016 -15.46051025 392.29998779
v -18.42626953 -15.79078007 392.62500000
v -18.56020927 -15.48560047 392.29998779
v -18.42626953 -15.79078007 392.62500000
v -17.68343925 -16.77861023 393.60000610
v -17.51367950 -16.49084091 393.27499390
v -17.55003929 -16.82354927 393.60000610
v -17.66963005 -16.44696045 393.27499390
v -17.51367950 -16.49084091 393.27499390
v -17.68343925 -16.77861023 393.60000610
v -17.98261070 -16.08182907 392.95001221
v -17.78874969 -16.09635925 392.95001221
v -18.20124054 -15.76257992 392.62500000
v -18.27943993 -15.44309998 392.29998779
v -18.42041016 -15.46051025 392.29998779
v -18.13772964 -15.43340015 392.29998779
v -18.20124054 -15.76257992 392.62500000
v -18.27943993 -15.44309998 392.29998779
v -17.51367950 -16.49084091 393.27499390
v -17.36288071 -16.55002975 393.27499390
v -17.55003929 -16.82354927 393.60000610
v -17.55003929 -16.82354927 393.60000610
v -17.36288071 -16.55002975 393.27499390
v -17.42229080 -16.88265991 393.60000610
v -17.78874969 -16.09635925 392.95001221
v -17.59730911 -16.13010979 392.95001221
v -17.82917023 -16.41884041 393.27499390
v -17.66963005 -16.44696045 393.27499390
v -18.20124054 -15.76257992 392.62500000
v -17.97451019 -15.75693035 392.62500000
v -17.99571037 -15.43146038 392.29998779
v -17.97451019 -15.75693035 392.62500000
v -18.13772964 -15.43340015 392.29998779
v -17.85379028 -15.43727970 392.29998779
v -17.97451019 -15.75693035 392.62500000
v -17.99571037 -15.43146038 392.29998779
v -18.13772964 -15.43340015 392.29998779
v -17.97451019 -15.75693035 392.62500000
v -18.20124054 -15.76257992 392.62500000
v -17.36288071 -16.55002975 393.27499390
v -17.21871948 -16.62392998 393.27499390
v -17.42229080 -16.88265991 393.60000610
v -17.42229080 -16.88265991 393.60000610
v -17.21871948 -16.62392998 393.27499390
v -17.30167961 -16.95523071 393.60000610
v -17.59730911 -16.13010979 392.95001221
v -17.41016960 -16.18276024 392.95001221
v -17.66963005 -16.44696045 393.27499390
v -17.51367950 -16.49084091 393.27499390
v -17.74834061 -15.77388000 392.62500000
v -17.85379028 -15.43727970 392.29998779
v -17.74834061 -15.77388000 392.62500000
v -17.97451019 -15.75693035 392.62500000
v -17.71240044 -15.45084000 392.29998779
v -17.74834061 -15.77388000 392.62500000
v -17.85379028 -15.43727970 392.29998779
v -17.57196999 -15.47210026 392.29998779
v -17.74834061 -15.77388000 392.62500000
v -17.71240044 -15.45084000 392.29998779
v -17.97451019 -15.75693035 392.62500000
v -17.21871948 -16.62392998 393.27499390
v -17.08263969 -16.71183014 393.27499390
v -17.30167961 -16.95523071 393.60000610
v -17.30167961 -16.95523071 393.60000610
v -17.08263969 -16.71183014 393.27499390
v -17.18961906 -17.04040909 393.60000610
v -17.41016960 -16.18276024 392.95001221
v -17.22920990 -16.25378990 392.95001221
v -17.51367950 -16.49084091 393.27499390
v -17.36288071 -16.55002975 393.27499390
v -17.74834061 -15.77388000 392.62500000
v -17.52499008 -15.81326008 392.62500000
v -17.43289948 -15.50100040 392.29998779
v -17.52499008 -15.81326008 392.62500000
v -17.57196999 -15.47210026 392.29998779
v -17.29561996 -15.53744984 392.29998779
v -17.52499008 -15.81326008 392.62500000
v -17.43289948 -15.50100040 392.29998779
v -17.57196999 -15.47210026 392.29998779
v -17.52499008 -15.81326008 392.62500000
v -17.74834061 -15.77388000 392.62500000
v -17.52499008 -15.81326008 392.62500000
v -17.08263969 -16.71183014 393.27499390
v -16.95598030 -16.81282997 393.27499390
v -17.18961906 -17.04040909 393.60000610
v -17.18961906 -17.04040909 393.60000610
v -16.95598030 -16.81282997 393.27499390
v -17.08742905 -17.13721085 393.60000610
v -17.22920990 -16.25378990 392.95001221
v -17.05621910 -16.34247017 392.95001221
v -17.36288071 -16.55002975 393.27499390
v -17.21871948 -16.62392998 393.27499390
v -17.05621910 -16.34247017 392.95001221
v -17.08263969 -16.71183014 393.27499390
v -17.21871948 -16.62392998 393.27499390
v -17.30666924 -15.87469006 392.62500000
v -17.16053963 -15.58133984 392.29998779
v -17.30666924 -15.87469006 392.62500000
v -17.29561996 -15.53744984 392.29998779
v -17.02804947 -15.63255024 392.29998779
v -17.30666924 -15.87469006 392.62500000
v -17.16053963 -15.58133984 392.29998779
v -17.29561996 -15.53744984 392.29998779
v -16.84000969 -16.92593956 393.27499390
v -17.08742905 -17.13721085 393.60000610
v -16.84000969 -16.92593956 393.27499390
v -16.99629974 -17.24449921 393.60000610
v -16.89291954 -16.44795036 392.95001221
v -17.09555054 -15.95755005 392.62500000
v -16.89855957 -15.69091034 392.29998779
v -17.09555054 -15.95755005 392.62500000
v -17.02804947 -15.63255024 392.29998779
v -17.09555054 -15.95755005 392.62500000
v -17.30666924 -15.87469006 392.62500000
v -17.02804947 -15.63255024 392.29998779
v -16.84000969 -16.92593956 393.27499390
v -16.73587990 -17.05003929 393.27499390
v -16.99629974 -17.24449921 393.60000610
v -16.74094009 -16.56915092 392.95001221
v -16.89291954 -16.44795036 392.95001221
v -16.89855957 -15.69091034 392.29998779
v -16.89372063 -16.06101036 392.62500000
v -16.77243996 -15.75625992 392.29998779
v -16.65008926 -15.82839012 392.29998779
v -16.89372063 -16.06101036 392.62500000
v -16.77243996 -15.75625992 392.29998779
v -16.89372063 -16.06101036 392.62500000
v -16.73587990 -17.05003929 393.27499390
v -16.64463043 -17.18388939 393.27499390
v -16.99629974 -17.24449921 393.60000610
v -16.99629974 -17.24449921 393.60000610
v -16.64463043 -17.18388939 393.27499390
v -16.91731071 -17.36100006 393.60000610
v -16.74094009 -16.56915092 392.95001221
v -16.60177040 -16.70488930 392.95001221
v -16.70321083 -16.18407059 392.62500000
v -16.65008926 -15.82839012 392.29998779
v -16.53186035 -15.90709972 392.29998779
v -16.70321083 -16.18407059 392.62500000
v -16.65008926 -15.82839012 392.29998779
v -16.41810036 -15.99215031 392.29998779
v -16.70321083 -16.18407059 392.62500000
v -16.53186035 -15.90709972 392.29998779
v -16.91731071 -17.36100006 393.60000610
v -16.56715012 -17.32616043 393.27499390
v -16.85137939 -17.48537064 393.60000610
v -16.64463043 -17.18388939 393.27499390
v -16.56715012 -17.32616043 393.27499390
v -16.91731071 -17.36100006 393.60000610
v -16.47681046 -16.85379982 392.95001221
v -16.60177040 -16.70488930 392.95001221
v -16.30915070 -16.08329010 392.29998779
v -16.52589035 -16.32546997 392.62500000
v -16.41810036 -15.99215031 392.29998779
v -16.52589035 -16.32546997 392.62500000
v -16.41810036 -15.99215031 392.29998779
v -16.70321083 -16.18407059 392.62500000
v -16.20533943 -16.18022919 392.29998779
v -16.52589035 -16.32546997 392.62500000
v -16.30915070 -16.08329010 392.29998779
v -16.85137939 -17.48537064 393.60000610
v -16.50421906 -17.47543907 393.27499390
v -16.79928017 -17.61613083 393.60000610
v -16.56715012 -17.32616043 393.27499390
v -16.50421906 -17.47543907 393.27499390
v -16.85137939 -17.48537064 393.60000610
v -16.36730957 -17.01441956 392.95001221
v -16.36730957 -17.01441956 392.95001221
v -16.47681046 -16.85379982 392.95001221
v -16.10699081 -16.28269958 392.29998779
v -16.36352921 -16.48382950 392.62500000
v -16.20533943 -16.18022919 392.29998779
v -16.01436996 -16.39039040 392.29998779
v -16.36352921 -16.48382950 392.62500000
v -16.10699081 -16.28269958 392.29998779
v -16.36352921 -16.48382950 392.62500000
v -16.52589035 -16.32546997 392.62500000
v -16.36352921 -16.48382950 392.62500000
v -16.20533943 -16.18022919 392.29998779
v -16.36352921 -16.48382950 392.62500000
v -16.52589035 -16.32546997 392.62500000
v -16.79928017 -17.61613083 393.60000610
v -16.45647049 -17.63023949 393.27499390
v -16.76161957 -17.75176048 393.60000610
v -16.50421906 -17.47543907 393.27499390
v -16.45647049 -17.63023949 393.27499390
v -16.79928017 -17.61613083 393.60000610
v -16.27433014 -17.18515015 392.95001221
v -15.92778015 -16.50297928 392.29998779
v -16.21775055 -16.65756989 392.62500000
v -16.01436996 -16.39039040 392.29998779
v -15.84745979 -16.62013054 392.29998779
v -16.21775055 -16.65756989 392.62500000
v -15.92778015 -16.50297928 392.29998779
v -16.01436996 -16.39039040 392.29998779
v -16.21775055 -16.65756989 392.62500000
v -16.76161957 -17.75176048 393.60000610
v -16.42436981 -17.78903008 393.27499390
v -16.73884010 -17.89067078 393.60000610
v -16.45647049 -17.63023949 393.27499390
v -16.42436981 -17.78903008 393.27499390
v -16.76161957 -17.75176048 393.60000610
v -16.56715012 -17.32616043 393.27499390
v -16.19882011 -17.36429024 392.95001221
v -16.50421906 -17.47543907 393.27499390
v -16.27433014 -17.18515015 392.95001221
v -16.19882011 -17.36429024 392.95001221
v -16.08999062 -16.84495926 392.62500000
v -15.77365971 -16.74148941 392.29998779
v -16.08999062 -16.84495926 392.62500000
v -15.84745979 -16.62013054 392.29998779
v -16.73884010 -17.89067078 393.60000610
v -16.40823936 -17.95022011 393.27499390
v -16.73122025 -18.03121948 393.60000610
v -16.42436981 -17.78903008 393.27499390
v -16.40823936 -17.95022011 393.27499390
v -16.73884010 -17.89067078 393.60000610
v -16.14151955 -17.55005074 392.95001221
v -16.45647049 -17.63023949 393.27499390
v -16.14151955 -17.55005074 392.95001221
v -16.42436981 -17.78903008 393.27499390
v -15.70660019 -16.86669922 392.29998779
v -15.98151970 -17.04413986 392.62500000
v -15.77365971 -16.74148941 392.29998779
v -15.64647007 -16.99538040 392.29998779
v -15.98151970 -17.04413986 392.62500000
v -15.70660019 -16.86669922 392.29998779
v -16.08999062 -16.84495926 392.62500000
v -15.98151970 -17.04413986 392.62500000
v -15.77365971 -16.74148941 392.29998779
v -16.73122025 -18.03121948 393.60000610
v -16.40823936 -18.11222076 393.27499390
v -16.73884010 -18.17177963 393.60000610
v -16.40823936 -17.95022011 393.27499390
v -16.40823936 -18.11222076 393.27499390
v -16.73122025 -18.03121948 393.60000610
v -16.10300064 -17.74058914 392.95001221
v -15.64647007 -16.99538040 392.29998779
v -15.89342022 -17.25312996 392.62500000
v -15.98151970 -17.04413986 392.62500000
v -15.59346962 -17.12715912 392.29998779
v -15.89342022 -17.25312996 392.62500000
v -15.64647007 -16.99538040 392.29998779
v -15.54773045 -17.26162910 392.29998779
v -15.89342022 -17.25312996 392.62500000
v -15.59346962 -17.12715912 392.29998779
v -16.40823936 -18.11222076 393.27499390
v -16.42436981 -18.27342033 393.27499390
v -16.73884010 -18.17177963 393.60000610
v -16.73884010 -18.17177963 393.60000610
v -16.42436981 -18.27342033 393.27499390
v -16.76161957 -18.31068039 393.60000610
v -16.10300064 -17.74058914 392.95001221
v -16.08365059 -17.93401909 392.95001221
v -16.42436981 -17.78903008 393.27499390
v -16.40823936 -17.95022011 393.27499390
v -16.40823936 -17.95022011 393.27499390
v -16.08365059 -17.93401909 392.95001221
v -16.40823936 -18.11222076 393.27499390
v -15.89342022 -17.25312996 392.62500000
v -15.82656956 -17.46985054 392.62500000
v -15.54773045 -17.26162910 392.29998779
v -15.82656956 -17.46985054 392.62500000
v -15.89342022 -17.25312996 392.62500000
v -15.50940990 -17.39839935 392.29998779
v -15.82656956 -17.46985054 392.62500000
v -15.54773045 -17.26162910 392.29998779
v -15.47861958 -17.53705978 392.29998779
v -15.82656956 -17.46985054 392.62500000
v -15.50940990 -17.39839935 392.29998779
v -15.82656956 -17.46985054 392.62500000
v -16.42436981 -18.27342033 393.27499390
v -16.45647049 -18.43219948 393.27499390
v -16.76161957 -18.31068039 393.60000610
v -16.76161957 -18.31068039 393.60000610
v -16.45647049 -18.43219948 393.27499390
v -16.79928017 -18.44631958 393.60000610
v -16.40823936 -18.11222076 393.27499390
v -16.08365059 -18.12841988 392.95001221
v -16.42436981 -18.27342033 393.27499390
v -16.08365059 -18.12841988 392.95001221
v -15.78162956 -17.69215012 392.62500000
v -15.45543957 -17.67719078 392.29998779
v -15.78162956 -17.69215012 392.62500000
v -15.47861958 -17.53705978 392.29998779
v -15.43994999 -17.81838036 392.29998779
v -15.78162956 -17.69215012 392.62500000
v -15.45543957 -17.67719078 392.29998779
v -15.47861958 -17.53705978 392.29998779
v -16.45647049 -18.43219948 393.27499390
v -16.50421906 -18.58700943 393.27499390
v -16.79928017 -18.44631958 393.60000610
v -16.79928017 -18.44631958 393.60000610
v -16.50421906 -18.58700943 393.27499390
v -16.85137939 -18.57707977 393.60000610
v -16.10300064 -18.32185936 392.95001221
v -15.75905037 -17.91781998 392.62500000
v -15.43218994 -17.96021080 392.29998779
v -15.75905037 -17.91781998 392.62500000
v -15.43994999 -17.81838036 392.29998779
v -15.43994999 -17.81838036 392.29998779
v -15.75905037 -17.91781998 392.62500000
v -15.78162956 -17.69215012 392.62500000
v -16.50421906 -18.58700943 393.27499390
v -16.56715012 -18.73628044 393.27499390
v -16.85137939 -18.57707977 393.60000610
v -16.85137939 -18.57707977 393.60000610
v -16.56715012 -18.73628044 393.27499390
v -16.91731071 -18.70144081 393.60000610
v -16.14151955 -18.51239967 392.95001221
v -16.10300064 -18.32185936 392.95001221
v -16.14151955 -18.51239967 392.95001221
v -16.42436981 -18.27342033 393.27499390
v -16.45647049 -18.43219948 393.27499390
v -15.75905037 -18.14462090 392.62500000
v -15.43218994 -17.96021080 392.29998779
v -15.43218994 -18.10223961 392.29998779
v -15.43994999 -18.24407005 392.29998779
v -15.75905037 -18.14462090 392.62500000
v -15.43218994 -18.10223961 392.29998779
v -16.56715012 -18.73628044 393.27499390
v -16.64463043 -18.87855911 393.27499390
v -16.91731071 -18.70144081 393.60000610
v -16.91731071 -18.70144081 393.60000610
v -16.64463043 -18.87855911 393.27499390
v -16.99629974 -18.81794930 393.60000610
v -16.19882011 -18.69816017 392.95001221
v -15.78162956 -18.37030029 392.62500000
v -15.43994999 -18.24407005 392.29998779
v -15.75905037 -18.14462090 392.62500000
v -15.45543957 -18.38525963 392.29998779
v -15.78162956 -18.37030029 392.62500000
v -15.43994999 -18.24407005 392.29998779
v -15.47861958 -18.52539062 392.29998779
v -15.78162956 -18.37030029 392.62500000
v -15.45543957 -18.38525963 392.29998779
v -16.64463043 -18.87855911 393.27499390
v -16.73587990 -19.01240921 393.27499390
v -16.99629974 -18.81794930 393.60000610
v -16.50421906 -18.58700943 393.27499390
v -16.27433014 -18.87730026 392.95001221
v -16.56715012 -18.73628044 393.27499390
v -16.19882011 -18.69816017 392.95001221
v -15.47861958 -18.52539062 392.29998779
v -15.82656956 -18.59259987 392.62500000
v -15.78162956 -18.37030029 392.62500000
v -15.50940990 -18.66404915 392.29998779
v -15.82656956 -18.59259987 392.62500000
v -15.47861958 -18.52539062 392.29998779
v -15.54773045 -18.80081940 392.29998779
v -15.82656956 -18.59259987 392.62500000
v -15.50940990 -18.66404915 392.29998779
v -16.99629974 -18.81794930 393.60000610
v -16.84000969 -19.13649940 393.27499390
v -17.08742905 -18.92523003 393.60000610
v -16.73587990 -19.01240921 393.27499390
v -16.84000969 -19.13649940 393.27499390
v -16.99629974 -18.81794930 393.60000610
v -16.36730957 -19.04801941 392.95001221
v -16.27433014 -18.87730026 392.95001221
v -15.89342022 -18.80932045 392.62500000
v -15.59346962 -18.93528938 392.29998779
v -15.89342022 -18.80932045 392.62500000
v -15.54773045 -18.80081940 392.29998779
v -15.64647007 -19.06707001 392.29998779
v -15.89342022 -18.80932045 392.62500000
v -15.59346962 -18.93528938 392.29998779
v -15.54773045 -18.80081940 392.29998779
v -15.89342022 -18.80932045 392.62500000
v -15.82656956 -18.59259987 392.62500000
v -15.82656956 -18.59259987 392.62500000
v -17.08742905 -18.92523003 393.60000610
v -16.95598030 -19.24962044 393.27499390
v -17.18961906 -19.02202988 393.60000610
v -16.84000969 -19.13649940 393.27499390
v -16.47681046 -19.20863914 392.95001221
v -16.36730957 -19.04801941 392.95001221
v -16.47681046 -19.20863914 392.95001221
v -15.98151970 -19.01831055 392.62500000
v -15.70660019 -19.19574928 392.29998779
v -15.98151970 -19.01831055 392.62500000
v -15.64647007 -19.06707001 392.29998779
v -15.77365971 -19.32095909 392.29998779
v -15.98151970 -19.01831055 392.62500000
v -15.70660019 -19.19574928 392.29998779
v -15.64647007 -19.06707001 392.29998779
v -15.89342022 -18.80932045 392.62500000
v -16.95598030 -19.24962044 393.27499390
v -17.08263969 -19.35062027 393.27499390
v -17.18961906 -19.02202988 393.60000610
v -17.18961906 -19.02202988 393.60000610
v -17.08263969 -19.35062027 393.27499390
v -17.30167961 -19.10721970 393.60000610
v -16.60177040 -19.35755920 392.95001221
v -15.77365971 -19.32095909 392.29998779
v -16.08999062 -19.21748924 392.62500000
v -15.98151970 -19.01831055 392.62500000
v -16.08999062 -19.21748924 392.62500000
v -15.84745979 -19.44231987 392.29998779
v -16.08999062 -19.21748924 392.62500000
v -15.77365971 -19.32095909 392.29998779
v -17.08263969 -19.35062027 393.27499390
v -17.21871948 -19.43852043 393.27499390
v -17.30167961 -19.10721970 393.60000610
v -17.30167961 -19.10721970 393.60000610
v -17.21871948 -19.43852043 393.27499390
v -17.42229080 -19.17979050 393.60000610
v -16.74094009 -19.49329948 392.95001221
v -16.60177040 -19.35755920 392.95001221
v -15.84745979 -19.44231987 392.29998779
v -16.21775055 -19.40488052 392.62500000
v -15.92778015 -19.55946922 392.29998779
v -16.01436996 -19.67205048 392.29998779
v -16.21775055 -19.40488052 392.62500000
v -15.92778015 -19.55946922 392.29998779
v -17.42229080 -19.17979050 393.60000610
v -17.36288071 -19.51242065 393.27499390
v -17.55003929 -19.23888969 393.60000610
v -17.21871948 -19.43852043 393.27499390
v -17.36288071 -19.51242065 393.27499390
v -17.42229080 -19.17979050 393.60000610
v -16.89291954 -19.61450005 392.95001221
v -17.08263969 -19.35062027 393.27499390
v -17.21871948 -19.43852043 393.27499390
v -16.74094009 -19.49329948 392.95001221
v -16.21775055 -19.40488052 392.62500000
v -16.36352921 -19.57862091 392.62500000
v -16.10699081 -19.77973938 392.29998779
v -16.36352921 -19.57862091 392.62500000
v -16.01436996 -19.67205048 392.29998779
v -16.20533943 -19.88220978 392.29998779
v -16.36352921 -19.57862091 392.62500000
v -16.10699081 -19.77973938 392.29998779
v -16.01436996 -19.67205048 392.29998779
v -17.36288071 -19.51242065 393.27499390
v -17.51367950 -19.57160950 393.27499390
v -17.55003929 -19.23888969 393.60000610
v -17.55003929 -19.23888969 393.60000610
v -17.51367950 -19.57160950 393.27499390
v -17.68343925 -19.28384018 393.60000610
v -16.20533943 -19.88220978 392.29998779
v -16.52589035 -19.73698044 392.62500000
v -16.36352921 -19.57862091 392.62500000
v -16.36352921 -19.57862091 392.62500000
v -16.52589035 -19.73698044 392.62500000
v -16.30915070 -19.97916031 392.29998779
v -16.52589035 -19.73698044 392.62500000
v -16.20533943 -19.88220978 392.29998779
v -16.41810036 -20.07029915 392.29998779
v -16.52589035 -19.73698044 392.62500000
v -16.30915070 -19.97916031 392.29998779
v -17.51367950 -19.57160950 393.27499390
v -17.66963005 -19.61548042 393.27499390
v -17.68343925 -19.28384018 393.60000610
v -17.68343925 -19.28384018 393.60000610
v -17.66963005 -19.61548042 393.27499390
v -17.82090950 -19.31410027 393.60000610
v -17.21871948 -19.43852043 393.27499390
v -17.36288071 -19.51242065 393.27499390
v -16.70321083 -19.87837982 392.62500000
v -16.52589035 -19.73698044 392.62500000
v -16.41810036 -20.07029915 392.29998779
v -16.53186035 -20.15534019 392.29998779
v -16.70321083 -19.87837982 392.62500000
v -16.41810036 -20.07029915 392.29998779
v -16.65008926 -20.23406029 392.29998779
v -16.70321083 -19.87837982 392.62500000
v -16.53186035 -20.15534019 392.29998779
v -17.82090950 -19.31410027 393.60000610
v -17.82917023 -19.64361000 393.27499390
v -17.96084023 -19.32932091 393.60000610
v -17.82090950 -19.31410027 393.60000610
v -20.63121986 -18.03121948 392.00000000
v -20.62734032 -17.88924026 392.00000000
v -20.63121986 -18.03121948 392.29998779
v -20.62734032 -17.88924026 392.29998779
v -20.62734032 -17.88924026 392.29998779
v -20.61572075 -17.74768066 392.00000000
v -20.61572075 -17.74768066 392.29998779
v -20.62734032 -17.88924026 392.00000000
v -20.61572075 -17.74768066 392.29998779
v -20.59638023 -17.60696030 392.00000000
v -20.59638023 -17.60696030 392.29998779
v -20.61572075 -17.74768066 392.00000000
v -20.59638023 -17.60696030 392.29998779
v -20.56937981 -17.46751976 392.00000000
v -20.56937981 -17.46751976 392.29998779
v -20.59638023 -17.60696030 392.00000000
v -20.56937981 -17.46751976 392.29998779
v -20.53480911 -17.32975006 392.00000000
v -20.53480911 -17.32975006 392.29998779
v -20.56937981 -17.46751976 392.00000000
v -20.53480911 -17.32975006 392.29998779
v -20.49276924 -17.19408035 392.00000000
v -20.49276924 -17.19408035 392.29998779
v -20.53480911 -17.32975006 392.00000000
v -20.49276924 -17.19408035 392.29998779
v -20.44338036 -17.06090927 392.00000000
v -20.44338036 -17.06090927 392.29998779
v -20.49276924 -17.19408035 392.00000000
v -20.44338036 -17.06090927 392.29998779
v -20.38678932 -16.93062973 392.00000000
v -20.38678932 -16.93062973 392.29998779
v -20.38678932 -16.93062973 392.29998779
v -20.38678932 -16.93062973 392.00000000
v -20.32316971 -16.80364037 392.29998779
v -20.44338036 -17.06090927 392.00000000
v -20.32316971 -16.80364037 392.00000000
v -20.32316971 -16.80364037 392.29998779
v -20.25271034 -16.68030930 392.00000000
v -20.25271034 -16.68030930 392.29998779
v -20.32316971 -16.80364037 392.00000000
v -20.25271034 -16.68030930 392.29998779
v -20.17563057 -16.56101036 392.00000000
v -20.17563057 -16.56101036 392.29998779
v -20.25271034 -16.68030930 392.00000000
v -20.17563057 -16.56101036 392.29998779
v -20.09214020 -16.44610023 392.00000000
v -20.09214020 -16.44610023 392.29998779
v -20.17563057 -16.56101036 392.00000000
v -20.09214020 -16.44610023 392.29998779
v -20.00250053 -16.33592033 392.00000000
v -20.00250053 -16.33592033 392.29998779
v -20.09214020 -16.44610023 392.00000000
v -20.00250053 -16.33592033 392.29998779
v -19.90698051 -16.23080063 392.00000000
v -19.90698051 -16.23080063 392.29998779
v -20.00250053 -16.33592033 392.00000000
v -19.90698051 -16.23080063 392.29998779
v -19.80586052 -16.13105011 392.00000000
v -19.80586052 -16.13105011 392.29998779
v -19.90698051 -16.23080063 392.00000000
v -19.80586052 -16.13105011 392.29998779
v -19.69944954 -16.03697014 392.00000000
v -19.69944954 -16.03697014 392.29998779
v -19.80586052 -16.13105011 392.00000000
v -19.69944954 -16.03697014 392.00000000
v -19.58805084 -15.94884968 392.00000000
v -19.69944954 -16.03697014 392.29998779
v -19.58805084 -15.94884968 392.29998779
v -19.58805084 -15.94884968 392.00000000
v -19.47200966 -15.86693954 392.00000000
v -19.58805084 -15.94884968 392.29998779
v -19.47200966 -15.86693954 392.29998779
v -19.47200966 -15.86693954 392.00000000
v -19.35166931 -15.79148960 392.00000000
v -19.47200966 -15.86693954 392.29998779
v -19.35166931 -15.79148960 392.29998779
v -19.35166931 -15.79148960 392.00000000
v -19.22739029 -15.72272015 392.00000000
v -19.35166931 -15.79148960 392.29998779
v -19.22739029 -15.72272015 392.29998779
v -19.22739029 -15.72272015 392.00000000
v -19.09954071 -15.66084003 392.00000000
v -19.22739029 -15.72272015 392.29998779
v -19.09954071 -15.66084003 392.29998779
v -19.09954071 -15.66084003 392.00000000
v -18.96850014 -15.60604000 392.00000000
v -19.09954071 -15.66084003 392.29998779
v -18.96850014 -15.60604000 392.29998779
v -18.96850014 -15.60604000 392.00000000
v -18.83466911 -15.55848026 392.00000000
v -18.96850014 -15.60604000 392.29998779
v -18.83466911 -15.55848026 392.29998779
v -18.83466911 -15.55848026 392.00000000
v -18.69842911 -15.51828957 392.00000000
v -18.83466911 -15.55848026 392.29998779
v -18.69842911 -15.51828957 392.29998779
v -18.69842911 -15.51828957 392.00000000
v -18.56020927 -15.48560047 392.00000000
v -18.69842911 -15.51828957 392.29998779
v -18.56020927 -15.48560047 392.29998779
v -18.56020927 -15.48560047 392.00000000
v -18.42041016 -15.46051025 392.00000000
v -18.56020927 -15.48560047 392.29998779
v -18.42041016 -15.46051025 392.29998779
v -18.42041016 -15.46051025 392.29998779
v -18.27943993 -15.44309998 392.00000000
v -18.27943993 -15.44309998 392.29998779
v -18.42041016 -15.46051025 392.00000000
v -18.27943993 -15.44309998 392.29998779
v -18.13772964 -15.43340015 392.00000000
v -18.13772964 -15.43340015 392.29998779
v -18.27943993 -15.44309998 392.00000000
v -18.13772964 -15.43340015 392.29998779
v -17.99571037 -15.43146038 392.00000000
v -17.99571037 -15.43146038 392.29998779
v -18.13772964 -15.43340015 392.00000000
v -17.99571037 -15.43146038 392.29998779
v -17.85379028 -15.43727970 392.00000000
v -17.85379028 -15.43727970 392.29998779
v -17.99571037 -15.43146038 392.00000000
v -17.85379028 -15.43727970 392.29998779
v -17.71240044 -15.45084000 392.00000000
v -17.71240044 -15.45084000 392.29998779
v -17.85379028 -15.43727970 392.00000000
v -17.71240044 -15.45084000 392.29998779
v -17.57196999 -15.47210026 392.00000000
v -17.57196999 -15.47210026 392.29998779
v -17.71240044 -15.45084000 392.00000000
v -17.57196999 -15.47210026 392.29998779
v -17.43289948 -15.50100040 392.00000000
v -17.43289948 -15.50100040 392.29998779
v -17.57196999 -15.47210026 392.00000000
v -17.43289948 -15.50100040 392.29998779
v -17.29561996 -15.53744984 392.00000000
v -17.29561996 -15.53744984 392.29998779
v -17.43289948 -15.50100040 392.00000000
v -17.29561996 -15.53744984 392.29998779
v -17.16053963 -15.58133984 392.00000000
v -17.16053963 -15.58133984 392.29998779
v -17.29561996 -15.53744984 392.00000000
v -17.16053963 -15.58133984 392.29998779
v -17.02804947 -15.63255024 392.00000000
v -17.02804947 -15.63255024 392.29998779
v -17.16053963 -15.58133984 392.00000000
v -17.02804947 -15.63255024 392.29998779
v -16.89855957 -15.69091034 392.00000000
v -16.89855957 -15.69091034 392.29998779
v -17.02804947 -15.63255024 392.00000000
v -16.89855957 -15.69091034 392.29998779
v -16.77243996 -15.75625992 392.00000000
v -16.77243996 -15.75625992 392.29998779
v -16.89855957 -15.69091034 392.00000000
v -16.77243996 -15.75625992 392.29998779
v -16.65008926 -15.82839012 392.00000000
v -16.65008926 -15.82839012 392.29998779
v -16.77243996 -15.75625992 392.00000000
v -16.65008926 -15.82839012 392.29998779
v -16.53186035 -15.90709972 392.00000000
v -16.53186035 -15.90709972 392.29998779
v -16.53186035 -15.90709972 392.29998779
v -16.53186035 -15.90709972 392.00000000
v -16.41810036 -15.99215031 392.29998779
v -16.65008926 -15.82839012 392.00000000
v -16.41810036 -15.99215031 392.00000000
v -16.41810036 -15.99215031 392.00000000
v -16.30915070 -16.08329010 392.00000000
v -16.41810036 -15.99215031 392.29998779
v -16.30915070 -16.08329010 392.29998779
v -16.30915070 -16.08329010 392.29998779
v -16.30915070 -16.08329010 392.00000000
v -16.20533943 -16.18022919 392.29998779
v -16.20533943 -16.18022919 392.00000000
v -16.20533943 -16.18022919 392.29998779
v -16.20533943 -16.18022919 392.00000000
v -16.10699081 -16.28269958 392.29998779
v -16.10699081 -16.28269958 392.00000000
v -16.10699081 -16.28269958 392.00000000
v -16.01436996 -16.39039040 392.00000000
v -16.10699081 -16.28269958 392.29998779
v -16.01436996 -16.39039040 392.29998779
v -16.01436996 -16.39039040 392.29998779
v -16.01436996 -16.39039040 392.00000000
v -15.92778015 -16.50297928 392.29998779
v -15.92778015 -16.50297928 392.00000000
v -15.92778015 -16.50297928 392.00000000
v -15.84745979 -16.62013054 392.00000000
v -15.92778015 -16.50297928 392.29998779
v -15.84745979 -16.62013054 392.29998779
v -15.84745979 -16.62013054 392.29998779
v -15.84745979 -16.62013054 392.00000000
v -15.77365971 -16.74148941 392.29998779
v -15.77365971 -16.74148941 392.00000000
v -15.77365971 -16.74148941 392.29998779
v -15.77365971 -16.74148941 392.00000000
v -15.70660019 -16.86669922 392.29998779
v -15.70660019 -16.86669922 392.00000000
v -15.70660019 -16.86669922 392.00000000
v -15.64647007 -16.99538040 392.00000000
v -15.70660019 -16.86669922 392.29998779
v -15.64647007 -16.99538040 392.29998779
v -15.64647007 -16.99538040 392.29998779
v -15.64647007 -16.99538040 392.00000000
v -15.59346962 -17.12715912 392.29998779
v -15.59346962 -17.12715912 392.00000000
v -15.59346962 -17.12715912 392.00000000
v -15.54773045 -17.26162910 392.00000000
v -15.59346962 -17.12715912 392.29998779
v -15.54773045 -17.26162910 392.29998779
v -15.54773045 -17.26162910 392.29998779
v -15.54773045 -17.26162910 392.00000000
v -15.50940990 -17.39839935 392.29998779
v -15.50940990 -17.39839935 392.00000000
v -15.50940990 -17.39839935 392.00000000
v -15.47861958 -17.53705978 392.00000000
v -15.50940990 -17.39839935 392.29998779
v -15.47861958 -17.53705978 392.29998779
v -15.47861958 -17.53705978 392.00000000
v -15.45543957 -17.67719078 392.00000000
v -15.47861958 -17.53705978 392.29998779
v -15.45543957 -17.67719078 392.29998779
v -15.45543957 -17.67719078 392.00000000
v -15.43994999 -17.81838036 392.00000000
v -15.45543957 -17.67719078 392.29998779
v -15.43994999 -17.81838036 392.29998779
v -15.43994999 -17.81838036 392.00000000
v -15.43218994 -17.96021080 392.00000000
v -15.43994999 -17.81838036 392.29998779
v -15.43218994 -17.96021080 392.29998779
v -15.43218994 -17.96021080 392.00000000
v -15.43218994 -18.10223961 392.00000000
v -15.43218994 -17.96021080 392.29998779
v -15.43218994 -18.10223961 392.29998779
v -15.43218994 -18.10223961 392.00000000
v -15.43994999 -18.24407005 392.00000000
v -15.43218994 -18.10223961 392.29998779
v -15.43994999 -18.24407005 392.29998779
v -15.43994999 -18.24407005 392.00000000
v -15.45543957 -18.38525963 392.00000000
v -15.43994999 -18.24407005 392.29998779
v -15.45543957 -18.38525963 392.29998779
v -15.45543957 -18.38525963 392.29998779
v -15.45543957 -18.38525963 392.00000000
v -15.47861958 -18.52539062 392.29998779
v -15.47861958 -18.52539062 392.00000000
v -15.47861958 -18.52539062 392.29998779
v -15.50940990 -18.66404915 392.00000000
v -15.50940990 -18.66404915 392.29998779
v -15.50940990 -18.66404915 392.29998779
v -15.50940990 -18.66404915 392.00000000
v -15.54773045 -18.80081940 392.29998779
v -15.47861958 -18.52539062 392.00000000
v -15.54773045 -18.80081940 392.00000000
v -15.54773045 -18.80081940 392.29998779
v -15.59346962 -18.93528938 392.00000000
v -15.59346962 -18.93528938 392.29998779
v -15.59346962 -18.93528938 392.29998779
v -15.59346962 -18.93528938 392.00000000
v -15.64647007 -19.06707001 392.29998779
v -15.54773045 -18.80081940 392.00000000
v -15.64647007 -19.06707001 392.00000000
v -15.64647007 -19.06707001 392.29998779
v -15.70660019 -19.19574928 392.00000000
v -15.70660019 -19.19574928 392.29998779
v -15.70660019 -19.19574928 392.29998779
v -15.70660019 -19.19574928 392.00000000
v -15.77365971 -19.32095909 392.29998779
v -15.64647007 -19.06707001 392.00000000
v -15.77365971 -19.32095909 392.00000000
v -15.77365971 -19.32095909 392.29998779
v -15.77365971 -19.32095909 392.00000000
v -15.84745979 -19.44231987 392.29998779
v -15.84745979 -19.44231987 392.00000000
v -15.84745979 -19.44231987 392.00000000
v -15.92778015 -19.55946922 392.00000000
v -15.84745979 -19.44231987 392.29998779
v -15.92778015 -19.55946922 392.29998779
v -15.92778015 -19.55946922 392.00000000
v -16.01436996 -19.67205048 392.00000000
v -15.92778015 -19.55946922 392.29998779
v -16.01436996 -19.67205048 392.29998779
v -16.01436996 -19.67205048 392.00000000
v -16.10699081 -19.77973938 392.00000000
v -16.01436996 -19.67205048 392.29998779
v -16.10699081 -19.77973938 392.29998779
v -16.10699081 -19.77973938 392.00000000
v -16.20533943 -19.88220978 392.00000000
v -16.10699081 -19.77973938 392.29998779
v -16.20533943 -19.88220978 392.29998779
v -16.20533943 -19.88220978 392.29998779
v -16.20533943 -19.88220978 392.00000000
v -16.30915070 -19.97916031 392.29998779
v -16.30915070 -19.97916031 392.00000000
v -16.30915070 -19.97916031 392.00000000
v -16.41810036 -20.07029915 392.00000000
v -16.30915070 -19.97916031 392.29998779
v -16.41810036 -20.07029915 392.29998779
v -16.41810036 -20.07029915 392.00000000
v -16.53186035 -20.15534019 392.00000000
v -16.41810036 -20.07029915 392.29998779
v -16.53186035 -20.15534019 392.29998779
v -16.53186035 -20.15534019 392.00000000
v -16.65008926 -20.23406029 392.00000000
v -16.53186035 -20.15534019 392.29998779
v -16.65008926 -20.23406029 392.29998779
v -16.65008926 -20.23406029 392.00000000
v -16.77243996 -20.30619049 392.00000000
v -16.65008926 -20.23406029 392.29998779
v -16.77243996 -20.30619049 392.29998779
v -16.77243996 -20.30619049 392.29998779
v -16.77243996 -20.30619049 392.00000000
v -16.89855957 -20.37154007 392.29998779
v -16.89855957 -20.37154007 392.00000000
v -16.89855957 -20.37154007 392.00000000
v -17.02804947 -20.42989922 392.00000000
v -16.89855957 -20.37154007 392.29998779
v -17.02804947 -20.42989922 392.29998779
v -17.02804947 -20.42989922 392.00000000
v -17.16053963 -20.48110008 392.00000000
v -17.02804947 -20.42989922 392.29998779
v -17.16053963 -20.48110008 392.29998779
v -17.16053963 -20.48110008 392.29998779
v -17.16053963 -20.48110008 392.00000000
v -17.29561996 -20.52499008 392.29998779
v -17.29561996 -20.52499008 392.00000000
v -17.29561996 -20.52499008 392.29998779
v -17.29561996 -20.52499008 392.00000000
v -17.43289948 -20.56143951 392.29998779
v -17.43289948 -20.56143951 392.00000000
v -17.43289948 -20.56143951 392.00000000
v -17.57196999 -20.59033966 392.00000000
v -17.43289948 -20.56143951 392.29998779
v -17.57196999 -20.59033966 392.29998779
v -17.57196999 -20.59033966 392.00000000
v -17.71240044 -20.61160088 392.00000000
v -17.57196999 -20.59033966 392.29998779
v -17.71240044 -20.61160088 392.29998779
v -17.71240044 -20.61160088 392.29998779
v -17.85379028 -20.62516022 392.00000000
v -17.85379028 -20.62516022 392.29998779
v -17.71240044 -20.61160088 392.00000000
v -17.85379028 -20.62516022 392.29998779
v -17.99571037 -20.63097954 392.00000000
v -17.99571037 -20.63097954 392.29998779
v -17.99571037 -20.63097954 392.29998779
v -17.99571037 -20.63097954 392.00000000
v -18.13772964 -20.62903976 392.29998779
v -17.85379028 -20.62516022 392.00000000
v -18.13772964 -20.62903976 392.29998779
v -18.13772964 -20.62903976 392.00000000
v -18.27943993 -20.61935043 392.29998779
v -18.13772964 -20.62903976 392.00000000
v -18.27943993 -20.61935043 392.29998779
v -18.27943993 -20.61935043 392.00000000
v -18.42041016 -20.60193062 392.29998779
v -18.27943993 -20.61935043 392.00000000
v -18.42041016 -20.60193062 392.00000000
v -18.42041016 -20.60193062 392.29998779
v -18.56020927 -20.57683945 392.00000000
v -18.56020927 -20.57683945 392.29998779
v -18.42041016 -20.60193062 392.00000000
v -18.56020927 -20.57683945 392.29998779
v -18.69842911 -20.54416084 392.00000000
v -18.69842911 -20.54416084 392.29998779
v -18.56020927 -20.57683945 392.00000000
v -18.69842911 -20.54416084 392.29998779
v -18.83466911 -20.50396919 392.00000000
v -18.83466911 -20.50396919 392.29998779
v -18.69842911 -20.54416084 392.00000000
v -18.83466911 -20.50396919 392.00000000
v -18.96850014 -20.45639992 392.00000000
v -18.83466911 -20.50396919 392.29998779
v -18.96850014 -20.45639992 392.29998779
v -18.96850014 -20.45639992 392.00000000
v -19.09954071 -20.40159988 392.00000000
v -18.96850014 -20.45639992 392.29998779
v -19.09954071 -20.40159988 392.29998779
v -19.09954071 -20.40159988 392.00000000
v -19.22739029 -20.33971977 392.00000000
v -19.09954071 -20.40159988 392.29998779
v -19.22739029 -20.33971977 392.29998779
v -19.22739029 -20.33971977 392.29998779
v -19.35166931 -20.27095985 392.00000000
v -19.35166931 -20.27095985 392.29998779
v -19.22739029 -20.33971977 392.00000000
v -19.35166931 -20.27095985 392.29998779
v -19.47200966 -20.19551086 392.00000000
v -19.47200966 -20.19551086 392.29998779
v -19.47200966 -20.19551086 392.29998779
v -19.47200966 -20.19551086 392.00000000
v -19.58805084 -20.11359978 392.29998779
v -19.35166931 -20.27095985 392.00000000
v -19.58805084 -20.11359978 392.00000000
v -19.58805084 -20.11359978 392.29998779
v -19.69944954 -20.02547073 392.00000000
v -19.69944954 -20.02547073 392.29998779
v -19.58805084 -20.11359978 392.00000000
v -19.69944954 -20.02547073 392.29998779
v -19.80586052 -19.93140030 392.00000000
v -19.80586052 -19.93140030 392.29998779
v -19.69944954 -20.02547073 392.00000000
v -19.80586052 -19.93140030 392.29998779
v -19.90698051 -19.83164978 392.00000000
v -19.90698051 -19.83164978 392.29998779
v -19.90698051 -19.83164978 392.29998779
v -19.90698051 -19.83164978 392.00000000
v -20.00250053 -19.72653008 392.29998779
v -19.80586052 -19.93140030 392.00000000
v -20.00250053 -19.72653008 392.00000000
v -20.00250053 -19.72653008 392.29998779
v -20.09214020 -19.61635017 392.00000000
v -20.09214020 -19.61635017 392.29998779
v -20.00250053 -19.72653008 392.00000000
v -20.09214020 -19.61635017 392.29998779
v -20.17563057 -19.50144005 392.00000000
v -20.17563057 -19.50144005 392.29998779
v -20.09214020 -19.61635017 392.00000000
v -20.17563057 -19.50144005 392.29998779
v -20.25271034 -19.38213921 392.00000000
v -20.25271034 -19.38213921 392.29998779
v -20.17563057 -19.50144005 392.00000000
v -20.25271034 -19.38213921 392.29998779
v -20.32316971 -19.25881004 392.00000000
v -20.32316971 -19.25881004 392.29998779
v -20.25271034 -19.38213921 392.00000000
v -20.32316971 -19.25881004 392.29998779
v -20.38678932 -19.13182068 392.00000000
v -20.38678932 -19.13182068 392.29998779
v -20.32316971 -19.25881004 392.00000000
v -20.38678932 -19.13182068 392.29998779
v -20.44338036 -19.00153923 392.00000000
v -20.44338036 -19.00153923 392.29998779
v -20.38678932 -19.13182068 392.00000000
v -20.44338036 -19.00153923 392.29998779
v -20.49276924 -18.86837006 392.00000000
v -20.49276924 -18.86837006 392.29998779
v -20.44338036 -19.00153923 392.00000000
v -20.49276924 -18.86837006 392.29998779
v -20.53480911 -18.73270035 392.00000000
v -20.53480911 -18.73270035 392.29998779
v -20.49276924 -18.86837006 392.00000000
v -20.53480911 -18.73270035 392.29998779
v -20.56937981 -18.59493065 392.00000000
v -20.56937981 -18.59493065 392.29998779
v -20.53480911 -18.73270035 392.00000000
v -20.56937981 -18.59493065 392.29998779
v -20.59638023 -18.45548058 392.00000000
v -20.59638023 -18.45548058 392.29998779
v -20.56937981 -18.59493065 392.00000000
v -20.59638023 -18.45548058 392.29998779
v -20.61572075 -18.31476974 392.00000000
v -20.61572075 -18.31476974 392.29998779
v -20.59638023 -18.45548058 392.00000000
v -20.61572075 -18.31476974 392.29998779
v -20.62734032 -18.17321014 392.00000000
v -20.62734032 -18.17321014 392.29998779
v -20.61572075 -18.31476974 392.00000000
v -20.62734032 -18.17321014 392.29998779
v -20.63121986 -18.03121948 392.00000000
v -20.63121986 -18.03121948 392.29998779
v -20.62734032 -18.17321014 392.00000000
v 19.95545959 19.77973938 392.00000000
v 19.85709953 19.88220978 392.00000000
v 19.82992935 20.33061981 392.00000000
v 19.75329971 19.97916031 392.00000000
v 20.04807091 19.67205048 392.00000000
v 20.81867027 19.31690979 392.00000000
v 19.64435005 20.07029915 392.00000000
v 20.13467026 19.55946922 392.00000000
v 19.53059006 20.15534019 392.00000000
v 20.21499062 19.44231987 392.00000000
v 19.41235924 20.23406029 392.00000000
v 20.28878021 19.32095909 392.00000000
v 19.29000092 20.30619049 392.00000000
v 20.35585022 19.19574928 392.00000000
v 19.16389084 20.37154007 392.00000000
v 18.79187965 21.29379082 392.00000000
v 20.41596985 19.06707001 392.00000000
v 19.03440094 20.42989922 392.00000000
v 20.46898079 18.93528938 392.00000000
v 18.90191078 20.48110008 392.00000000
v 20.51470947 18.80081940 392.00000000
v 18.76683044 20.52499008 392.00000000
v 20.55303001 18.66404915 392.00000000
v 21.75565910 18.25517082 392.00000000
v 18.62953949 20.56143951 392.00000000
v 20.58382988 18.52539062 392.00000000
v 18.49048042 20.59033966 392.00000000
v 20.60700989 18.38525963 392.00000000
v 18.35004044 20.61160088 392.00000000
v 20.62249947 18.24407005 392.00000000
v 18.20865059 20.62516022 392.00000000
v 20.63025093 18.10223961 392.00000000
v 18.06674004 20.63097954 392.00000000
v 17.70710945 22.20401001 392.00000000
v 20.63025093 17.96021080 392.00000000
v 17.92470932 20.62903976 392.00000000
v 20.62249947 17.81838036 392.00000000
v 17.78301048 20.61935043 392.00000000
v 20.60700989 17.67719078 392.00000000
v 17.64204025 20.60193062 392.00000000
v 20.58382988 17.53705978 392.00000000
v 17.50223923 20.57683945 392.00000000
v 20.55303001 17.39839935 392.00000000
v 22.63855934 17.14805031 392.00000000
v 17.36400986 20.54416084 392.00000000
v 20.51470947 17.26162910 392.00000000
v 17.22777939 20.50396919 392.00000000
v 20.46898079 17.12715912 392.00000000
v 17.09394073 20.45639992 392.00000000
v 20.41596985 16.99538040 392.00000000
v 16.96290016 20.40159988 392.00000000
v 16.57831955 23.05904007 392.00000000
v 20.35585022 16.86669922 392.00000000
v 16.83506012 20.33971977 392.00000000
v 20.28878021 16.74148941 392.00000000
v 16.71076965 20.27095985 392.00000000
v 20.21499062 16.62013054 392.00000000
v 23.46517944 15.99829006 392.00000000
v 16.59042931 20.19551086 392.00000000
v 20.13467026 16.50297928 392.00000000
v 16.47439003 20.11359978 392.00000000
v 20.04807091 16.39039040 392.00000000
v 16.36300087 20.02547073 392.00000000
v 19.95545959 16.28269958 392.00000000
v 16.25658035 19.93140030 392.00000000
v 15.40830994 23.85674095 392.00000000
v 19.85709953 16.18022919 392.00000000
v 16.15546989 19.83164978 392.00000000
v 19.75329971 16.08329010 392.00000000
v 24.23345947 14.80875969 392.00000000
v 16.05994034 19.72653008 392.00000000
v 19.64435005 15.99215031 392.00000000
v 15.97031021 19.61635017 392.00000000
v 19.53059006 15.90709972 392.00000000
v 15.88681984 19.50144005 392.00000000
v 14.19999981 24.59511948 392.00000000
v 19.41235924 15.82839012 392.00000000
v 15.80972958 19.38213921 392.00000000
v 19.29000092 15.75625992 392.00000000
v 24.94149017 13.58240986 392.00000000
v 15.73927021 19.25881004 392.00000000
v 19.16389084 15.69091034 392.00000000
v 15.67566013 19.13182068 392.00000000
v 19.03440094 15.63255024 392.00000000
v 15.61907005 19.00153923 392.00000000
v 12.95637989 25.27235985 392.00000000
v 18.90191078 15.58133984 392.00000000
v 25.58752060 12.32229996 392.00000000
v 15.56968021 18.86837006 392.00000000
v 18.76683044 15.53744984 392.00000000
v 15.52764034 18.73270035 392.00000000
v 11.68054962 25.88677025 392.00000000
v 18.62953949 15.50100040 392.00000000
v 15.49306965 18.59493065 392.00000000
v 14.33835030 14.43826962 392.00000000
v 16.05994034 16.33592033 392.00000000
v 16.15546989 16.23080063 392.00000000
v 14.43826962 14.33835030 392.00000000
v 16.25658035 16.13105011 392.00000000
v 16.36300087 16.03697014 392.00000000
v 14.22854042 14.52719975 392.00000000
v 15.97031021 16.44610023 392.00000000
v 14.52719975 14.22854042 392.00000000
v 16.47439003 15.94884968 392.00000000
v 14.11003017 14.60416031 392.00000000
v 15.88681984 16.56101036 392.00000000
v 15.80972958 16.68030930 392.00000000
v 14.60416031 14.11003017 392.00000000
v 16.59042931 15.86693954 392.00000000
v 13.98412037 14.66831017 392.00000000
v 15.73927021 16.80364037 392.00000000
v 14.66831017 13.98412037 392.00000000
v 16.71076965 15.79148960 392.00000000
v 16.83506012 15.72272015 392.00000000
v 13.85219955 14.71895027 392.00000000
v 15.67566013 16.93062973 392.00000000
v 14.71895027 13.85219955 392.00000000
v 16.96290016 15.66084003 392.00000000
v 13.71570969 14.75553036 392.00000000
v 15.61907005 17.06090927 392.00000000
v 15.56968021 17.19408035 392.00000000
v 14.75553036 13.71570969 392.00000000
v 17.09394073 15.60604000 392.00000000
v 13.57614040 14.77762985 392.00000000
v 15.52764034 17.32975006 392.00000000
v 14.77762985 13.57614040 392.00000000
v 17.22777939 15.55848026 392.00000000
v 17.36400986 15.51828957 392.00000000
v 13.43502998 14.78503036 392.00000000
v 15.49306965 17.46751976 392.00000000
v 14.78503036 13.43502998 392.00000000
v 17.50223923 15.48560047 392.00000000
v 13.29391956 14.77762985 392.00000000
v 15.46607018 17.60696030 392.00000000
v 15.44672966 17.74768066 392.00000000
v 14.77762985 13.29391956 392.00000000
v 17.64204025 15.46051025 392.00000000
v 17.78301048 15.44309998 392.00000000
v 13.15435028 14.75553036 392.00000000
v 15.43509960 17.88924026 392.00000000
v 14.75553036 13.15435028 392.00000000
v 17.92470932 15.43340015 392.00000000
v 13.01786041 14.71895027 392.00000000
v 15.43509960 18.17321014 392.00000000
v 15.43122005 18.03121948 392.00000000
v 14.71895027 13.01786041 392.00000000
v 18.06674004 15.43146038 392.00000000
v 18.20865059 15.43727970 392.00000000
v 12.88593006 14.66831017 392.00000000
v 15.44672966 18.31476974 392.00000000
v 14.66831017 12.88593006 392.00000000
v 18.35004044 15.45084000 392.00000000
v 12.76002979 14.60416031 392.00000000
v 15.46607018 18.45548058 392.00000000
v 14.60416031 12.76002979 392.00000000
v 18.49048042 15.47210026 392.00000000
v 12.64151955 14.52719975 392.00000000
v 10.37567997 26.43681908 392.00000000
v 14.52719975 12.64151955 392.00000000
v 26.16991997 11.03155041 392.00000000
v 12.53170013 14.43826962 392.00000000
v 14.43826962 12.53170013 392.00000000
v 26.68726921 9.71337318 392.00000000
v 12.43177986 14.33835030 392.00000000
v 9.04502201 26.92114067 392.00000000
v 14.33835030 12.43177986 392.00000000
v 27.13826942 8.37104702 392.00000000
v 12.34286022 14.22854042 392.00000000
v 7.69186878 27.33852959 392.00000000
v 14.22854042 12.34286022 392.00000000
v 27.52179909 7.00790977 392.00000000
v 12.26589012 14.11003017 392.00000000
v 4.93160820 27.96854019 392.00000000
v 6.31959391 27.68795013 392.00000000
v 14.11003017 12.26589012 392.00000000
v 27.83690071 5.62734985 392.00000000
v 12.20174026 13.98412037 392.00000000
v 3.53136110 28.17959023 392.00000000
v 13.98412037 12.20174026 392.00000000
v 28.08279991 4.23280001 392.00000000
v 12.15110016 13.85219955 392.00000000
v 2.12233496 28.32058907 392.00000000
v 13.85219955 12.15110016 392.00000000
v 28.25888062 2.82772708 392.00000000
v 28.36470032 1.41562295 392.00000000
v 12.11452961 13.71570969 392.00000000
v -0.70803171 28.39117050 392.00000000
v 0.70803171 28.39117050 392.00000000
v 13.71570969 12.11452961 392.00000000
v 28.39999962 0.00000000 392.00000000
v 19.95545959 -16.28269958 392.00000000
v 19.85709953 -16.18022919 392.00000000
v 23.46517944 -15.99829006 392.00000000
v -16.10699081 19.77973938 392.00000000
v -16.20533943 19.88220978 392.00000000
v -15.40830994 23.85674095 392.00000000
v 19.75329971 -16.08329010 392.00000000
v 24.23345947 -14.80875969 392.00000000
v -16.30915070 19.97916031 392.00000000
v -16.57831955 23.05904007 392.00000000
v 20.04807091 -16.39039040 392.00000000
v -16.01436996 19.67205048 392.00000000
v 19.64435005 -15.99215031 392.00000000
v -16.41810036 20.07029915 392.00000000
v 20.13467026 -16.50297928 392.00000000
v -15.92778015 19.55946922 392.00000000
v 19.53059006 -15.90709972 392.00000000
v -16.53186035 20.15534019 392.00000000
v 20.21499062 -16.62013054 392.00000000
v 22.63855934 -17.14805031 392.00000000
v -15.84745979 19.44231987 392.00000000
v -14.19999981 24.59511948 392.00000000
v 19.41235924 -15.82839012 392.00000000
v -16.65008926 20.23406029 392.00000000
v 20.28878021 -16.74148941 392.00000000
v -15.77365971 19.32095909 392.00000000
v 19.29000092 -15.75625992 392.00000000
v 24.94149017 -13.58240986 392.00000000
v -16.77243996 20.30619049 392.00000000
v 20.35585022 -16.86669922 392.00000000
v -15.70660019 19.19574928 392.00000000
v 19.16389084 -15.69091034 392.00000000
v -16.89855957 20.37154007 392.00000000
v 20.41596985 -16.99538040 392.00000000
v -15.64647007 19.06707001 392.00000000
v -12.95637989 25.27235985 392.00000000
v 19.03440094 -15.63255024 392.00000000
v -17.02804947 20.42989922 392.00000000
v -17.70710945 22.20401001 392.00000000
v 20.46898079 -17.12715912 392.00000000
v -15.59346962 18.93528938 392.00000000
v 18.90191078 -15.58133984 392.00000000
v 25.58752060 -12.32229996 392.00000000
v -17.16053963 20.48110008 392.00000000
v 20.51470947 -17.26162910 392.00000000
v -15.54773045 18.80081940 392.00000000
v 18.76683044 -15.53744984 392.00000000
v -17.29561996 20.52499008 392.00000000
v 20.55303001 -17.39839935 392.00000000
v 21.75565910 -18.25517082 392.00000000
v -15.50940990 18.66404915 392.00000000
v -11.68054962 25.88677025 392.00000000
v 18.62953949 -15.50100040 392.00000000
v -17.43289948 20.56143951 392.00000000
v 20.58382988 -17.53705978 392.00000000
v -15.47861958 18.52539062 392.00000000
v -17.57196999 20.59033966 392.00000000
v 20.60700989 -17.67719078 392.00000000
v -17.71240044 20.61160088 392.00000000
v 20.62249947 -17.81838036 392.00000000
v -17.85379028 20.62516022 392.00000000
v 20.63025093 -17.96021080 392.00000000
v -17.99571037 20.63097954 392.00000000
v 20.63025093 -18.10223961 392.00000000
v -18.79187965 21.29379082 392.00000000
v -18.13772964 20.62903976 392.00000000
v 20.62249947 -18.24407005 392.00000000
v -18.27943993 20.61935043 392.00000000
v 20.60700989 -18.38525963 392.00000000
v -18.42041016 20.60193062 392.00000000
v 20.58382988 -18.52539062 392.00000000
v -18.56020927 20.57683945 392.00000000
v -12.43177986 14.33835030 392.00000000
v -12.53170013 14.43826962 392.00000000
v -10.37567997 26.43681908 392.00000000
v -9.04502201 26.92114067 392.00000000
v 14.43826962 -12.53170013 392.00000000
v 26.68726921 -9.71337318 392.00000000
v 26.16991997 -11.03155041 392.00000000
v 14.33835030 -12.43177986 392.00000000
v 27.13826942 -8.37104702 392.00000000
v 20.55303001 -18.66404915 392.00000000
v -12.64151955 14.52719975 392.00000000
v -12.34286022 14.22854042 392.00000000
v -7.69186878 27.33852959 392.00000000
v 14.52719975 -12.64151955 392.00000000
v 14.22854042 -12.34286022 392.00000000
v 27.52179909 -7.00790977 392.00000000
v -18.69842911 20.54416084 392.00000000
v -12.76002979 14.60416031 392.00000000
v -15.45543957 18.38525963 392.00000000
v -12.26589012 14.11003017 392.00000000
v -6.31959391 27.68795013 392.00000000
v -4.93160820 27.96854019 392.00000000
v 14.11003017 -12.26589012 392.00000000
v 27.83690071 -5.62734985 392.00000000
v 14.60416031 -12.76002979 392.00000000
v 18.49048042 -15.47210026 392.00000000
v 18.35004044 -15.45084000 392.00000000
v -12.88593006 14.66831017 392.00000000
v -15.43994999 18.24407005 392.00000000
v -15.43218994 18.10223961 392.00000000
v -12.20174026 13.98412037 392.00000000
v -3.53136110 28.17959023 392.00000000
v 14.66831017 -12.88593006 392.00000000
v 18.20865059 -15.43727970 392.00000000
v 13.98412037 -12.20174026 392.00000000
v 28.08279991 -4.23280001 392.00000000
v -13.01786041 14.71895027 392.00000000
v -15.43218994 17.96021080 392.00000000
v -12.15110016 13.85219955 392.00000000
v -2.12233496 28.32058907 392.00000000
v 13.85219955 -12.15110016 392.00000000
v 28.36470032 -1.41562295 392.00000000
v 28.25888062 -2.82772708 392.00000000
v 14.71895027 -13.01786041 392.00000000
v 18.06674004 -15.43146038 392.00000000
v 17.92470932 -15.43340015 392.00000000
v -18.83466911 20.50396919 392.00000000
v -13.15435028 14.75553036 392.00000000
v -15.43994999 17.81838036 392.00000000
v -15.45543957 17.67719078 392.00000000
v -12.11452961 13.71570969 392.00000000
v 12.09243011 13.57614040 392.00000000
v 13.71570969 -12.11452961 392.00000000
v 13.57614040 12.09243011 392.00000000
v 14.75553036 -13.15435028 392.00000000
v 17.78301048 -15.44309998 392.00000000
v 20.81867027 -19.31690979 392.00000000
v 20.51470947 -18.80081940 392.00000000
v 20.46898079 -18.93528938 392.00000000
v -18.96850014 20.45639992 392.00000000
v -13.29391956 14.77762985 392.00000000
v -15.47861958 17.53705978 392.00000000
v -12.09243011 13.57614040 392.00000000
v 12.08502960 13.43502998 392.00000000
v 13.57614040 -12.09243011 392.00000000
v 14.77762985 -13.29391956 392.00000000
v 17.64204025 -15.46051025 392.00000000
v 17.50223923 -15.48560047 392.00000000
v -13.43502998 14.78503036 392.00000000
v -15.50940990 17.39839935 392.00000000
v -15.54773045 17.26162910 392.00000000
v -12.08502960 13.43502998 392.00000000
v 13.43502998 -12.08502960 392.00000000
v 13.29391956 12.09243011 392.00000000
v 13.43502998 12.08502960 392.00000000
v 14.78503036 -13.43502998 392.00000000
v 17.36400986 -15.51828957 392.00000000
v 20.41596985 -19.06707001 392.00000000
v -19.09954071 20.40159988 392.00000000
v -13.57614040 14.77762985 392.00000000
v -15.59346962 17.12715912 392.00000000
v -12.09243011 13.29391956 392.00000000
v 12.09243011 13.29391956 392.00000000
v 13.29391956 -12.09243011 392.00000000
v 14.77762985 -13.57614040 392.00000000
v 17.22777939 -15.55848026 392.00000000
v 17.09394073 -15.60604000 392.00000000
v 20.35585022 -19.19574928 392.00000000
v -19.22739029 20.33971977 392.00000000
v -13.71570969 14.75553036 392.00000000
v -15.64647007 16.99538040 392.00000000
v -12.11452961 13.15435028 392.00000000
v 12.11452961 13.15435028 392.00000000
v 12.15110016 13.01786041 392.00000000
v 13.15435028 -12.11452961 392.00000000
v 13.01786041 12.15110016 392.00000000
v 13.15435028 12.11452961 392.00000000
v 14.75553036 -13.71570969 392.00000000
v 16.96290016 -15.66084003 392.00000000
v 20.28878021 -19.32095909 392.00000000
v -13.85219955 14.71895027 392.00000000
v -15.70660019 16.86669922 392.00000000
v -15.77365971 16.74148941 392.00000000
v -12.15110016 13.01786041 392.00000000
v 13.01786041 -12.15110016 392.00000000
v 14.71895027 -13.85219955 392.00000000
v 16.83506012 -15.72272015 392.00000000
v 20.21499062 -19.44231987 392.00000000
v -13.98412037 14.66831017 392.00000000
v -15.84745979 16.62013054 392.00000000
v -12.20174026 12.88593006 392.00000000
v 12.20174026 12.88593006 392.00000000
v 12.26589012 12.76002979 392.00000000
v 12.88593006 -12.20174026 392.00000000
v 12.88593006 12.20174026 392.00000000
v 14.66831017 -13.98412037 392.00000000
v 16.71076965 -15.79148960 392.00000000
v 16.59042931 -15.86693954 392.00000000
v 20.13467026 -19.55946922 392.00000000
v -19.82992935 20.33061981 392.00000000
v -19.47200966 20.19551086 392.00000000
v -19.58805084 20.11359978 392.00000000
v -19.35166931 20.27095985 392.00000000
v -14.11003017 14.60416031 392.00000000
v -15.92778015 16.50297928 392.00000000
v -12.26589012 12.76002979 392.00000000
v 12.76002979 -12.26589012 392.00000000
v 12.76002979 12.26589012 392.00000000
v 14.60416031 -14.11003017 392.00000000
v 16.47439003 -15.94884968 392.00000000
v 20.04807091 -19.67205048 392.00000000
v -19.69944954 20.02547073 392.00000000
v -14.22854042 14.52719975 392.00000000
v -16.01436996 16.39039040 392.00000000
v -12.34286022 12.64151955 392.00000000
v 12.34286022 12.64151955 392.00000000
v 12.43177986 12.53170013 392.00000000
v 12.64151955 -12.34286022 392.00000000
v 12.64151955 12.34286022 392.00000000
v 14.52719975 -14.22854042 392.00000000
v 16.36300087 -16.03697014 392.00000000
v -16.10699081 16.28269958 392.00000000
v -19.80586052 19.93140030 392.00000000
v -14.33835030 14.43826962 392.00000000
v -12.43177986 12.53170013 392.00000000
v 12.53170013 -12.43177986 392.00000000
v 12.53170013 12.43177986 392.00000000
v 14.43826962 -14.33835030 392.00000000
v 16.25658035 -16.13105011 392.00000000
v -16.20533943 16.18022919 392.00000000
v 16.15546989 -16.23080063 392.00000000
v -19.90698051 19.83164978 392.00000000
v -14.43826962 14.33835030 392.00000000
v -12.53170013 12.43177986 392.00000000
v 14.33835030 -14.43826962 392.00000000
v -16.30915070 16.08329010 392.00000000
v 16.05994034 -16.33592033 392.00000000
v -20.00250053 19.72653008 392.00000000
v -14.52719975 14.22854042 392.00000000
v 14.22854042 -14.52719975 392.00000000
v -16.41810036 15.99215031 392.00000000
v 15.97031021 -16.44610023 392.00000000
v -14.60416031 14.11003017 392.00000000
v 14.11003017 -14.60416031 392.00000000
v 19.82992935 -20.33061981 392.00000000
v 19.95545959 -19.77973938 392.00000000
v 19.85709953 -19.88220978 392.00000000
v 19.75329971 -19.97916031 392.00000000
v 19.64435005 -20.07029915 392.00000000
v 19.53059006 -20.15534019 392.00000000
v -16.53186035 15.90709972 392.00000000
v 15.88681984 -16.56101036 392.00000000
v 19.41235924 -20.23406029 392.00000000
v -16.65008926 15.82839012 392.00000000
v -14.66831017 13.98412037 392.00000000
v 15.80972958 -16.68030930 392.00000000
v 13.98412037 -14.66831017 392.00000000
v 19.29000092 -20.30619049 392.00000000
v -16.77243996 15.75625992 392.00000000
v -14.71895027 13.85219955 392.00000000
v 15.73927021 -16.80364037 392.00000000
v 13.85219955 -14.71895027 392.00000000
v 19.16389084 -20.37154007 392.00000000
v -16.89855957 15.69091034 392.00000000
v -14.75553036 13.71570969 392.00000000
v 15.67566013 -16.93062973 392.00000000
v 13.71570969 -14.75553036 392.00000000
v -17.02804947 15.63255024 392.00000000
v 15.61907005 -17.06090927 392.00000000
v -20.81867027 19.31690979 392.00000000
v -20.38678932 19.13182068 392.00000000
v -20.44338036 19.00153923 392.00000000
v -20.32316971 19.25881004 392.00000000
v -20.25271034 19.38213921 392.00000000
v -20.17563057 19.50144005 392.00000000
v -20.09214020 19.61635017 392.00000000
v -17.16053963 15.58133984 392.00000000
v -14.77762985 13.57614040 392.00000000
v 15.56968021 -17.19408035 392.00000000
v 13.57614040 -14.77762985 392.00000000
v -20.49276924 18.86837006 392.00000000
v -17.29561996 15.53744984 392.00000000
v -14.78503036 13.43502998 392.00000000
v 15.52764034 -17.32975006 392.00000000
v 13.43502998 -14.78503036 392.00000000
v -20.53480911 18.73270035 392.00000000
v -17.43289948 15.50100040 392.00000000
v 15.49306965 -17.46751976 392.00000000
v 13.29391956 -14.77762985 392.00000000
v -20.56937981 18.59493065 392.00000000
v -17.57196999 15.47210026 392.00000000
v -14.77762985 13.29391956 392.00000000
v 15.46607018 -17.60696030 392.00000000
v -17.71240044 15.45084000 392.00000000
v -14.75553036 13.15435028 392.00000000
v 15.44672966 -17.74768066 392.00000000
v 13.15435028 -14.75553036 392.00000000
v -17.85379028 15.43727970 392.00000000
v 15.43509960 -17.88924026 392.00000000
v 13.01786041 -14.71895027 392.00000000
v 18.79187965 -21.29379082 392.00000000
v 19.03440094 -20.42989922 392.00000000
v 18.90191078 -20.48110008 392.00000000
v 18.76683044 -20.52499008 392.00000000
v 18.62953949 -20.56143951 392.00000000
v 18.49048042 -20.59033966 392.00000000
v 18.35004044 -20.61160088 392.00000000
v 18.20865059 -20.62516022 392.00000000
v 18.06674004 -20.63097954 392.00000000
v -17.99571037 15.43146038 392.00000000
v -14.71895027 13.01786041 392.00000000
v 15.43122005 -18.03121948 392.00000000
v -18.13772964 15.43340015 392.00000000
v -14.66831017 12.88593006 392.00000000
v 15.43509960 -18.17321014 392.00000000
v 12.88593006 -14.66831017 392.00000000
v -18.27943993 15.44309998 392.00000000
v 15.44672966 -18.31476974 392.00000000
v 12.76002979 -14.60416031 392.00000000
v -18.42041016 15.46051025 392.00000000
v -14.60416031 12.76002979 392.00000000
v 15.46607018 -18.45548058 392.00000000
v -18.56020927 15.48560047 392.00000000
v 15.49306965 -18.59493065 392.00000000
v -21.75565910 18.25517082 392.00000000
v -20.62734032 18.17321014 392.00000000
v -20.63121986 18.03121948 392.00000000
v -20.61572075 18.31476974 392.00000000
v -20.59638023 18.45548058 392.00000000
v -20.59638023 17.60696030 392.00000000
v -20.56937981 17.46751976 392.00000000
v -20.61572075 17.74768066 392.00000000
v -20.62734032 17.88924026 392.00000000
v 17.70710945 -22.20401001 392.00000000
v 17.92470932 -20.62903976 392.00000000
v 17.78301048 -20.61935043 392.00000000
v 17.64204025 -20.60193062 392.00000000
v 17.50223923 -20.57683945 392.00000000
v 17.36400986 -20.54416084 392.00000000
v 17.22777939 -20.50396919 392.00000000
v 17.09394073 -20.45639992 392.00000000
v 16.96290016 -20.40159988 392.00000000
v -22.63855934 17.14805031 392.00000000
v -20.25271034 16.68030930 392.00000000
v -20.17563057 16.56101036 392.00000000
v -20.32316971 16.80364037 392.00000000
v -20.38678932 16.93062973 392.00000000
v -20.44338036 17.06090927 392.00000000
v -20.49276924 17.19408035 392.00000000
v -20.53480911 17.32975006 392.00000000
v 16.57831955 -23.05904007 392.00000000
v 16.83506012 -20.33971977 392.00000000
v 16.71076965 -20.27095985 392.00000000
v 16.59042931 -20.19551086 392.00000000
v 16.47439003 -20.11359978 392.00000000
v 16.36300087 -20.02547073 392.00000000
v 16.25658035 -19.93140030 392.00000000
v -23.46517944 15.99829006 392.00000000
v -19.80586052 16.13105011 392.00000000
v -19.69944954 16.03697014 392.00000000
v -19.90698051 16.23080063 392.00000000
v -20.00250053 16.33592033 392.00000000
v -20.09214020 16.44610023 392.00000000
v 15.40830994 -23.85674095 392.00000000
v 16.15546989 -19.83164978 392.00000000
v 16.05994034 -19.72653008 392.00000000
v 15.97031021 -19.61635017 392.00000000
v 15.88681984 -19.50144005 392.00000000
v -24.23345947 14.80875969 392.00000000
v -19.35166931 15.79148960 392.00000000
v -19.22739029 15.72272015 392.00000000
v -19.47200966 15.86693954 392.00000000
v -19.58805084 15.94884968 392.00000000
v 14.19999981 -24.59511948 392.00000000
v 15.80972958 -19.38213921 392.00000000
v 15.73927021 -19.25881004 392.00000000
v 15.67566013 -19.13182068 392.00000000
v 15.61907005 -19.00153923 392.00000000
v -24.94149017 13.58240986 392.00000000
v -18.96850014 15.60604000 392.00000000
v -18.83466911 15.55848026 392.00000000
v -19.09954071 15.66084003 392.00000000
v 12.95637989 -25.27235985 392.00000000
v 15.56968021 -18.86837006 392.00000000
v 15.52764034 -18.73270035 392.00000000
v -25.58752060 12.32229996 392.00000000
v -14.52719975 12.64151955 392.00000000
v -18.69842911 15.51828957 392.00000000
v 11.68054962 -25.88677025 392.00000000
v 12.64151955 -14.52719975 392.00000000
v -26.16991997 11.03155041 392.00000000
v -14.43826962 12.53170013 392.00000000
v 10.37567997 -26.43681908 392.00000000
v 12.43177986 -14.33835030 392.00000000
v 12.53170013 -14.43826962 392.00000000
v -26.68726921 9.71337318 392.00000000
v -14.33835030 12.43177986 392.00000000
v 9.04502201 -26.92114067 392.00000000
v 12.34286022 -14.22854042 392.00000000
v -27.13826942 8.37104702 392.00000000
v -14.22854042 12.34286022 392.00000000
v 7.69186878 -27.33852959 392.00000000
v 12.26589012 -14.11003017 392.00000000
v -27.52179909 7.00790977 392.00000000
v -14.11003017 12.26589012 392.00000000
v 6.31959391 -27.68795013 392.00000000
v -27.83690071 5.62734985 392.00000000
v -13.98412037 12.20174026 392.00000000
v 4.93160820 -27.96854019 392.00000000
v 12.20174026 -13.98412037 392.00000000
v -28.08279991 4.23280001 392.00000000
v -13.85219955 12.15110016 392.00000000
v 3.53136110 -28.17959023 392.00000000
v 12.15110016 -13.85219955 392.00000000
v -12.43177986 -12.53170013 392.00000000
v 12.43177986 -12.53170013 392.00000000
v -12.53170013 -12.43177986 392.00000000
v -12.64151955 12.34286022 392.00000000
v -12.64151955 -12.34286022 392.00000000
v -12.34286022 -12.64151955 392.00000000
v 12.34286022 -12.64151955 392.00000000
v -12.76002979 -12.26589012 392.00000000
v -12.88593006 12.20174026 392.00000000
v -12.76002979 12.26589012 392.00000000
v -12.26589012 -12.76002979 392.00000000
v 12.26589012 -12.76002979 392.00000000
v -12.88593006 -12.20174026 392.00000000
v -12.20174026 -12.88593006 392.00000000
v 12.20174026 -12.88593006 392.00000000
v -13.01786041 -12.15110016 392.00000000
v -13.01786041 12.15110016 392.00000000
v -12.15110016 -13.01786041 392.00000000
v 12.15110016 -13.01786041 392.00000000
v -13.15435028 -12.11452961 392.00000000
v -13.15435028 12.11452961 392.00000000
v -12.11452961 -13.15435028 392.00000000
v 12.11452961 -13.15435028 392.00000000
v -13.29391956 -12.09243011 392.00000000
v -13.29391956 12.09243011 392.00000000
v -12.09243011 -13.29391956 392.00000000
v 12.09243011 -13.29391956 392.00000000
v -28.25888062 2.82772708 392.00000000
v -13.43502998 -12.08502960 392.00000000
v -13.43502998 12.08502960 392.00000000
v -12.08502960 -13.43502998 392.00000000
v 12.08502960 -13.43502998 392.00000000
v 12.09243011 -13.57614040 392.00000000
v -13.57614040 -12.09243011 392.00000000
v -13.57614040 12.09243011 392.00000000
v -12.09243011 -13.57614040 392.00000000
v -13.71570969 -12.11452961 392.00000000
v -13.71570969 12.11452961 392.00000000
v -12.11452961 -13.71570969 392.00000000
v 12.11452961 -13.71570969 392.00000000
v 2.12233496 -28.32058907 392.00000000
v -28.36470032 1.41562295 392.00000000
v 0.70803171 -28.39117050 392.00000000
v -28.39999962 0.00000000 392.00000000
v -0.70803171 -28.39117050 392.00000000
v -28.36470032 -1.41562295 392.00000000
v -13.85219955 -12.15110016 392.00000000
v -2.12233496 -28.32058907 392.00000000
v -12.15110016 -13.85219955 392.00000000
v -28.25888062 -2.82772708 392.00000000
v -3.53136110 -28.17959023 392.00000000
v -12.20174026 -13.98412037 392.00000000
v -28.08279991 -4.23280001 392.00000000
v -13.98412037 -12.20174026 392.00000000
v -16.20533943 -16.18022919 392.00000000
v -14.43826962 -14.33835030 392.00000000
v -14.33835030 -14.43826962 392.00000000
v -16.10699081 -16.28269958 392.00000000
v -14.22854042 -14.52719975 392.00000000
v -16.30915070 -16.08329010 392.00000000
v -14.52719975 -14.22854042 392.00000000
v -16.01436996 -16.39039040 392.00000000
v -16.41810036 -15.99215031 392.00000000
v -14.60416031 -14.11003017 392.00000000
v -15.92778015 -16.50297928 392.00000000
v -14.11003017 -14.60416031 392.00000000
v -16.53186035 -15.90709972 392.00000000
v -15.84745979 -16.62013054 392.00000000
v -13.98412037 -14.66831017 392.00000000
v -16.65008926 -15.82839012 392.00000000
v -14.66831017 -13.98412037 392.00000000
v -15.77365971 -16.74148941 392.00000000
v -13.85219955 -14.71895027 392.00000000
v -16.77243996 -15.75625992 392.00000000
v -14.71895027 -13.85219955 392.00000000
v -15.70660019 -16.86669922 392.00000000
v -16.89855957 -15.69091034 392.00000000
v -14.75553036 -13.71570969 392.00000000
v -15.64647007 -16.99538040 392.00000000
v -13.71570969 -14.75553036 392.00000000
v -17.02804947 -15.63255024 392.00000000
v -15.59346962 -17.12715912 392.00000000
v -13.57614040 -14.77762985 392.00000000
v -17.16053963 -15.58133984 392.00000000
v -14.77762985 -13.57614040 392.00000000
v -15.54773045 -17.26162910 392.00000000
v -13.43502998 -14.78503036 392.00000000
v -17.29561996 -15.53744984 392.00000000
v -14.78503036 -13.43502998 392.00000000
v -4.93160820 -27.96854019 392.00000000
v -12.26589012 -14.11003017 392.00000000
v -15.50940990 -17.39839935 392.00000000
v -17.43289948 -15.50100040 392.00000000
v -15.47861958 -17.53705978 392.00000000
v -13.29391956 -14.77762985 392.00000000
v -17.57196999 -15.47210026 392.00000000
v -14.77762985 -13.29391956 392.00000000
v -15.45543957 -17.67719078 392.00000000
v -13.15435028 -14.75553036 392.00000000
v -17.71240044 -15.45084000 392.00000000
v -14.75553036 -13.15435028 392.00000000
v -15.43994999 -17.81838036 392.00000000
v -17.85379028 -15.43727970 392.00000000
v -15.43218994 -17.96021080 392.00000000
v -13.01786041 -14.71895027 392.00000000
v -17.99571037 -15.43146038 392.00000000
v -14.71895027 -13.01786041 392.00000000
v -27.83690071 -5.62734985 392.00000000
v -14.11003017 -12.26589012 392.00000000
v -15.43218994 -18.10223961 392.00000000
v -12.88593006 -14.66831017 392.00000000
v -18.13772964 -15.43340015 392.00000000
v -14.66831017 -12.88593006 392.00000000
v -15.43994999 -18.24407005 392.00000000
v -18.27943993 -15.44309998 392.00000000
v -15.45543957 -18.38525963 392.00000000
v -12.76002979 -14.60416031 392.00000000
v -18.42041016 -15.46051025 392.00000000
v -14.60416031 -12.76002979 392.00000000
v -15.47861958 -18.52539062 392.00000000
v -6.31959391 -27.68795013 392.00000000
v -18.56020927 -15.48560047 392.00000000
v -27.52179909 -7.00790977 392.00000000
v -14.22854042 -12.34286022 392.00000000
v -7.69186878 -27.33852959 392.00000000
v -12.34286022 -14.22854042 392.00000000
v -27.13826942 -8.37104702 392.00000000
v -14.33835030 -12.43177986 392.00000000
v -9.04502201 -26.92114067 392.00000000
v -12.43177986 -14.33835030 392.00000000
v -26.68726921 -9.71337318 392.00000000
v -14.43826962 -12.53170013 392.00000000
v -10.37567997 -26.43681908 392.00000000
v -12.64151955 -14.52719975 392.00000000
v -12.53170013 -14.43826962 392.00000000
v -26.16991997 -11.03155041 392.00000000
v -14.52719975 -12.64151955 392.00000000
v -11.68054962 -25.88677025 392.00000000
v -15.50940990 -18.66404915 392.00000000
v -25.58752060 -12.32229996 392.00000000
v -18.69842911 -15.51828957 392.00000000
v -18.83466911 -15.55848026 392.00000000
v -12.95637989 -25.27235985 392.00000000
v -15.54773045 -18.80081940 392.00000000
v -15.59346962 -18.93528938 392.00000000
v -15.64647007 -19.06707001 392.00000000
v -24.94149017 -13.58240986 392.00000000
v -19.09954071 -15.66084003 392.00000000
v -19.22739029 -15.72272015 392.00000000
v -18.96850014 -15.60604000 392.00000000
v -14.19999981 -24.59511948 392.00000000
v -15.70660019 -19.19574928 392.00000000
v -15.77365971 -19.32095909 392.00000000
v -15.84745979 -19.44231987 392.00000000
v -24.23345947 -14.80875969 392.00000000
v -19.58805084 -15.94884968 392.00000000
v -19.69944954 -16.03697014 392.00000000
v -19.47200966 -15.86693954 392.00000000
v -19.35166931 -15.79148960 392.00000000
v -15.40830994 -23.85674095 392.00000000
v -15.92778015 -19.55946922 392.00000000
v -16.01436996 -19.67205048 392.00000000
v -16.10699081 -19.77973938 392.00000000
v -16.20533943 -19.88220978 392.00000000
v -16.30915070 -19.97916031 392.00000000
v -23.46517944 -15.99829006 392.00000000
v -20.09214020 -16.44610023 392.00000000
v -20.17563057 -16.56101036 392.00000000
v -20.00250053 -16.33592033 392.00000000
v -19.90698051 -16.23080063 392.00000000
v -19.80586052 -16.13105011 392.00000000
v -16.57831955 -23.05904007 392.00000000
v -16.65008926 -20.23406029 392.00000000
v -16.53186035 -20.15534019 392.00000000
v -16.77243996 -20.30619049 392.00000000
v -16.89855957 -20.37154007 392.00000000
v -17.02804947 -20.42989922 392.00000000
v -16.41810036 -20.07029915 392.00000000
v -22.63855934 -17.14805031 392.00000000
v -20.53480911 -17.32975006 392.00000000
v -20.56937981 -17.46751976 392.00000000
v -20.49276924 -17.19408035 392.00000000
v -20.44338036 -17.06090927 392.00000000
v -20.38678932 -16.93062973 392.00000000
v -20.32316971 -16.80364037 392.00000000
v -20.25271034 -16.68030930 392.00000000
v -17.70710945 -22.20401001 392.00000000
v -17.16053963 -20.48110008 392.00000000
v -17.29561996 -20.52499008 392.00000000
v -17.43289948 -20.56143951 392.00000000
v -17.57196999 -20.59033966 392.00000000
v -17.71240044 -20.61160088 392.00000000
v -17.85379028 -20.62516022 392.00000000
v -17.99571037 -20.63097954 392.00000000
v -21.75565910 -18.25517082 392.00000000
v -20.62734032 -17.88924026 392.00000000
v -20.63121986 -18.03121948 392.00000000
v -20.61572075 -17.74768066 392.00000000
v -20.59638023 -17.60696030 392.00000000
v -20.59638023 -18.45548058 392.00000000
v -20.56937981 -18.59493065 392.00000000
v -20.61572075 -18.31476974 392.00000000
v -20.62734032 -18.17321014 392.00000000
v -18.79187965 -21.29379082 392.00000000
v -18.13772964 -20.62903976 392.00000000
v -18.27943993 -20.61935043 392.00000000
v -18.42041016 -20.60193062 392.00000000
v -18.56020927 -20.57683945 392.00000000
v -18.69842911 -20.54416084 392.00000000
v -18.83466911 -20.50396919 392.00000000
v -18.96850014 -20.45639992 392.00000000
v -19.09954071 -20.40159988 392.00000000
v -19.22739029 -20.33971977 392.00000000
v -20.81867027 -19.31690979 392.00000000
v -20.09214020 -19.61635017 392.00000000
v -20.00250053 -19.72653008 392.00000000
v -20.17563057 -19.50144005 392.00000000
v -20.25271034 -19.38213921 392.00000000
v -20.32316971 -19.25881004 392.00000000
v -20.38678932 -19.13182068 392.00000000
v -20.44338036 -19.00153923 392.00000000
v -20.49276924 -18.86837006 392.00000000
v -20.53480911 -18.73270035 392.00000000
v -19.82992935 -20.33061981 392.00000000
v -19.35166931 -20.27095985 392.00000000
v -19.47200966 -20.19551086 392.00000000
v -19.58805084 -20.11359978 392.00000000
v -19.69944954 -20.02547073 392.00000000
v -19.80586052 -19.93140030 392.00000000
v -19.90698051 -19.83164978 392.00000000
v -14.78503036 -13.43502998 392.00000000
v -14.77762985 -13.29391956 392.00000000
v -14.68502998 -13.43502998 392.10000610
v -14.68502998 -13.43502998 392.10000610
v -14.77762985 -13.29391956 392.00000000
v -14.67716980 -13.29506969 392.10000610
v -14.77762985 -13.29391956 392.00000000
v -14.75553036 -13.15435028 392.00000000
v -14.67716980 -13.29506969 392.10000610
v -14.67716980 -13.29506969 392.10000610
v -14.75553036 -13.15435028 392.00000000
v -14.65369034 -13.15688038 392.10000610
v -14.75553036 -13.15435028 392.00000000
v -14.71895027 -13.01786041 392.00000000
v -14.65369034 -13.15688038 392.10000610
v -14.65369034 -13.15688038 392.10000610
v -14.71895027 -13.01786041 392.00000000
v -14.61487961 -13.02217960 392.10000610
v -14.71895027 -13.01786041 392.00000000
v -14.66831017 -12.88593006 392.00000000
v -14.61487961 -13.02217960 392.10000610
v -14.61487961 -13.02217960 392.10000610
v -14.66831017 -12.88593006 392.00000000
v -14.56124020 -12.89266968 392.10000610
v -14.66831017 -12.88593006 392.00000000
v -14.60416031 -12.76002979 392.00000000
v -14.56124020 -12.89266968 392.10000610
v -14.56124020 -12.89266968 392.10000610
v -14.60416031 -12.76002979 392.00000000
v -14.49343014 -12.76998997 392.10000610
v -14.60416031 -12.76002979 392.00000000
v -14.52719975 -12.64151955 392.00000000
v -14.49343014 -12.76998997 392.10000610
v -14.49343014 -12.76998997 392.10000610
v -14.52719975 -12.64151955 392.00000000
v -14.41232014 -12.65567017 392.10000610
v -14.52719975 -12.64151955 392.00000000
v -14.43826962 -12.53170013 392.00000000
v -14.41232014 -12.65567017 392.10000610
v -14.41232014 -12.65567017 392.10000610
v -14.43826962 -12.53170013 392.00000000
v -14.31890965 -12.55113983 392.10000610
v -14.43826962 -12.53170013 392.00000000
v -14.33835030 -12.43177986 392.00000000
v -14.31890965 -12.55113983 392.10000610
v -14.31890965 -12.55113983 392.10000610
v -14.33835030 -12.43177986 392.00000000
v -14.21438980 -12.45773983 392.10000610
v -14.33835030 -12.43177986 392.00000000
v -14.22854042 -12.34286022 392.00000000
v -14.21438980 -12.45773983 392.10000610
v -14.21438980 -12.45773983 392.10000610
v -14.22854042 -12.34286022 392.00000000
v -14.10007000 -12.37662029 392.10000610
v -14.22854042 -12.34286022 392.00000000
v -14.11003017 -12.26589012 392.00000000
v -14.10007000 -12.37662029 392.10000610
v -14.10007000 -12.37662029 392.10000610
v -14.11003017 -12.26589012 392.00000000
v -13.97737980 -12.30881977 392.10000610
v -14.11003017 -12.26589012 392.00000000
v -13.98412037 -12.20174026 392.00000000
v -13.97737980 -12.30881977 392.10000610
v -13.97737980 -12.30881977 392.10000610
v -13.98412037 -12.20174026 392.00000000
v -13.84788036 -12.25516987 392.10000610
v -13.98412037 -12.20174026 392.00000000
v -13.85219955 -12.15110016 392.00000000
v -13.84788036 -12.25516987 392.10000610
v -13.84788036 -12.25516987 392.10000610
v -13.85219955 -12.15110016 392.00000000
v -13.71317959 -12.21636963 392.10000610
v -13.85219955 -12.15110016 392.00000000
v -13.71570969 -12.11452961 392.00000000
v -13.71317959 -12.21636963 392.10000610
v -13.71317959 -12.21636963 392.10000610
v -13.71570969 -12.11452961 392.00000000
v -13.57497978 -12.19289017 392.10000610
v -13.57497978 -12.19289017 392.10000610
v -13.57614040 -12.09243011 392.00000000
v -13.43502998 -12.18502998 392.10000610
v -13.71570969 -12.11452961 392.00000000
v -13.57614040 -12.09243011 392.00000000
v -13.57497978 -12.19289017 392.10000610
v -13.57614040 -12.09243011 392.00000000
v -13.43502998 -12.08502960 392.00000000
v -13.43502998 -12.18502998 392.10000610
v -13.43502998 -12.18502998 392.10000610
v -13.29391956 -12.09243011 392.00000000
v -13.29506969 -12.19289017 392.10000610
v -13.43502998 -12.08502960 392.00000000
v -13.29391956 -12.09243011 392.00000000
v -13.43502998 -12.18502998 392.10000610
v -13.29506969 -12.19289017 392.10000610
v -13.15435028 -12.11452961 392.00000000
v -13.15688038 -12.21636963 392.10000610
v -13.29391956 -12.09243011 392.00000000
v -13.15435028 -12.11452961 392.00000000
v -13.29506969 -12.19289017 392.10000610
v -13.15688038 -12.21636963 392.10000610
v -13.01786041 -12.15110016 392.00000000
v -13.02217960 -12.25516987 392.10000610
v -13.15435028 -12.11452961 392.00000000
v -13.01786041 -12.15110016 392.00000000
v -13.15688038 -12.21636963 392.10000610
v -13.02217960 -12.25516987 392.10000610
v -12.88593006 -12.20174026 392.00000000
v -12.89266968 -12.30881977 392.10000610
v -13.01786041 -12.15110016 392.00000000
v -12.88593006 -12.20174026 392.00000000
v -13.02217960 -12.25516987 392.10000610
v -12.89266968 -12.30881977 392.10000610
v -12.76002979 -12.26589012 392.00000000
v -12.76998997 -12.37662029 392.10000610
v -12.88593006 -12.20174026 392.00000000
v -12.76002979 -12.26589012 392.00000000
v -12.89266968 -12.30881977 392.10000610
v -12.76002979 -12.26589012 392.00000000
v -12.64151955 -12.34286022 392.00000000
v -12.76998997 -12.37662029 392.10000610
v -12.76998997 -12.37662029 392.10000610
v -12.64151955 -12.34286022 392.00000000
v -12.65567017 -12.45773983 392.10000610
v -12.64151955 -12.34286022 392.00000000
v -12.53170013 -12.43177986 392.00000000
v -12.65567017 -12.45773983 392.10000610
v -12.65567017 -12.45773983 392.10000610
v -12.53170013 -12.43177986 392.00000000
v -12.55113983 -12.55113983 392.10000610
v -12.53170013 -12.43177986 392.00000000
v -12.43177986 -12.53170013 392.00000000
v -12.55113983 -12.55113983 392.10000610
v -12.55113983 -12.55113983 392.10000610
v -12.43177986 -12.53170013 392.00000000
v -12.45773983 -12.65567017 392.10000610
v -12.43177986 -12.53170013 392.00000000
v -12.34286022 -12.64151955 392.00000000
v -12.45773983 -12.65567017 392.10000610
v -12.45773983 -12.65567017 392.10000610
v -12.34286022 -12.64151955 392.00000000
v -12.37662029 -12.76998997 392.10000610
v -12.34286022 -12.64151955 392.00000000
v -12.26589012 -12.76002979 392.00000000
v -12.37662029 -12.76998997 392.10000610
v -12.37662029 -12.76998997 392.10000610
v -12.26589012 -12.76002979 392.00000000
v -12.30881977 -12.89266968 392.10000610
v -12.26589012 -12.76002979 392.00000000
v -12.20174026 -12.88593006 392.00000000
v -12.30881977 -12.89266968 392.10000610
v -12.30881977 -12.89266968 392.10000610
v -12.20174026 -12.88593006 392.00000000
v -12.25516987 -13.02217960 392.10000610
v -12.20174026 -12.88593006 392.00000000
v -12.15110016 -13.01786041 392.00000000
v -12.25516987 -13.02217960 392.10000610
v -12.25516987 -13.02217960 392.10000610
v -12.15110016 -13.01786041 392.00000000
v -12.21636963 -13.15688038 392.10000610
v -12.15110016 -13.01786041 392.00000000
v -12.11452961 -13.15435028 392.00000000
v -12.21636963 -13.15688038 392.10000610
v -12.21636963 -13.15688038 392.10000610
v -12.11452961 -13.15435028 392.00000000
v -12.19289017 -13.29506969 392.10000610
v -12.11452961 -13.15435028 392.00000000
v -12.09243011 -13.29391956 392.00000000
v -12.19289017 -13.29506969 392.10000610
v -12.19289017 -13.29506969 392.10000610
v -12.09243011 -13.29391956 392.00000000
v -12.18502998 -13.43502998 392.10000610
v -12.09243011 -13.29391956 392.00000000
v -12.08502960 -13.43502998 392.00000000
v -12.18502998 -13.43502998 392.10000610
v -12.08502960 -13.43502998 392.00000000
v -12.09243011 -13.57614040 392.00000000
v -12.18502998 -13.43502998 392.10000610
v -12.18502998 -13.43502998 392.10000610
v -12.09243011 -13.57614040 392.00000000
v -12.19289017 -13.57497978 392.10000610
v -12.09243011 -13.57614040 392.00000000
v -12.11452961 -13.71570969 392.00000000
v -12.19289017 -13.57497978 392.10000610
v -12.19289017 -13.57497978 392.10000610
v -12.11452961 -13.71570969 392.00000000
v -12.21636963 -13.71317959 392.10000610
v -12.11452961 -13.71570969 392.00000000
v -12.15110016 -13.85219955 392.00000000
v -12.21636963 -13.71317959 392.10000610
v -12.21636963 -13.71317959 392.10000610
v -12.15110016 -13.85219955 392.00000000
v -12.25516987 -13.84788036 392.10000610
v -12.15110016 -13.85219955 392.00000000
v -12.20174026 -13.98412037 392.00000000
v -12.25516987 -13.84788036 392.10000610
v -12.25516987 -13.84788036 392.10000610
v -12.20174026 -13.98412037 392.00000000
v -12.30881977 -13.97737980 392.10000610
v -12.20174026 -13.98412037 392.00000000
v -12.26589012 -14.11003017 392.00000000
v -12.30881977 -13.97737980 392.10000610
v -12.30881977 -13.97737980 392.10000610
v -12.26589012 -14.11003017 392.00000000
v -12.37662029 -14.10007000 392.10000610
v -12.26589012 -14.11003017 392.00000000
v -12.34286022 -14.22854042 392.00000000
v -12.37662029 -14.10007000 392.10000610
v -12.37662029 -14.10007000 392.10000610
v -12.34286022 -14.22854042 392.00000000
v -12.45773983 -14.21438980 392.10000610
v -12.34286022 -14.22854042 392.00000000
v -12.43177986 -14.33835030 392.00000000
v -12.45773983 -14.21438980 392.10000610
v -12.45773983 -14.21438980 392.10000610
v -12.43177986 -14.33835030 392.00000000
v -12.55113983 -14.31890965 392.10000610
v -12.43177986 -14.33835030 392.00000000
v -12.53170013 -14.43826962 392.00000000
v -12.55113983 -14.31890965 392.10000610
v -12.55113983 -14.31890965 392.10000610
v -12.53170013 -14.43826962 392.00000000
v -12.65567017 -14.41232014 392.10000610
v -12.53170013 -14.43826962 392.00000000
v -12.64151955 -14.52719975 392.00000000
v -12.65567017 -14.41232014 392.10000610
v -12.65567017 -14.41232014 392.10000610
v -12.64151955 -14.52719975 392.00000000
v -12.76998997 -14.49343014 392.10000610
v -12.64151955 -14.52719975 392.00000000
v -12.76002979 -14.60416031 392.00000000
v -12.76998997 -14.49343014 392.10000610
v -12.76998997 -14.49343014 392.10000610
v -12.76002979 -14.60416031 392.00000000
v -12.89266968 -14.56124020 392.10000610
v -12.89266968 -14.56124020 392.10000610
v -12.88593006 -14.66831017 392.00000000
v -13.02217960 -14.61487961 392.10000610
v -12.76002979 -14.60416031 392.00000000
v -12.88593006 -14.66831017 392.00000000
v -12.89266968 -14.56124020 392.10000610
v -13.02217960 -14.61487961 392.10000610
v -13.01786041 -14.71895027 392.00000000
v -13.15688038 -14.65369034 392.10000610
v -12.88593006 -14.66831017 392.00000000
v -13.01786041 -14.71895027 392.00000000
v -13.02217960 -14.61487961 392.10000610
v -13.15688038 -14.65369034 392.10000610
v -13.15435028 -14.75553036 392.00000000
v -13.29506969 -14.67716980 392.10000610
v -13.01786041 -14.71895027 392.00000000
v -13.15435028 -14.75553036 392.00000000
v -13.15688038 -14.65369034 392.10000610
v -13.29506969 -14.67716980 392.10000610
v -13.29391956 -14.77762985 392.00000000
v -13.43502998 -14.68502998 392.10000610
v -13.15435028 -14.75553036 392.00000000
v -13.29391956 -14.77762985 392.00000000
v -13.29506969 -14.67716980 392.10000610
v -13.29391956 -14.77762985 392.00000000
v -13.43502998 -14.78503036 392.00000000
v -13.43502998 -14.68502998 392.10000610
v -13.43502998 -14.68502998 392.10000610
v -13.57614040 -14.77762985 392.00000000
v -13.57497978 -14.67716980 392.10000610
v -13.43502998 -14.78503036 392.00000000
v -13.57614040 -14.77762985 392.00000000
v -13.43502998 -14.68502998 392.10000610
v -13.57497978 -14.67716980 392.10000610
v -13.71570969 -14.75553036 392.00000000
v -13.71317959 -14.65369034 392.10000610
v -13.57614040 -14.77762985 392.00000000
v -13.71570969 -14.75553036 392.00000000
v -13.57497978 -14.67716980 392.10000610
v -13.71570969 -14.75553036 392.00000000
v -13.85219955 -14.71895027 392.00000000
v -13.71317959 -14.65369034 392.10000610
v -13.71317959 -14.65369034 392.10000610
v -13.85219955 -14.71895027 392.00000000
v -13.84788036 -14.61487961 392.10000610
v -13.84788036 -14.61487961 392.10000610
v -13.98412037 -14.66831017 392.00000000
v -13.97737980 -14.56124020 392.10000610
v -13.85219955 -14.71895027 392.00000000
v -13.98412037 -14.66831017 392.00000000
v -13.84788036 -14.61487961 392.10000610
v -13.97737980 -14.56124020 392.10000610
v -14.11003017 -14.60416031 392.00000000
v -14.10007000 -14.49343014 392.10000610
v -13.98412037 -14.66831017 392.00000000
v -14.11003017 -14.60416031 392.00000000
v -13.97737980 -14.56124020 392.10000610
v -14.10007000 -14.49343014 392.10000610
v -14.22854042 -14.52719975 392.00000000
v -14.21438980 -14.41232014 392.10000610
v -14.11003017 -14.60416031 392.00000000
v -14.22854042 -14.52719975 392.00000000
v -14.10007000 -14.49343014 392.10000610
v -14.21438980 -14.41232014 392.10000610
v -14.33835030 -14.43826962 392.00000000
v -14.31890965 -14.31890965 392.10000610
v -14.22854042 -14.52719975 392.00000000
v -14.33835030 -14.43826962 392.00000000
v -14.21438980 -14.41232014 392.10000610
v -14.31890965 -14.31890965 392.10000610
v -14.43826962 -14.33835030 392.00000000
v -14.41232014 -14.21438980 392.10000610
v -14.33835030 -14.43826962 392.00000000
v -14.43826962 -14.33835030 392.00000000
v -14.31890965 -14.31890965 392.10000610
v -14.41232014 -14.21438980 392.10000610
v -14.52719975 -14.22854042 392.00000000
v -14.49343014 -14.10007000 392.10000610
v -14.43826962 -14.33835030 392.00000000
v -14.52719975 -14.22854042 392.00000000
v -14.41232014 -14.21438980 392.10000610
v -14.49343014 -14.10007000 392.10000610
v -14.60416031 -14.11003017 392.00000000
v -14.56124020 -13.97737980 392.10000610
v -14.52719975 -14.22854042 392.00000000
v -14.60416031 -14.11003017 392.00000000
v -14.49343014 -14.10007000 392.10000610
v -14.56124020 -13.97737980 392.10000610
v -14.66831017 -13.98412037 392.00000000
v -14.61487961 -13.84788036 392.10000610
v -14.60416031 -14.11003017 392.00000000
v -14.66831017 -13.98412037 392.00000000
v -14.56124020 -13.97737980 392.10000610
v -14.61487961 -13.84788036 392.10000610
v -14.71895027 -13.85219955 392.00000000
v -14.65369034 -13.71317959 392.10000610
v -14.66831017 -13.98412037 392.00000000
v -14.71895027 -13.85219955 392.00000000
v -14.61487961 -13.84788036 392.10000610
v -14.65369034 -13.71317959 392.10000610
v -14.75553036 -13.71570969 392.00000000
v -14.67716980 -13.57497978 392.10000610
v -14.71895027 -13.85219955 392.00000000
v -14.75553036 -13.71570969 392.00000000
v -14.65369034 -13.71317959 392.10000610
v -14.67716980 -13.57497978 392.10000610
v -14.77762985 -13.57614040 392.00000000
v -14.68502998 -13.43502998 392.10000610
v -14.75553036 -13.71570969 392.00000000
v -14.77762985 -13.57614040 392.00000000
v -14.67716980 -13.57497978 392.10000610
v -14.77762985 -13.57614040 392.00000000
v -14.78503036 -13.43502998 392.00000000
v -14.68502998 -13.43502998 392.10000610
v -14.78503036 13.43502998 392.00000000
v -14.77762985 13.57614040 392.00000000
v -14.68502998 13.43502998 392.10000610
v -14.68502998 13.43502998 392.10000610
v -14.77762985 13.57614040 392.00000000
v -14.67716980 13.57497978 392.10000610
v -14.77762985 13.57614040 392.00000000
v -14.75553036 13.71570969 392.00000000
v -14.67716980 13.57497978 392.10000610
v -14.67716980 13.57497978 392.10000610
v -14.75553036 13.71570969 392.00000000
v -14.65369034 13.71317959 392.10000610
v -14.75553036 13.71570969 392.00000000
v -14.71895027 13.85219955 392.00000000
v -14.65369034 13.71317959 392.10000610
v -14.65369034 13.71317959 392.10000610
v -14.71895027 13.85219955 392.00000000
v -14.61487961 13.84788036 392.10000610
v -14.71895027 13.85219955 392.00000000
v -14.66831017 13.98412037 392.00000000
v -14.61487961 13.84788036 392.10000610
v -14.61487961 13.84788036 392.10000610
v -14.66831017 13.98412037 392.00000000
v -14.56124020 13.97737980 392.10000610
v -14.66831017 13.98412037 392.00000000
v -14.60416031 14.11003017 392.00000000
v -14.56124020 13.97737980 392.10000610
v -14.56124020 13.97737980 392.10000610
v -14.60416031 14.11003017 392.00000000
v -14.49343014 14.10007000 392.10000610
v -14.60416031 14.11003017 392.00000000
v -14.52719975 14.22854042 392.00000000
v -14.49343014 14.10007000 392.10000610
v -14.49343014 14.10007000 392.10000610
v -14.52719975 14.22854042 392.00000000
v -14.41232014 14.21438980 392.10000610
v -14.52719975 14.22854042 392.00000000
v -14.43826962 14.33835030 392.00000000
v -14.41232014 14.21438980 392.10000610
v -14.41232014 14.21438980 392.10000610
v -14.43826962 14.33835030 392.00000000
v -14.31890965 14.31890965 392.10000610
v -14.43826962 14.33835030 392.00000000
v -14.33835030 14.43826962 392.00000000
v -14.31890965 14.31890965 392.10000610
v -14.31890965 14.31890965 392.10000610
v -14.33835030 14.43826962 392.00000000
v -14.21438980 14.41232014 392.10000610
v -14.33835030 14.43826962 392.00000000
v -14.22854042 14.52719975 392.00000000
v -14.21438980 14.41232014 392.10000610
v -14.21438980 14.41232014 392.10000610
v -14.22854042 14.52719975 392.00000000
v -14.10007000 14.49343014 392.10000610
v -14.22854042 14.52719975 392.00000000
v -14.11003017 14.60416031 392.00000000
v -14.10007000 14.49343014 392.10000610
v -14.10007000 14.49343014 392.10000610
v -14.11003017 14.60416031 392.00000000
v -13.97737980 14.56124020 392.10000610
v -14.11003017 14.60416031 392.00000000
v -13.98412037 14.66831017 392.00000000
v -13.97737980 14.56124020 392.10000610
v -13.97737980 14.56124020 392.10000610
v -13.98412037 14.66831017 392.00000000
v -13.84788036 14.61487961 392.10000610
v -13.98412037 14.66831017 392.00000000
v -13.85219955 14.71895027 392.00000000
v -13.84788036 14.61487961 392.10000610
v -13.84788036 14.61487961 392.10000610
v -13.85219955 14.71895027 392.00000000
v -13.71317959 14.65369034 392.10000610
v -13.85219955 14.71895027 392.00000000
v -13.71570969 14.75553036 392.00000000
v -13.71317959 14.65369034 392.10000610
v -13.71317959 14.65369034 392.10000610
v -13.71570969 14.75553036 392.00000000
v -13.57497978 14.67716980 392.10000610
v -13.57497978 14.67716980 392.10000610
v -13.57614040 14.77762985 392.00000000
v -13.43502998 14.68502998 392.10000610
v -13.71570969 14.75553036 392.00000000
v -13.57614040 14.77762985 392.00000000
v -13.57497978 14.67716980 392.10000610
v -13.57614040 14.77762985 392.00000000
v -13.43502998 14.78503036 392.00000000
v -13.43502998 14.68502998 392.10000610
v -13.43502998 14.68502998 392.10000610
v -13.29391956 14.77762985 392.00000000
v -13.29506969 14.67716980 392.10000610
v -13.43502998 14.78503036 392.00000000
v -13.29391956 14.77762985 392.00000000
v -13.43502998 14.68502998 392.10000610
v -13.29506969 14.67716980 392.10000610
v -13.15435028 14.75553036 392.00000000
v -13.15688038 14.65369034 392.10000610
v -13.29391956 14.77762985 392.00000000
v -13.15435028 14.75553036 392.00000000
v -13.29506969 14.67716980 392.10000610
v -13.15688038 14.65369034 392.10000610
v -13.01786041 14.71895027 392.00000000
v -13.02217960 14.61487961 392.10000610
v -13.15435028 14.75553036 392.00000000
v -13.01786041 14.71895027 392.00000000
v -13.15688038 14.65369034 392.10000610
v -13.02217960 14.61487961 392.10000610
v -12.88593006 14.66831017 392.00000000
v -12.89266968 14.56124020 392.10000610
v -13.01786041 14.71895027 392.00000000
v -12.88593006 14.66831017 392.00000000
v -13.02217960 14.61487961 392.10000610
v -12.89266968 14.56124020 392.10000610
v -12.76002979 14.60416031 392.00000000
v -12.76998997 14.49343014 392.10000610
v -12.88593006 14.66831017 392.00000000
v -12.76002979 14.60416031 392.00000000
v -12.89266968 14.56124020 392.10000610
v -12.76002979 14.60416031 392.00000000
v -12.64151955 14.52719975 392.00000000
v -12.76998997 14.49343014 392.10000610
v -12.76998997 14.49343014 392.10000610
v -12.64151955 14.52719975 392.00000000
v -12.65567017 14.41232014 392.10000610
v -12.64151955 14.52719975 392.00000000
v -12.53170013 14.43826962 392.00000000
v -12.65567017 14.41232014 392.10000610
v -12.65567017 14.41232014 392.10000610
v -12.53170013 14.43826962 392.00000000
v -12.55113983 14.31890965 392.10000610
v -12.53170013 14.43826962 392.00000000
v -12.43177986 14.33835030 392.00000000
v -12.55113983 14.31890965 392.10000610
v -12.55113983 14.31890965 392.10000610
v -12.43177986 14.33835030 392.00000000
v -12.45773983 14.21438980 392.10000610
v -12.43177986 14.33835030 392.00000000
v -12.34286022 14.22854042 392.00000000
v -12.45773983 14.21438980 392.10000610
v -12.45773983 14.21438980 392.10000610
v -12.34286022 14.22854042 392.00000000
v -12.37662029 14.10007000 392.10000610
v -12.34286022 14.22854042 392.00000000
v -12.26589012 14.11003017 392.00000000
v -12.37662029 14.10007000 392.10000610
v -12.37662029 14.10007000 392.10000610
v -12.26589012 14.11003017 392.00000000
v -12.30881977 13.97737980 392.10000610
v -12.26589012 14.11003017 392.00000000
v -12.20174026 13.98412037 392.00000000
v -12.30881977 13.97737980 392.10000610
v -12.30881977 13.97737980 392.10000610
v -12.20174026 13.98412037 392.00000000
v -12.25516987 13.84788036 392.10000610
v -12.20174026 13.98412037 392.00000000
v -12.15110016 13.85219955 392.00000000
v -12.25516987 13.84788036 392.10000610
v -12.25516987 13.84788036 392.10000610
v -12.15110016 13.85219955 392.00000000
v -12.21636963 13.71317959 392.10000610
v -12.15110016 13.85219955 392.00000000
v -12.11452961 13.71570969 392.00000000
v -12.21636963 13.71317959 392.10000610
v -12.21636963 13.71317959 392.10000610
v -12.11452961 13.71570969 392.00000000
v -12.19289017 13.57497978 392.10000610
v -12.11452961 13.71570969 392.00000000
v -12.09243011 13.57614040 392.00000000
v -12.19289017 13.57497978 392.10000610
v -12.19289017 13.57497978 392.10000610
v -12.09243011 13.57614040 392.00000000
v -12.18502998 13.43502998 392.10000610
v -12.09243011 13.57614040 392.00000000
v -12.08502960 13.43502998 392.00000000
v -12.18502998 13.43502998 392.10000610
v -12.08502960 13.43502998 392.00000000
v -12.09243011 13.29391956 392.00000000
v -12.18502998 13.43502998 392.10000610
v -12.18502998 13.43502998 392.10000610
v -12.09243011 13.29391956 392.00000000
v -12.19289017 13.29506969 392.10000610
v -12.09243011 13.29391956 392.00000000
v -12.11452961 13.15435028 392.00000000
v -12.19289017 13.29506969 392.10000610
v -12.19289017 13.29506969 392.10000610
v -12.11452961 13.15435028 392.00000000
v -12.21636963 13.15688038 392.10000610
v -12.11452961 13.15435028 392.00000000
v -12.15110016 13.01786041 392.00000000
v -12.21636963 13.15688038 392.10000610
v -12.21636963 13.15688038 392.10000610
v -12.15110016 13.01786041 392.00000000
v -12.25516987 13.02217960 392.10000610
v -12.15110016 13.01786041 392.00000000
v -12.20174026 12.88593006 392.00000000
v -12.25516987 13.02217960 392.10000610
v -12.25516987 13.02217960 392.10000610
v -12.20174026 12.88593006 392.00000000
v -12.30881977 12.89266968 392.10000610
v -12.20174026 12.88593006 392.00000000
v -12.26589012 12.76002979 392.00000000
v -12.30881977 12.89266968 392.10000610
v -12.30881977 12.89266968 392.10000610
v -12.26589012 12.76002979 392.00000000
v -12.37662029 12.76998997 392.10000610
v -12.26589012 12.76002979 392.00000000
v -12.34286022 12.64151955 392.00000000
v -12.37662029 12.76998997 392.10000610
v -12.37662029 12.76998997 392.10000610
v -12.34286022 12.64151955 392.00000000
v -12.45773983 12.65567017 392.10000610
v -12.34286022 12.64151955 392.00000000
v -12.43177986 12.53170013 392.00000000
v -12.45773983 12.65567017 392.10000610
v -12.45773983 12.65567017 392.10000610
v -12.43177986 12.53170013 392.00000000
v -12.55113983 12.55113983 392.10000610
v -12.43177986 12.53170013 392.00000000
v -12.53170013 12.43177986 392.00000000
v -12.55113983 12.55113983 392.10000610
v -12.55113983 12.55113983 392.10000610
v -12.53170013 12.43177986 392.00000000
v -12.65567017 12.45773983 392.10000610
v -12.53170013 12.43177986 392.00000000
v -12.64151955 12.34286022 392.00000000
v -12.65567017 12.45773983 392.10000610
v -12.65567017 12.45773983 392.10000610
v -12.64151955 12.34286022 392.00000000
v -12.76998997 12.37662029 392.10000610
v -12.64151955 12.34286022 392.00000000
v -12.76002979 12.26589012 392.00000000
v -12.76998997 12.37662029 392.10000610
v -12.76998997 12.37662029 392.10000610
v -12.76002979 12.26589012 392.00000000
v -12.89266968 12.30881977 392.10000610
v -12.89266968 12.30881977 392.10000610
v -12.88593006 12.20174026 392.00000000
v -13.02217960 12.25516987 392.10000610
v -12.76002979 12.26589012 392.00000000
v -12.88593006 12.20174026 392.00000000
v -12.89266968 12.30881977 392.10000610
v -13.02217960 12.25516987 392.10000610
v -13.01786041 12.15110016 392.00000000
v -13.15688038 12.21636963 392.10000610
v -12.88593006 12.20174026 392.00000000
v -13.01786041 12.15110016 392.00000000
v -13.02217960 12.25516987 392.10000610
v -13.15688038 12.21636963 392.10000610
v -13.15435028 12.11452961 392.00000000
v -13.29506969 12.19289017 392.10000610
v -13.01786041 12.15110016 392.00000000
v -13.15435028 12.11452961 392.00000000
v -13.15688038 12.21636963 392.10000610
v -13.29506969 12.19289017 392.10000610
v -13.29391956 12.09243011 392.00000000
v -13.43502998 12.18502998 392.10000610
v -13.15435028 12.11452961 392.00000000
v -13.29391956 12.09243011 392.00000000
v -13.29506969 12.19289017 392.10000610
v -13.29391956 12.09243011 392.00000000
v -13.43502998 12.08502960 392.00000000
v -13.43502998 12.18502998 392.10000610
v -13.43502998 12.18502998 392.10000610
v -13.57614040 12.09243011 392.00000000
v -13.57497978 12.19289017 392.10000610
v -13.43502998 12.08502960 392.00000000
v -13.57614040 12.09243011 392.00000000
v -13.43502998 12.18502998 392.10000610
v -13.57497978 12.19289017 392.10000610
v -13.71570969 12.11452961 392.00000000
v -13.71317959 12.21636963 392.10000610
v -13.57614040 12.09243011 392.00000000
v -13.71570969 12.11452961 392.00000000
v -13.57497978 12.19289017 392.10000610
v -13.71570969 12.11452961 392.00000000
v -13.85219955 12.15110016 392.00000000
v -13.71317959 12.21636963 392.10000610
v -13.71317959 12.21636963 392.10000610
v -13.85219955 12.15110016 392.00000000
v -13.84788036 12.25516987 392.10000610
v -13.84788036 12.25516987 392.10000610
v -13.98412037 12.20174026 392.00000000
v -13.97737980 12.30881977 392.10000610
v -13.85219955 12.15110016 392.00000000
v -13.98412037 12.20174026 392.00000000
v -13.84788036 12.25516987 392.10000610
v -13.97737980 12.30881977 392.10000610
v -14.11003017 12.26589012 392.00000000
v -14.10007000 12.37662029 392.10000610
v -13.98412037 12.20174026 392.00000000
v -14.11003017 12.26589012 392.00000000
v -13.97737980 12.30881977 392.10000610
v -14.10007000 12.37662029 392.10000610
v -14.22854042 12.34286022 392.00000000
v -14.21438980 12.45773983 392.10000610
v -14.11003017 12.26589012 392.00000000
v -14.22854042 12.34286022 392.00000000
v -14.10007000 12.37662029 392.10000610
v -14.21438980 12.45773983 392.10000610
v -14.33835030 12.43177986 392.00000000
v -14.31890965 12.55113983 392.10000610
v -14.22854042 12.34286022 392.00000000
v -14.33835030 12.43177986 392.00000000
v -14.21438980 12.45773983 392.10000610
v -14.31890965 12.55113983 392.10000610
v -14.43826962 12.53170013 392.00000000
v -14.41232014 12.65567017 392.10000610
v -14.33835030 12.43177986 392.00000000
v -14.43826962 12.53170013 392.00000000
v -14.31890965 12.55113983 392.10000610
v -14.41232014 12.65567017 392.10000610
v -14.52719975 12.64151955 392.00000000
v -14.49343014 12.76998997 392.10000610
v -14.43826962 12.53170013 392.00000000
v -14.52719975 12.64151955 392.00000000
v -14.41232014 12.65567017 392.10000610
v -14.49343014 12.76998997 392.10000610
v -14.60416031 12.76002979 392.00000000
v -14.56124020 12.89266968 392.10000610
v -14.52719975 12.64151955 392.00000000
v -14.60416031 12.76002979 392.00000000
v -14.49343014 12.76998997 392.10000610
v -14.56124020 12.89266968 392.10000610
v -14.66831017 12.88593006 392.00000000
v -14.61487961 13.02217960 392.10000610
v -14.60416031 12.76002979 392.00000000
v -14.66831017 12.88593006 392.00000000
v -14.56124020 12.89266968 392.10000610
v -14.61487961 13.02217960 392.10000610
v -14.71895027 13.01786041 392.00000000
v -14.65369034 13.15688038 392.10000610
v -14.66831017 12.88593006 392.00000000
v -14.71895027 13.01786041 392.00000000
v -14.61487961 13.02217960 392.10000610
v -14.65369034 13.15688038 392.10000610
v -14.75553036 13.15435028 392.00000000
v -14.67716980 13.29506969 392.10000610
v -14.71895027 13.01786041 392.00000000
v -14.75553036 13.15435028 392.00000000
v -14.65369034 13.15688038 392.10000610
v -14.67716980 13.29506969 392.10000610
v -14.77762985 13.29391956 392.00000000
v -14.68502998 13.43502998 392.10000610
v -14.75553036 13.15435028 392.00000000
v -14.77762985 13.29391956 392.00000000
v -14.67716980 13.29506969 392.10000610
v -14.77762985 13.29391956 392.00000000
v -14.78503036 13.43502998 392.00000000
v -14.68502998 13.43502998 392.10000610
v -14.68502998 -13.43502998 396.00000000
v -14.67716980 -13.29506969 392.10000610
v -14.67716980 -13.29506969 396.00000000
v -14.68502998 -13.43502998 392.10000610
v -14.67716980 -13.29506969 396.00000000
v -14.65369034 -13.15688038 392.10000610
v -14.65369034 -13.15688038 396.00000000
v -14.67716980 -13.29506969 392.10000610
v -14.65369034 -13.15688038 396.00000000
v -14.61487961 -13.02217960 392.10000610
v -14.61487961 -13.02217960 396.00000000
v -14.65369034 -13.15688038 392.10000610
v -14.61487961 -13.02217960 396.00000000
v -14.56124020 -12.89266968 392.10000610
v -14.56124020 -12.89266968 396.00000000
v -14.61487961 -13.02217960 392.10000610
v -14.56124020 -12.89266968 396.00000000
v -14.49343014 -12.76998997 392.10000610
v -14.49343014 -12.76998997 396.00000000
v -14.56124020 -12.89266968 392.10000610
v -14.49343014 -12.76998997 396.00000000
v -14.41232014 -12.65567017 392.10000610
v -14.41232014 -12.65567017 396.00000000
v -14.49343014 -12.76998997 392.10000610
v -14.31890965 -12.55113983 396.00000000
v -14.31890965 -12.55113983 392.10000610
v -14.21438980 -12.45773983 396.00000000
v -14.41232014 -12.65567017 396.00000000
v -14.31890965 -12.55113983 392.10000610
v -14.31890965 -12.55113983 396.00000000
v -14.41232014 -12.65567017 392.10000610
v -14.21438980 -12.45773983 396.00000000
v -14.21438980 -12.45773983 392.10000610
v -14.10007000 -12.37662029 396.00000000
v -14.21438980 -12.45773983 392.10000610
v -14.10007000 -12.37662029 392.10000610
v -14.10007000 -12.37662029 396.00000000
v -13.97737980 -12.30881977 392.10000610
v -13.97737980 -12.30881977 396.00000000
v -14.10007000 -12.37662029 392.10000610
v -13.97737980 -12.30881977 396.00000000
v -13.84788036 -12.25516987 392.10000610
v -13.84788036 -12.25516987 396.00000000
v -13.97737980 -12.30881977 392.10000610
v -13.84788036 -12.25516987 396.00000000
v -13.71317959 -12.21636963 392.10000610
v -13.71317959 -12.21636963 396.00000000
v -13.84788036 -12.25516987 392.10000610
v -13.71317959 -12.21636963 396.00000000
v -13.57497978 -12.19289017 392.10000610
v -13.57497978 -12.19289017 396.00000000
v -13.71317959 -12.21636963 392.10000610
v -13.57497978 -12.19289017 396.00000000
v -13.43502998 -12.18502998 392.10000610
v -13.43502998 -12.18502998 396.00000000
v -13.57497978 -12.19289017 392.10000610
v -13.43502998 -12.18502998 392.10000610
v -13.29506969 -12.19289017 392.10000610
v -13.43502998 -12.18502998 396.00000000
v -13.29506969 -12.19289017 396.00000000
v -13.29506969 -12.19289017 392.10000610
v -13.15688038 -12.21636963 392.10000610
v -13.29506969 -12.19289017 396.00000000
v -13.15688038 -12.21636963 396.00000000
v -13.15688038 -12.21636963 392.10000610
v -13.02217960 -12.25516987 392.10000610
v -13.15688038 -12.21636963 396.00000000
v -13.02217960 -12.25516987 396.00000000
v -13.02217960 -12.25516987 392.10000610
v -12.89266968 -12.30881977 396.00000000
v -13.02217960 -12.25516987 396.00000000
v -12.89266968 -12.30881977 392.10000610
v -12.89266968 -12.30881977 392.10000610
v -12.76998997 -12.37662029 392.10000610
v -12.89266968 -12.30881977 396.00000000
v -12.76998997 -12.37662029 396.00000000
v -12.76998997 -12.37662029 392.10000610
v -12.65567017 -12.45773983 396.00000000
v -12.76998997 -12.37662029 396.00000000
v -12.65567017 -12.45773983 396.00000000
v -12.65567017 -12.45773983 392.10000610
v -12.55113983 -12.55113983 396.00000000
v -12.65567017 -12.45773983 392.10000610
v -12.55113983 -12.55113983 392.10000610
v -12.55113983 -12.55113983 396.00000000
v -12.45773983 -12.65567017 392.10000610
v -12.45773983 -12.65567017 396.00000000
v -12.55113983 -12.55113983 392.10000610
v -12.45773983 -12.65567017 392.10000610
v -12.37662029 -12.76998997 392.10000610
v -12.45773983 -12.65567017 396.00000000
v -12.37662029 -12.76998997 396.00000000
v -12.37662029 -12.76998997 392.10000610
v -12.30881977 -12.89266968 396.00000000
v -12.37662029 -12.76998997 396.00000000
v -12.30881977 -12.89266968 392.10000610
v -12.30881977 -12.89266968 392.10000610
v -12.25516987 -13.02217960 392.10000610
v -12.30881977 -12.89266968 396.00000000
v -12.25516987 -13.02217960 396.00000000
v -12.25516987 -13.02217960 392.10000610
v -12.21636963 -13.15688038 392.10000610
v -12.25516987 -13.02217960 396.00000000
v -12.21636963 -13.15688038 396.00000000
v -12.21636963 -13.15688038 392.10000610
v -12.19289017 -13.29506969 392.10000610
v -12.21636963 -13.15688038 396.00000000
v -12.19289017 -13.29506969 396.00000000
v -12.19289017 -13.29506969 392.10000610
v -12.18502998 -13.43502998 392.10000610
v -12.19289017 -13.29506969 396.00000000
v -12.18502998 -13.43502998 396.00000000
v -12.18502998 -13.43502998 392.10000610
v -12.19289017 -13.57497978 392.10000610
v -12.18502998 -13.43502998 396.00000000
v -12.19289017 -13.57497978 396.00000000
v -12.19289017 -13.57497978 392.10000610
v -12.21636963 -13.71317959 392.10000610
v -12.19289017 -13.57497978 396.00000000
v -12.21636963 -13.71317959 396.00000000
v -12.21636963 -13.71317959 392.10000610
v -12.25516987 -13.84788036 392.10000610
v -12.21636963 -13.71317959 396.00000000
v -12.25516987 -13.84788036 396.00000000
v -12.25516987 -13.84788036 392.10000610
v -12.30881977 -13.97737980 392.10000610
v -12.25516987 -13.84788036 396.00000000
v -12.30881977 -13.97737980 396.00000000
v -12.30881977 -13.97737980 392.10000610
v -12.37662029 -14.10007000 392.10000610
v -12.30881977 -13.97737980 396.00000000
v -12.37662029 -14.10007000 396.00000000
v -12.37662029 -14.10007000 392.10000610
v -12.45773983 -14.21438980 392.10000610
v -12.37662029 -14.10007000 396.00000000
v -12.45773983 -14.21438980 396.00000000
v -12.45773983 -14.21438980 392.10000610
v -12.55113983 -14.31890965 396.00000000
v -12.45773983 -14.21438980 396.00000000
v -12.55113983 -14.31890965 392.10000610
v -12.55113983 -14.31890965 392.10000610
v -12.65567017 -14.41232014 392.10000610
v -12.55113983 -14.31890965 396.00000000
v -12.65567017 -14.41232014 396.00000000
v -12.65567017 -14.41232014 392.10000610
v -12.76998997 -14.49343014 392.10000610
v -12.65567017 -14.41232014 396.00000000
v -12.76998997 -14.49343014 396.00000000
v -12.76998997 -14.49343014 392.10000610
v -12.89266968 -14.56124020 392.10000610
v -12.76998997 -14.49343014 396.00000000
v -12.89266968 -14.56124020 396.00000000
v -12.89266968 -14.56124020 392.10000610
v -13.02217960 -14.61487961 392.10000610
v -12.89266968 -14.56124020 396.00000000
v -13.02217960 -14.61487961 396.00000000
v -13.02217960 -14.61487961 396.00000000
v -13.15688038 -14.65369034 392.10000610
v -13.15688038 -14.65369034 396.00000000
v -13.02217960 -14.61487961 392.10000610
v -13.15688038 -14.65369034 392.10000610
v -13.29506969 -14.67716980 392.10000610
v -13.15688038 -14.65369034 396.00000000
v -13.29506969 -14.67716980 396.00000000
v -13.43502998 -14.68502998 396.00000000
v -13.43502998 -14.68502998 392.10000610
v -13.57497978 -14.67716980 396.00000000
v -13.29506969 -14.67716980 396.00000000
v -13.43502998 -14.68502998 392.10000610
v -13.43502998 -14.68502998 396.00000000
v -13.29506969 -14.67716980 392.10000610
v -13.57497978 -14.67716980 392.10000610
v -13.57497978 -14.67716980 396.00000000
v -13.71317959 -14.65369034 392.10000610
v -13.71317959 -14.65369034 396.00000000
v -13.57497978 -14.67716980 392.10000610
v -13.71317959 -14.65369034 396.00000000
v -13.84788036 -14.61487961 392.10000610
v -13.84788036 -14.61487961 396.00000000
v -13.71317959 -14.65369034 392.10000610
v -13.84788036 -14.61487961 396.00000000
v -13.97737980 -14.56124020 392.10000610
v -13.97737980 -14.56124020 396.00000000
v -13.84788036 -14.61487961 392.10000610
v -13.97737980 -14.56124020 392.10000610
v -14.10007000 -14.49343014 392.10000610
v -13.97737980 -14.56124020 396.00000000
v -14.10007000 -14.49343014 396.00000000
v -14.10007000 -14.49343014 392.10000610
v -14.21438980 -14.41232014 392.10000610
v -14.10007000 -14.49343014 396.00000000
v -14.21438980 -14.41232014 396.00000000
v -14.21438980 -14.41232014 392.10000610
v -14.31890965 -14.31890965 396.00000000
v -14.21438980 -14.41232014 396.00000000
v -14.31890965 -14.31890965 392.10000610
v -14.31890965 -14.31890965 392.10000610
v -14.41232014 -14.21438980 392.10000610
v -14.31890965 -14.31890965 396.00000000
v -14.41232014 -14.21438980 396.00000000
v -14.41232014 -14.21438980 392.10000610
v -14.49343014 -14.10007000 396.00000000
v -14.41232014 -14.21438980 396.00000000
v -14.49343014 -14.10007000 392.10000610
v -14.49343014 -14.10007000 392.10000610
v -14.56124020 -13.97737980 392.10000610
v -14.49343014 -14.10007000 396.00000000
v -14.56124020 -13.97737980 396.00000000
v -14.56124020 -13.97737980 392.10000610
v -14.61487961 -13.84788036 392.10000610
v -14.56124020 -13.97737980 396.00000000
v -14.61487961 -13.84788036 396.00000000
v -14.61487961 -13.84788036 392.10000610
v -14.65369034 -13.71317959 392.10000610
v -14.61487961 -13.84788036 396.00000000
v -14.65369034 -13.71317959 396.00000000
v -14.65369034 -13.71317959 392.10000610
v -14.67716980 -13.57497978 392.10000610
v -14.65369034 -13.71317959 396.00000000
v -14.67716980 -13.57497978 396.00000000
v -14.67716980 -13.57497978 392.10000610
v -14.68502998 -13.43502998 392.10000610
v -14.67716980 -13.57497978 396.00000000
v -14.68502998 -13.43502998 396.00000000
v -14.68502998 13.43502998 396.00000000
v -14.67716980 13.57497978 392.10000610
v -14.67716980 13.57497978 396.00000000
v -14.68502998 13.43502998 392.10000610
v -14.67716980 13.57497978 396.00000000
v -14.65369034 13.71317959 392.10000610
v -14.65369034 13.71317959 396.00000000
v -14.67716980 13.57497978 392.10000610
v -14.65369034 13.71317959 396.00000000
v -14.61487961 13.84788036 392.10000610
v -14.61487961 13.84788036 396.00000000
v -14.65369034 13.71317959 392.10000610
v -14.61487961 13.84788036 396.00000000
v -14.56124020 13.97737980 392.10000610
v -14.56124020 13.97737980 396.00000000
v -14.61487961 13.84788036 392.10000610
v -14.56124020 13.97737980 396.00000000
v -14.49343014 14.10007000 392.10000610
v -14.49343014 14.10007000 396.00000000
v -14.56124020 13.97737980 392.10000610
v -14.49343014 14.10007000 396.00000000
v -14.41232014 14.21438980 392.10000610
v -14.41232014 14.21438980 396.00000000
v -14.49343014 14.10007000 392.10000610
v -14.31890965 14.31890965 396.00000000
v -14.31890965 14.31890965 392.10000610
v -14.21438980 14.41232014 396.00000000
v -14.41232014 14.21438980 396.00000000
v -14.31890965 14.31890965 392.10000610
v -14.31890965 14.31890965 396.00000000
v -14.41232014 14.21438980 392.10000610
v -14.21438980 14.41232014 396.00000000
v -14.21438980 14.41232014 392.10000610
v -14.10007000 14.49343014 396.00000000
v -14.21438980 14.41232014 392.10000610
v -14.10007000 14.49343014 392.10000610
v -14.10007000 14.49343014 396.00000000
v -13.97737980 14.56124020 392.10000610
v -13.97737980 14.56124020 396.00000000
v -14.10007000 14.49343014 392.10000610
v -13.97737980 14.56124020 396.00000000
v -13.84788036 14.61487961 392.10000610
v -13.84788036 14.61487961 396.00000000
v -13.97737980 14.56124020 392.10000610
v -13.84788036 14.61487961 396.00000000
v -13.71317959 14.65369034 392.10000610
v -13.71317959 14.65369034 396.00000000
v -13.84788036 14.61487961 392.10000610
v -13.71317959 14.65369034 396.00000000
v -13.57497978 14.67716980 392.10000610
v -13.57497978 14.67716980 396.00000000
v -13.71317959 14.65369034 392.10000610
v -13.57497978 14.67716980 396.00000000
v -13.43502998 14.68502998 392.10000610
v -13.43502998 14.68502998 396.00000000
v -13.57497978 14.67716980 392.10000610
v -13.43502998 14.68502998 392.10000610
v -13.29506969 14.67716980 392.10000610
v -13.43502998 14.68502998 396.00000000
v -13.29506969 14.67716980 396.00000000
v -13.29506969 14.67716980 392.10000610
v -13.15688038 14.65369034 392.10000610
v -13.29506969 14.67716980 396.00000000
v -13.15688038 14.65369034 396.00000000
v -13.15688038 14.65369034 392.10000610
v -13.02217960 14.61487961 392.10000610
v -13.15688038 14.65369034 396.00000000
v -13.02217960 14.61487961 396.00000000
v -13.02217960 14.61487961 392.10000610
v -12.89266968 14.56124020 396.00000000
v -13.02217960 14.61487961 396.00000000
v -12.89266968 14.56124020 392.10000610
v -12.89266968 14.56124020 392.10000610
v -12.76998997 14.49343014 392.10000610
v -12.89266968 14.56124020 396.00000000
v -12.76998997 14.49343014 396.00000000
v -12.76998997 14.49343014 392.10000610
v -12.65567017 14.41232014 396.00000000
v -12.76998997 14.49343014 396.00000000
v -12.65567017 14.41232014 396.00000000
v -12.65567017 14.41232014 392.10000610
v -12.55113983 14.31890965 396.00000000
v -12.65567017 14.41232014 392.10000610
v -12.55113983 14.31890965 392.10000610
v -12.55113983 14.31890965 396.00000000
v -12.45773983 14.21438980 392.10000610
v -12.45773983 14.21438980 396.00000000
v -12.55113983 14.31890965 392.10000610
v -12.45773983 14.21438980 392.10000610
v -12.37662029 14.10007000 392.10000610
v -12.45773983 14.21438980 396.00000000
v -12.37662029 14.10007000 396.00000000
v -12.37662029 14.10007000 392.10000610
v -12.30881977 13.97737980 396.00000000
v -12.37662029 14.10007000 396.00000000
v -12.30881977 13.97737980 392.10000610
v -12.30881977 13.97737980 392.10000610
v -12.25516987 13.84788036 392.10000610
v -12.30881977 13.97737980 396.00000000
v -12.25516987 13.84788036 396.00000000
v -12.25516987 13.84788036 392.10000610
v -12.21636963 13.71317959 392.10000610
v -12.25516987 13.84788036 396.00000000
v -12.21636963 13.71317959 396.00000000
v -12.21636963 13.71317959 392.10000610
v -12.19289017 13.57497978 392.10000610
v -12.21636963 13.71317959 396.00000000
v -12.19289017 13.57497978 396.00000000
v -12.19289017 13.57497978 392.10000610
v -12.18502998 13.43502998 392.10000610
v -12.19289017 13.57497978 396.00000000
v -12.18502998 13.43502998 396.00000000
v -12.18502998 13.43502998 392.10000610
v -12.19289017 13.29506969 392.10000610
v -12.18502998 13.43502998 396.00000000
v -12.19289017 13.29506969 396.00000000
v -12.19289017 13.29506969 392.10000610
v -12.21636963 13.15688038 392.10000610
v -12.19289017 13.29506969 396.00000000
v -12.21636963 13.15688038 396.00000000
v -12.21636963 13.15688038 392.10000610
v -12.25516987 13.02217960 392.10000610
v -12.21636963 13.15688038 396.00000000
v -12.25516987 13.02217960 396.00000000
v -12.25516987 13.02217960 392.10000610
v -12.30881977 12.89266968 392.10000610
v -12.25516987 13.02217960 396.00000000
v -12.30881977 12.89266968 396.00000000
v -12.30881977 12.89266968 392.10000610
v -12.37662029 12.76998997 392.10000610
v -12.30881977 12.89266968 396.00000000
v -12.37662029 12.76998997 396.00000000
v -12.37662029 12.76998997 392.10000610
v -12.45773983 12.65567017 392.10000610
v -12.37662029 12.76998997 396.00000000
v -12.45773983 12.65567017 396.00000000
v -12.45773983 12.65567017 392.10000610
v -12.55113983 12.55113983 396.00000000
v -12.45773983 12.65567017 396.00000000
v -12.55113983 12.55113983 392.10000610
v -12.55113983 12.55113983 392.10000610
v -12.65567017 12.45773983 392.10000610
v -12.55113983 12.55113983 396.00000000
v -12.65567017 12.45773983 396.00000000
v -12.65567017 12.45773983 392.10000610
v -12.76998997 12.37662029 392.10000610
v -12.65567017 12.45773983 396.00000000
v -12.76998997 12.37662029 396.00000000
v -12.76998997 12.37662029 392.10000610
v -12.89266968 12.30881977 392.10000610
v -12.76998997 12.37662029 396.00000000
v -12.89266968 12.30881977 396.00000000
v -12.89266968 12.30881977 392.10000610
v -13.02217960 12.25516987 392.10000610
v -12.89266968 12.30881977 396.00000000
v -13.02217960 12.25516987 396.00000000
v -13.02217960 12.25516987 396.00000000
v -13.15688038 12.21636963 392.10000610
v -13.15688038 12.21636963 396.00000000
v -13.02217960 12.25516987 392.10000610
v -13.15688038 12.21636963 392.10000610
v -13.29506969 12.19289017 392.10000610
v -13.15688038 12.21636963 396.00000000
v -13.29506969 12.19289017 396.00000000
v -13.43502998 12.18502998 396.00000000
v -13.43502998 12.18502998 392.10000610
v -13.57497978 12.19289017 396.00000000
v -13.29506969 12.19289017 396.00000000
v -13.43502998 12.18502998 392.10000610
v -13.43502998 12.18502998 396.00000000
v -13.29506969 12.19289017 392.10000610
v -13.57497978 12.19289017 392.10000610
v -13.57497978 12.19289017 396.00000000
v -13.71317959 12.21636963 392.10000610
v -13.71317959 12.21636963 396.00000000
v -13.57497978 12.19289017 392.10000610
v -13.71317959 12.21636963 396.00000000
v -13.84788036 12.25516987 392.10000610
v -13.84788036 12.25516987 396.00000000
v -13.71317959 12.21636963 392.10000610
v -13.84788036 12.25516987 396.00000000
v -13.97737980 12.30881977 392.10000610
v -13.97737980 12.30881977 396.00000000
v -13.84788036 12.25516987 392.10000610
v -13.97737980 12.30881977 392.10000610
v -14.10007000 12.37662029 392.10000610
v -13.97737980 12.30881977 396.00000000
v -14.10007000 12.37662029 396.00000000
v -14.10007000 12.37662029 392.10000610
v -14.21438980 12.45773983 392.10000610
v -14.10007000 12.37662029 396.00000000
v -14.21438980 12.45773983 396.00000000
v -14.21438980 12.45773983 392.10000610
v -14.31890965 12.55113983 396.00000000
v -14.21438980 12.45773983 396.00000000
v -14.31890965 12.55113983 392.10000610
v -14.31890965 12.55113983 392.10000610
v -14.41232014 12.65567017 392.10000610
v -14.31890965 12.55113983 396.00000000
v -14.41232014 12.65567017 396.00000000
v -14.41232014 12.65567017 392.10000610
v -14.49343014 12.76998997 396.00000000
v -14.41232014 12.65567017 396.00000000
v -14.49343014 12.76998997 392.10000610
v -14.49343014 12.76998997 392.10000610
v -14.56124020 12.89266968 392.10000610
v -14.49343014 12.76998997 396.00000000
v -14.56124020 12.89266968 396.00000000
v -14.56124020 12.89266968 392.10000610
v -14.61487961 13.02217960 392.10000610
v -14.56124020 12.89266968 396.00000000
v -14.61487961 13.02217960 396.00000000
v -14.61487961 13.02217960 392.10000610
v -14.65369034 13.15688038 392.10000610
v -14.61487961 13.02217960 396.00000000
v -14.65369034 13.15688038 396.00000000
v -14.65369034 13.15688038 392.10000610
v -14.67716980 13.29506969 392.10000610
v -14.65369034 13.15688038 396.00000000
v -14.67716980 13.29506969 396.00000000
v -14.67716980 13.29506969 392.10000610
v -14.68502998 13.43502998 392.10000610
v -14.67716980 13.29506969 396.00000000
v -14.68502998 13.43502998 396.00000000
v -20.63121986 18.03121948 392.00000000
v -20.62734032 18.17321014 392.00000000
v -20.63121986 18.03121948 392.29998779
v -20.62734032 18.17321014 392.29998779
v -20.62734032 18.17321014 392.29998779
v -20.61572075 18.31476974 392.00000000
v -20.61572075 18.31476974 392.29998779
v -20.62734032 18.17321014 392.00000000
v -20.61572075 18.31476974 392.29998779
v -20.59638023 18.45548058 392.00000000
v -20.59638023 18.45548058 392.29998779
v -20.61572075 18.31476974 392.00000000
v -20.59638023 18.45548058 392.29998779
v -20.56937981 18.59493065 392.00000000
v -20.56937981 18.59493065 392.29998779
v -20.59638023 18.45548058 392.00000000
v -20.56937981 18.59493065 392.29998779
v -20.53480911 18.73270035 392.00000000
v -20.53480911 18.73270035 392.29998779
v -20.56937981 18.59493065 392.00000000
v -20.53480911 18.73270035 392.29998779
v -20.49276924 18.86837006 392.00000000
v -20.49276924 18.86837006 392.29998779
v -20.53480911 18.73270035 392.00000000
v -20.49276924 18.86837006 392.29998779
v -20.44338036 19.00153923 392.00000000
v -20.44338036 19.00153923 392.29998779
v -20.49276924 18.86837006 392.00000000
v -20.44338036 19.00153923 392.29998779
v -20.38678932 19.13182068 392.00000000
v -20.38678932 19.13182068 392.29998779
v -20.38678932 19.13182068 392.29998779
v -20.38678932 19.13182068 392.00000000
v -20.32316971 19.25881004 392.29998779
v -20.44338036 19.00153923 392.00000000
v -20.32316971 19.25881004 392.00000000
v -20.32316971 19.25881004 392.29998779
v -20.25271034 19.38213921 392.00000000
v -20.25271034 19.38213921 392.29998779
v -20.32316971 19.25881004 392.00000000
v -20.25271034 19.38213921 392.29998779
v -20.17563057 19.50144005 392.00000000
v -20.17563057 19.50144005 392.29998779
v -20.25271034 19.38213921 392.00000000
v -20.17563057 19.50144005 392.29998779
v -20.09214020 19.61635017 392.00000000
v -20.09214020 19.61635017 392.29998779
v -20.17563057 19.50144005 392.00000000
v -20.09214020 19.61635017 392.29998779
v -20.00250053 19.72653008 392.00000000
v -20.00250053 19.72653008 392.29998779
v -20.09214020 19.61635017 392.00000000
v -20.00250053 19.72653008 392.29998779
v -19.90698051 19.83164978 392.00000000
v -19.90698051 19.83164978 392.29998779
v -20.00250053 19.72653008 392.00000000
v -19.90698051 19.83164978 392.29998779
v -19.80586052 19.93140030 392.00000000
v -19.80586052 19.93140030 392.29998779
v -19.90698051 19.83164978 392.00000000
v -19.80586052 19.93140030 392.29998779
v -19.69944954 20.02547073 392.00000000
v -19.69944954 20.02547073 392.29998779
v -19.80586052 19.93140030 392.00000000
v -19.69944954 20.02547073 392.00000000
v -19.58805084 20.11359978 392.00000000
v -19.69944954 20.02547073 392.29998779
v -19.58805084 20.11359978 392.29998779
v -19.58805084 20.11359978 392.00000000
v -19.47200966 20.19551086 392.00000000
v -19.58805084 20.11359978 392.29998779
v -19.47200966 20.19551086 392.29998779
v -19.47200966 20.19551086 392.00000000
v -19.35166931 20.27095985 392.00000000
v -19.47200966 20.19551086 392.29998779
v -19.35166931 20.27095985 392.29998779
v -19.35166931 20.27095985 392.00000000
v -19.22739029 20.33971977 392.00000000
v -19.35166931 20.27095985 392.29998779
v -19.22739029 20.33971977 392.29998779
v -19.22739029 20.33971977 392.00000000
v -19.09954071 20.40159988 392.00000000
v -19.22739029 20.33971977 392.29998779
v -19.09954071 20.40159988 392.29998779
v -19.09954071 20.40159988 392.00000000
v -18.96850014 20.45639992 392.00000000
v -19.09954071 20.40159988 392.29998779
v -18.96850014 20.45639992 392.29998779
v -18.96850014 20.45639992 392.00000000
v -18.83466911 20.50396919 392.00000000
v -18.96850014 20.45639992 392.29998779
v -18.83466911 20.50396919 392.29998779
v -18.83466911 20.50396919 392.00000000
v -18.69842911 20.54416084 392.00000000
v -18.83466911 20.50396919 392.29998779
v -18.69842911 20.54416084 392.29998779
v -18.69842911 20.54416084 392.00000000
v -18.56020927 20.57683945 392.00000000
v -18.69842911 20.54416084 392.29998779
v -18.56020927 20.57683945 392.29998779
v -18.56020927 20.57683945 392.00000000
v -18.42041016 20.60193062 392.00000000
v -18.56020927 20.57683945 392.29998779
v -18.42041016 20.60193062 392.29998779
v -18.42041016 20.60193062 392.29998779
v -18.27943993 20.61935043 392.00000000
v -18.27943993 20.61935043 392.29998779
v -18.42041016 20.60193062 392.00000000
v -18.27943993 20.61935043 392.29998779
v -18.13772964 20.62903976 392.00000000
v -18.13772964 20.62903976 392.29998779
v -18.27943993 20.61935043 392.00000000
v -18.13772964 20.62903976 392.29998779
v -17.99571037 20.63097954 392.00000000
v -17.99571037 20.63097954 392.29998779
v -18.13772964 20.62903976 392.00000000
v -17.99571037 20.63097954 392.29998779
v -17.85379028 20.62516022 392.00000000
v -17.85379028 20.62516022 392.29998779
v -17.99571037 20.63097954 392.00000000
v -17.85379028 20.62516022 392.29998779
v -17.71240044 20.61160088 392.00000000
v -17.71240044 20.61160088 392.29998779
v -17.85379028 20.62516022 392.00000000
v -17.71240044 20.61160088 392.29998779
v -17.57196999 20.59033966 392.00000000
v -17.57196999 20.59033966 392.29998779
v -17.71240044 20.61160088 392.00000000
v -17.57196999 20.59033966 392.29998779
v -17.43289948 20.56143951 392.00000000
v -17.43289948 20.56143951 392.29998779
v -17.57196999 20.59033966 392.00000000
v -17.43289948 20.56143951 392.29998779
v -17.29561996 20.52499008 392.00000000
v -17.29561996 20.52499008 392.29998779
v -17.43289948 20.56143951 392.00000000
v -17.29561996 20.52499008 392.29998779
v -17.16053963 20.48110008 392.00000000
v -17.16053963 20.48110008 392.29998779
v -17.29561996 20.52499008 392.00000000
v -17.16053963 20.48110008 392.29998779
v -17.02804947 20.42989922 392.00000000
v -17.02804947 20.42989922 392.29998779
v -17.16053963 20.48110008 392.00000000
v -17.02804947 20.42989922 392.29998779
v -16.89855957 20.37154007 392.00000000
v -16.89855957 20.37154007 392.29998779
v -17.02804947 20.42989922 392.00000000
v -16.89855957 20.37154007 392.29998779
v -16.77243996 20.30619049 392.00000000
v -16.77243996 20.30619049 392.29998779
v -16.89855957 20.37154007 392.00000000
v -16.77243996 20.30619049 392.29998779
v -16.65008926 20.23406029 392.00000000
v -16.65008926 20.23406029 392.29998779
v -16.77243996 20.30619049 392.00000000
v -16.65008926 20.23406029 392.29998779
v -16.53186035 20.15534019 392.00000000
v -16.53186035 20.15534019 392.29998779
v -16.53186035 20.15534019 392.29998779
v -16.53186035 20.15534019 392.00000000
v -16.41810036 20.07029915 392.29998779
v -16.65008926 20.23406029 392.00000000
v -16.41810036 20.07029915 392.00000000
v -16.41810036 20.07029915 392.00000000
v -16.30915070 19.97916031 392.00000000
v -16.41810036 20.07029915 392.29998779
v -16.30915070 19.97916031 392.29998779
v -16.30915070 19.97916031 392.29998779
v -16.30915070 19.97916031 392.00000000
v -16.20533943 19.88220978 392.29998779
v -16.20533943 19.88220978 392.00000000
v -16.20533943 19.88220978 392.29998779
v -16.20533943 19.88220978 392.00000000
v -16.10699081 19.77973938 392.29998779
v -16.10699081 19.77973938 392.00000000
v -16.10699081 19.77973938 392.00000000
v -16.01436996 19.67205048 392.00000000
v -16.10699081 19.77973938 392.29998779
v -16.01436996 19.67205048 392.29998779
v -16.01436996 19.67205048 392.29998779
v -16.01436996 19.67205048 392.00000000
v -15.92778015 19.55946922 392.29998779
v -15.92778015 19.55946922 392.00000000
v -15.92778015 19.55946922 392.00000000
v -15.84745979 19.44231987 392.00000000
v -15.92778015 19.55946922 392.29998779
v -15.84745979 19.44231987 392.29998779
v -15.84745979 19.44231987 392.29998779
v -15.84745979 19.44231987 392.00000000
v -15.77365971 19.32095909 392.29998779
v -15.77365971 19.32095909 392.00000000
v -15.77365971 19.32095909 392.29998779
v -15.77365971 19.32095909 392.00000000
v -15.70660019 19.19574928 392.29998779
v -15.70660019 19.19574928 392.00000000
v -15.70660019 19.19574928 392.00000000
v -15.64647007 19.06707001 392.00000000
v -15.70660019 19.19574928 392.29998779
v -15.64647007 19.06707001 392.29998779
v -15.64647007 19.06707001 392.29998779
v -15.64647007 19.06707001 392.00000000
v -15.59346962 18.93528938 392.29998779
v -15.59346962 18.93528938 392.00000000
v -15.59346962 18.93528938 392.00000000
v -15.54773045 18.80081940 392.00000000
v -15.59346962 18.93528938 392.29998779
v -15.54773045 18.80081940 392.29998779
v -15.54773045 18.80081940 392.29998779
v -15.54773045 18.80081940 392.00000000
v -15.50940990 18.66404915 392.29998779
v -15.50940990 18.66404915 392.00000000
v -15.50940990 18.66404915 392.00000000
v -15.47861958 18.52539062 392.00000000
v -15.50940990 18.66404915 392.29998779
v -15.47861958 18.52539062 392.29998779
v -15.47861958 18.52539062 392.00000000
v -15.45543957 18.38525963 392.00000000
v -15.47861958 18.52539062 392.29998779
v -15.45543957 18.38525963 392.29998779
v -15.45543957 18.38525963 392.00000000
v -15.43994999 18.24407005 392.00000000
v -15.45543957 18.38525963 392.29998779
v -15.43994999 18.24407005 392.29998779
v -15.43994999 18.24407005 392.00000000
v -15.43218994 18.10223961 392.00000000
v -15.43994999 18.24407005 392.29998779
v -15.43218994 18.10223961 392.29998779
v -15.43218994 18.10223961 392.00000000
v -15.43218994 17.96021080 392.00000000
v -15.43218994 18.10223961 392.29998779
v -15.43218994 17.96021080 392.29998779
v -15.43218994 17.96021080 392.00000000
v -15.43994999 17.81838036 392.00000000
v -15.43218994 17.96021080 392.29998779
v -15.43994999 17.81838036 392.29998779
v -15.43994999 17.81838036 392.00000000
v -15.45543957 17.67719078 392.00000000
v -15.43994999 17.81838036 392.29998779
v -15.45543957 17.67719078 392.29998779
v -15.45543957 17.67719078 392.29998779
v -15.45543957 17.67719078 392.00000000
v -15.47861958 17.53705978 392.29998779
v -15.47861958 17.53705978 392.00000000
v -15.47861958 17.53705978 392.29998779
v -15.50940990 17.39839935 392.00000000
v -15.50940990 17.39839935 392.29998779
v -15.50940990 17.39839935 392.29998779
v -15.50940990 17.39839935 392.00000000
v -15.54773045 17.26162910 392.29998779
v -15.47861958 17.53705978 392.00000000
v -15.54773045 17.26162910 392.00000000
v -15.54773045 17.26162910 392.29998779
v -15.59346962 17.12715912 392.00000000
v -15.59346962 17.12715912 392.29998779
v -15.59346962 17.12715912 392.29998779
v -15.59346962 17.12715912 392.00000000
v -15.64647007 16.99538040 392.29998779
v -15.54773045 17.26162910 392.00000000
v -15.64647007 16.99538040 392.00000000
v -15.64647007 16.99538040 392.29998779
v -15.70660019 16.86669922 392.00000000
v -15.70660019 16.86669922 392.29998779
v -15.70660019 16.86669922 392.29998779
v -15.70660019 16.86669922 392.00000000
v -15.77365971 16.74148941 392.29998779
v -15.64647007 16.99538040 392.00000000
v -15.77365971 16.74148941 392.00000000
v -15.77365971 16.74148941 392.29998779
v -15.77365971 16.74148941 392.00000000
v -15.84745979 16.62013054 392.29998779
v -15.84745979 16.62013054 392.00000000
v -15.84745979 16.62013054 392.00000000
v -15.92778015 16.50297928 392.00000000
v -15.84745979 16.62013054 392.29998779
v -15.92778015 16.50297928 392.29998779
v -15.92778015 16.50297928 392.00000000
v -16.01436996 16.39039040 392.00000000
v -15.92778015 16.50297928 392.29998779
v -16.01436996 16.39039040 392.29998779
v -16.01436996 16.39039040 392.00000000
v -16.10699081 16.28269958 392.00000000
v -16.01436996 16.39039040 392.29998779
v -16.10699081 16.28269958 392.29998779
v -16.10699081 16.28269958 392.00000000
v -16.20533943 16.18022919 392.00000000
v -16.10699081 16.28269958 392.29998779
v -16.20533943 16.18022919 392.29998779
v -16.20533943 16.18022919 392.29998779
v -16.20533943 16.18022919 392.00000000
v -16.30915070 16.08329010 392.29998779
v -16.30915070 16.08329010 392.00000000
v -16.30915070 16.08329010 392.00000000
v -16.41810036 15.99215031 392.00000000
v -16.30915070 16.08329010 392.29998779
v -16.41810036 15.99215031 392.29998779
v -16.41810036 15.99215031 392.00000000
v -16.53186035 15.90709972 392.00000000
v -16.41810036 15.99215031 392.29998779
v -16.53186035 15.90709972 392.29998779
v -16.53186035 15.90709972 392.00000000
v -16.65008926 15.82839012 392.00000000
v -16.53186035 15.90709972 392.29998779
v -16.65008926 15.82839012 392.29998779
v -16.65008926 15.82839012 392.00000000
v -16.77243996 15.75625992 392.00000000
v -16.65008926 15.82839012 392.29998779
v -16.77243996 15.75625992 392.29998779
v -16.77243996 15.75625992 392.29998779
v -16.77243996 15.75625992 392.00000000
v -16.89855957 15.69091034 392.29998779
v -16.89855957 15.69091034 392.00000000
v -16.89855957 15.69091034 392.00000000
v -17.02804947 15.63255024 392.00000000
v -16.89855957 15.69091034 392.29998779
v -17.02804947 15.63255024 392.29998779
v -17.02804947 15.63255024 392.00000000
v -17.16053963 15.58133984 392.00000000
v -17.02804947 15.63255024 392.29998779
v -17.16053963 15.58133984 392.29998779
v -17.16053963 15.58133984 392.29998779
v -17.16053963 15.58133984 392.00000000
v -17.29561996 15.53744984 392.29998779
v -17.29561996 15.53744984 392.00000000
v -17.29561996 15.53744984 392.29998779
v -17.29561996 15.53744984 392.00000000
v -17.43289948 15.50100040 392.29998779
v -17.43289948 15.50100040 392.00000000
v -17.43289948 15.50100040 392.00000000
v -17.57196999 15.47210026 392.00000000
v -17.43289948 15.50100040 392.29998779
v -17.57196999 15.47210026 392.29998779
v -17.57196999 15.47210026 392.00000000
v -17.71240044 15.45084000 392.00000000
v -17.57196999 15.47210026 392.29998779
v -17.71240044 15.45084000 392.29998779
v -17.71240044 15.45084000 392.29998779
v -17.85379028 15.43727970 392.00000000
v -17.85379028 15.43727970 392.29998779
v -17.71240044 15.45084000 392.00000000
v -17.85379028 15.43727970 392.29998779
v -17.99571037 15.43146038 392.00000000
v -17.99571037 15.43146038 392.29998779
v -17.99571037 15.43146038 392.29998779
v -17.99571037 15.43146038 392.00000000
v -18.13772964 15.43340015 392.29998779
v -17.85379028 15.43727970 392.00000000
v -18.13772964 15.43340015 392.29998779
v -18.13772964 15.43340015 392.00000000
v -18.27943993 15.44309998 392.29998779
v -18.13772964 15.43340015 392.00000000
v -18.27943993 15.44309998 392.29998779
v -18.27943993 15.44309998 392.00000000
v -18.42041016 15.46051025 392.29998779
v -18.27943993 15.44309998 392.00000000
v -18.42041016 15.46051025 392.00000000
v -18.42041016 15.46051025 392.29998779
v -18.56020927 15.48560047 392.00000000
v -18.56020927 15.48560047 392.29998779
v -18.42041016 15.46051025 392.00000000
v -18.56020927 15.48560047 392.29998779
v -18.69842911 15.51828957 392.00000000
v -18.69842911 15.51828957 392.29998779
v -18.56020927 15.48560047 392.00000000
v -18.69842911 15.51828957 392.29998779
v -18.83466911 15.55848026 392.00000000
v -18.83466911 15.55848026 392.29998779
v -18.69842911 15.51828957 392.00000000
v -18.83466911 15.55848026 392.00000000
v -18.96850014 15.60604000 392.00000000
v -18.83466911 15.55848026 392.29998779
v -18.96850014 15.60604000 392.29998779
v -18.96850014 15.60604000 392.00000000
v -19.09954071 15.66084003 392.00000000
v -18.96850014 15.60604000 392.29998779
v -19.09954071 15.66084003 392.29998779
v -19.09954071 15.66084003 392.00000000
v -19.22739029 15.72272015 392.00000000
v -19.09954071 15.66084003 392.29998779
v -19.22739029 15.72272015 392.29998779
v -19.22739029 15.72272015 392.29998779
v -19.35166931 15.79148960 392.00000000
v -19.35166931 15.79148960 392.29998779
v -19.22739029 15.72272015 392.00000000
v -19.35166931 15.79148960 392.29998779
v -19.47200966 15.86693954 392.00000000
v -19.47200966 15.86693954 392.29998779
v -19.47200966 15.86693954 392.29998779
v -19.47200966 15.86693954 392.00000000
v -19.58805084 15.94884968 392.29998779
v -19.35166931 15.79148960 392.00000000
v -19.58805084 15.94884968 392.00000000
v -19.58805084 15.94884968 392.29998779
v -19.69944954 16.03697014 392.00000000
v -19.69944954 16.03697014 392.29998779
v -19.58805084 15.94884968 392.00000000
v -19.69944954 16.03697014 392.29998779
v -19.80586052 16.13105011 392.00000000
v -19.80586052 16.13105011 392.29998779
v -19.69944954 16.03697014 392.00000000
v -19.80586052 16.13105011 392.29998779
v -19.90698051 16.23080063 392.00000000
v -19.90698051 16.23080063 392.29998779
v -19.90698051 16.23080063 392.29998779
v -19.90698051 16.23080063 392.00000000
v -20.00250053 16.33592033 392.29998779
v -19.80586052 16.13105011 392.00000000
v -20.00250053 16.33592033 392.00000000
v -20.00250053 16.33592033 392.29998779
v -20.09214020 16.44610023 392.00000000
v -20.09214020 16.44610023 392.29998779
v -20.00250053 16.33592033 392.00000000
v -20.09214020 16.44610023 392.29998779
v -20.17563057 16.56101036 392.00000000
v -20.17563057 16.56101036 392.29998779
v -20.09214020 16.44610023 392.00000000
v -20.17563057 16.56101036 392.29998779
v -20.25271034 16.68030930 392.00000000
v -20.25271034 16.68030930 392.29998779
v -20.17563057 16.56101036 392.00000000
v -20.25271034 16.68030930 392.29998779
v -20.32316971 16.80364037 392.00000000
v -20.32316971 16.80364037 392.29998779
v -20.25271034 16.68030930 392.00000000
v -20.32316971 16.80364037 392.29998779
v -20.38678932 16.93062973 392.00000000
v -20.38678932 16.93062973 392.29998779
v -20.32316971 16.80364037 392.00000000
v -20.38678932 16.93062973 392.29998779
v -20.44338036 17.06090927 392.00000000
v -20.44338036 17.06090927 392.29998779
v -20.38678932 16.93062973 392.00000000
v -20.44338036 17.06090927 392.29998779
v -20.49276924 17.19408035 392.00000000
v -20.49276924 17.19408035 392.29998779
v -20.44338036 17.06090927 392.00000000
v -20.49276924 17.19408035 392.29998779
v -20.53480911 17.32975006 392.00000000
v -20.53480911 17.32975006 392.29998779
v -20.49276924 17.19408035 392.00000000
v -20.53480911 17.32975006 392.29998779
v -20.56937981 17.46751976 392.00000000
v -20.56937981 17.46751976 392.29998779
v -20.53480911 17.32975006 392.00000000
v -20.56937981 17.46751976 392.29998779
v -20.59638023 17.60696030 392.00000000
v -20.59638023 17.60696030 392.29998779
v -20.56937981 17.46751976 392.00000000
v -20.59638023 17.60696030 392.29998779
v -20.61572075 17.74768066 392.00000000
v -20.61572075 17.74768066 392.29998779
v -20.59638023 17.60696030 392.00000000
v -20.61572075 17.74768066 392.29998779
v -20.62734032 17.88924026 392.00000000
v -20.62734032 17.88924026 392.29998779
v -20.61572075 17.74768066 392.00000000
v -20.62734032 17.88924026 392.29998779
v -20.63121986 18.03121948 392.00000000
v -20.63121986 18.03121948 392.29998779
v -20.62734032 17.88924026 392.00000000
v -17.66963005 16.44696045 393.27499390
v -17.82917023 16.41884041 393.27499390
v -17.82090950 16.74835014 393.60000610
v -17.36288071 16.55002975 393.27499390
v -17.41016960 16.18276024 392.95001221
v -17.51367950 16.49084091 393.27499390
v -17.22920990 16.25378990 392.95001221
v -16.89291954 16.44795036 392.95001221
v -16.89372063 16.06101036 392.62500000
v -17.05621910 16.34247017 392.95001221
v -16.65008926 15.82839012 392.29998779
v -16.70321083 16.18407059 392.62500000
v -16.77243996 15.75625992 392.29998779
v -16.89372063 16.06101036 392.62500000
v -16.65008926 15.82839012 392.29998779
v -16.89855957 15.69091034 392.29998779
v -16.89372063 16.06101036 392.62500000
v -16.77243996 15.75625992 392.29998779
v -17.96084023 16.73312950 393.60000610
v -17.99070930 16.40673065 393.27499390
v -18.10160065 16.73312950 393.60000610
v -17.82917023 16.41884041 393.27499390
v -17.99070930 16.40673065 393.27499390
v -17.96084023 16.73312950 393.60000610
v -17.51367950 16.49084091 393.27499390
v -17.59730911 16.13010979 392.95001221
v -17.66963005 16.44696045 393.27499390
v -17.41016960 16.18276024 392.95001221
v -17.05621910 16.34247017 392.95001221
v -17.09555054 15.95755005 392.62500000
v -17.22920990 16.25378990 392.95001221
v -17.09555054 15.95755005 392.62500000
v -17.02804947 15.63255024 392.29998779
v -17.09555054 15.95755005 392.62500000
v -16.89855957 15.69091034 392.29998779
v -18.10160065 16.73312950 393.60000610
v -18.15266037 16.41077042 393.27499390
v -18.24154091 16.74835014 393.60000610
v -17.99070930 16.40673065 393.27499390
v -18.15266037 16.41077042 393.27499390
v -18.10160065 16.73312950 393.60000610
v -17.66963005 16.44696045 393.27499390
v -17.78874969 16.09635925 392.95001221
v -17.82917023 16.41884041 393.27499390
v -17.59730911 16.13010979 392.95001221
v -20.63121986 18.03121948 392.29998779
v -20.62734032 18.17321014 392.29998779
v -20.30621910 18.03121948 392.62500000
v -17.02804947 15.63255024 392.29998779
v -17.30666924 15.87469006 392.62500000
v -17.16053963 15.58133984 392.29998779
v -17.30666924 15.87469006 392.62500000
v -17.02804947 15.63255024 392.29998779
v -17.29561996 15.53744984 392.29998779
v -17.30666924 15.87469006 392.62500000
v -17.16053963 15.58133984 392.29998779
v -18.24154091 16.74835014 393.60000610
v -18.31340027 16.43091011 393.27499390
v -18.37900925 16.77861023 393.60000610
v -18.15266037 16.41077042 393.27499390
v -18.31340027 16.43091011 393.27499390
v -18.24154091 16.74835014 393.60000610
v -17.98261070 16.08182907 392.95001221
v -17.98261070 16.08182907 392.95001221
v -17.78874969 16.09635925 392.95001221
v -17.29561996 15.53744984 392.29998779
v -17.52499008 15.81326008 392.62500000
v -17.30666924 15.87469006 392.62500000
v -17.52499008 15.81326008 392.62500000
v -17.43289948 15.50100040 392.29998779
v -17.52499008 15.81326008 392.62500000
v -17.29561996 15.53744984 392.29998779
v -17.57196999 15.47210026 392.29998779
v -17.52499008 15.81326008 392.62500000
v -17.43289948 15.50100040 392.29998779
v -18.31340027 16.43091011 393.27499390
v -18.47134018 16.46696091 393.27499390
v -18.37900925 16.77861023 393.60000610
v -18.17695045 16.08667946 392.95001221
v -17.57196999 15.47210026 392.29998779
v -17.74834061 15.77388000 392.62500000
v -17.52499008 15.81326008 392.62500000
v -17.74834061 15.77388000 392.62500000
v -17.71240044 15.45084000 392.29998779
v -17.74834061 15.77388000 392.62500000
v -17.57196999 15.47210026 392.29998779
v -17.85379028 15.43727970 392.29998779
v -17.74834061 15.77388000 392.62500000
v -17.71240044 15.45084000 392.29998779
v -18.37900925 16.77861023 393.60000610
v -18.62490082 16.51855087 393.27499390
v -18.51239967 16.82354927 393.60000610
v -18.47134018 16.46696091 393.27499390
v -18.36984062 16.11084938 392.95001221
v -18.17695045 16.08667946 392.95001221
v -17.74834061 15.77388000 392.62500000
v -17.97451019 15.75693035 392.62500000
v -17.85379028 15.43727970 392.29998779
v -17.97451019 15.75693035 392.62500000
v -17.74834061 15.77388000 392.62500000
v -17.99571037 15.43146038 392.29998779
v -17.97451019 15.75693035 392.62500000
v -17.85379028 15.43727970 392.29998779
v -18.13772964 15.43340015 392.29998779
v -17.97451019 15.75693035 392.62500000
v -17.99571037 15.43146038 392.29998779
v -18.51239967 16.82354927 393.60000610
v -18.77256966 16.58518028 393.27499390
v -18.64015007 16.88265991 393.60000610
v -18.62490082 16.51855087 393.27499390
v -18.77256966 16.58518028 393.27499390
v -18.51239967 16.82354927 393.60000610
v -18.55936050 16.15410995 392.95001221
v -18.36984062 16.11084938 392.95001221
v -17.97451019 15.75693035 392.62500000
v -18.20124054 15.76257992 392.62500000
v -18.20124054 15.76257992 392.62500000
v -18.13772964 15.43340015 392.29998779
v -18.20124054 15.76257992 392.62500000
v -17.97451019 15.75693035 392.62500000
v -18.27943993 15.44309998 392.29998779
v -18.20124054 15.76257992 392.62500000
v -18.13772964 15.43340015 392.29998779
v -18.42041016 15.46051025 392.29998779
v -18.27943993 15.44309998 392.29998779
v -18.64015007 16.88265991 393.60000610
v -18.91286087 16.66617966 393.27499390
v -18.76077080 16.95523071 393.60000610
v -18.77256966 16.58518028 393.27499390
v -18.91286087 16.66617966 393.27499390
v -18.64015007 16.88265991 393.60000610
v -18.74364090 16.21602058 392.95001221
v -18.55936050 16.15410995 392.95001221
v -18.42626953 15.79078007 392.62500000
v -18.56020927 15.48560047 392.29998779
v -18.42626953 15.79078007 392.62500000
v -18.42041016 15.46051025 392.29998779
v -18.91286087 16.66617966 393.27499390
v -19.04438972 16.76074982 393.27499390
v -18.76077080 16.95523071 393.60000610
v -18.76077080 16.95523071 393.60000610
v -19.04438972 16.76074982 393.27499390
v -18.87282944 17.04040909 393.60000610
v -18.62490082 16.51855087 393.27499390
v -18.92082977 16.29597092 392.95001221
v -18.77256966 16.58518028 393.27499390
v -18.74364090 16.21602058 392.95001221
v -18.56020927 15.48560047 392.29998779
v -18.64739037 15.84125042 392.62500000
v -18.42626953 15.79078007 392.62500000
v -18.69842911 15.51828957 392.29998779
v -18.83466911 15.55848026 392.29998779
v -18.64739037 15.84125042 392.62500000
v -18.69842911 15.51828957 392.29998779
v -18.64739037 15.84125042 392.62500000
v -19.04438972 16.76074982 393.27499390
v -19.16585922 16.86794090 393.27499390
v -18.87282944 17.04040909 393.60000610
v -18.87282944 17.04040909 393.60000610
v -19.16585922 16.86794090 393.27499390
v -18.97501945 17.13721085 393.60000610
v -18.92082977 16.29597092 392.95001221
v -19.08918953 16.39316940 392.95001221
v -18.86236954 15.91349030 392.62500000
v -18.83466911 15.55848026 392.29998779
v -18.86236954 15.91349030 392.62500000
v -18.64739037 15.84125042 392.62500000
v -18.96850014 15.60604000 392.29998779
v -18.86236954 15.91349030 392.62500000
v -18.83466911 15.55848026 392.29998779
v -19.09954071 15.66084003 392.29998779
v -18.86236954 15.91349030 392.62500000
v -18.96850014 15.60604000 392.29998779
v -19.16585922 16.86794090 393.27499390
v -19.27605057 16.98669052 393.27499390
v -18.97501945 17.13721085 393.60000610
v -18.97501945 17.13721085 393.60000610
v -19.27605057 16.98669052 393.27499390
v -19.06613922 17.24449921 393.60000610
v -18.91286087 16.66617966 393.27499390
v -19.24703026 16.50665092 392.95001221
v -19.04438972 16.76074982 393.27499390
v -19.08918953 16.39316940 392.95001221
v -18.86236954 15.91349030 392.62500000
v -19.06909943 16.00676918 392.62500000
v -19.09954071 15.66084003 392.29998779
v -19.06909943 16.00676918 392.62500000
v -19.22739029 15.72272015 392.29998779
v -19.06909943 16.00676918 392.62500000
v -19.09954071 15.66084003 392.29998779
v -19.35166931 15.79148960 392.29998779
v -19.06909943 16.00676918 392.62500000
v -19.22739029 15.72272015 392.29998779
v -19.27605057 16.98669052 393.27499390
v -19.37385941 17.11582947 393.27499390
v -19.06613922 17.24449921 393.60000610
v -19.06613922 17.24449921 393.60000610
v -19.37385941 17.11582947 393.27499390
v -19.14513969 17.36100006 393.60000610
v -19.16585922 16.86794090 393.27499390
v -19.39278030 16.63528061 392.95001221
v -19.27605057 16.98669052 393.27499390
v -19.24703026 16.50665092 392.95001221
v -19.39278030 16.63528061 392.95001221
v -19.47200966 15.86693954 392.29998779
v -19.26552010 16.12017059 392.62500000
v -19.35166931 15.79148960 392.29998779
v -19.58805084 15.94884968 392.29998779
v -19.26552010 16.12017059 392.62500000
v -19.47200966 15.86693954 392.29998779
v -19.35166931 15.79148960 392.29998779
v -19.26552010 16.12017059 392.62500000
v -19.37385941 17.11582947 393.27499390
v -19.45833015 17.25406075 393.27499390
v -19.14513969 17.36100006 393.60000610
v -19.14513969 17.36100006 393.60000610
v -19.45833015 17.25406075 393.27499390
v -19.21106911 17.48537064 393.60000610
v -19.52500916 16.77779007 392.95001221
v -19.58805084 15.94884968 392.29998779
v -19.44965935 16.25255966 392.62500000
v -19.26552010 16.12017059 392.62500000
v -19.69944954 16.03697014 392.29998779
v -19.44965935 16.25255966 392.62500000
v -19.58805084 15.94884968 392.29998779
v -19.44965935 16.25255966 392.62500000
v -19.45833015 17.25406075 393.27499390
v -19.52861977 17.40002060 393.27499390
v -19.21106911 17.48537064 393.60000610
v -19.21106911 17.48537064 393.60000610
v -19.52861977 17.40002060 393.27499390
v -19.26317024 17.61613083 393.60000610
v -19.27605057 16.98669052 393.27499390
v -19.64238930 16.93275070 392.95001221
v -19.37385941 17.11582947 393.27499390
v -19.52500916 16.77779007 392.95001221
v -19.80586052 16.13105011 392.29998779
v -19.61971092 16.40262985 392.62500000
v -19.69944954 16.03697014 392.29998779
v -19.90698051 16.23080063 392.29998779
v -19.61971092 16.40262985 392.62500000
v -19.80586052 16.13105011 392.29998779
v -19.52861977 17.40002060 393.27499390
v -19.58403015 17.55224991 393.27499390
v -19.26317024 17.61613083 393.60000610
v -19.26317024 17.61613083 393.60000610
v -19.58403015 17.55224991 393.27499390
v -19.30083084 17.75176048 393.60000610
v -19.37385941 17.11582947 393.27499390
v -19.74375916 17.09863091 392.95001221
v -19.45833015 17.25406075 393.27499390
v -19.64238930 16.93275070 392.95001221
v -19.74375916 17.09863091 392.95001221
v -20.00250053 16.33592033 392.29998779
v -19.77396965 16.56888008 392.62500000
v -19.90698051 16.23080063 392.29998779
v -20.09214020 16.44610023 392.29998779
v -19.77396965 16.56888008 392.62500000
v -20.00250053 16.33592033 392.29998779
v -19.61971092 16.40262985 392.62500000
v -19.77396965 16.56888008 392.62500000
v -19.58403015 17.55224991 393.27499390
v -19.62400055 17.70923996 393.27499390
v -19.30083084 17.75176048 393.60000610
v -19.30083084 17.75176048 393.60000610
v -19.62400055 17.70923996 393.27499390
v -19.32360077 17.89067078 393.60000610
v -19.82810020 17.27378082 392.95001221
v -20.17563057 16.56101036 392.29998779
v -19.91091919 16.74967003 392.62500000
v -20.09214020 16.44610023 392.29998779
v -20.25271034 16.68030930 392.29998779
v -19.91091919 16.74967003 392.62500000
v -20.17563057 16.56101036 392.29998779
v -20.09214020 16.44610023 392.29998779
v -19.91091919 16.74967003 392.62500000
v -19.33122063 18.03121948 393.60000610
v -19.64814949 17.86943054 393.27499390
v -19.65621948 18.03121948 393.27499390
v -19.64814949 17.86943054 393.27499390
v -19.32360077 17.89067078 393.60000610
v -19.52861977 17.40002060 393.27499390
v -19.89459038 17.45644951 392.95001221
v -19.58403015 17.55224991 393.27499390
v -19.82810020 17.27378082 392.95001221
v -20.32316971 16.80364037 392.29998779
v -20.02918053 16.94319916 392.62500000
v -20.25271034 16.68030930 392.29998779
v -20.38678932 16.93062973 392.29998779
v -20.02918053 16.94319916 392.62500000
v -20.32316971 16.80364037 392.29998779
v -20.25271034 16.68030930 392.29998779
v -20.02918053 16.94319916 392.62500000
v -19.91091919 16.74967003 392.62500000
v -20.02918053 16.94319916 392.62500000
v -19.94256020 17.64484024 392.95001221
v -19.89459038 17.45644951 392.95001221
v -20.44338036 17.06090927 392.29998779
v -20.12758064 17.14752960 392.62500000
v -20.38678932 16.93062973 392.29998779
v -20.49276924 17.19408035 392.29998779
v -20.12758064 17.14752960 392.62500000
v -20.44338036 17.06090927 392.29998779
v -20.38678932 16.93062973 392.29998779
v -20.12758064 17.14752960 392.62500000
v -20.02918053 16.94319916 392.62500000
v -20.12758064 17.14752960 392.62500000
v -19.97153091 17.83707047 392.95001221
v -19.98122025 18.03121948 392.95001221
v -19.97153091 17.83707047 392.95001221
v -19.94256020 17.64484024 392.95001221
v -20.53480911 17.32975006 392.29998779
v -20.20515060 17.36066055 392.62500000
v -20.49276924 17.19408035 392.29998779
v -20.20515060 17.36066055 392.62500000
v -20.49276924 17.19408035 392.29998779
v -20.12758064 17.14752960 392.62500000
v -20.20515060 17.36066055 392.62500000
v -20.26111984 17.58044052 392.62500000
v -20.56937981 17.46751976 392.29998779
v -20.26111984 17.58044052 392.62500000
v -20.53480911 17.32975006 392.29998779
v -20.59638023 17.60696030 392.29998779
v -20.26111984 17.58044052 392.62500000
v -20.56937981 17.46751976 392.29998779
v -20.20515060 17.36066055 392.62500000
v -20.29491997 17.80471039 392.62500000
v -20.30621910 18.03121948 392.62500000
v -20.26111984 17.58044052 392.62500000
v -20.29491997 17.80471039 392.62500000
v -20.61572075 17.74768066 392.29998779
v -20.29491997 17.80471039 392.62500000
v -20.59638023 17.60696030 392.29998779
v -20.62734032 17.88924026 392.29998779
v -20.29491997 17.80471039 392.62500000
v -20.61572075 17.74768066 392.29998779
v -20.26111984 17.58044052 392.62500000
v -20.30621910 18.03121948 392.62500000
v -20.29491997 17.80471039 392.62500000
v -20.62734032 17.88924026 392.29998779
v -20.62734032 17.88924026 392.29998779
v -20.63121986 18.03121948 392.29998779
v -20.30621910 18.03121948 392.62500000
v -19.65621948 18.03121948 393.27499390
v -19.64814949 18.19301987 393.27499390
v -19.33122063 18.03121948 393.60000610
v -19.32360077 18.17177963 393.60000610
v -19.64814949 18.19301987 393.27499390
v -19.62400055 18.35321045 393.27499390
v -19.32360077 18.17177963 393.60000610
v -19.30083084 18.31068039 393.60000610
v -19.30083084 18.31068039 393.60000610
v -19.58403015 18.51020050 393.27499390
v -19.26317024 18.44631958 393.60000610
v -19.62400055 18.35321045 393.27499390
v -19.58403015 18.51020050 393.27499390
v -19.30083084 18.31068039 393.60000610
v -19.98122025 18.03121948 392.95001221
v -19.97153091 18.22537994 392.95001221
v -19.58403015 18.51020050 393.27499390
v -19.52861977 18.66242981 393.27499390
v -19.26317024 18.44631958 393.60000610
v -19.26317024 18.44631958 393.60000610
v -19.52861977 18.66242981 393.27499390
v -19.21106911 18.57707977 393.60000610
v -19.97153091 18.22537994 392.95001221
v -19.94256020 18.41761017 392.95001221
v -19.21106911 18.57707977 393.60000610
v -19.45833015 18.80838966 393.27499390
v -19.14513969 18.70144081 393.60000610
v -19.52861977 18.66242981 393.27499390
v -19.45833015 18.80838966 393.27499390
v -19.21106911 18.57707977 393.60000610
v -19.94256020 18.41761017 392.95001221
v -19.89459038 18.60600090 392.95001221
v -20.62734032 18.17321014 392.29998779
v -20.29491997 18.25774002 392.62500000
v -20.30621910 18.03121948 392.62500000
v -20.61572075 18.31476974 392.29998779
v -20.29491997 18.25774002 392.62500000
v -20.62734032 18.17321014 392.29998779
v -20.59638023 18.45548058 392.29998779
v -20.29491997 18.25774002 392.62500000
v -20.61572075 18.31476974 392.29998779
v -20.30621910 18.03121948 392.62500000
v -20.29491997 18.25774002 392.62500000
v -19.14513969 18.70144081 393.60000610
v -19.37385941 18.94662094 393.27499390
v -19.06613922 18.81794930 393.60000610
v -19.45833015 18.80838966 393.27499390
v -19.37385941 18.94662094 393.27499390
v -19.14513969 18.70144081 393.60000610
v -19.89459038 18.60600090 392.95001221
v -19.82810020 18.78866959 392.95001221
v -19.58403015 18.51020050 393.27499390
v -19.52861977 18.66242981 393.27499390
v -20.26111984 18.48200989 392.62500000
v -20.56937981 18.59493065 392.29998779
v -20.26111984 18.48200989 392.62500000
v -20.59638023 18.45548058 392.29998779
v -20.53480911 18.73270035 392.29998779
v -20.26111984 18.48200989 392.62500000
v -20.56937981 18.59493065 392.29998779
v -20.26111984 18.48200989 392.62500000
v -20.29491997 18.25774002 392.62500000
v -19.06613922 18.81794930 393.60000610
v -19.27605057 19.07575035 393.27499390
v -18.97501945 18.92523003 393.60000610
v -19.37385941 18.94662094 393.27499390
v -19.27605057 19.07575035 393.27499390
v -19.06613922 18.81794930 393.60000610
v -19.74375916 18.96381950 392.95001221
v -19.82810020 18.78866959 392.95001221
v -20.20515060 18.70178986 392.62500000
v -20.49276924 18.86837006 392.29998779
v -20.20515060 18.70178986 392.62500000
v -20.53480911 18.73270035 392.29998779
v -20.20515060 18.70178986 392.62500000
v -20.26111984 18.48200989 392.62500000
v -19.27605057 19.07575035 393.27499390
v -19.16585922 19.19450951 393.27499390
v -18.97501945 18.92523003 393.60000610
v -18.97501945 18.92523003 393.60000610
v -19.16585922 19.19450951 393.27499390
v -18.87282944 19.02202988 393.60000610
v -19.74375916 18.96381950 392.95001221
v -19.64238930 19.12969971 392.95001221
v -19.45833015 18.80838966 393.27499390
v -19.37385941 18.94662094 393.27499390
v -19.64238930 19.12969971 392.95001221
v -19.27605057 19.07575035 393.27499390
v -19.37385941 18.94662094 393.27499390
v -20.12758064 18.91490936 392.62500000
v -20.44338036 19.00153923 392.29998779
v -20.12758064 18.91490936 392.62500000
v -20.49276924 18.86837006 392.29998779
v -20.38678932 19.13182068 392.29998779
v -20.12758064 18.91490936 392.62500000
v -20.44338036 19.00153923 392.29998779
v -20.20515060 18.70178986 392.62500000
v -20.49276924 18.86837006 392.29998779
v -18.87282944 19.02202988 393.60000610
v -19.04438972 19.30170059 393.27499390
v -18.76077080 19.10721970 393.60000610
v -19.16585922 19.19450951 393.27499390
v -19.04438972 19.30170059 393.27499390
v -18.87282944 19.02202988 393.60000610
v -19.52500916 19.28466034 392.95001221
v -20.02918053 19.11924934 392.62500000
v -20.32316971 19.25881004 392.29998779
v -20.02918053 19.11924934 392.62500000
v -20.38678932 19.13182068 392.29998779
v -20.25271034 19.38213921 392.29998779
v -20.02918053 19.11924934 392.62500000
v -20.32316971 19.25881004 392.29998779
v -20.02918053 19.11924934 392.62500000
v -20.12758064 18.91490936 392.62500000
v -20.38678932 19.13182068 392.29998779
v -20.02918053 19.11924934 392.62500000
v -20.12758064 18.91490936 392.62500000
v -19.04438972 19.30170059 393.27499390
v -18.91286087 19.39627075 393.27499390
v -18.76077080 19.10721970 393.60000610
v -18.76077080 19.10721970 393.60000610
v -18.91286087 19.39627075 393.27499390
v -18.64015007 19.17979050 393.60000610
v -19.27605057 19.07575035 393.27499390
v -19.39278030 19.42716026 392.95001221
v -19.16585922 19.19450951 393.27499390
v -19.52500916 19.28466034 392.95001221
v -19.39278030 19.42716026 392.95001221
v -20.25271034 19.38213921 392.29998779
v -19.91091919 19.31278038 392.62500000
v -20.17563057 19.50144005 392.29998779
v -19.91091919 19.31278038 392.62500000
v -20.25271034 19.38213921 392.29998779
v -20.09214020 19.61635017 392.29998779
v -19.91091919 19.31278038 392.62500000
v -20.17563057 19.50144005 392.29998779
v -18.64015007 19.17979050 393.60000610
v -18.77256966 19.47727013 393.27499390
v -18.51239967 19.23888969 393.60000610
v -18.91286087 19.39627075 393.27499390
v -18.77256966 19.47727013 393.27499390
v -18.64015007 19.17979050 393.60000610
v -19.24703026 19.55578995 392.95001221
v -20.09214020 19.61635017 392.29998779
v -19.77396965 19.49357033 392.62500000
v -19.91091919 19.31278038 392.62500000
v -20.00250053 19.72653008 392.29998779
v -19.77396965 19.49357033 392.62500000
v -20.09214020 19.61635017 392.29998779
v -19.90698051 19.83164978 392.29998779
v -19.77396965 19.49357033 392.62500000
v -20.00250053 19.72653008 392.29998779
v -18.51239967 19.23888969 393.60000610
v -18.62490082 19.54389000 393.27499390
v -18.37900925 19.28384018 393.60000610
v -18.77256966 19.47727013 393.27499390
v -18.62490082 19.54389000 393.27499390
v -18.51239967 19.23888969 393.60000610
v -19.04438972 19.30170059 393.27499390
v -19.08918953 19.66926956 392.95001221
v -18.91286087 19.39627075 393.27499390
v -19.24703026 19.55578995 392.95001221
v -19.80586052 19.93140030 392.29998779
v -19.61971092 19.65982056 392.62500000
v -19.90698051 19.83164978 392.29998779
v -19.69944954 20.02547073 392.29998779
v -19.61971092 19.65982056 392.62500000
v -19.80586052 19.93140030 392.29998779
v -19.61971092 19.65982056 392.62500000
v -18.47134018 19.59548950 393.27499390
v -18.92082977 19.76646996 392.95001221
v -19.08918953 19.66926956 392.95001221
v -19.58805084 20.11359978 392.29998779
v -19.44965935 19.80989075 392.62500000
v -19.69944954 20.02547073 392.29998779
v -19.44965935 19.80989075 392.62500000
v -18.37900925 19.28384018 393.60000610
v -18.31340027 19.63154030 393.27499390
v -18.24154091 19.31410027 393.60000610
v -18.47134018 19.59548950 393.27499390
v -18.31340027 19.63154030 393.27499390
v -18.37900925 19.28384018 393.60000610
v -18.74364090 19.84642982 392.95001221
v -18.92082977 19.76646996 392.95001221
v -18.74364090 19.84642982 392.95001221
v -18.77256966 19.47727013 393.27499390
v -18.62490082 19.54389000 393.27499390
v -19.47200966 20.19551086 392.29998779
v -19.26552010 19.94227982 392.62500000
v -19.58805084 20.11359978 392.29998779
v -19.35166931 20.27095985 392.29998779
v -19.26552010 19.94227982 392.62500000
v -19.47200966 20.19551086 392.29998779
v -19.58805084 20.11359978 392.29998779
v -19.26552010 19.94227982 392.62500000
v -19.44965935 19.80989075 392.62500000
v -18.24154091 19.31410027 393.60000610
v -18.15266037 19.65167999 393.27499390
v -18.10160065 19.32932091 393.60000610
v -18.31340027 19.63154030 393.27499390
v -18.15266037 19.65167999 393.27499390
v -18.24154091 19.31410027 393.60000610
v -18.55936050 19.90834045 392.95001221
v -19.22739029 20.33971977 392.29998779
v -19.06909943 20.05567932 392.62500000
v -19.35166931 20.27095985 392.29998779
v -19.09954071 20.40159988 392.29998779
v -19.06909943 20.05567932 392.62500000
v -19.22739029 20.33971977 392.29998779
v -19.06909943 20.05567932 392.62500000
v -19.35166931 20.27095985 392.29998779
v -19.26552010 19.94227982 392.62500000
v -18.10160065 19.32932091 393.60000610
v -17.99070930 19.65571976 393.27499390
v -17.96084023 19.32932091 393.60000610
v -18.15266037 19.65167999 393.27499390
v -17.99070930 19.65571976 393.27499390
v -18.10160065 19.32932091 393.60000610
v -18.36984062 19.95159912 392.95001221
v -18.55936050 19.90834045 392.95001221
v -18.96850014 20.45639992 392.29998779
v -18.86236954 20.14896011 392.62500000
v -19.09954071 20.40159988 392.29998779
v -18.83466911 20.50396919 392.29998779
v -18.86236954 20.14896011 392.62500000
v -18.96850014 20.45639992 392.29998779
v -18.86236954 20.14896011 392.62500000
v -19.09954071 20.40159988 392.29998779
v -19.06909943 20.05567932 392.62500000
v -17.99070930 19.65571976 393.27499390
v -17.82917023 19.64361000 393.27499390
v -17.96084023 19.32932091 393.60000610
v -17.96084023 19.32932091 393.60000610
v -17.82917023 19.64361000 393.27499390
v -17.82090950 19.31410027 393.60000610
v -18.36984062 19.95159912 392.95001221
v -18.17695045 19.97577095 392.95001221
v -18.69842911 20.54416084 392.29998779
v -18.64739037 20.22118950 392.62500000
v -18.83466911 20.50396919 392.29998779
v -18.56020927 20.57683945 392.29998779
v -18.64739037 20.22118950 392.62500000
v -18.69842911 20.54416084 392.29998779
v -18.83466911 20.50396919 392.29998779
v -18.64739037 20.22118950 392.62500000
v -18.86236954 20.14896011 392.62500000
v -18.64739037 20.22118950 392.62500000
v -18.86236954 20.14896011 392.62500000
v -17.82090950 19.31410027 393.60000610
v -17.66963005 19.61548042 393.27499390
v -17.68343925 19.28384018 393.60000610
v -17.82917023 19.64361000 393.27499390
v -17.66963005 19.61548042 393.27499390
v -17.82090950 19.31410027 393.60000610
v -18.17695045 19.97577095 392.95001221
v -17.98261070 19.98061943 392.95001221
v -18.42626953 20.27165985 392.62500000
v -18.42041016 20.60193062 392.29998779
v -18.42626953 20.27165985 392.62500000
v -18.56020927 20.57683945 392.29998779
v -17.68343925 19.28384018 393.60000610
v -17.51367950 19.57160950 393.27499390
v -17.55003929 19.23888969 393.60000610
v -17.66963005 19.61548042 393.27499390
v -17.51367950 19.57160950 393.27499390
v -17.68343925 19.28384018 393.60000610
v -17.78874969 19.96608925 392.95001221
v -17.98261070 19.98061943 392.95001221
v -18.27943993 20.61935043 392.29998779
v -18.20124054 20.29986000 392.62500000
v -18.42041016 20.60193062 392.29998779
v -18.13772964 20.62903976 392.29998779
v -18.20124054 20.29986000 392.62500000
v -18.27943993 20.61935043 392.29998779
v -18.42626953 20.27165985 392.62500000
v -17.55003929 19.23888969 393.60000610
v -17.36288071 19.51242065 393.27499390
v -17.42229080 19.17979050 393.60000610
v -17.51367950 19.57160950 393.27499390
v -17.36288071 19.51242065 393.27499390
v -17.55003929 19.23888969 393.60000610
v -17.78874969 19.96608925 392.95001221
v -17.59730911 19.93232918 392.95001221
v -17.82917023 19.64361000 393.27499390
v -17.66963005 19.61548042 393.27499390
v -17.99571037 20.63097954 392.29998779
v -17.97451019 20.30551910 392.62500000
v -18.13772964 20.62903976 392.29998779
v -17.85379028 20.62516022 392.29998779
v -17.97451019 20.30551910 392.62500000
v -17.99571037 20.63097954 392.29998779
v -17.97451019 20.30551910 392.62500000
v -18.20124054 20.29986000 392.62500000
v -17.97451019 20.30551910 392.62500000
v -18.13772964 20.62903976 392.29998779
v -17.97451019 20.30551910 392.62500000
v -18.20124054 20.29986000 392.62500000
v -17.36288071 19.51242065 393.27499390
v -17.21871948 19.43852043 393.27499390
v -17.42229080 19.17979050 393.60000610
v -17.42229080 19.17979050 393.60000610
v -17.21871948 19.43852043 393.27499390
v -17.30167961 19.10721970 393.60000610
v -17.59730911 19.93232918 392.95001221
v -17.41016960 19.87968063 392.95001221
v -17.66963005 19.61548042 393.27499390
v -17.51367950 19.57160950 393.27499390
v -17.71240044 20.61160088 392.29998779
v -17.74834061 20.28857040 392.62500000
v -17.85379028 20.62516022 392.29998779
v -17.74834061 20.28857040 392.62500000
v -17.57196999 20.59033966 392.29998779
v -17.74834061 20.28857040 392.62500000
v -17.71240044 20.61160088 392.29998779
v -17.74834061 20.28857040 392.62500000
v -17.85379028 20.62516022 392.29998779
v -17.74834061 20.28857040 392.62500000
v -17.97451019 20.30551910 392.62500000
v -17.30167961 19.10721970 393.60000610
v -17.08263969 19.35062027 393.27499390
v -17.18961906 19.02202988 393.60000610
v -17.21871948 19.43852043 393.27499390
v -17.08263969 19.35062027 393.27499390
v -17.30167961 19.10721970 393.60000610
v -17.51367950 19.57160950 393.27499390
v -17.22920990 19.80866051 392.95001221
v -17.36288071 19.51242065 393.27499390
v -17.41016960 19.87968063 392.95001221
v -17.52499008 20.24917984 392.62500000
v -17.43289948 20.56143951 392.29998779
v -17.52499008 20.24917984 392.62500000
v -17.57196999 20.59033966 392.29998779
v -17.57196999 20.59033966 392.29998779
v -17.52499008 20.24917984 392.62500000
v -17.74834061 20.28857040 392.62500000
v -17.29561996 20.52499008 392.29998779
v -17.52499008 20.24917984 392.62500000
v -17.43289948 20.56143951 392.29998779
v -17.18961906 19.02202988 393.60000610
v -16.95598030 19.24962044 393.27499390
v -17.08742905 18.92523003 393.60000610
v -17.08263969 19.35062027 393.27499390
v -16.95598030 19.24962044 393.27499390
v -17.18961906 19.02202988 393.60000610
v -17.22920990 19.80866051 392.95001221
v -17.05621910 19.71997070 392.95001221
v -17.36288071 19.51242065 393.27499390
v -17.21871948 19.43852043 393.27499390
v -17.29561996 20.52499008 392.29998779
v -17.30666924 20.18775940 392.62500000
v -17.52499008 20.24917984 392.62500000
v -17.30666924 20.18775940 392.62500000
v -17.16053963 20.48110008 392.29998779
v -17.30666924 20.18775940 392.62500000
v -17.29561996 20.52499008 392.29998779
v -17.02804947 20.42989922 392.29998779
v -17.30666924 20.18775940 392.62500000
v -17.16053963 20.48110008 392.29998779
v -16.84000969 19.13649940 393.27499390
v -17.08742905 18.92523003 393.60000610
v -16.84000969 19.13649940 393.27499390
v -16.99629974 18.81794930 393.60000610
v -16.89291954 19.61450005 392.95001221
v -17.05621910 19.71997070 392.95001221
v -16.89291954 19.61450005 392.95001221
v -17.21871948 19.43852043 393.27499390
v -17.08263969 19.35062027 393.27499390
v -16.89855957 20.37154007 392.29998779
v -17.09555054 20.10490036 392.62500000
v -17.02804947 20.42989922 392.29998779
v -17.02804947 20.42989922 392.29998779
v -17.09555054 20.10490036 392.62500000
v -16.84000969 19.13649940 393.27499390
v -16.73587990 19.01240921 393.27499390
v -16.99629974 18.81794930 393.60000610
v -16.74094009 19.49329948 392.95001221
v -16.89372063 20.00143051 392.62500000
v -16.77243996 20.30619049 392.29998779
v -16.89855957 20.37154007 392.29998779
v -17.09555054 20.10490036 392.62500000
v -16.65008926 20.23406029 392.29998779
v -16.89372063 20.00143051 392.62500000
v -16.77243996 20.30619049 392.29998779
v -16.73587990 19.01240921 393.27499390
v -16.64463043 18.87855911 393.27499390
v -16.99629974 18.81794930 393.60000610
v -16.99629974 18.81794930 393.60000610
v -16.64463043 18.87855911 393.27499390
v -16.91731071 18.70144081 393.60000610
v -16.74094009 19.49329948 392.95001221
v -16.60177040 19.35755920 392.95001221
v -16.53186035 20.15534019 392.29998779
v -16.70321083 19.87837982 392.62500000
v -16.65008926 20.23406029 392.29998779
v -16.41810036 20.07029915 392.29998779
v -16.70321083 19.87837982 392.62500000
v -16.53186035 20.15534019 392.29998779
v -16.65008926 20.23406029 392.29998779
v -16.70321083 19.87837982 392.62500000
v -16.89372063 20.00143051 392.62500000
v -16.91731071 18.70144081 393.60000610
v -16.56715012 18.73628044 393.27499390
v -16.85137939 18.57707977 393.60000610
v -16.64463043 18.87855911 393.27499390
v -16.56715012 18.73628044 393.27499390
v -16.91731071 18.70144081 393.60000610
v -16.47681046 19.20863914 392.95001221
v -16.47681046 19.20863914 392.95001221
v -16.60177040 19.35755920 392.95001221
v -16.41810036 20.07029915 392.29998779
v -16.52589035 19.73698044 392.62500000
v -16.70321083 19.87837982 392.62500000
v -16.30915070 19.97916031 392.29998779
v -16.52589035 19.73698044 392.62500000
v -16.41810036 20.07029915 392.29998779
v -16.20533943 19.88220978 392.29998779
v -16.52589035 19.73698044 392.62500000
v -16.30915070 19.97916031 392.29998779
v -16.85137939 18.57707977 393.60000610
v -16.50421906 18.58700943 393.27499390
v -16.79928017 18.44631958 393.60000610
v -16.56715012 18.73628044 393.27499390
v -16.50421906 18.58700943 393.27499390
v -16.85137939 18.57707977 393.60000610
v -16.36730957 19.04801941 392.95001221
v -16.10699081 19.77973938 392.29998779
v -16.36352921 19.57862091 392.62500000
v -16.20533943 19.88220978 392.29998779
v -16.01436996 19.67205048 392.29998779
v -16.36352921 19.57862091 392.62500000
v -16.10699081 19.77973938 392.29998779
v -16.36352921 19.57862091 392.62500000
v -16.20533943 19.88220978 392.29998779
v -16.36352921 19.57862091 392.62500000
v -16.52589035 19.73698044 392.62500000
v -16.52589035 19.73698044 392.62500000
v -16.79928017 18.44631958 393.60000610
v -16.45647049 18.43219948 393.27499390
v -16.76161957 18.31068039 393.60000610
v -16.50421906 18.58700943 393.27499390
v -16.45647049 18.43219948 393.27499390
v -16.79928017 18.44631958 393.60000610
v -16.27433014 18.87730026 392.95001221
v -16.36730957 19.04801941 392.95001221
v -16.01436996 19.67205048 392.29998779
v -16.21775055 19.40488052 392.62500000
v -16.36352921 19.57862091 392.62500000
v -15.92778015 19.55946922 392.29998779
v -16.21775055 19.40488052 392.62500000
v -16.01436996 19.67205048 392.29998779
v -15.84745979 19.44231987 392.29998779
v -16.21775055 19.40488052 392.62500000
v -15.92778015 19.55946922 392.29998779
v -16.76161957 18.31068039 393.60000610
v -16.42436981 18.27342033 393.27499390
v -16.73884010 18.17177963 393.60000610
v -16.45647049 18.43219948 393.27499390
v -16.42436981 18.27342033 393.27499390
v -16.76161957 18.31068039 393.60000610
v -16.27433014 18.87730026 392.95001221
v -16.19882011 18.69816017 392.95001221
v -16.56715012 18.73628044 393.27499390
v -16.50421906 18.58700943 393.27499390
v -15.77365971 19.32095909 392.29998779
v -16.08999062 19.21748924 392.62500000
v -15.84745979 19.44231987 392.29998779
v -16.08999062 19.21748924 392.62500000
v -16.73884010 18.17177963 393.60000610
v -16.40823936 18.11222076 393.27499390
v -16.73122025 18.03121948 393.60000610
v -16.42436981 18.27342033 393.27499390
v -16.40823936 18.11222076 393.27499390
v -16.73884010 18.17177963 393.60000610
v -16.19882011 18.69816017 392.95001221
v -16.14151955 18.51239967 392.95001221
v -16.08999062 19.21748924 392.62500000
v -15.98151970 19.01831055 392.62500000
v -15.70660019 19.19574928 392.29998779
v -15.98151970 19.01831055 392.62500000
v -15.77365971 19.32095909 392.29998779
v -15.64647007 19.06707001 392.29998779
v -15.98151970 19.01831055 392.62500000
v -15.70660019 19.19574928 392.29998779
v -15.98151970 19.01831055 392.62500000
v -15.77365971 19.32095909 392.29998779
v -16.73122025 18.03121948 393.60000610
v -16.40823936 17.95022011 393.27499390
v -16.73884010 17.89067078 393.60000610
v -16.40823936 18.11222076 393.27499390
v -16.40823936 17.95022011 393.27499390
v -16.73122025 18.03121948 393.60000610
v -16.14151955 18.51239967 392.95001221
v -16.10300064 18.32185936 392.95001221
v -16.45647049 18.43219948 393.27499390
v -16.42436981 18.27342033 393.27499390
v -15.64647007 19.06707001 392.29998779
v -15.89342022 18.80932045 392.62500000
v -15.59346962 18.93528938 392.29998779
v -15.89342022 18.80932045 392.62500000
v -15.64647007 19.06707001 392.29998779
v -15.54773045 18.80081940 392.29998779
v -15.89342022 18.80932045 392.62500000
v -15.59346962 18.93528938 392.29998779
v -16.73884010 17.89067078 393.60000610
v -16.42436981 17.78903008 393.27499390
v -16.76161957 17.75176048 393.60000610
v -16.40823936 17.95022011 393.27499390
v -16.42436981 17.78903008 393.27499390
v -16.73884010 17.89067078 393.60000610
v -16.10300064 18.32185936 392.95001221
v -16.08365059 18.12841988 392.95001221
v -16.42436981 18.27342033 393.27499390
v -16.40823936 18.11222076 393.27499390
v -16.08365059 18.12841988 392.95001221
v -16.40823936 17.95022011 393.27499390
v -16.40823936 18.11222076 393.27499390
v -15.50940990 18.66404915 392.29998779
v -15.82656956 18.59259987 392.62500000
v -15.54773045 18.80081940 392.29998779
v -15.47861958 18.52539062 392.29998779
v -15.82656956 18.59259987 392.62500000
v -15.50940990 18.66404915 392.29998779
v -15.54773045 18.80081940 392.29998779
v -15.82656956 18.59259987 392.62500000
v -15.89342022 18.80932045 392.62500000
v -15.82656956 18.59259987 392.62500000
v -15.89342022 18.80932045 392.62500000
v -16.42436981 17.78903008 393.27499390
v -16.45647049 17.63023949 393.27499390
v -16.76161957 17.75176048 393.60000610
v -16.76161957 17.75176048 393.60000610
v -16.45647049 17.63023949 393.27499390
v -16.79928017 17.61613083 393.60000610
v -16.08365059 17.93401909 392.95001221
v -15.47861958 18.52539062 392.29998779
v -15.78162956 18.37030029 392.62500000
v -15.82656956 18.59259987 392.62500000
v -15.78162956 18.37030029 392.62500000
v -15.45543957 18.38525963 392.29998779
v -15.78162956 18.37030029 392.62500000
v -15.47861958 18.52539062 392.29998779
v -15.43994999 18.24407005 392.29998779
v -15.78162956 18.37030029 392.62500000
v -15.45543957 18.38525963 392.29998779
v -16.45647049 17.63023949 393.27499390
v -16.50421906 17.47543907 393.27499390
v -16.79928017 17.61613083 393.60000610
v -16.79928017 17.61613083 393.60000610
v -16.50421906 17.47543907 393.27499390
v -16.85137939 17.48537064 393.60000610
v -16.08365059 17.93401909 392.95001221
v -16.10300064 17.74058914 392.95001221
v -16.40823936 17.95022011 393.27499390
v -16.42436981 17.78903008 393.27499390
v -15.75905037 18.14462090 392.62500000
v -15.43218994 18.10223961 392.29998779
v -15.75905037 18.14462090 392.62500000
v -15.43994999 18.24407005 392.29998779
v -15.43218994 17.96021080 392.29998779
v -15.43218994 18.10223961 392.29998779
v -15.75905037 18.14462090 392.62500000
v -15.43994999 18.24407005 392.29998779
v -16.50421906 17.47543907 393.27499390
v -16.56715012 17.32616043 393.27499390
v -16.85137939 17.48537064 393.60000610
v -16.85137939 17.48537064 393.60000610
v -16.56715012 17.32616043 393.27499390
v -16.91731071 17.36100006 393.60000610
v -16.42436981 17.78903008 393.27499390
v -16.14151955 17.55005074 392.95001221
v -16.45647049 17.63023949 393.27499390
v -16.14151955 17.55005074 392.95001221
v -16.10300064 17.74058914 392.95001221
v -15.75905037 17.91781998 392.62500000
v -15.43994999 17.81838036 392.29998779
v -15.75905037 17.91781998 392.62500000
v -15.43218994 17.96021080 392.29998779
v -16.56715012 17.32616043 393.27499390
v -16.64463043 17.18388939 393.27499390
v -16.91731071 17.36100006 393.60000610
v -16.91731071 17.36100006 393.60000610
v -16.64463043 17.18388939 393.27499390
v -16.99629974 17.24449921 393.60000610
v -16.19882011 17.36429024 392.95001221
v -15.43994999 17.81838036 392.29998779
v -15.78162956 17.69215012 392.62500000
v -15.75905037 17.91781998 392.62500000
v -15.45543957 17.67719078 392.29998779
v -15.78162956 17.69215012 392.62500000
v -15.43994999 17.81838036 392.29998779
v -15.47861958 17.53705978 392.29998779
v -15.78162956 17.69215012 392.62500000
v -15.45543957 17.67719078 392.29998779
v -16.64463043 17.18388939 393.27499390
v -16.73587990 17.05003929 393.27499390
v -16.99629974 17.24449921 393.60000610
v -16.50421906 17.47543907 393.27499390
v -16.27433014 17.18515015 392.95001221
v -16.56715012 17.32616043 393.27499390
v -16.19882011 17.36429024 392.95001221
v -15.82656956 17.46985054 392.62500000
v -15.47861958 17.53705978 392.29998779
v -15.78162956 17.69215012 392.62500000
v -15.82656956 17.46985054 392.62500000
v -15.50940990 17.39839935 392.29998779
v -15.82656956 17.46985054 392.62500000
v -15.47861958 17.53705978 392.29998779
v -15.54773045 17.26162910 392.29998779
v -15.82656956 17.46985054 392.62500000
v -15.50940990 17.39839935 392.29998779
v -16.73587990 17.05003929 393.27499390
v -16.84000969 16.92593956 393.27499390
v -16.99629974 17.24449921 393.60000610
v -16.99629974 17.24449921 393.60000610
v -16.84000969 16.92593956 393.27499390
v -17.08742905 17.13721085 393.60000610
v -16.36730957 17.01441956 392.95001221
v -16.27433014 17.18515015 392.95001221
v -15.89342022 17.25312996 392.62500000
v -15.59346962 17.12715912 392.29998779
v -15.89342022 17.25312996 392.62500000
v -15.54773045 17.26162910 392.29998779
v -15.64647007 16.99538040 392.29998779
v -15.89342022 17.25312996 392.62500000
v -15.59346962 17.12715912 392.29998779
v -15.54773045 17.26162910 392.29998779
v -15.89342022 17.25312996 392.62500000
v -15.82656956 17.46985054 392.62500000
v -17.08742905 17.13721085 393.60000610
v -16.95598030 16.81282997 393.27499390
v -17.18961906 17.04040909 393.60000610
v -16.84000969 16.92593956 393.27499390
v -16.47681046 16.85379982 392.95001221
v -16.36730957 17.01441956 392.95001221
v -15.98151970 17.04413986 392.62500000
v -15.70660019 16.86669922 392.29998779
v -15.98151970 17.04413986 392.62500000
v -15.64647007 16.99538040 392.29998779
v -15.77365971 16.74148941 392.29998779
v -15.98151970 17.04413986 392.62500000
v -15.70660019 16.86669922 392.29998779
v -15.89342022 17.25312996 392.62500000
v -15.64647007 16.99538040 392.29998779
v -16.95598030 16.81282997 393.27499390
v -17.08263969 16.71183014 393.27499390
v -17.18961906 17.04040909 393.60000610
v -17.18961906 17.04040909 393.60000610
v -17.08263969 16.71183014 393.27499390
v -17.30167961 16.95523071 393.60000610
v -16.60177040 16.70488930 392.95001221
v -16.47681046 16.85379982 392.95001221
v -15.98151970 17.04413986 392.62500000
v -16.08999062 16.84495926 392.62500000
v -15.84745979 16.62013054 392.29998779
v -16.08999062 16.84495926 392.62500000
v -15.77365971 16.74148941 392.29998779
v -15.77365971 16.74148941 392.29998779
v -16.08999062 16.84495926 392.62500000
v -17.08263969 16.71183014 393.27499390
v -17.21871948 16.62392998 393.27499390
v -17.30167961 16.95523071 393.60000610
v -17.30167961 16.95523071 393.60000610
v -17.21871948 16.62392998 393.27499390
v -17.42229080 16.88265991 393.60000610
v -16.60177040 16.70488930 392.95001221
v -16.74094009 16.56915092 392.95001221
v -16.21775055 16.65756989 392.62500000
v -15.92778015 16.50297928 392.29998779
v -15.84745979 16.62013054 392.29998779
v -16.01436996 16.39039040 392.29998779
v -16.21775055 16.65756989 392.62500000
v -15.92778015 16.50297928 392.29998779
v -17.42229080 16.88265991 393.60000610
v -17.36288071 16.55002975 393.27499390
v -17.55003929 16.82354927 393.60000610
v -17.21871948 16.62392998 393.27499390
v -17.36288071 16.55002975 393.27499390
v -17.42229080 16.88265991 393.60000610
v -16.74094009 16.56915092 392.95001221
v -16.89291954 16.44795036 392.95001221
v -17.08263969 16.71183014 393.27499390
v -17.21871948 16.62392998 393.27499390
v -16.36352921 16.48382950 392.62500000
v -16.10699081 16.28269958 392.29998779
v -16.36352921 16.48382950 392.62500000
v -16.01436996 16.39039040 392.29998779
v -16.20533943 16.18022919 392.29998779
v -16.36352921 16.48382950 392.62500000
v -16.10699081 16.28269958 392.29998779
v -16.01436996 16.39039040 392.29998779
v -16.21775055 16.65756989 392.62500000
v -17.36288071 16.55002975 393.27499390
v -17.51367950 16.49084091 393.27499390
v -17.55003929 16.82354927 393.60000610
v -17.55003929 16.82354927 393.60000610
v -17.51367950 16.49084091 393.27499390
v -17.68343925 16.77861023 393.60000610
v -16.20533943 16.18022919 392.29998779
v -16.52589035 16.32546997 392.62500000
v -16.36352921 16.48382950 392.62500000
v -16.52589035 16.32546997 392.62500000
v -16.36352921 16.48382950 392.62500000
v -16.52589035 16.32546997 392.62500000
v -16.30915070 16.08329010 392.29998779
v -16.52589035 16.32546997 392.62500000
v -16.20533943 16.18022919 392.29998779
v -16.41810036 15.99215031 392.29998779
v -16.52589035 16.32546997 392.62500000
v -16.30915070 16.08329010 392.29998779
v -17.51367950 16.49084091 393.27499390
v -17.66963005 16.44696045 393.27499390
v -17.68343925 16.77861023 393.60000610
v -17.68343925 16.77861023 393.60000610
v -17.66963005 16.44696045 393.27499390
v -17.82090950 16.74835014 393.60000610
v -17.21871948 16.62392998 393.27499390
v -17.36288071 16.55002975 393.27499390
v -16.70321083 16.18407059 392.62500000
v -16.41810036 15.99215031 392.29998779
v -16.53186035 15.90709972 392.29998779
v -16.70321083 16.18407059 392.62500000
v -16.41810036 15.99215031 392.29998779
v -16.65008926 15.82839012 392.29998779
v -16.70321083 16.18407059 392.62500000
v -16.53186035 15.90709972 392.29998779
v -17.82090950 16.74835014 393.60000610
v -17.82917023 16.41884041 393.27499390
v -17.96084023 16.73312950 393.60000610
v -19.33122063 18.03121948 393.60000610
v -19.32360077 18.17177963 393.60000610
v -19.33122063 18.03121948 397.39999390
v -19.32360077 18.17177963 397.39999390
v -19.32360077 18.17177963 393.60000610
v -19.30083084 18.31068039 393.60000610
v -19.32360077 18.17177963 397.39999390
v -19.30083084 18.31068039 397.39999390
v -19.30083084 18.31068039 393.60000610
v -19.26317024 18.44631958 393.60000610
v -19.30083084 18.31068039 397.39999390
v -19.26317024 18.44631958 397.39999390
v -19.26317024 18.44631958 393.60000610
v -19.21106911 18.57707977 393.60000610
v -19.26317024 18.44631958 397.39999390
v -19.21106911 18.57707977 397.39999390
v -19.21106911 18.57707977 393.60000610
v -19.14513969 18.70144081 393.60000610
v -19.21106911 18.57707977 397.39999390
v -19.14513969 18.70144081 397.39999390
v -19.14513969 18.70144081 397.39999390
v -19.14513969 18.70144081 393.60000610
v -19.06613922 18.81794930 397.39999390
v -19.06613922 18.81794930 393.60000610
v -19.06613922 18.81794930 393.60000610
v -18.97501945 18.92523003 393.60000610
v -19.06613922 18.81794930 397.39999390
v -18.97501945 18.92523003 397.39999390
v -18.97501945 18.92523003 397.39999390
v -18.97501945 18.92523003 393.60000610
v -18.87282944 19.02202988 397.39999390
v -18.87282944 19.02202988 393.60000610
v -18.87282944 19.02202988 393.60000610
v -18.76077080 19.10721970 393.60000610
v -18.87282944 19.02202988 397.39999390
v -18.76077080 19.10721970 397.39999390
v -18.76077080 19.10721970 393.60000610
v -18.64015007 19.17979050 393.60000610
v -18.76077080 19.10721970 397.39999390
v -18.64015007 19.17979050 397.39999390
v -18.64015007 19.17979050 393.60000610
v -18.51239967 19.23888969 393.60000610
v -18.64015007 19.17979050 397.39999390
v -18.51239967 19.23888969 397.39999390
v -18.51239967 19.23888969 393.60000610
v -18.37900925 19.28384018 393.60000610
v -18.51239967 19.23888969 397.39999390
v -18.37900925 19.28384018 397.39999390
v -18.37900925 19.28384018 397.39999390
v -18.24154091 19.31410027 393.60000610
v -18.24154091 19.31410027 397.39999390
v -18.37900925 19.28384018 393.60000610
v -18.24154091 19.31410027 397.39999390
v -18.10160065 19.32932091 393.60000610
v -18.10160065 19.32932091 397.39999390
v -18.24154091 19.31410027 393.60000610
v -18.10160065 19.32932091 397.39999390
v -17.96084023 19.32932091 393.60000610
v -17.96084023 19.32932091 397.39999390
v -18.10160065 19.32932091 393.60000610
v -17.96084023 19.32932091 397.39999390
v -17.82090950 19.31410027 393.60000610
v -17.82090950 19.31410027 397.39999390
v -17.96084023 19.32932091 393.60000610
v -17.82090950 19.31410027 397.39999390
v -17.68343925 19.28384018 393.60000610
v -17.68343925 19.28384018 397.39999390
v -17.82090950 19.31410027 393.60000610
v -17.68343925 19.28384018 397.39999390
v -17.55003929 19.23888969 393.60000610
v -17.55003929 19.23888969 397.39999390
v -17.68343925 19.28384018 393.60000610
v -17.55003929 19.23888969 397.39999390
v -17.42229080 19.17979050 393.60000610
v -17.42229080 19.17979050 397.39999390
v -17.55003929 19.23888969 393.60000610
v -17.42229080 19.17979050 397.39999390
v -17.30167961 19.10721970 393.60000610
v -17.30167961 19.10721970 397.39999390
v -17.42229080 19.17979050 393.60000610
v -17.30167961 19.10721970 393.60000610
v -17.18961906 19.02202988 393.60000610
v -17.30167961 19.10721970 397.39999390
v -17.18961906 19.02202988 397.39999390
v -17.18961906 19.02202988 393.60000610
v -17.08742905 18.92523003 393.60000610
v -17.18961906 19.02202988 397.39999390
v -17.08742905 18.92523003 397.39999390
v -17.08742905 18.92523003 393.60000610
v -16.99629974 18.81794930 393.60000610
v -17.08742905 18.92523003 397.39999390
v -16.99629974 18.81794930 397.39999390
v -16.99629974 18.81794930 393.60000610
v -16.91731071 18.70144081 393.60000610
v -16.99629974 18.81794930 397.39999390
v -16.91731071 18.70144081 397.39999390
v -16.91731071 18.70144081 393.60000610
v -16.85137939 18.57707977 393.60000610
v -16.91731071 18.70144081 397.39999390
v -16.85137939 18.57707977 397.39999390
v -16.85137939 18.57707977 393.60000610
v -16.79928017 18.44631958 393.60000610
v -16.85137939 18.57707977 397.39999390
v -16.79928017 18.44631958 397.39999390
v -16.79928017 18.44631958 393.60000610
v -16.76161957 18.31068039 393.60000610
v -16.79928017 18.44631958 397.39999390
v -16.76161957 18.31068039 397.39999390
v -16.76161957 18.31068039 393.60000610
v -16.73884010 18.17177963 393.60000610
v -16.76161957 18.31068039 397.39999390
v -16.73884010 18.17177963 397.39999390
v -16.73884010 18.17177963 393.60000610
v -16.73122025 18.03121948 393.60000610
v -16.73884010 18.17177963 397.39999390
v -16.73122025 18.03121948 397.39999390
v -16.73122025 18.03121948 393.60000610
v -16.73884010 17.89067078 393.60000610
v -16.73122025 18.03121948 397.39999390
v -16.73884010 17.89067078 397.39999390
v -16.73884010 17.89067078 393.60000610
v -16.76161957 17.75176048 393.60000610
v -16.73884010 17.89067078 397.39999390
v -16.76161957 17.75176048 397.39999390
v -16.76161957 17.75176048 393.60000610
v -16.79928017 17.61613083 393.60000610
v -16.76161957 17.75176048 397.39999390
v -16.79928017 17.61613083 397.39999390
v -16.79928017 17.61613083 393.60000610
v -16.85137939 17.48537064 393.60000610
v -16.79928017 17.61613083 397.39999390
v -16.85137939 17.48537064 397.39999390
v -16.85137939 17.48537064 393.60000610
v -16.91731071 17.36100006 393.60000610
v -16.85137939 17.48537064 397.39999390
v -16.91731071 17.36100006 397.39999390
v -16.91731071 17.36100006 393.60000610
v -16.99629974 17.24449921 393.60000610
v -16.91731071 17.36100006 397.39999390
v -16.99629974 17.24449921 397.39999390
v -16.99629974 17.24449921 393.60000610
v -17.08742905 17.13721085 393.60000610
v -16.99629974 17.24449921 397.39999390
v -17.08742905 17.13721085 397.39999390
v -17.08742905 17.13721085 393.60000610
v -17.18961906 17.04040909 393.60000610
v -17.08742905 17.13721085 397.39999390
v -17.18961906 17.04040909 397.39999390
v -17.18961906 17.04040909 393.60000610
v -17.30167961 16.95523071 393.60000610
v -17.18961906 17.04040909 397.39999390
v -17.30167961 16.95523071 397.39999390
v -17.30167961 16.95523071 393.60000610
v -17.42229080 16.88265991 393.60000610
v -17.30167961 16.95523071 397.39999390
v -17.42229080 16.88265991 397.39999390
v -17.42229080 16.88265991 393.60000610
v -17.55003929 16.82354927 393.60000610
v -17.42229080 16.88265991 397.39999390
v -17.55003929 16.82354927 397.39999390
v -17.55003929 16.82354927 397.39999390
v -17.68343925 16.77861023 393.60000610
v -17.68343925 16.77861023 397.39999390
v -17.55003929 16.82354927 393.60000610
v -17.68343925 16.77861023 397.39999390
v -17.82090950 16.74835014 393.60000610
v -17.82090950 16.74835014 397.39999390
v -17.68343925 16.77861023 393.60000610
v -17.82090950 16.74835014 397.39999390
v -17.96084023 16.73312950 393.60000610
v -17.96084023 16.73312950 397.39999390
v -17.82090950 16.74835014 393.60000610
v -17.96084023 16.73312950 397.39999390
v -18.10160065 16.73312950 393.60000610
v -18.10160065 16.73312950 397.39999390
v -17.96084023 16.73312950 393.60000610
v -18.10160065 16.73312950 397.39999390
v -18.24154091 16.74835014 393.60000610
v -18.24154091 16.74835014 397.39999390
v -18.10160065 16.73312950 393.60000610
v -18.24154091 16.74835014 397.39999390
v -18.37900925 16.77861023 393.60000610
v -18.37900925 16.77861023 397.39999390
v -18.24154091 16.74835014 393.60000610
v -18.37900925 16.77861023 393.60000610
v -18.51239967 16.82354927 393.60000610
v -18.37900925 16.77861023 397.39999390
v -18.51239967 16.82354927 397.39999390
v -18.51239967 16.82354927 397.39999390
v -18.64015007 16.88265991 393.60000610
v -18.64015007 16.88265991 397.39999390
v -18.51239967 16.82354927 393.60000610
v -18.64015007 16.88265991 397.39999390
v -18.76077080 16.95523071 393.60000610
v -18.76077080 16.95523071 397.39999390
v -18.64015007 16.88265991 393.60000610
v -18.76077080 16.95523071 397.39999390
v -18.87282944 17.04040909 393.60000610
v -18.87282944 17.04040909 397.39999390
v -18.76077080 16.95523071 393.60000610
v -18.87282944 17.04040909 397.39999390
v -18.97501945 17.13721085 393.60000610
v -18.97501945 17.13721085 397.39999390
v -18.87282944 17.04040909 393.60000610
v -18.97501945 17.13721085 397.39999390
v -19.06613922 17.24449921 393.60000610
v -19.06613922 17.24449921 397.39999390
v -18.97501945 17.13721085 393.60000610
v -19.06613922 17.24449921 397.39999390
v -19.14513969 17.36100006 393.60000610
v -19.14513969 17.36100006 397.39999390
v -19.06613922 17.24449921 393.60000610
v -19.14513969 17.36100006 397.39999390
v -19.21106911 17.48537064 393.60000610
v -19.21106911 17.48537064 397.39999390
v -19.14513969 17.36100006 393.60000610
v -19.21106911 17.48537064 397.39999390
v -19.26317024 17.61613083 393.60000610
v -19.26317024 17.61613083 397.39999390
v -19.21106911 17.48537064 393.60000610
v -19.26317024 17.61613083 397.39999390
v -19.30083084 17.75176048 393.60000610
v -19.30083084 17.75176048 397.39999390
v -19.26317024 17.61613083 393.60000610
v -19.30083084 17.75176048 397.39999390
v -19.32360077 17.89067078 393.60000610
v -19.32360077 17.89067078 397.39999390
v -19.30083084 17.75176048 393.60000610
v -19.32360077 17.89067078 397.39999390
v -19.33122063 18.03121948 393.60000610
v -19.33122063 18.03121948 397.39999390
v -19.32360077 17.89067078 393.60000610
v -17.08742905 18.92523003 397.39999390
v -16.50926971 19.32877922 397.39999390
v -16.60457993 19.43289948 397.39999390
v -16.70701027 19.53005028 397.39999390
v -17.18961906 19.02202988 397.39999390
v -16.81604004 19.61972046 397.39999390
v -16.99629974 18.81794930 397.39999390
v -16.34181023 19.10169029 397.39999390
v -16.42152977 19.21818924 397.39999390
v -17.30167961 19.10721970 397.39999390
v -16.93111038 19.70148087 397.39999390
v -17.05167007 19.77491951 397.39999390
v -16.91731071 18.70144081 397.39999390
v -16.27050972 18.97985077 397.39999390
v -17.42229080 19.17979050 397.39999390
v -17.17711067 19.83967018 397.39999390
v -16.85137939 18.57707977 397.39999390
v -16.15453911 18.72262955 397.39999390
v -16.20797920 18.85329056 397.39999390
v -17.55003929 19.23888969 397.39999390
v -17.30681038 19.89542007 397.39999390
v -17.44010925 19.94186974 397.39999390
v -16.79928017 18.44631958 397.39999390
v -16.11043930 18.58852959 397.39999390
v -17.68343925 19.28384018 397.39999390
v -17.57636070 19.97880936 397.39999390
v -16.76161957 18.31068039 397.39999390
v -16.05113029 18.31267929 397.39999390
v -16.07591057 18.45165062 397.39999390
v -17.82090950 19.31410027 397.39999390
v -17.71487045 20.00605011 397.39999390
v -17.85495949 20.02343941 397.39999390
v -16.73884010 18.17177963 397.39999390
v -16.03620911 18.17230034 397.39999390
v -17.96084023 19.32932091 397.39999390
v -17.99592972 20.03091049 397.39999390
v -16.73122025 18.03121948 397.39999390
v -16.03121948 18.03121948 397.39999390
v -16.03620911 17.89015007 397.39999390
v -18.10160065 19.32932091 397.39999390
v -18.13706970 20.02841949 397.39999390
v -18.27769089 20.01597977 397.39999390
v -16.73884010 17.89067078 397.39999390
v -16.05113029 17.74976921 397.39999390
v -18.24154091 19.31410027 397.39999390
v -18.41707039 19.99365044 397.39999390
v -16.76161957 17.75176048 397.39999390
v -16.11043930 17.47392082 397.39999390
v -16.07591057 17.61079979 397.39999390
v -18.37900925 19.28384018 397.39999390
v -18.55454063 19.96154022 397.39999390
v -18.68939972 19.91982079 397.39999390
v -16.79928017 17.61613083 397.39999390
v -16.15453911 17.33982086 397.39999390
v -18.51239967 19.23888969 397.39999390
v -18.82098007 19.86869049 397.39999390
v -16.85137939 17.48537064 397.39999390
v -16.27050972 17.08259964 397.39999390
v -16.20797920 17.20915985 397.39999390
v -18.64015007 19.17979050 397.39999390
v -18.94862938 19.80839920 397.39999390
v -19.07169914 19.73925972 397.39999390
v -16.91731071 17.36100006 397.39999390
v -16.34181023 16.96076012 397.39999390
v -18.76077080 19.10721970 397.39999390
v -19.18959045 19.66161919 397.39999390
v -16.99629974 17.24449921 397.39999390
v -16.42152977 16.84425926 397.39999390
v -16.50926971 16.73366928 397.39999390
v -18.87282944 19.02202988 397.39999390
v -19.30171013 19.57584000 397.39999390
v -19.40751076 19.48237991 397.39999390
v -17.08742905 17.13721085 397.39999390
v -16.60457993 16.62955093 397.39999390
v -18.97501945 18.92523003 397.39999390
v -19.50643921 19.38167953 397.39999390
v -16.70701027 16.53240013 397.39999390
v -17.18961906 17.04040909 397.39999390
v -19.59803009 19.27425957 397.39999390
v -19.06613922 18.81794930 397.39999390
v -16.81604004 16.44272995 397.39999390
v -17.30167961 16.95523071 397.39999390
v -19.68181038 19.16064072 397.39999390
v -19.14513969 18.70144081 397.39999390
v -16.93111038 16.36096954 397.39999390
v -19.75736046 19.04140091 397.39999390
v -17.05167007 16.28753090 397.39999390
v -17.42229080 16.88265991 397.39999390
v -19.82431984 18.91711998 397.39999390
v -19.21106911 18.57707977 397.39999390
v -17.17711067 16.22277069 397.39999390
v -17.55003929 16.82354927 397.39999390
v -19.88233948 18.78842926 397.39999390
v -19.26317024 18.44631958 397.39999390
v -17.30681038 16.16703033 397.39999390
v -19.93114090 18.65596962 397.39999390
v -17.44010925 16.12056923 397.39999390
v -17.68343925 16.77861023 397.39999390
v -19.97047997 18.52038956 397.39999390
v -19.30083084 18.31068039 397.39999390
v -17.57636070 16.08363914 397.39999390
v -17.82090950 16.74835014 397.39999390
v -20.00016022 18.38237953 397.39999390
v -19.32360077 18.17177963 397.39999390
v -17.71487045 16.05640030 397.39999390
v -20.02001953 18.24262047 397.39999390
v -17.85495949 16.03900909 397.39999390
v -17.96084023 16.73312950 397.39999390
v -20.02997971 18.10181046 397.39999390
v -19.33122063 18.03121948 397.39999390
v -17.99592972 16.03153038 397.39999390
v -18.10160065 16.73312950 397.39999390
v -20.02997971 17.96063995 397.39999390
v -19.32360077 17.89067078 397.39999390
v -18.13706970 16.03403091 397.39999390
v -20.02001953 17.81982994 397.39999390
v -18.27769089 16.04647064 397.39999390
v -18.24154091 16.74835014 397.39999390
v -20.00016022 17.68007088 397.39999390
v -19.30083084 17.75176048 397.39999390
v -18.41707039 16.06879997 397.39999390
v -18.37900925 16.77861023 397.39999390
v -19.97047997 17.54204941 397.39999390
v -19.26317024 17.61613083 397.39999390
v -18.55454063 16.10090065 397.39999390
v -19.93114090 17.40648079 397.39999390
v -18.68939972 16.14262962 397.39999390
v -18.51239967 16.82354927 397.39999390
v -19.88233948 17.27401924 397.39999390
v -19.21106911 17.48537064 397.39999390
v -18.82098007 16.19375992 397.39999390
v -18.64015007 16.88265991 397.39999390
v -19.82431984 17.14533043 397.39999390
v -19.14513969 17.36100006 397.39999390
v -18.94862938 16.25403976 397.39999390
v -19.75736046 17.02104950 397.39999390
v -19.07169914 16.32317924 397.39999390
v -18.76077080 16.95523071 397.39999390
v -19.68181038 16.90180969 397.39999390
v -19.06613922 17.24449921 397.39999390
v -19.18959045 16.40082932 397.39999390
v -18.87282944 17.04040909 397.39999390
v -19.59803009 16.78819084 397.39999390
v -18.97501945 17.13721085 397.39999390
v -19.30171013 16.48660088 397.39999390
v -19.50643921 16.68077087 397.39999390
v -19.40751076 16.58007050 397.39999390
v -16.03121948 18.03121948 398.39999390
v -16.03620911 18.17230034 398.39999390
v -16.03121948 18.03121948 397.39999390
v -16.03620911 18.17230034 397.39999390
v -16.03620911 18.17230034 397.39999390
v -16.05113029 18.31267929 398.39999390
v -16.05113029 18.31267929 397.39999390
v -16.03620911 18.17230034 398.39999390
v -16.05113029 18.31267929 397.39999390
v -16.07591057 18.45165062 398.39999390
v -16.07591057 18.45165062 397.39999390
v -16.05113029 18.31267929 398.39999390
v -16.07591057 18.45165062 397.39999390
v -16.11043930 18.58852959 398.39999390
v -16.11043930 18.58852959 397.39999390
v -16.07591057 18.45165062 398.39999390
v -16.11043930 18.58852959 398.39999390
v -16.15453911 18.72262955 398.39999390
v -16.11043930 18.58852959 397.39999390
v -16.15453911 18.72262955 397.39999390
v -16.15453911 18.72262955 398.39999390
v -16.20797920 18.85329056 398.39999390
v -16.15453911 18.72262955 397.39999390
v -16.20797920 18.85329056 397.39999390
v -16.20797920 18.85329056 398.39999390
v -16.27050972 18.97985077 398.39999390
v -16.20797920 18.85329056 397.39999390
v -16.27050972 18.97985077 397.39999390
v -16.27050972 18.97985077 398.39999390
v -16.34181023 19.10169029 398.39999390
v -16.27050972 18.97985077 397.39999390
v -16.34181023 19.10169029 397.39999390
v -16.34181023 19.10169029 398.39999390
v -16.42152977 19.21818924 398.39999390
v -16.34181023 19.10169029 397.39999390
v -16.42152977 19.21818924 397.39999390
v -16.42152977 19.21818924 397.39999390
v -16.50926971 19.32877922 398.39999390
v -16.50926971 19.32877922 397.39999390
v -16.50926971 19.32877922 397.39999390
v -16.50926971 19.32877922 398.39999390
v -16.60457993 19.43289948 397.39999390
v -16.42152977 19.21818924 398.39999390
v -16.60457993 19.43289948 398.39999390
v -16.60457993 19.43289948 397.39999390
v -16.70701027 19.53005028 398.39999390
v -16.70701027 19.53005028 397.39999390
v -16.60457993 19.43289948 398.39999390
v -16.70701027 19.53005028 397.39999390
v -16.81604004 19.61972046 398.39999390
v -16.81604004 19.61972046 397.39999390
v -16.70701027 19.53005028 398.39999390
v -16.81604004 19.61972046 397.39999390
v -16.93111038 19.70148087 398.39999390
v -16.93111038 19.70148087 397.39999390
v -16.81604004 19.61972046 398.39999390
v -16.93111038 19.70148087 397.39999390
v -17.05167007 19.77491951 398.39999390
v -17.05167007 19.77491951 397.39999390
v -16.93111038 19.70148087 398.39999390
v -17.05167007 19.77491951 397.39999390
v -17.17711067 19.83967018 398.39999390
v -17.17711067 19.83967018 397.39999390
v -17.17711067 19.83967018 397.39999390
v -17.17711067 19.83967018 398.39999390
v -17.30681038 19.89542007 397.39999390
v -17.05167007 19.77491951 398.39999390
v -17.30681038 19.89542007 398.39999390
v -17.30681038 19.89542007 397.39999390
v -17.44010925 19.94186974 398.39999390
v -17.44010925 19.94186974 397.39999390
v -17.30681038 19.89542007 398.39999390
v -17.44010925 19.94186974 397.39999390
v -17.57636070 19.97880936 398.39999390
v -17.57636070 19.97880936 397.39999390
v -17.44010925 19.94186974 398.39999390
v -17.57636070 19.97880936 397.39999390
v -17.71487045 20.00605011 398.39999390
v -17.71487045 20.00605011 397.39999390
v -17.71487045 20.00605011 397.39999390
v -17.71487045 20.00605011 398.39999390
v -17.85495949 20.02343941 397.39999390
v -17.57636070 19.97880936 398.39999390
v -17.85495949 20.02343941 397.39999390
v -17.85495949 20.02343941 398.39999390
v -17.99592972 20.03091049 397.39999390
v -17.85495949 20.02343941 398.39999390
v -17.99592972 20.03091049 398.39999390
v -17.99592972 20.03091049 397.39999390
v -18.13706970 20.02841949 398.39999390
v -18.13706970 20.02841949 397.39999390
v -17.99592972 20.03091049 398.39999390
v -18.13706970 20.02841949 397.39999390
v -18.27769089 20.01597977 398.39999390
v -18.27769089 20.01597977 397.39999390
v -18.27769089 20.01597977 397.39999390
v -18.27769089 20.01597977 398.39999390
v -18.41707039 19.99365044 397.39999390
v -18.13706970 20.02841949 398.39999390
v -18.41707039 19.99365044 397.39999390
v -18.41707039 19.99365044 398.39999390
v -18.55454063 19.96154022 397.39999390
v -18.41707039 19.99365044 398.39999390
v -18.55454063 19.96154022 398.39999390
v -18.55454063 19.96154022 397.39999390
v -18.68939972 19.91982079 398.39999390
v -18.68939972 19.91982079 397.39999390
v -18.55454063 19.96154022 398.39999390
v -18.68939972 19.91982079 397.39999390
v -18.82098007 19.86869049 398.39999390
v -18.82098007 19.86869049 397.39999390
v -18.68939972 19.91982079 398.39999390
v -18.82098007 19.86869049 397.39999390
v -18.94862938 19.80839920 398.39999390
v -18.94862938 19.80839920 397.39999390
v -18.82098007 19.86869049 398.39999390
v -18.94862938 19.80839920 398.39999390
v -19.07169914 19.73925972 398.39999390
v -18.94862938 19.80839920 397.39999390
v -19.07169914 19.73925972 397.39999390
v -19.07169914 19.73925972 397.39999390
v -19.07169914 19.73925972 398.39999390
v -19.18959045 19.66161919 397.39999390
v -19.18959045 19.66161919 398.39999390
v -19.18959045 19.66161919 398.39999390
v -19.30171013 19.57584000 398.39999390
v -19.18959045 19.66161919 397.39999390
v -19.30171013 19.57584000 397.39999390
v -19.30171013 19.57584000 397.39999390
v -19.30171013 19.57584000 398.39999390
v -19.40751076 19.48237991 397.39999390
v -19.40751076 19.48237991 398.39999390
v -19.40751076 19.48237991 397.39999390
v -19.40751076 19.48237991 398.39999390
v -19.50643921 19.38167953 397.39999390
v -19.50643921 19.38167953 398.39999390
v -19.50643921 19.38167953 398.39999390
v -19.59803009 19.27425957 398.39999390
v -19.50643921 19.38167953 397.39999390
v -19.59803009 19.27425957 397.39999390
v -19.59803009 19.27425957 397.39999390
v -19.68181038 19.16064072 398.39999390
v -19.68181038 19.16064072 397.39999390
v -19.59803009 19.27425957 398.39999390
v -19.68181038 19.16064072 397.39999390
v -19.75736046 19.04140091 398.39999390
v -19.75736046 19.04140091 397.39999390
v -19.75736046 19.04140091 397.39999390
v -19.75736046 19.04140091 398.39999390
v -19.82431984 18.91711998 397.39999390
v -19.68181038 19.16064072 398.39999390
v -19.82431984 18.91711998 397.39999390
v -19.82431984 18.91711998 398.39999390
v -19.88233948 18.78842926 397.39999390
v -19.82431984 18.91711998 398.39999390
v -19.88233948 18.78842926 398.39999390
v -19.88233948 18.78842926 397.39999390
v -19.93114090 18.65596962 398.39999390
v -19.93114090 18.65596962 397.39999390
v -19.93114090 18.65596962 397.39999390
v -19.93114090 18.65596962 398.39999390
v -19.97047997 18.52038956 397.39999390
v -19.88233948 18.78842926 398.39999390
v -19.97047997 18.52038956 398.39999390
v -19.97047997 18.52038956 397.39999390
v -20.00016022 18.38237953 398.39999390
v -20.00016022 18.38237953 397.39999390
v -19.97047997 18.52038956 398.39999390
v -20.00016022 18.38237953 397.39999390
v -20.02001953 18.24262047 398.39999390
v -20.02001953 18.24262047 397.39999390
v -20.00016022 18.38237953 398.39999390
v -20.02001953 18.24262047 397.39999390
v -20.02997971 18.10181046 398.39999390
v -20.02997971 18.10181046 397.39999390
v -20.02001953 18.24262047 398.39999390
v -20.02997971 18.10181046 397.39999390
v -20.02997971 17.96063995 398.39999390
v -20.02997971 17.96063995 397.39999390
v -20.02997971 18.10181046 398.39999390
v -20.02997971 17.96063995 397.39999390
v -20.02001953 17.81982994 398.39999390
v -20.02001953 17.81982994 397.39999390
v -20.02001953 17.81982994 397.39999390
v -20.02001953 17.81982994 398.39999390
v -20.00016022 17.68007088 397.39999390
v -20.02997971 17.96063995 398.39999390
v -20.00016022 17.68007088 398.39999390
v -20.00016022 17.68007088 397.39999390
v -19.97047997 17.54204941 398.39999390
v -19.97047997 17.54204941 397.39999390
v -20.00016022 17.68007088 398.39999390
v -19.97047997 17.54204941 397.39999390
v -19.93114090 17.40648079 398.39999390
v -19.93114090 17.40648079 397.39999390
v -19.97047997 17.54204941 398.39999390
v -19.93114090 17.40648079 397.39999390
v -19.88233948 17.27401924 398.39999390
v -19.88233948 17.27401924 397.39999390
v -19.93114090 17.40648079 398.39999390
v -19.88233948 17.27401924 397.39999390
v -19.82431984 17.14533043 398.39999390
v -19.82431984 17.14533043 397.39999390
v -19.88233948 17.27401924 398.39999390
v -19.82431984 17.14533043 397.39999390
v -19.75736046 17.02104950 398.39999390
v -19.75736046 17.02104950 397.39999390
v -19.75736046 17.02104950 397.39999390
v -19.75736046 17.02104950 398.39999390
v -19.68181038 16.90180969 397.39999390
v -19.82431984 17.14533043 398.39999390
v -19.68181038 16.90180969 398.39999390
v -19.68181038 16.90180969 397.39999390
v -19.59803009 16.78819084 398.39999390
v -19.59803009 16.78819084 397.39999390
v -19.68181038 16.90180969 398.39999390
v -19.59803009 16.78819084 397.39999390
v -19.50643921 16.68077087 398.39999390
v -19.50643921 16.68077087 397.39999390
v -19.59803009 16.78819084 398.39999390
v -19.50643921 16.68077087 398.39999390
v -19.40751076 16.58007050 398.39999390
v -19.50643921 16.68077087 397.39999390
v -19.40751076 16.58007050 397.39999390
v -19.40751076 16.58007050 398.39999390
v -19.30171013 16.48660088 398.39999390
v -19.40751076 16.58007050 397.39999390
v -19.30171013 16.48660088 397.39999390
v -19.30171013 16.48660088 397.39999390
v -19.30171013 16.48660088 398.39999390
v -19.18959045 16.40082932 397.39999390
v -19.18959045 16.40082932 398.39999390
v -19.18959045 16.40082932 398.39999390
v -19.07169914 16.32317924 398.39999390
v -19.18959045 16.40082932 397.39999390
v -19.07169914 16.32317924 397.39999390
v -19.07169914 16.32317924 398.39999390
v -18.94862938 16.25403976 398.39999390
v -19.07169914 16.32317924 397.39999390
v -18.94862938 16.25403976 397.39999390
v -18.94862938 16.25403976 398.39999390
v -18.82098007 16.19375992 398.39999390
v -18.94862938 16.25403976 397.39999390
v -18.82098007 16.19375992 397.39999390
v -18.82098007 16.19375992 397.39999390
v -18.82098007 16.19375992 398.39999390
v -18.68939972 16.14262962 397.39999390
v -18.68939972 16.14262962 398.39999390
v -18.68939972 16.14262962 397.39999390
v -18.68939972 16.14262962 398.39999390
v -18.55454063 16.10090065 397.39999390
v -18.55454063 16.10090065 398.39999390
v -18.55454063 16.10090065 398.39999390
v -18.41707039 16.06879997 398.39999390
v -18.55454063 16.10090065 397.39999390
v -18.41707039 16.06879997 397.39999390
v -18.41707039 16.06879997 397.39999390
v -18.41707039 16.06879997 398.39999390
v -18.27769089 16.04647064 397.39999390
v -18.27769089 16.04647064 398.39999390
v -18.27769089 16.04647064 398.39999390
v -18.13706970 16.03403091 398.39999390
v -18.27769089 16.04647064 397.39999390
v -18.13706970 16.03403091 397.39999390
v -18.13706970 16.03403091 397.39999390
v -18.13706970 16.03403091 398.39999390
v -17.99592972 16.03153038 397.39999390
v -17.99592972 16.03153038 398.39999390
v -17.99592972 16.03153038 398.39999390
v -17.85495949 16.03900909 398.39999390
v -17.99592972 16.03153038 397.39999390
v -17.85495949 16.03900909 397.39999390
v -17.85495949 16.03900909 398.39999390
v -17.71487045 16.05640030 398.39999390
v -17.85495949 16.03900909 397.39999390
v -17.71487045 16.05640030 397.39999390
v -17.71487045 16.05640030 398.39999390
v -17.57636070 16.08363914 398.39999390
v -17.71487045 16.05640030 397.39999390
v -17.57636070 16.08363914 397.39999390
v -17.57636070 16.08363914 397.39999390
v -17.44010925 16.12056923 398.39999390
v -17.44010925 16.12056923 397.39999390
v -17.57636070 16.08363914 398.39999390
v -17.44010925 16.12056923 397.39999390
v -17.30681038 16.16703033 398.39999390
v -17.30681038 16.16703033 397.39999390
v -17.30681038 16.16703033 397.39999390
v -17.30681038 16.16703033 398.39999390
v -17.17711067 16.22277069 397.39999390
v -17.44010925 16.12056923 398.39999390
v -17.17711067 16.22277069 398.39999390
v -17.17711067 16.22277069 397.39999390
v -17.05167007 16.28753090 398.39999390
v -17.05167007 16.28753090 397.39999390
v -17.05167007 16.28753090 397.39999390
v -17.05167007 16.28753090 398.39999390
v -16.93111038 16.36096954 397.39999390
v -17.17711067 16.22277069 398.39999390
v -16.93111038 16.36096954 398.39999390
v -16.93111038 16.36096954 397.39999390
v -16.81604004 16.44272995 398.39999390
v -16.81604004 16.44272995 397.39999390
v -16.81604004 16.44272995 397.39999390
v -16.81604004 16.44272995 398.39999390
v -16.70701027 16.53240013 397.39999390
v -16.93111038 16.36096954 398.39999390
v -16.70701027 16.53240013 397.39999390
v -16.70701027 16.53240013 398.39999390
v -16.60457993 16.62955093 397.39999390
v -16.70701027 16.53240013 398.39999390
v -16.60457993 16.62955093 398.39999390
v -16.60457993 16.62955093 397.39999390
v -16.50926971 16.73366928 398.39999390
v -16.50926971 16.73366928 397.39999390
v -16.60457993 16.62955093 398.39999390
v -16.50926971 16.73366928 397.39999390
v -16.42152977 16.84425926 398.39999390
v -16.42152977 16.84425926 397.39999390
v -16.42152977 16.84425926 397.39999390
v -16.42152977 16.84425926 398.39999390
v -16.34181023 16.96076012 397.39999390
v -16.50926971 16.73366928 398.39999390
v -16.34181023 16.96076012 398.39999390
v -16.34181023 16.96076012 397.39999390
v -16.27050972 17.08259964 398.39999390
v -16.27050972 17.08259964 397.39999390
v -16.27050972 17.08259964 397.39999390
v -16.27050972 17.08259964 398.39999390
v -16.20797920 17.20915985 397.39999390
v -16.34181023 16.96076012 398.39999390
v -16.20797920 17.20915985 398.39999390
v -16.20797920 17.20915985 398.39999390
v -16.15453911 17.33982086 398.39999390
v -16.20797920 17.20915985 397.39999390
v -16.15453911 17.33982086 397.39999390
v -16.15453911 17.33982086 397.39999390
v -16.15453911 17.33982086 398.39999390
v -16.11043930 17.47392082 397.39999390
v -16.11043930 17.47392082 398.39999390
v -16.11043930 17.47392082 397.39999390
v -16.11043930 17.47392082 398.39999390
v -16.07591057 17.61079979 397.39999390
v -16.07591057 17.61079979 398.39999390
v -16.07591057 17.61079979 398.39999390
v -16.05113029 17.74976921 398.39999390
v -16.07591057 17.61079979 397.39999390
v -16.05113029 17.74976921 397.39999390
v -16.05113029 17.74976921 397.39999390
v -16.05113029 17.74976921 398.39999390
v -16.03620911 17.89015007 397.39999390
v -16.03620911 17.89015007 398.39999390
v -16.03620911 17.89015007 398.39999390
v -16.03121948 18.03121948 398.39999390
v -16.03620911 17.89015007 397.39999390
v -16.03121948 18.03121948 397.39999390
v -15.93122005 18.03121948 398.50000000
v -15.93601036 18.17299080 398.50000000
v -16.03121948 18.03121948 398.39999390
v -16.03620911 18.17230034 398.39999390
v -15.93601036 18.17299080 398.50000000
v -15.95036030 18.31411934 398.50000000
v -16.03620911 18.17230034 398.39999390
v -16.05113029 18.31267929 398.39999390
v -16.05113029 18.31267929 398.39999390
v -15.97420979 18.45395088 398.50000000
v -16.07591057 18.45165062 398.39999390
v -15.95036030 18.31411934 398.50000000
v -15.97420979 18.45395088 398.50000000
v -16.05113029 18.31267929 398.39999390
v -15.97420979 18.45395088 398.50000000
v -16.00744057 18.59185028 398.50000000
v -16.07591057 18.45165062 398.39999390
v -16.07591057 18.45165062 398.39999390
v -16.00744057 18.59185028 398.50000000
v -16.11043930 18.58852959 398.39999390
v -16.00744057 18.59185028 398.50000000
v -16.04990959 18.72719955 398.50000000
v -16.11043930 18.58852959 398.39999390
v -16.11043930 18.58852959 398.39999390
v -16.04990959 18.72719955 398.50000000
v -16.15453911 18.72262955 398.39999390
v -16.15453911 18.72262955 398.39999390
v -16.10140991 18.85936928 398.50000000
v -16.20797920 18.85329056 398.39999390
v -16.04990959 18.72719955 398.50000000
v -16.10140991 18.85936928 398.50000000
v -16.15453911 18.72262955 398.39999390
v -16.20797920 18.85329056 398.39999390
v -16.16172028 18.98776054 398.50000000
v -16.27050972 18.97985077 398.39999390
v -16.10140991 18.85936928 398.50000000
v -16.16172028 18.98776054 398.50000000
v -16.20797920 18.85329056 398.39999390
v -16.27050972 18.97985077 398.39999390
v -16.23056030 19.11178970 398.50000000
v -16.34181023 19.10169029 398.39999390
v -16.16172028 18.98776054 398.50000000
v -16.23056030 19.11178970 398.50000000
v -16.27050972 18.97985077 398.39999390
v -16.34181023 19.10169029 398.39999390
v -16.30761909 19.23089027 398.50000000
v -16.42152977 19.21818924 398.39999390
v -16.23056030 19.11178970 398.50000000
v -16.30761909 19.23089027 398.50000000
v -16.34181023 19.10169029 398.39999390
v -16.42152977 19.21818924 398.39999390
v -16.39253998 19.34450912 398.50000000
v -16.50926971 19.32877922 398.39999390
v -16.30761909 19.23089027 398.50000000
v -16.39253998 19.34450912 398.50000000
v -16.42152977 19.21818924 398.39999390
v -16.50926971 19.32877922 398.39999390
v -16.48493958 19.45214081 398.50000000
v -16.60457993 19.43289948 398.39999390
v -16.39253998 19.34450912 398.50000000
v -16.48493958 19.45214081 398.50000000
v -16.50926971 19.32877922 398.39999390
v -16.60457993 19.43289948 398.39999390
v -16.58439064 19.55328941 398.50000000
v -16.70701027 19.53005028 398.39999390
v -16.48493958 19.45214081 398.50000000
v -16.58439064 19.55328941 398.50000000
v -16.60457993 19.43289948 398.39999390
v -16.70701027 19.53005028 398.39999390
v -16.69045067 19.64748955 398.50000000
v -16.81604004 19.61972046 398.39999390
v -16.58439064 19.55328941 398.50000000
v -16.69045067 19.64748955 398.50000000
v -16.70701027 19.53005028 398.39999390
v -16.81604004 19.61972046 398.39999390
v -16.80261993 19.73431969 398.50000000
v -16.93111038 19.70148087 398.39999390
v -16.69045067 19.64748955 398.50000000
v -16.80261993 19.73431969 398.50000000
v -16.81604004 19.61972046 398.39999390
v -16.93111038 19.70148087 398.39999390
v -16.92040062 19.81337929 398.50000000
v -17.05167007 19.77491951 398.39999390
v -16.80261993 19.73431969 398.50000000
v -16.92040062 19.81337929 398.50000000
v -16.93111038 19.70148087 398.39999390
v -17.05167007 19.77491951 398.39999390
v -17.04324913 19.88430023 398.50000000
v -17.17711067 19.83967018 398.39999390
v -16.92040062 19.81337929 398.50000000
v -17.04324913 19.88430023 398.50000000
v -17.05167007 19.77491951 398.39999390
v -17.17711067 19.83967018 398.39999390
v -17.17060089 19.94676971 398.50000000
v -17.30681038 19.89542007 398.39999390
v -17.04324913 19.88430023 398.50000000
v -17.17060089 19.94676971 398.50000000
v -17.17711067 19.83967018 398.39999390
v -17.30681038 19.89542007 398.39999390
v -17.30187988 20.00049973 398.50000000
v -17.44010925 19.94186974 398.39999390
v -17.17060089 19.94676971 398.50000000
v -17.30187988 20.00049973 398.50000000
v -17.30681038 19.89542007 398.39999390
v -17.44010925 19.94186974 398.39999390
v -17.43648911 20.04524994 398.50000000
v -17.57636070 19.97880936 398.39999390
v -17.30187988 20.00049973 398.50000000
v -17.43648911 20.04524994 398.50000000
v -17.44010925 19.94186974 398.39999390
v -17.57636070 19.97880936 398.39999390
v -17.57382011 20.08079910 398.50000000
v -17.71487045 20.00605011 398.39999390
v -17.43648911 20.04524994 398.50000000
v -17.57382011 20.08079910 398.50000000
v -17.57636070 19.97880936 398.39999390
v -17.71487045 20.00605011 398.39999390
v -17.71323013 20.10700989 398.50000000
v -17.85495949 20.02343941 398.39999390
v -17.57382011 20.08079910 398.50000000
v -17.71323013 20.10700989 398.50000000
v -17.71487045 20.00605011 398.39999390
v -17.85495949 20.02343941 398.39999390
v -17.85408974 20.12373924 398.50000000
v -17.99592972 20.03091049 398.39999390
v -17.71323013 20.10700989 398.50000000
v -17.85408974 20.12373924 398.50000000
v -17.85495949 20.02343941 398.39999390
v -17.99575043 20.13092041 398.50000000
v -17.99592972 20.03091049 398.39999390
v -18.13759041 20.12853050 398.50000000
v -18.13706970 20.02841949 398.39999390
v -17.99575043 20.13092041 398.50000000
v -18.13706970 20.02841949 398.39999390
v -18.27893066 20.11655998 398.50000000
v -18.27769089 20.01597977 398.39999390
v -18.13759041 20.12853050 398.50000000
v -18.27893066 20.11655998 398.50000000
v -18.13706970 20.02841949 398.39999390
v -18.27769089 20.01597977 398.39999390
v -18.41914940 20.09507942 398.50000000
v -18.41707039 19.99365044 398.39999390
v -18.27893066 20.11655998 398.50000000
v -18.41707039 19.99365044 398.39999390
v -18.55759048 20.06418037 398.50000000
v -18.55454063 19.96154022 398.39999390
v -18.41914940 20.09507942 398.50000000
v -18.55759048 20.06418037 398.50000000
v -18.41707039 19.99365044 398.39999390
v -18.55454063 19.96154022 398.39999390
v -18.69363976 20.02400970 398.50000000
v -18.68939972 19.91982079 398.39999390
v -18.55759048 20.06418037 398.50000000
v -18.69363976 20.02400970 398.50000000
v -18.55454063 19.96154022 398.39999390
v -18.68939972 19.91982079 398.39999390
v -18.82666016 19.97475052 398.50000000
v -18.82098007 19.86869049 398.39999390
v -18.69363976 20.02400970 398.50000000
v -18.82666016 19.97475052 398.50000000
v -18.68939972 19.91982079 398.39999390
v -18.82666016 19.97475052 398.50000000
v -18.95605087 19.91661072 398.50000000
v -18.82098007 19.86869049 398.39999390
v -18.82098007 19.86869049 398.39999390
v -18.95605087 19.91661072 398.50000000
v -18.94862938 19.80839920 398.39999390
v -18.95605087 19.91661072 398.50000000
v -19.08122063 19.84988022 398.50000000
v -18.94862938 19.80839920 398.39999390
v -18.94862938 19.80839920 398.39999390
v -19.08122063 19.84988022 398.50000000
v -19.07169914 19.73925972 398.39999390
v -19.08122063 19.84988022 398.50000000
v -19.20161057 19.77483940 398.50000000
v -19.07169914 19.73925972 398.39999390
v -19.07169914 19.73925972 398.39999390
v -19.20161057 19.77483940 398.50000000
v -19.18959045 19.66161919 398.39999390
v -19.20161057 19.77483940 398.50000000
v -19.31665039 19.69185066 398.50000000
v -19.18959045 19.66161919 398.39999390
v -19.18959045 19.66161919 398.39999390
v -19.31665039 19.69185066 398.50000000
v -19.30171013 19.57584000 398.39999390
v -19.31665039 19.69185066 398.50000000
v -19.42581940 19.60128021 398.50000000
v -19.30171013 19.57584000 398.39999390
v -19.30171013 19.57584000 398.39999390
v -19.42581940 19.60128021 398.50000000
v -19.40751076 19.48237991 398.39999390
v -19.42581940 19.60128021 398.50000000
v -19.52864075 19.50354958 398.50000000
v -19.40751076 19.48237991 398.39999390
v -19.40751076 19.48237991 398.39999390
v -19.52864075 19.50354958 398.50000000
v -19.50643921 19.38167953 398.39999390
v -19.52864075 19.50354958 398.50000000
v -19.62462044 19.39911079 398.50000000
v -19.50643921 19.38167953 398.39999390
v -19.50643921 19.38167953 398.39999390
v -19.62462044 19.39911079 398.50000000
v -19.59803009 19.27425957 398.39999390
v -19.59803009 19.27425957 398.39999390
v -19.71332932 19.28841972 398.50000000
v -19.68181038 19.16064072 398.39999390
v -19.62462044 19.39911079 398.50000000
v -19.71332932 19.28841972 398.50000000
v -19.59803009 19.27425957 398.39999390
v -19.71332932 19.28841972 398.50000000
v -19.79435921 19.17198944 398.50000000
v -19.68181038 19.16064072 398.39999390
v -19.68181038 19.16064072 398.39999390
v -19.79435921 19.17198944 398.50000000
v -19.75736046 19.04140091 398.39999390
v -19.75736046 19.04140091 398.39999390
v -19.86734962 19.05035973 398.50000000
v -19.82431984 18.91711998 398.39999390
v -19.79435921 19.17198944 398.50000000
v -19.86734962 19.05035973 398.50000000
v -19.75736046 19.04140091 398.39999390
v -19.82431984 18.91711998 398.39999390
v -19.93195915 18.92407990 398.50000000
v -19.88233948 18.78842926 398.39999390
v -19.86734962 19.05035973 398.50000000
v -19.93195915 18.92407990 398.50000000
v -19.82431984 18.91711998 398.39999390
v -19.88233948 18.78842926 398.39999390
v -19.98789978 18.79372025 398.50000000
v -19.93114090 18.65596962 398.39999390
v -19.93195915 18.92407990 398.50000000
v -19.98789978 18.79372025 398.50000000
v -19.88233948 18.78842926 398.39999390
v -19.93114090 18.65596962 398.39999390
v -20.03491974 18.65988922 398.50000000
v -19.97047997 18.52038956 398.39999390
v -19.98789978 18.79372025 398.50000000
v -20.03491974 18.65988922 398.50000000
v -19.93114090 18.65596962 398.39999390
v -19.97047997 18.52038956 398.39999390
v -20.07279015 18.52318001 398.50000000
v -20.00016022 18.38237953 398.39999390
v -20.03491974 18.65988922 398.50000000
v -20.07279015 18.52318001 398.50000000
v -19.97047997 18.52038956 398.39999390
v -20.00016022 18.38237953 398.39999390
v -20.10133934 18.38423920 398.50000000
v -20.02001953 18.24262047 398.39999390
v -20.07279015 18.52318001 398.50000000
v -20.10133934 18.38423920 398.50000000
v -20.00016022 18.38237953 398.39999390
v -20.02001953 18.24262047 398.39999390
v -20.12044907 18.24367905 398.50000000
v -20.02997971 18.10181046 398.39999390
v -20.12044907 18.24367905 398.50000000
v -20.12044907 18.24367905 398.50000000
v -20.13002014 18.10214996 398.50000000
v -20.02997971 18.10181046 398.39999390
v -20.02997971 18.10181046 398.39999390
v -20.13002014 17.96030045 398.50000000
v -20.02997971 17.96063995 398.39999390
v -20.13002014 18.10214996 398.50000000
v -20.02997971 17.96063995 398.39999390
v -20.12044907 17.81876945 398.50000000
v -20.02001953 17.81982994 398.39999390
v -20.13002014 17.96030045 398.50000000
v -20.12044907 17.81876945 398.50000000
v -20.02997971 17.96063995 398.39999390
v -20.02001953 17.81982994 398.39999390
v -20.10133934 17.67820930 398.50000000
v -20.00016022 17.68007088 398.39999390
v -20.12044907 17.81876945 398.50000000
v -20.00016022 17.68007088 398.39999390
v -20.07279015 17.53926086 398.50000000
v -19.97047997 17.54204941 398.39999390
v -20.10133934 17.67820930 398.50000000
v -20.07279015 17.53926086 398.50000000
v -20.00016022 17.68007088 398.39999390
v -19.97047997 17.54204941 398.39999390
v -20.03491974 17.40255928 398.50000000
v -19.93114090 17.40648079 398.39999390
v -20.07279015 17.53926086 398.50000000
v -20.03491974 17.40255928 398.50000000
v -19.97047997 17.54204941 398.39999390
v -19.93114090 17.40648079 398.39999390
v -19.98789978 17.26873016 398.50000000
v -19.88233948 17.27401924 398.39999390
v -20.03491974 17.40255928 398.50000000
v -19.98789978 17.26873016 398.50000000
v -19.93114090 17.40648079 398.39999390
v -19.88233948 17.27401924 398.39999390
v -19.93195915 17.13837051 398.50000000
v -19.82431984 17.14533043 398.39999390
v -19.98789978 17.26873016 398.50000000
v -19.93195915 17.13837051 398.50000000
v -19.88233948 17.27401924 398.39999390
v -19.82431984 17.14533043 398.39999390
v -19.86734962 17.01209068 398.50000000
v -19.75736046 17.02104950 398.39999390
v -19.93195915 17.13837051 398.50000000
v -19.86734962 17.01209068 398.50000000
v -19.82431984 17.14533043 398.39999390
v -19.75736046 17.02104950 398.39999390
v -19.79435921 16.89045906 398.50000000
v -19.68181038 16.90180969 398.39999390
v -19.86734962 17.01209068 398.50000000
v -19.79435921 16.89045906 398.50000000
v -19.75736046 17.02104950 398.39999390
v -19.68181038 16.90180969 398.39999390
v -19.71332932 16.77403069 398.50000000
v -19.59803009 16.78819084 398.39999390
v -19.79435921 16.89045906 398.50000000
v -19.71332932 16.77403069 398.50000000
v -19.68181038 16.90180969 398.39999390
v -19.71332932 16.77403069 398.50000000
v -19.62462044 16.66333961 398.50000000
v -19.59803009 16.78819084 398.39999390
v -19.59803009 16.78819084 398.39999390
v -19.62462044 16.66333961 398.50000000
v -19.50643921 16.68077087 398.39999390
v -19.62462044 16.66333961 398.50000000
v -19.52864075 16.55888939 398.50000000
v -19.50643921 16.68077087 398.39999390
v -19.50643921 16.68077087 398.39999390
v -19.52864075 16.55888939 398.50000000
v -19.40751076 16.58007050 398.39999390
v -19.52864075 16.55888939 398.50000000
v -19.42581940 16.46116066 398.50000000
v -19.40751076 16.58007050 398.39999390
v -19.40751076 16.58007050 398.39999390
v -19.42581940 16.46116066 398.50000000
v -19.30171013 16.48660088 398.39999390
v -19.42581940 16.46116066 398.50000000
v -19.31665039 16.37059021 398.50000000
v -19.30171013 16.48660088 398.39999390
v -19.30171013 16.48660088 398.39999390
v -19.31665039 16.37059021 398.50000000
v -19.18959045 16.40082932 398.39999390
v -19.31665039 16.37059021 398.50000000
v -19.20161057 16.28759956 398.50000000
v -19.18959045 16.40082932 398.39999390
v -19.18959045 16.40082932 398.39999390
v -19.20161057 16.28759956 398.50000000
v -19.07169914 16.32317924 398.39999390
v -19.20161057 16.28759956 398.50000000
v -19.08122063 16.21257019 398.50000000
v -19.07169914 16.32317924 398.39999390
v -19.07169914 16.32317924 398.39999390
v -19.08122063 16.21257019 398.50000000
v -18.94862938 16.25403976 398.39999390
v -19.08122063 16.21257019 398.50000000
v -18.95605087 16.14583015 398.50000000
v -18.94862938 16.25403976 398.39999390
v -18.94862938 16.25403976 398.39999390
v -18.95605087 16.14583015 398.50000000
v -18.82098007 16.19375992 398.39999390
v -18.95605087 16.14583015 398.50000000
v -18.82666016 16.08769989 398.50000000
v -18.82098007 16.19375992 398.39999390
v -18.82098007 16.19375992 398.39999390
v -18.82666016 16.08769989 398.50000000
v -18.68939972 16.14262962 398.39999390
v -18.82666016 16.08769989 398.50000000
v -18.69363976 16.03844070 398.50000000
v -18.68939972 16.14262962 398.39999390
v -18.68939972 16.14262962 398.39999390
v -18.69363976 16.03844070 398.50000000
v -18.55454063 16.10090065 398.39999390
v -18.69363976 16.03844070 398.50000000
v -18.55759048 15.99825954 398.50000000
v -18.55454063 16.10090065 398.39999390
v -18.55454063 16.10090065 398.39999390
v -18.55759048 15.99825954 398.50000000
v -18.41707039 16.06879997 398.39999390
v -18.55759048 15.99825954 398.50000000
v -18.41914940 15.96735954 398.50000000
v -18.41707039 16.06879997 398.39999390
v -18.41707039 16.06879997 398.39999390
v -18.41914940 15.96735954 398.50000000
v -18.27769089 16.04647064 398.39999390
v -18.27893066 15.94587994 398.50000000
v -18.27769089 16.04647064 398.39999390
v -18.27893066 15.94587994 398.50000000
v -18.13706970 16.03403091 398.39999390
v -18.27893066 15.94587994 398.50000000
v -18.13759041 15.93391991 398.50000000
v -18.13706970 16.03403091 398.39999390
v -18.13706970 16.03403091 398.39999390
v -18.13759041 15.93391991 398.50000000
v -17.99592972 16.03153038 398.39999390
v -17.99575043 15.93152046 398.50000000
v -17.99575043 15.93152046 398.50000000
v -17.85408974 15.93871021 398.50000000
v -17.99592972 16.03153038 398.39999390
v -17.85495949 16.03900909 398.39999390
v -17.85495949 16.03900909 398.39999390
v -17.71323013 15.95543957 398.50000000
v -17.71487045 16.05640030 398.39999390
v -17.85408974 15.93871021 398.50000000
v -17.71323013 15.95543957 398.50000000
v -17.85495949 16.03900909 398.39999390
v -17.71487045 16.05640030 398.39999390
v -17.57382011 15.98163986 398.50000000
v -17.57636070 16.08363914 398.39999390
v -17.71323013 15.95543957 398.50000000
v -17.57382011 15.98163986 398.50000000
v -17.71487045 16.05640030 398.39999390
v -17.57636070 16.08363914 398.39999390
v -17.43648911 16.01720047 398.50000000
v -17.44010925 16.12056923 398.39999390
v -17.57382011 15.98163986 398.50000000
v -17.43648911 16.01720047 398.50000000
v -17.57636070 16.08363914 398.39999390
v -17.44010925 16.12056923 398.39999390
v -17.30187988 16.06193924 398.50000000
v -17.30681038 16.16703033 398.39999390
v -17.43648911 16.01720047 398.50000000
v -17.30187988 16.06193924 398.50000000
v -17.44010925 16.12056923 398.39999390
v -17.30681038 16.16703033 398.39999390
v -17.17060089 16.11566925 398.50000000
v -17.17711067 16.22277069 398.39999390
v -17.30187988 16.06193924 398.50000000
v -17.17060089 16.11566925 398.50000000
v -17.30681038 16.16703033 398.39999390
v -17.17711067 16.22277069 398.39999390
v -17.04324913 16.17815018 398.50000000
v -17.05167007 16.28753090 398.39999390
v -17.17060089 16.11566925 398.50000000
v -17.04324913 16.17815018 398.50000000
v -17.17711067 16.22277069 398.39999390
v -17.05167007 16.28753090 398.39999390
v -16.92040062 16.24906921 398.50000000
v -16.93111038 16.36096954 398.39999390
v -17.04324913 16.17815018 398.50000000
v -16.92040062 16.24906921 398.50000000
v -17.05167007 16.28753090 398.39999390
v -16.93111038 16.36096954 398.39999390
v -16.80261993 16.32813072 398.50000000
v -16.81604004 16.44272995 398.39999390
v -16.92040062 16.24906921 398.50000000
v -16.80261993 16.32813072 398.50000000
v -16.93111038 16.36096954 398.39999390
v -16.81604004 16.44272995 398.39999390
v -16.69045067 16.41496086 398.50000000
v -16.70701027 16.53240013 398.39999390
v -16.80261993 16.32813072 398.50000000
v -16.69045067 16.41496086 398.50000000
v -16.81604004 16.44272995 398.39999390
v -16.70701027 16.53240013 398.39999390
v -16.58439064 16.50915909 398.50000000
v -16.60457993 16.62955093 398.39999390
v -16.69045067 16.41496086 398.50000000
v -16.58439064 16.50915909 398.50000000
v -16.70701027 16.53240013 398.39999390
v -16.58439064 16.50915909 398.50000000
v -16.48493958 16.61030960 398.50000000
v -16.60457993 16.62955093 398.39999390
v -16.60457993 16.62955093 398.39999390
v -16.48493958 16.61030960 398.50000000
v -16.50926971 16.73366928 398.39999390
v -16.48493958 16.61030960 398.50000000
v -16.39253998 16.71793938 398.50000000
v -16.50926971 16.73366928 398.39999390
v -16.50926971 16.73366928 398.39999390
v -16.39253998 16.71793938 398.50000000
v -16.42152977 16.84425926 398.39999390
v -16.39253998 16.71793938 398.50000000
v -16.30761909 16.83156013 398.50000000
v -16.42152977 16.84425926 398.39999390
v -16.42152977 16.84425926 398.39999390
v -16.30761909 16.83156013 398.50000000
v -16.34181023 16.96076012 398.39999390
v -16.30761909 16.83156013 398.50000000
v -16.23056030 16.95066071 398.50000000
v -16.34181023 16.96076012 398.39999390
v -16.34181023 16.96076012 398.39999390
v -16.23056030 16.95066071 398.50000000
v -16.27050972 17.08259964 398.39999390
v -16.23056030 16.95066071 398.50000000
v -16.16172028 17.07468033 398.50000000
v -16.27050972 17.08259964 398.39999390
v -16.27050972 17.08259964 398.39999390
v -16.16172028 17.07468033 398.50000000
v -16.20797920 17.20915985 398.39999390
v -16.16172028 17.07468033 398.50000000
v -16.10140991 17.20307922 398.50000000
v -16.20797920 17.20915985 398.39999390
v -16.20797920 17.20915985 398.39999390
v -16.10140991 17.20307922 398.50000000
v -16.15453911 17.33982086 398.39999390
v -16.10140991 17.20307922 398.50000000
v -16.04990959 17.33525085 398.50000000
v -16.15453911 17.33982086 398.39999390
v -16.15453911 17.33982086 398.39999390
v -16.04990959 17.33525085 398.50000000
v -16.11043930 17.47392082 398.39999390
v -16.04990959 17.33525085 398.50000000
v -16.00744057 17.47059059 398.50000000
v -16.11043930 17.47392082 398.39999390
v -16.11043930 17.47392082 398.39999390
v -16.00744057 17.47059059 398.50000000
v -16.07591057 17.61079979 398.39999390
v -16.00744057 17.47059059 398.50000000
v -15.97420979 17.60849953 398.50000000
v -16.07591057 17.61079979 398.39999390
v -16.07591057 17.61079979 398.39999390
v -15.97420979 17.60849953 398.50000000
v -16.05113029 17.74976921 398.39999390
v -15.97420979 17.60849953 398.50000000
v -15.95036030 17.74832916 398.50000000
v -16.05113029 17.74976921 398.39999390
v -16.05113029 17.74976921 398.39999390
v -15.95036030 17.74832916 398.50000000
v -16.03620911 17.89015007 398.39999390
v -15.93601036 17.88945007 398.50000000
v -16.03620911 17.89015007 398.39999390
v -15.93601036 17.88945007 398.50000000
v -16.03121948 18.03121948 398.39999390
v -15.93122005 18.03121948 398.50000000
v -17.40547943 18.65696907 398.50000000
v -16.69045067 19.64748955 398.50000000
v -16.58439064 19.55328941 398.50000000
v -16.48493958 19.45214081 398.50000000
v -16.39253998 19.34450912 398.50000000
v -17.51107025 18.74715042 398.50000000
v -16.92040062 19.81337929 398.50000000
v -16.80261993 19.73431969 398.50000000
v -17.31529045 18.55138016 398.50000000
v -16.30761909 19.23089027 398.50000000
v -16.23056030 19.11178970 398.50000000
v -17.62947083 18.81970978 398.50000000
v -17.17060089 19.94676971 398.50000000
v -17.04324913 19.88430023 398.50000000
v -17.24274063 18.43297958 398.50000000
v -16.16172028 18.98776054 398.50000000
v -16.10140991 18.85936928 398.50000000
v -17.75775909 18.87285042 398.50000000
v -17.57382011 20.08079910 398.50000000
v -17.43648911 20.04524994 398.50000000
v -17.30187988 20.00049973 398.50000000
v -17.18959045 18.30468941 398.50000000
v -16.04990959 18.72719955 398.50000000
v -16.00744057 18.59185028 398.50000000
v -15.97420979 18.45395088 398.50000000
v -17.89278984 18.90526962 398.50000000
v -17.85408974 20.12373924 398.50000000
v -17.71323013 20.10700989 398.50000000
v -17.15718079 18.16966057 398.50000000
v -15.95036030 18.31411934 398.50000000
v -15.93601036 18.17299080 398.50000000
v -18.03121948 18.91617012 398.50000000
v -18.13759041 20.12853050 398.50000000
v -17.99575043 20.13092041 398.50000000
v -17.14628029 18.03121948 398.50000000
v -15.93122005 18.03121948 398.50000000
v -15.93601036 17.88945007 398.50000000
v -18.16966057 18.90526962 398.50000000
v -18.55759048 20.06418037 398.50000000
v -18.41914940 20.09507942 398.50000000
v -18.27893066 20.11655998 398.50000000
v -17.15718079 17.89278984 398.50000000
v -15.95036030 17.74832916 398.50000000
v -15.97420979 17.60849953 398.50000000
v -18.30468941 18.87285042 398.50000000
v -18.82666016 19.97475052 398.50000000
v -18.69363976 20.02400970 398.50000000
v -17.18959045 17.75775909 398.50000000
v -16.00744057 17.47059059 398.50000000
v -16.04990959 17.33525085 398.50000000
v -16.10140991 17.20307922 398.50000000
v -18.43297958 18.81970978 398.50000000
v -19.08122063 19.84988022 398.50000000
v -18.95605087 19.91661072 398.50000000
v -17.24274063 17.62947083 398.50000000
v -16.16172028 17.07468033 398.50000000
v -16.23056030 16.95066071 398.50000000
v -18.55138016 18.74715042 398.50000000
v -19.31665039 19.69185066 398.50000000
v -19.20161057 19.77483940 398.50000000
v -17.31529045 17.51107025 398.50000000
v -16.30761909 16.83156013 398.50000000
v -16.39253998 16.71793938 398.50000000
v -19.42581940 19.60128021 398.50000000
v -18.65696907 18.65696907 398.50000000
v -17.40547943 17.40547943 398.50000000
v -16.48493958 16.61030960 398.50000000
v -19.52864075 19.50354958 398.50000000
v -16.58439064 16.50915909 398.50000000
v -19.62462044 19.39911079 398.50000000
v -18.74715042 18.55138016 398.50000000
v -16.69045067 16.41496086 398.50000000
v -17.51107025 17.31529045 398.50000000
v -19.71332932 19.28841972 398.50000000
v -16.80261993 16.32813072 398.50000000
v -19.79435921 19.17198944 398.50000000
v -18.81970978 18.43297958 398.50000000
v -16.92040062 16.24906921 398.50000000
v -17.62947083 17.24274063 398.50000000
v -19.86734962 19.05035973 398.50000000
v -17.04324913 16.17815018 398.50000000
v -19.93195915 18.92407990 398.50000000
v -17.17060089 16.11566925 398.50000000
v -17.75775909 17.18959045 398.50000000
v -19.98789978 18.79372025 398.50000000
v -18.87285042 18.30468941 398.50000000
v -17.30187988 16.06193924 398.50000000
v -20.03491974 18.65988922 398.50000000
v -17.43648911 16.01720047 398.50000000
v -20.07279015 18.52318001 398.50000000
v -18.90526962 18.16966057 398.50000000
v -17.57382011 15.98163986 398.50000000
v -17.89278984 17.15718079 398.50000000
v -20.10133934 18.38423920 398.50000000
v -17.71323013 15.95543957 398.50000000
v -20.12044907 18.24367905 398.50000000
v -18.91617012 18.03121948 398.50000000
v -17.85408974 15.93871021 398.50000000
v -18.03121948 17.14628029 398.50000000
v -20.13002014 18.10214996 398.50000000
v -17.99575043 15.93152046 398.50000000
v -20.13002014 17.96030045 398.50000000
v -18.13759041 15.93391991 398.50000000
v -18.16966057 17.15718079 398.50000000
v -20.12044907 17.81876945 398.50000000
v -18.90526962 17.89278984 398.50000000
v -18.27893066 15.94587994 398.50000000
v -20.10133934 17.67820930 398.50000000
v -18.41914940 15.96735954 398.50000000
v -20.07279015 17.53926086 398.50000000
v -18.87285042 17.75775909 398.50000000
v -18.55759048 15.99825954 398.50000000
v -18.30468941 17.18959045 398.50000000
v -20.03491974 17.40255928 398.50000000
v -18.69363976 16.03844070 398.50000000
v -19.98789978 17.26873016 398.50000000
v -18.81970978 17.62947083 398.50000000
v -18.82666016 16.08769989 398.50000000
v -18.43297958 17.24274063 398.50000000
v -19.93195915 17.13837051 398.50000000
v -18.95605087 16.14583015 398.50000000
v -19.86734962 17.01209068 398.50000000
v -19.08122063 16.21257019 398.50000000
v -18.55138016 17.31529045 398.50000000
v -19.79435921 16.89045906 398.50000000
v -18.74715042 17.51107025 398.50000000
v -19.20161057 16.28759956 398.50000000
v -19.71332932 16.77403069 398.50000000
v -19.31665039 16.37059021 398.50000000
v -19.62462044 16.66333961 398.50000000
v -18.65696907 17.40547943 398.50000000
v -19.42581940 16.46116066 398.50000000
v -19.52864075 16.55888939 398.50000000
v -18.91617012 18.03121948 398.50000000
v -18.90526962 18.16966057 398.50000000
v -18.91617012 18.03121948 408.50000000
v -18.90526962 18.16966057 408.50000000
v -18.90526962 18.16966057 408.50000000
v -18.87285042 18.30468941 398.50000000
v -18.87285042 18.30468941 408.50000000
v -18.90526962 18.16966057 398.50000000
v -18.87285042 18.30468941 408.50000000
v -18.81970978 18.43297958 398.50000000
v -18.81970978 18.43297958 408.50000000
v -18.87285042 18.30468941 398.50000000
v -18.81970978 18.43297958 398.50000000
v -18.74715042 18.55138016 398.50000000
v -18.81970978 18.43297958 408.50000000
v -18.74715042 18.55138016 408.50000000
v -18.74715042 18.55138016 398.50000000
v -18.65696907 18.65696907 398.50000000
v -18.74715042 18.55138016 408.50000000
v -18.65696907 18.65696907 408.50000000
v -18.65696907 18.65696907 398.50000000
v -18.55138016 18.74715042 398.50000000
v -18.65696907 18.65696907 408.50000000
v -18.55138016 18.74715042 408.50000000
v -18.55138016 18.74715042 398.50000000
v -18.43297958 18.81970978 398.50000000
v -18.55138016 18.74715042 408.50000000
v -18.43297958 18.81970978 408.50000000
v -18.43297958 18.81970978 398.50000000
v -18.30468941 18.87285042 398.50000000
v -18.43297958 18.81970978 408.50000000
v -18.30468941 18.87285042 408.50000000
v -18.30468941 18.87285042 408.50000000
v -18.30468941 18.87285042 398.50000000
v -18.16966057 18.90526962 408.50000000
v -18.16966057 18.90526962 398.50000000
v -18.16966057 18.90526962 408.50000000
v -18.16966057 18.90526962 398.50000000
v -18.03121948 18.91617012 408.50000000
v -18.03121948 18.91617012 398.50000000
v -18.03121948 18.91617012 398.50000000
v -17.89278984 18.90526962 398.50000000
v -18.03121948 18.91617012 408.50000000
v -17.89278984 18.90526962 408.50000000
v -17.89278984 18.90526962 398.50000000
v -17.75775909 18.87285042 398.50000000
v -17.89278984 18.90526962 408.50000000
v -17.75775909 18.87285042 408.50000000
v -17.75775909 18.87285042 398.50000000
v -17.62947083 18.81970978 398.50000000
v -17.75775909 18.87285042 408.50000000
v -17.62947083 18.81970978 408.50000000
v -17.62947083 18.81970978 408.50000000
v -17.62947083 18.81970978 398.50000000
v -17.51107025 18.74715042 408.50000000
v -17.51107025 18.74715042 398.50000000
v -17.51107025 18.74715042 398.50000000
v -17.40547943 18.65696907 398.50000000
v -17.51107025 18.74715042 408.50000000
v -17.40547943 18.65696907 408.50000000
v -17.40547943 18.65696907 398.50000000
v -17.31529045 18.55138016 398.50000000
v -17.40547943 18.65696907 408.50000000
v -17.31529045 18.55138016 408.50000000
v -17.31529045 18.55138016 398.50000000
v -17.24274063 18.43297958 398.50000000
v -17.31529045 18.55138016 408.50000000
v -17.24274063 18.43297958 408.50000000
v -17.24274063 18.43297958 408.50000000
v -17.24274063 18.43297958 398.50000000
v -17.18959045 18.30468941 408.50000000
v -17.18959045 18.30468941 398.50000000
v -17.18959045 18.30468941 398.50000000
v -17.15718079 18.16966057 398.50000000
v -17.18959045 18.30468941 408.50000000
v -17.15718079 18.16966057 408.50000000
v -17.15718079 18.16966057 408.50000000
v -17.14628029 18.03121948 398.50000000
v -17.14628029 18.03121948 408.50000000
v -17.15718079 18.16966057 398.50000000
v -17.14628029 18.03121948 408.50000000
v -17.15718079 17.89278984 398.50000000
v -17.15718079 17.89278984 408.50000000
v -17.14628029 18.03121948 398.50000000
v -17.15718079 17.89278984 408.50000000
v -17.18959045 17.75775909 398.50000000
v -17.18959045 17.75775909 408.50000000
v -17.18959045 17.75775909 408.50000000
v -17.18959045 17.75775909 398.50000000
v -17.24274063 17.62947083 408.50000000
v -17.15718079 17.89278984 398.50000000
v -17.24274063 17.62947083 398.50000000
v -17.24274063 17.62947083 408.50000000
v -17.31529045 17.51107025 398.50000000
v -17.31529045 17.51107025 408.50000000
v -17.24274063 17.62947083 398.50000000
v -17.31529045 17.51107025 408.50000000
v -17.40547943 17.40547943 398.50000000
v -17.40547943 17.40547943 408.50000000
v -17.31529045 17.51107025 398.50000000
v -17.40547943 17.40547943 408.50000000
v -17.51107025 17.31529045 398.50000000
v -17.51107025 17.31529045 408.50000000
v -17.51107025 17.31529045 408.50000000
v -17.51107025 17.31529045 398.50000000
v -17.62947083 17.24274063 408.50000000
v -17.40547943 17.40547943 398.50000000
v -17.62947083 17.24274063 398.50000000
v -17.62947083 17.24274063 408.50000000
v -17.75775909 17.18959045 398.50000000
v -17.75775909 17.18959045 408.50000000
v -17.62947083 17.24274063 398.50000000
v -17.75775909 17.18959045 408.50000000
v -17.89278984 17.15718079 398.50000000
v -17.89278984 17.15718079 408.50000000
v -17.75775909 17.18959045 398.50000000
v -17.89278984 17.15718079 398.50000000
v -18.03121948 17.14628029 398.50000000
v -17.89278984 17.15718079 408.50000000
v -18.03121948 17.14628029 408.50000000
v -18.03121948 17.14628029 398.50000000
v -18.16966057 17.15718079 398.50000000
v -18.03121948 17.14628029 408.50000000
v -18.16966057 17.15718079 408.50000000
v -18.16966057 17.15718079 398.50000000
v -18.30468941 17.18959045 398.50000000
v -18.16966057 17.15718079 408.50000000
v -18.30468941 17.18959045 408.50000000
v -18.30468941 17.18959045 398.50000000
v -18.43297958 17.24274063 398.50000000
v -18.30468941 17.18959045 408.50000000
v -18.43297958 17.24274063 408.50000000
v -18.43297958 17.24274063 398.50000000
v -18.55138016 17.31529045 398.50000000
v -18.43297958 17.24274063 408.50000000
v -18.55138016 17.31529045 408.50000000
v -18.55138016 17.31529045 398.50000000
v -18.65696907 17.40547943 398.50000000
v -18.55138016 17.31529045 408.50000000
v -18.65696907 17.40547943 408.50000000
v -18.65696907 17.40547943 398.50000000
v -18.74715042 17.51107025 398.50000000
v -18.65696907 17.40547943 408.50000000
v -18.74715042 17.51107025 408.50000000
v -18.74715042 17.51107025 398.50000000
v -18.81970978 17.62947083 398.50000000
v -18.74715042 17.51107025 408.50000000
v -18.81970978 17.62947083 408.50000000
v -18.81970978 17.62947083 398.50000000
v -18.87285042 17.75775909 398.50000000
v -18.81970978 17.62947083 408.50000000
v -18.87285042 17.75775909 408.50000000
v -18.87285042 17.75775909 398.50000000
v -18.90526962 17.89278984 398.50000000
v -18.87285042 17.75775909 408.50000000
v -18.90526962 17.89278984 408.50000000
v -18.90526962 17.89278984 398.50000000
v -18.91617012 18.03121948 398.50000000
v -18.90526962 17.89278984 408.50000000
v -18.91617012 18.03121948 408.50000000
v -18.43297958 18.81970978 408.50000000
v -18.30468941 18.87285042 408.50000000
v -18.16966057 18.90526962 408.50000000
v -17.31529045 17.51107025 408.50000000
v -17.15718079 17.89278984 408.50000000
v -17.18959045 17.75775909 408.50000000
v -17.24274063 17.62947083 408.50000000
v -18.81970978 18.43297958 408.50000000
v -18.74715042 18.55138016 408.50000000
v -18.65696907 18.65696907 408.50000000
v -18.55138016 18.74715042 408.50000000
v -17.75775909 17.18959045 408.50000000
v -17.40547943 17.40547943 408.50000000
v -17.51107025 17.31529045 408.50000000
v -17.62947083 17.24274063 408.50000000
v -18.03121948 17.14628029 408.50000000
v -17.89278984 17.15718079 408.50000000
v -18.87285042 17.75775909 408.50000000
v -18.91617012 18.03121948 408.50000000
v -18.90526962 18.16966057 408.50000000
v -18.90526962 17.89278984 408.50000000
v -18.30468941 17.18959045 408.50000000
v -18.16966057 17.15718079 408.50000000
v -18.74715042 17.51107025 408.50000000
v -18.81970978 17.62947083 408.50000000
v -18.65696907 17.40547943 408.50000000
v -18.87285042 18.30468941 408.50000000
v -18.03121948 18.91617012 408.50000000
v -17.89278984 18.90526962 408.50000000
v -17.75775909 18.87285042 408.50000000
v -17.62947083 18.81970978 408.50000000
v -17.51107025 18.74715042 408.50000000
v -17.40547943 18.65696907 408.50000000
v -17.31529045 18.55138016 408.50000000
v -17.24274063 18.43297958 408.50000000
v -17.18959045 18.30468941 408.50000000
v -17.15718079 18.16966057 408.50000000
v -17.14628029 18.03121948 408.50000000
v -18.43297958 17.24274063 408.50000000
v -18.55138016 17.31529045 408.50000000
v 15.38535976 22.10400963 398.50000000
v 15.19390011 22.29833031 398.50000000
v 15.29294014 22.20442963 398.50000000
v 15.08868027 22.38524055 398.50000000
v 21.99751091 15.47070980 398.50000000
v 22.10400963 15.38535976 398.50000000
v 22.20442963 15.29294014 398.50000000
v 21.99751091 15.47070980 398.50000000
v 22.20442963 15.29294014 398.50000000
v 22.29833031 15.19390011 398.50000000
v 22.38524055 15.08868027 398.50000000
v 15.54860020 21.88544083 398.50000000
v 14.97776985 22.46478081 398.50000000
v 15.54860020 21.88544083 398.50000000
v 15.38535976 22.10400963 398.50000000
v 15.47070980 21.99751091 398.50000000
v 21.76832008 15.61865997 398.50000000
v 21.88544083 15.54860020 398.50000000
v 15.68058014 21.64669991 398.50000000
v 15.54860020 21.88544083 398.50000000
v 15.61865997 21.76832008 398.50000000
v 15.68058014 21.64669991 398.50000000
v 21.39221001 15.77884007 398.50000000
v 21.52112961 15.73404980 398.50000000
v 21.64669991 15.68058014 398.50000000
v 15.77884007 21.39221001 398.50000000
v 15.73404980 21.52112961 398.50000000
v 21.26054001 15.81472969 398.50000000
v 15.84156036 21.12672043 398.50000000
v 15.77884007 21.39221001 398.50000000
v 15.81472969 21.26054001 398.50000000
v 21.12672043 15.84156036 398.50000000
v 15.86756039 20.85516930 398.50000000
v 15.85919952 20.99139023 398.50000000
v 20.85516930 15.86756039 398.50000000
v 20.99139023 15.85919952 398.50000000
v 15.86662006 20.71870041 398.50000000
v 20.71870041 15.86662006 398.50000000
v 20.58259964 15.85638046 398.50000000
v 20.44753075 15.83687019 398.50000000
v 20.31410027 15.80819988 398.50000000
v 15.77050018 20.18292999 398.50000000
v 15.83687019 20.44753075 398.50000000
v 15.80819988 20.31410027 398.50000000
v 20.18292999 15.77050018 398.50000000
v 15.72393990 20.05463982 398.50000000
v 15.83687019 20.44753075 398.50000000
v 15.77050018 20.18292999 398.50000000
v 15.85638046 20.58259964 398.50000000
v 15.66872978 19.92983055 398.50000000
v 15.60515022 19.80907059 398.50000000
v 15.53347015 19.69292068 398.50000000
v 19.69292068 15.53347015 398.50000000
v 19.80907059 15.60515022 398.50000000
v 19.92983055 15.66872978 398.50000000
v 20.05463982 15.72393990 398.50000000
v 22.46478081 14.97776985 398.50000000
v 15.46193981 19.58002090 398.50000000
v 19.58002090 15.46193981 398.50000000
v 15.39550018 19.46404076 398.50000000
v 13.87335968 23.16312027 398.50000000
v 19.46404076 15.39550018 398.50000000
v 23.13779068 13.91555977 398.50000000
v 15.33430004 19.34522057 398.50000000
v 19.34522057 15.33430004 398.50000000
v 15.27844048 19.22378922 398.50000000
v 19.22378922 15.27844048 398.50000000
v 19.09999084 15.22805977 398.50000000
v 15.22805977 19.09999084 398.50000000
v 26.72591019 7.46915817 398.50000000
v 26.14252090 8.12510586 398.50000000
v 26.25909042 8.06816101 398.50000000
v 26.36730957 7.99660492 398.50000000
v 26.46536064 7.91164017 398.50000000
v 26.55158043 7.81469822 398.50000000
v 26.62451935 7.70740795 398.50000000
v 26.68296051 7.59157896 398.50000000
v 26.01955986 8.16647911 398.50000000
v 18.97406960 15.18323040 398.50000000
v 23.76061058 12.82316017 398.50000000
v 15.18323040 18.97406960 398.50000000
v 12.73645973 23.80719948 398.50000000
v 25.89228058 8.19158459 398.50000000
v 18.84627914 15.14406967 398.50000000
v 15.14406967 18.84627914 398.50000000
v 25.76280975 8.19999981 398.50000000
v 25.72470093 8.19999981 398.50000000
v 26.77539062 7.28980207 398.50000000
v 26.79966927 7.19999981 398.50000000
v 26.75079918 7.37952185 398.50000000
v 18.71686935 15.11063004 398.50000000
v 15.11063004 18.71686935 398.50000000
v 27.88002968 5.91219616 398.50000000
v 27.57554054 7.19999981 398.50000000
v 18.54496002 15.06206989 398.50000000
v 18.63036919 15.08827019 398.50000000
v 18.46080017 15.03209019 398.50000000
v 15.03209019 18.46080017 398.50000000
v 15.03209019 18.46080017 398.50000000
v 15.11063004 18.71686935 398.50000000
v 15.08827019 18.63036919 398.50000000
v 15.03209019 18.46080017 398.50000000
v 15.08827019 18.63036919 398.50000000
v 15.06206989 18.54496002 398.50000000
v 18.33286095 14.98814964 398.50000000
v 14.98814964 18.33286095 398.50000000
v 18.20224953 14.95296001 398.50000000
v 24.33189011 11.70294952 398.50000000
v 14.95296001 18.20224953 398.50000000
v 11.56972980 24.39551926 398.50000000
v 18.06954956 14.92669010 398.50000000
v 14.92669010 18.06954956 398.50000000
v 17.93539047 14.90944004 398.50000000
v 24.85040092 10.55735016 398.50000000
v 14.90944004 17.93539047 398.50000000
v 10.37590027 24.92671013 398.50000000
v 28.12441063 4.61164522 398.50000000
v 17.80035973 14.90130997 398.50000000
v 25.31500053 9.38885975 398.50000000
v 14.90130997 17.80035973 398.50000000
v 9.15776730 25.39950943 398.50000000
v 17.66510010 14.90231037 398.50000000
v 14.90231037 17.66510010 398.50000000
v 17.53021049 14.91246033 398.50000000
v 14.91246033 17.53021049 398.50000000
v 7.91818714 25.81282997 398.50000000
v 17.39632034 14.93171024 398.50000000
v 14.93171024 17.39632034 398.50000000
v 6.66006184 26.16570091 398.50000000
v 17.26403046 14.95995998 398.50000000
v 14.95995998 17.26403046 398.50000000
v 17.13396072 14.99707985 398.50000000
v 5.38633919 26.45726967 398.50000000
v 28.30817032 3.30115199 398.50000000
v 4.09999990 26.68688965 398.50000000
v 14.99707985 17.13396072 398.50000000
v 15.04292011 17.00668907 398.50000000
v 2.73861790 28.36812019 398.50000000
v 4.09999990 28.20355034 398.50000000
v 28.43088913 1.98354304 398.50000000
v 1.37089598 28.46701050 398.50000000
v 28.49231911 0.66165638 398.50000000
v 0.00000000 28.50000000 398.50000000
v 28.49231911 -0.66165638 398.50000000
v -4.09999990 26.68688965 398.50000000
v -4.09999990 28.20355034 398.50000000
v -2.73861790 28.36812019 398.50000000
v -1.37089598 28.46701050 398.50000000
v 26.79966927 -7.19999981 398.50000000
v 28.12441063 -4.61164522 398.50000000
v 27.88002968 -5.91219616 398.50000000
v 27.57554054 -7.19999981 398.50000000
v 26.36730957 -7.99660492 398.50000000
v 26.68296051 -7.59157896 398.50000000
v 26.62451935 -7.70740795 398.50000000
v 26.55158043 -7.81469822 398.50000000
v 26.46536064 -7.91164017 398.50000000
v 26.25909042 -8.06816101 398.50000000
v 25.89228058 -8.19158459 398.50000000
v 26.14252090 -8.12510586 398.50000000
v 26.01955986 -8.16647911 398.50000000
v 25.76280975 -8.19999981 398.50000000
v 26.72591019 -7.46915817 398.50000000
v 25.72470093 -8.19999981 398.50000000
v 28.43088913 -1.98354304 398.50000000
v 28.30817032 -3.30115199 398.50000000
v 26.75079918 -7.37952185 398.50000000
v 26.77539062 -7.28980207 398.50000000
v 22.29833031 -15.19390011 398.50000000
v 22.46478081 -14.97776985 398.50000000
v 22.38524055 -15.08868027 398.50000000
v -15.29294014 22.20442963 398.50000000
v -15.19390011 22.29833031 398.50000000
v -15.08868027 22.38524055 398.50000000
v 22.10400963 -15.38535976 398.50000000
v 22.29833031 -15.19390011 398.50000000
v 22.20442963 -15.29294014 398.50000000
v 22.10400963 -15.38535976 398.50000000
v 22.46478081 -14.97776985 398.50000000
v 22.29833031 -15.19390011 398.50000000
v -15.47070980 21.99751091 398.50000000
v -15.29294014 22.20442963 398.50000000
v -15.08868027 22.38524055 398.50000000
v -15.38535976 22.10400963 398.50000000
v -15.54860020 21.88544083 398.50000000
v 21.76832008 -15.61865997 398.50000000
v 21.99751091 -15.47070980 398.50000000
v 21.88544083 -15.54860020 398.50000000
v -15.68058014 21.64669991 398.50000000
v -15.68058014 21.64669991 398.50000000
v -15.61865997 21.76832008 398.50000000
v -15.54860020 21.88544083 398.50000000
v 21.39221001 -15.77884007 398.50000000
v 21.64669991 -15.68058014 398.50000000
v 21.52112961 -15.73404980 398.50000000
v -15.81472969 21.26054001 398.50000000
v -15.77884007 21.39221001 398.50000000
v -15.73404980 21.52112961 398.50000000
v 21.26054001 -15.81472969 398.50000000
v 21.12672043 -15.84156036 398.50000000
v -15.85919952 20.99139023 398.50000000
v -15.81472969 21.26054001 398.50000000
v -15.73404980 21.52112961 398.50000000
v -15.84156036 21.12672043 398.50000000
v 20.99139023 -15.85919952 398.50000000
v -15.86662006 20.71870041 398.50000000
v -15.86756039 20.85516930 398.50000000
v -15.85919952 20.99139023 398.50000000
v -15.86662006 20.71870041 398.50000000
v 20.58259964 -15.85638046 398.50000000
v 20.85516930 -15.86756039 398.50000000
v 20.71870041 -15.86662006 398.50000000
v -15.80819988 20.31410027 398.50000000
v -15.83687019 20.44753075 398.50000000
v -15.85638046 20.58259964 398.50000000
v 20.31410027 -15.80819988 398.50000000
v 20.44753075 -15.83687019 398.50000000
v -15.77050018 20.18292999 398.50000000
v -15.72393990 20.05463982 398.50000000
v 20.05463982 -15.72393990 398.50000000
v 20.18292999 -15.77050018 398.50000000
v -15.66872978 19.92983055 398.50000000
v 19.92983055 -15.66872978 398.50000000
v 19.80907059 -15.60515022 398.50000000
v -15.53347015 19.69292068 398.50000000
v -15.60515022 19.80907059 398.50000000
v -14.97776985 22.46478081 398.50000000
v 19.69292068 -15.53347015 398.50000000
v 19.58002090 -15.46193981 398.50000000
v -15.46193981 19.58002090 398.50000000
v 19.46404076 -15.39550018 398.50000000
v 23.13779068 -13.91555977 398.50000000
v -15.39550018 19.46404076 398.50000000
v -13.87335968 23.16312027 398.50000000
v 19.34522057 -15.33430004 398.50000000
v -15.33430004 19.34522057 398.50000000
v 19.22378922 -15.27844048 398.50000000
v -15.27844048 19.22378922 398.50000000
v 19.09999084 -15.22805977 398.50000000
v -15.22805977 19.09999084 398.50000000
v 18.97406960 -15.18323040 398.50000000
v 23.76061058 -12.82316017 398.50000000
v -15.18323040 18.97406960 398.50000000
v -12.73645973 23.80719948 398.50000000
v 18.84627914 -15.14406967 398.50000000
v -15.14406967 18.84627914 398.50000000
v 18.71686935 -15.11063004 398.50000000
v -15.11063004 18.71686935 398.50000000
v 18.54496002 -15.06206989 398.50000000
v 18.63036919 -15.08827019 398.50000000
v -15.03209019 18.46080017 398.50000000
v -15.06206989 18.54496002 398.50000000
v -15.08827019 18.63036919 398.50000000
v -15.03209019 18.46080017 398.50000000
v -15.08827019 18.63036919 398.50000000
v -15.11063004 18.71686935 398.50000000
v -15.03209019 18.46080017 398.50000000
v 18.46080017 -15.03209019 398.50000000
v -14.98814964 18.33286095 398.50000000
v 18.33286095 -14.98814964 398.50000000
v -14.95296001 18.20224953 398.50000000
v -11.56972980 24.39551926 398.50000000
v 18.20224953 -14.95296001 398.50000000
v 24.33189011 -11.70294952 398.50000000
v -14.92669010 18.06954956 398.50000000
v 18.06954956 -14.92669010 398.50000000
v -14.90944004 17.93539047 398.50000000
v -10.37590027 24.92671013 398.50000000
v 17.93539047 -14.90944004 398.50000000
v 24.85040092 -10.55735016 398.50000000
v -14.90130997 17.80035973 398.50000000
v -9.15776730 25.39950943 398.50000000
v 17.80035973 -14.90130997 398.50000000
v 25.31500053 -9.38885975 398.50000000
v -14.90231037 17.66510010 398.50000000
v 17.66510010 -14.90231037 398.50000000
v -14.91246033 17.53021049 398.50000000
v -7.91818714 25.81282997 398.50000000
v 17.53021049 -14.91246033 398.50000000
v -14.93171024 17.39632034 398.50000000
v -6.66006184 26.16570091 398.50000000
v 17.39632034 -14.93171024 398.50000000
v -14.95995998 17.26403046 398.50000000
v -5.38633919 26.45726967 398.50000000
v 17.26403046 -14.95995998 398.50000000
v -14.99707985 17.13396072 398.50000000
v 17.13396072 -14.99707985 398.50000000
v -15.04292011 17.00668907 398.50000000
v 17.00668907 -15.04292011 398.50000000
v 17.00668907 15.04292011 398.50000000
v -15.09724998 16.88281059 398.50000000
v 15.09724998 16.88281059 398.50000000
v 15.15983009 16.76288986 398.50000000
v 16.88281059 -15.09724998 398.50000000
v 16.88281059 15.09724998 398.50000000
v -15.15983009 16.76288986 398.50000000
v 16.76288986 -15.15983009 398.50000000
v 16.76288986 15.15983009 398.50000000
v -15.23038006 16.64747047 398.50000000
v 15.23038006 16.64747047 398.50000000
v 15.30856991 16.53709030 398.50000000
v 16.64747047 -15.23038006 398.50000000
v 16.64747047 15.23038006 398.50000000
v -15.30856991 16.53709030 398.50000000
v 16.53709030 -15.30856991 398.50000000
v 16.53709030 15.30856991 398.50000000
v -15.39404011 16.43223953 398.50000000
v 15.39404011 16.43223953 398.50000000
v 16.43223953 -15.39404011 398.50000000
v 16.43223953 15.39404011 398.50000000
v -15.48639965 16.33341026 398.50000000
v 15.48639965 16.33341026 398.50000000
v 16.33341026 15.48639965 398.50000000
v 16.33341026 -15.48639965 398.50000000
v 15.48639965 -16.33341026 398.50000000
v -18.63036919 15.08827019 398.50000000
v -18.54496002 15.06206989 398.50000000
v -18.46080017 15.03209019 398.50000000
v 15.08827019 -18.63036919 398.50000000
v 15.03209019 -18.46080017 398.50000000
v 15.06206989 -18.54496002 398.50000000
v 15.11063004 -18.71686935 398.50000000
v 15.03209019 -18.46080017 398.50000000
v 15.08827019 -18.63036919 398.50000000
v -18.71686935 15.11063004 398.50000000
v -19.92983055 15.66872978 398.50000000
v -19.80907059 15.60515022 398.50000000
v -19.69292068 15.53347015 398.50000000
v -20.05463982 15.72393990 398.50000000
v -20.18292999 15.77050018 398.50000000
v 15.77050018 -20.18292999 398.50000000
v 15.53347015 -19.69292068 398.50000000
v 15.60515022 -19.80907059 398.50000000
v 15.66872978 -19.92983055 398.50000000
v 15.72393990 -20.05463982 398.50000000
v -20.31410027 15.80819988 398.50000000
v 15.80819988 -20.31410027 398.50000000
v -20.44753075 15.83687019 398.50000000
v -20.58259964 15.85638046 398.50000000
v 15.85638046 -20.58259964 398.50000000
v 15.83687019 -20.44753075 398.50000000
v -20.71870041 15.86662006 398.50000000
v -20.85516930 15.86756039 398.50000000
v 15.86756039 -20.85516930 398.50000000
v 15.85638046 -20.58259964 398.50000000
v 15.86662006 -20.71870041 398.50000000
v 15.86756039 -20.85516930 398.50000000
v -20.99139023 15.85919952 398.50000000
v 15.85919952 -20.99139023 398.50000000
v -21.26054001 15.81472969 398.50000000
v -21.12672043 15.84156036 398.50000000
v 15.81472969 -21.26054001 398.50000000
v 15.84156036 -21.12672043 398.50000000
v -21.39221001 15.77884007 398.50000000
v 15.73404980 -21.52112961 398.50000000
v 15.81472969 -21.26054001 398.50000000
v 15.77884007 -21.39221001 398.50000000
v -21.64669991 15.68058014 398.50000000
v -21.52112961 15.73404980 398.50000000
v 15.68058014 -21.64669991 398.50000000
v 15.73404980 -21.52112961 398.50000000
v -21.76832008 15.61865997 398.50000000
v -21.88544083 15.54860020 398.50000000
v -21.99751091 15.47070980 398.50000000
v 15.47070980 -21.99751091 398.50000000
v 15.61865997 -21.76832008 398.50000000
v 15.47070980 -21.99751091 398.50000000
v 15.61865997 -21.76832008 398.50000000
v 15.54860020 -21.88544083 398.50000000
v -22.10400963 15.38535976 398.50000000
v 15.38535976 -22.10400963 398.50000000
v -22.20442963 15.29294014 398.50000000
v 15.29294014 -22.20442963 398.50000000
v -22.38524055 15.08868027 398.50000000
v -22.29833031 15.19390011 398.50000000
v 15.08868027 -22.38524055 398.50000000
v 15.08868027 -22.38524055 398.50000000
v 15.29294014 -22.20442963 398.50000000
v 15.19390011 -22.29833031 398.50000000
v -22.46478081 14.97776985 398.50000000
v -19.58002090 15.46193981 398.50000000
v -19.46404076 15.39550018 398.50000000
v 14.97776985 -22.46478081 398.50000000
v 15.39550018 -19.46404076 398.50000000
v 15.46193981 -19.58002090 398.50000000
v -23.13779068 13.91555977 398.50000000
v -19.34522057 15.33430004 398.50000000
v -19.22378922 15.27844048 398.50000000
v -19.09999084 15.22805977 398.50000000
v -18.97406960 15.18323040 398.50000000
v 13.85937977 -23.17148018 398.50000000
v 15.14406967 -18.84627914 398.50000000
v 15.18323040 -18.97406960 398.50000000
v 15.22805977 -19.09999084 398.50000000
v 15.27844048 -19.22378922 398.50000000
v 15.33430004 -19.34522057 398.50000000
v -23.76061058 12.82316017 398.50000000
v -18.84627914 15.14406967 398.50000000
v -18.33286095 14.98814964 398.50000000
v -18.20224953 14.95296001 398.50000000
v 12.70771980 -23.82254982 398.50000000
v 14.95296001 -18.20224953 398.50000000
v 14.98814964 -18.33286095 398.50000000
v -24.33189011 11.70294952 398.50000000
v -18.06954956 14.92669010 398.50000000
v -17.93539047 14.90944004 398.50000000
v 11.52554035 -24.41642952 398.50000000
v 14.90944004 -17.93539047 398.50000000
v 14.92669010 -18.06954956 398.50000000
v -24.85040092 10.55735016 398.50000000
v -17.80035973 14.90130997 398.50000000
v 10.31569958 -24.95167923 398.50000000
v 14.90231037 -17.66510010 398.50000000
v 14.90130997 -17.80035973 398.50000000
v -25.31500053 9.38885975 398.50000000
v -17.66510010 14.90231037 398.50000000
v 9.08108521 -25.42703056 398.50000000
v 14.91246033 -17.53021049 398.50000000
v -25.72470093 8.19999981 398.50000000
v -17.53021049 14.91246033 398.50000000
v -17.39632034 14.93171024 398.50000000
v -17.26403046 14.95995998 398.50000000
v -17.13396072 14.99707985 398.50000000
v -26.01955986 8.16647911 398.50000000
v -25.89228058 8.19158459 398.50000000
v -25.76280975 8.19999981 398.50000000
v 7.82466984 -25.84132957 398.50000000
v 14.93171024 -17.39632034 398.50000000
v -26.25909042 8.06816101 398.50000000
v -26.14252090 8.12510586 398.50000000
v -26.55158043 7.81469822 398.50000000
v -26.46536064 7.91164017 398.50000000
v -26.36730957 7.99660492 398.50000000
v -26.62451935 7.70740795 398.50000000
v -26.68296051 7.59157896 398.50000000
v -26.72591019 7.46915817 398.50000000
v -26.75079918 7.37952185 398.50000000
v -26.77539062 7.28980207 398.50000000
v -26.79966927 7.19999981 398.50000000
v 6.54946995 -26.19359016 398.50000000
v 14.95995998 -17.26403046 398.50000000
v 5.25854588 -26.48296928 398.50000000
v -27.85693932 6.02003813 398.50000000
v -27.57554054 7.19999981 398.50000000
v 3.95499611 -26.70875931 398.50000000
v 14.99707985 -17.13396072 398.50000000
v -28.08787918 4.82917023 398.50000000
v 2.64195108 -26.87042999 398.50000000
v 15.04292011 -17.00668907 398.50000000
v -28.26794052 3.62955403 398.50000000
v 1.32256305 -26.96759033 398.50000000
v -28.39678001 2.42336202 398.50000000
v 0.00000000 -27.00000000 398.50000000
v -28.47418022 1.21277905 398.50000000
v -28.50000000 0.00000000 398.50000000
v -15.48639965 -16.33341026 398.50000000
v -16.33341026 15.48639965 398.50000000
v -16.33341026 -15.48639965 398.50000000
v -16.43223953 15.39404011 398.50000000
v -15.39404011 -16.43223953 398.50000000
v 15.39404011 -16.43223953 398.50000000
v -16.43223953 -15.39404011 398.50000000
v -16.53709030 15.30856991 398.50000000
v -15.30856991 -16.53709030 398.50000000
v 15.30856991 -16.53709030 398.50000000
v -16.53709030 -15.30856991 398.50000000
v -16.64747047 15.23038006 398.50000000
v -15.23038006 -16.64747047 398.50000000
v 15.23038006 -16.64747047 398.50000000
v 15.15983009 -16.76288986 398.50000000
v -16.64747047 -15.23038006 398.50000000
v -16.76288986 15.15983009 398.50000000
v -15.15983009 -16.76288986 398.50000000
v -16.76288986 -15.15983009 398.50000000
v -16.88281059 15.09724998 398.50000000
v -15.09724998 -16.88281059 398.50000000
v 15.09724998 -16.88281059 398.50000000
v -16.88281059 -15.09724998 398.50000000
v -17.00668907 15.04292011 398.50000000
v -15.04292011 -17.00668907 398.50000000
v -1.32256305 -26.96759033 398.50000000
v -2.64195108 -26.87042999 398.50000000
v -17.00668907 -15.04292011 398.50000000
v -14.99707985 -17.13396072 398.50000000
v -3.95499611 -26.70875931 398.50000000
v -17.13396072 -14.99707985 398.50000000
v -14.95995998 -17.26403046 398.50000000
v -5.25854588 -26.48296928 398.50000000
v -6.54946995 -26.19359016 398.50000000
v -14.93171024 -17.39632034 398.50000000
v -7.82466984 -25.84132957 398.50000000
v -14.91246033 -17.53021049 398.50000000
v -18.63036919 -15.08827019 398.50000000
v -18.46080017 -15.03209019 398.50000000
v -18.54496002 -15.06206989 398.50000000
v -15.08827019 -18.63036919 398.50000000
v -15.06206989 -18.54496002 398.50000000
v -15.03209019 -18.46080017 398.50000000
v -15.11063004 -18.71686935 398.50000000
v -15.08827019 -18.63036919 398.50000000
v -15.03209019 -18.46080017 398.50000000
v -18.71686935 -15.11063004 398.50000000
v -25.72470093 -8.19999981 398.50000000
v -17.26403046 -14.95995998 398.50000000
v -17.39632034 -14.93171024 398.50000000
v -17.53021049 -14.91246033 398.50000000
v -17.66510010 -14.90231037 398.50000000
v -28.26794052 -3.62955403 398.50000000
v -28.39678001 -2.42336202 398.50000000
v -28.47418022 -1.21277905 398.50000000
v -26.79966927 -7.19999981 398.50000000
v -27.85693932 -6.02003813 398.50000000
v -28.08787918 -4.82917023 398.50000000
v -26.77539062 -7.28980207 398.50000000
v -26.75079918 -7.37952185 398.50000000
v -26.72591019 -7.46915817 398.50000000
v -25.76280975 -8.19999981 398.50000000
v -25.89228058 -8.19158459 398.50000000
v -26.14252090 -8.12510586 398.50000000
v -26.01955986 -8.16647911 398.50000000
v -26.62451935 -7.70740795 398.50000000
v -26.68296051 -7.59157896 398.50000000
v -26.36730957 -7.99660492 398.50000000
v -26.25909042 -8.06816101 398.50000000
v -26.55158043 -7.81469822 398.50000000
v -26.46536064 -7.91164017 398.50000000
v -9.08108521 -25.42703056 398.50000000
v -14.90231037 -17.66510010 398.50000000
v -25.31500053 -9.38885975 398.50000000
v -17.80035973 -14.90130997 398.50000000
v -27.57554054 -7.19999981 398.50000000
v -10.31569958 -24.95167923 398.50000000
v -14.90944004 -17.93539047 398.50000000
v -14.90130997 -17.80035973 398.50000000
v -24.85040092 -10.55735016 398.50000000
v -17.93539047 -14.90944004 398.50000000
v -19.92983055 -15.66872978 398.50000000
v -19.69292068 -15.53347015 398.50000000
v -19.80907059 -15.60515022 398.50000000
v -15.72393990 -20.05463982 398.50000000
v -15.66872978 -19.92983055 398.50000000
v -15.60515022 -19.80907059 398.50000000
v -11.52554035 -24.41642952 398.50000000
v -14.95296001 -18.20224953 398.50000000
v -14.92669010 -18.06954956 398.50000000
v -20.18292999 -15.77050018 398.50000000
v -20.05463982 -15.72393990 398.50000000
v -24.33189011 -11.70294952 398.50000000
v -18.06954956 -14.92669010 398.50000000
v -18.20224953 -14.95296001 398.50000000
v -15.80819988 -20.31410027 398.50000000
v -15.77050018 -20.18292999 398.50000000
v -20.44753075 -15.83687019 398.50000000
v -20.31410027 -15.80819988 398.50000000
v -15.83687019 -20.44753075 398.50000000
v -15.85638046 -20.58259964 398.50000000
v -12.70771980 -23.82254982 398.50000000
v -15.14406967 -18.84627914 398.50000000
v -14.98814964 -18.33286095 398.50000000
v -23.76061058 -12.82316017 398.50000000
v -18.33286095 -14.98814964 398.50000000
v -18.84627914 -15.14406967 398.50000000
v -18.97406960 -15.18323040 398.50000000
v -20.71870041 -15.86662006 398.50000000
v -20.58259964 -15.85638046 398.50000000
v -20.85516930 -15.86756039 398.50000000
v -15.84156036 -21.12672043 398.50000000
v -15.85919952 -20.99139023 398.50000000
v -15.86756039 -20.85516930 398.50000000
v -15.86662006 -20.71870041 398.50000000
v -13.85937977 -23.17148018 398.50000000
v -15.39550018 -19.46404076 398.50000000
v -15.33430004 -19.34522057 398.50000000
v -15.27844048 -19.22378922 398.50000000
v -15.22805977 -19.09999084 398.50000000
v -15.18323040 -18.97406960 398.50000000
v -23.13779068 -13.91555977 398.50000000
v -19.09999084 -15.22805977 398.50000000
v -19.22378922 -15.27844048 398.50000000
v -19.34522057 -15.33430004 398.50000000
v -19.46404076 -15.39550018 398.50000000
v -21.26054001 -15.81472969 398.50000000
v -20.99139023 -15.85919952 398.50000000
v -21.12672043 -15.84156036 398.50000000
v -15.81472969 -21.26054001 398.50000000
v -21.39221001 -15.77884007 398.50000000
v -21.52112961 -15.73404980 398.50000000
v -15.73404980 -21.52112961 398.50000000
v -15.77884007 -21.39221001 398.50000000
v -15.81472969 -21.26054001 398.50000000
v -21.64669991 -15.68058014 398.50000000
v -15.68058014 -21.64669991 398.50000000
v -15.73404980 -21.52112961 398.50000000
v -14.97776985 -22.46478081 398.50000000
v -15.53347015 -19.69292068 398.50000000
v -15.46193981 -19.58002090 398.50000000
v -22.46478081 -14.97776985 398.50000000
v -19.58002090 -15.46193981 398.50000000
v -21.99751091 -15.47070980 398.50000000
v -21.76832008 -15.61865997 398.50000000
v -21.88544083 -15.54860020 398.50000000
v -15.47070980 -21.99751091 398.50000000
v -15.54860020 -21.88544083 398.50000000
v -15.61865997 -21.76832008 398.50000000
v -15.47070980 -21.99751091 398.50000000
v -15.61865997 -21.76832008 398.50000000
v -22.38524055 -15.08868027 398.50000000
v -22.10400963 -15.38535976 398.50000000
v -15.19390011 -22.29833031 398.50000000
v -15.08868027 -22.38524055 398.50000000
v -22.20442963 -15.29294014 398.50000000
v -22.29833031 -15.19390011 398.50000000
v -15.29294014 -22.20442963 398.50000000
v -15.38535976 -22.10400963 398.50000000
v -16.33341026 15.48639965 396.00000000
v -16.33341026 15.48639965 398.50000000
v -16.43223953 15.39404011 398.50000000
v -16.43730927 15.38961983 396.00000000
v -16.43223953 15.39404011 398.50000000
v -16.53709030 15.30856991 398.50000000
v -16.43730927 15.38961983 396.00000000
v -16.54781914 15.30045986 396.00000000
v -16.53709030 15.30856991 398.50000000
v -16.64747047 15.23038006 398.50000000
v -16.54781914 15.30045986 396.00000000
v -16.66437912 15.21936989 396.00000000
v -16.64747047 15.23038006 398.50000000
v -16.76288986 15.15983009 398.50000000
v -16.66437912 15.21936989 396.00000000
v -16.54781914 15.30045986 396.00000000
v -16.64747047 15.23038006 398.50000000
v -16.78639030 15.14675045 396.00000000
v -16.76288986 15.15983009 398.50000000
v -16.88281059 15.09724998 398.50000000
v -16.78639030 15.14675045 396.00000000
v -16.66437912 15.21936989 396.00000000
v -16.76288986 15.15983009 398.50000000
v -16.91324997 15.08296967 396.00000000
v -16.88281059 15.09724998 398.50000000
v -17.00668907 15.04292011 398.50000000
v -16.91324997 15.08296967 396.00000000
v -16.78639030 15.14675045 396.00000000
v -16.88281059 15.09724998 398.50000000
v -17.04431915 15.02834988 396.00000000
v -17.00668907 15.04292011 398.50000000
v -17.13396072 14.99707985 398.50000000
v -17.04431915 15.02834988 396.00000000
v -16.91324997 15.08296967 396.00000000
v -17.00668907 15.04292011 398.50000000
v -17.17893028 14.98316956 396.00000000
v -17.13396072 14.99707985 398.50000000
v -17.26403046 14.95995998 398.50000000
v -17.17893028 14.98316956 396.00000000
v -17.04431915 15.02834988 396.00000000
v -17.13396072 14.99707985 398.50000000
v -17.31641006 14.94764996 396.00000000
v -17.26403046 14.95995998 398.50000000
v -17.39632034 14.93171024 398.50000000
v -17.31641006 14.94764996 396.00000000
v -17.17893028 14.98316956 396.00000000
v -17.26403046 14.95995998 398.50000000
v -17.45606041 14.92197990 396.00000000
v -17.39632034 14.93171024 398.50000000
v -17.53021049 14.91246033 398.50000000
v -17.45606041 14.92197990 396.00000000
v -17.31641006 14.94764996 396.00000000
v -17.39632034 14.93171024 398.50000000
v -17.59717941 14.90627956 396.00000000
v -17.53021049 14.91246033 398.50000000
v -17.66510010 14.90231037 398.50000000
v -17.59717941 14.90627956 396.00000000
v -17.45606041 14.92197990 396.00000000
v -17.53021049 14.91246033 398.50000000
v -17.73905945 14.90063000 396.00000000
v -17.66510010 14.90231037 398.50000000
v -17.80035973 14.90130997 398.50000000
v -17.73905945 14.90063000 396.00000000
v -17.59717941 14.90627956 396.00000000
v -17.66510010 14.90231037 398.50000000
v -17.88097954 14.90505981 396.00000000
v -17.80035973 14.90130997 398.50000000
v -17.93539047 14.90944004 398.50000000
v -17.88097954 14.90505981 396.00000000
v -17.73905945 14.90063000 396.00000000
v -17.80035973 14.90130997 398.50000000
v -18.02223015 14.91954994 396.00000000
v -18.06954956 14.92669010 398.50000000
v -18.20224953 14.95296001 398.50000000
v -18.02223015 14.91954994 396.00000000
v -17.93539047 14.90944004 398.50000000
v -18.06954956 14.92669010 398.50000000
v -18.02223015 14.91954994 396.00000000
v -17.88097954 14.90505981 396.00000000
v -17.93539047 14.90944004 398.50000000
v -18.24601936 14.96389008 395.92568970
v -18.20224953 14.95296001 398.50000000
v -18.33286095 14.98814964 398.50000000
v -18.24601936 14.96389008 395.92568970
v -18.46080017 15.03209019 395.89999390
v -18.33286095 14.98814964 398.50000000
v -18.46080017 15.03209019 398.50000000
v -18.46080017 15.03209019 395.89999390
v -18.24601936 14.96389008 395.92568970
v -18.33286095 14.98814964 398.50000000
v -17.68905067 14.64848042 396.00000000
v -17.76701927 14.72257042 396.00000000
v -17.75975037 14.57777023 395.89999390
v -17.75975037 14.57777023 395.89999390
v -17.76701927 14.72257042 396.00000000
v -17.86232948 14.67339993 395.89999390
v -17.86232948 14.67339993 395.89999390
v -17.84869003 14.79255962 396.00000000
v -17.97134972 14.76159954 395.89999390
v -17.76701927 14.72257042 396.00000000
v -17.84869003 14.79255962 396.00000000
v -17.86232948 14.67339993 395.89999390
v -17.97134972 14.76159954 395.89999390
v -17.93383980 14.85828018 396.00000000
v -18.08629036 14.84193993 395.89999390
v -17.84869003 14.79255962 396.00000000
v -17.93383980 14.85828018 396.00000000
v -17.97134972 14.76159954 395.89999390
v -18.02223015 14.91954994 396.00000000
v -18.02223015 14.91954994 396.00000000
v -18.20657921 14.91403008 395.89999390
v -18.08629036 14.84193993 395.89999390
v -18.02223015 14.91954994 396.00000000
v -18.24601936 14.96389008 395.92568970
v -18.20657921 14.91403008 395.89999390
v -18.24601936 14.96389008 395.92568970
v -18.33160973 14.97751999 395.89999390
v -18.20657921 14.91403008 395.89999390
v -18.24601936 14.96389008 395.92568970
v -18.46080017 15.03209019 395.89999390
v -18.33160973 14.97751999 395.89999390
v -14.95530987 11.91475010 396.00000000
v -17.68905067 14.64848042 396.00000000
v -17.75975037 14.57777023 395.89999390
v -15.02602005 11.84403992 395.89999390
v -15.03209019 18.46080017 395.89999390
v -15.03209019 18.46080017 398.50000000
v -14.98814964 18.33286095 398.50000000
v -14.96389008 18.24601936 395.92568970
v -14.98814964 18.33286095 398.50000000
v -14.95296001 18.20224953 398.50000000
v -14.96389008 18.24601936 395.92568970
v -15.03209019 18.46080017 395.89999390
v -14.98814964 18.33286095 398.50000000
v -14.91954994 18.02223015 396.00000000
v -14.92669010 18.06954956 398.50000000
v -14.90944004 17.93539047 398.50000000
v -14.91954994 18.02223015 396.00000000
v -14.95296001 18.20224953 398.50000000
v -14.92669010 18.06954956 398.50000000
v -14.96389008 18.24601936 395.92568970
v -14.90505981 17.88097954 396.00000000
v -14.90944004 17.93539047 398.50000000
v -14.90130997 17.80035973 398.50000000
v -14.90505981 17.88097954 396.00000000
v -14.91954994 18.02223015 396.00000000
v -14.90944004 17.93539047 398.50000000
v -14.90063000 17.73905945 396.00000000
v -14.90130997 17.80035973 398.50000000
v -14.90231037 17.66510010 398.50000000
v -14.90063000 17.73905945 396.00000000
v -14.90505981 17.88097954 396.00000000
v -14.90130997 17.80035973 398.50000000
v -14.90627956 17.59717941 396.00000000
v -14.90231037 17.66510010 398.50000000
v -14.91246033 17.53021049 398.50000000
v -14.90627956 17.59717941 396.00000000
v -14.90063000 17.73905945 396.00000000
v -14.90231037 17.66510010 398.50000000
v -14.92197990 17.45606041 396.00000000
v -14.91246033 17.53021049 398.50000000
v -14.93171024 17.39632034 398.50000000
v -14.92197990 17.45606041 396.00000000
v -14.90627956 17.59717941 396.00000000
v -14.91246033 17.53021049 398.50000000
v -14.94764996 17.31641006 396.00000000
v -14.93171024 17.39632034 398.50000000
v -14.95995998 17.26403046 398.50000000
v -14.94764996 17.31641006 396.00000000
v -14.92197990 17.45606041 396.00000000
v -14.93171024 17.39632034 398.50000000
v -14.98316956 17.17893028 396.00000000
v -14.95995998 17.26403046 398.50000000
v -14.99707985 17.13396072 398.50000000
v -14.98316956 17.17893028 396.00000000
v -14.94764996 17.31641006 396.00000000
v -14.95995998 17.26403046 398.50000000
v -15.02834988 17.04431915 396.00000000
v -14.99707985 17.13396072 398.50000000
v -15.04292011 17.00668907 398.50000000
v -15.02834988 17.04431915 396.00000000
v -14.98316956 17.17893028 396.00000000
v -14.99707985 17.13396072 398.50000000
v -15.08296967 16.91324997 396.00000000
v -15.04292011 17.00668907 398.50000000
v -15.09724998 16.88281059 398.50000000
v -15.08296967 16.91324997 396.00000000
v -15.02834988 17.04431915 396.00000000
v -15.04292011 17.00668907 398.50000000
v -15.14675045 16.78639030 396.00000000
v -15.09724998 16.88281059 398.50000000
v -15.15983009 16.76288986 398.50000000
v -15.14675045 16.78639030 396.00000000
v -15.08296967 16.91324997 396.00000000
v -15.09724998 16.88281059 398.50000000
v -15.21936989 16.66437912 396.00000000
v -15.15983009 16.76288986 398.50000000
v -15.23038006 16.64747047 398.50000000
v -15.21936989 16.66437912 396.00000000
v -15.14675045 16.78639030 396.00000000
v -15.15983009 16.76288986 398.50000000
v -15.30045986 16.54781914 396.00000000
v -15.23038006 16.64747047 398.50000000
v -15.30856991 16.53709030 398.50000000
v -15.30045986 16.54781914 396.00000000
v -15.21936989 16.66437912 396.00000000
v -15.23038006 16.64747047 398.50000000
v -15.38961983 16.43730927 396.00000000
v -15.30856991 16.53709030 398.50000000
v -15.39404011 16.43223953 398.50000000
v -15.30045986 16.54781914 396.00000000
v -15.48639965 16.33341026 396.00000000
v -15.39404011 16.43223953 398.50000000
v -15.48639965 16.33341026 398.50000000
v -15.38961983 16.43730927 396.00000000
v -15.03209019 18.46080017 395.89999390
v -14.96389008 18.24601936 395.92568970
v -14.97751999 18.33160973 395.89999390
v -14.96389008 18.24601936 395.92568970
v -14.91403008 18.20657921 395.89999390
v -14.97751999 18.33160973 395.89999390
v -14.91403008 18.20657921 395.89999390
v -14.91954994 18.02223015 396.00000000
v -14.84193993 18.08629036 395.89999390
v -14.96389008 18.24601936 395.92568970
v -14.91954994 18.02223015 396.00000000
v -14.91403008 18.20657921 395.89999390
v -14.84193993 18.08629036 395.89999390
v -14.85828018 17.93383980 396.00000000
v -14.76159954 17.97134972 395.89999390
v -14.91954994 18.02223015 396.00000000
v -14.76159954 17.97134972 395.89999390
v -14.79255962 17.84869003 396.00000000
v -14.67339993 17.86232948 395.89999390
v -14.85828018 17.93383980 396.00000000
v -14.79255962 17.84869003 396.00000000
v -14.76159954 17.97134972 395.89999390
v -14.67339993 17.86232948 395.89999390
v -14.72257042 17.76701927 396.00000000
v -14.57777023 17.75975037 395.89999390
v -14.79255962 17.84869003 396.00000000
v -14.72257042 17.76701927 396.00000000
v -14.67339993 17.86232948 395.89999390
v -14.72257042 17.76701927 396.00000000
v -14.64848042 17.68905067 396.00000000
v -14.57777023 17.75975037 395.89999390
v -14.64848042 17.68905067 396.00000000
v -11.91475010 14.95530987 396.00000000
v -11.84403992 15.02602005 395.89999390
v -14.57777023 17.75975037 395.89999390
v -11.75082970 14.92621040 395.89999390
v -11.91475010 14.95530987 396.00000000
v -11.81811047 14.85114956 396.00000000
v -11.84403992 15.02602005 395.89999390
v -11.66464043 14.82028008 395.89999390
v -11.81811047 14.85114956 396.00000000
v -11.72951031 14.74005985 396.00000000
v -11.66464043 14.82028008 395.89999390
v -11.75082970 14.92621040 395.89999390
v -11.81811047 14.85114956 396.00000000
v -11.58588982 14.70870972 395.89999390
v -11.72951031 14.74005985 396.00000000
v -11.64947987 14.62267017 396.00000000
v -11.58588982 14.70870972 395.89999390
v -11.66464043 14.82028008 395.89999390
v -11.72951031 14.74005985 396.00000000
v -11.51492977 14.59202957 395.89999390
v -11.64947987 14.62267017 396.00000000
v -11.57843018 14.49962044 396.00000000
v -11.51492977 14.59202957 395.89999390
v -11.58588982 14.70870972 395.89999390
v -11.64947987 14.62267017 396.00000000
v -11.45209980 14.47076988 395.89999390
v -11.57843018 14.49962044 396.00000000
v -11.51677990 14.37160015 396.00000000
v -11.45209980 14.47076988 395.89999390
v -11.51492977 14.59202957 395.89999390
v -11.57843018 14.49962044 396.00000000
v -11.39770031 14.34550953 395.89999390
v -11.51677990 14.37160015 396.00000000
v -11.46487045 14.23933983 396.00000000
v -11.39770031 14.34550953 395.89999390
v -11.45209980 14.47076988 395.89999390
v -11.51677990 14.37160015 396.00000000
v -11.35196018 14.21683025 395.89999390
v -11.46487045 14.23933983 396.00000000
v -11.42298985 14.10356045 396.00000000
v -11.35196018 14.21683025 395.89999390
v -11.39770031 14.34550953 395.89999390
v -11.46487045 14.23933983 396.00000000
v -11.31511974 14.08533001 395.89999390
v -11.42298985 14.10356045 396.00000000
v -11.39138031 13.96504021 396.00000000
v -11.31511974 14.08533001 395.89999390
v -11.35196018 14.21683025 395.89999390
v -11.42298985 14.10356045 396.00000000
v -11.28732967 13.95162964 395.89999390
v -11.39138031 13.96504021 396.00000000
v -11.37020016 13.82454014 396.00000000
v -11.28732967 13.95162964 395.89999390
v -11.31511974 14.08533001 395.89999390
v -11.39138031 13.96504021 396.00000000
v -11.26873970 13.81632996 395.89999390
v -11.37020016 13.82454014 396.00000000
v -11.35958004 13.68284988 396.00000000
v -11.26873970 13.81632996 395.89999390
v -11.25942039 13.68008995 395.89999390
v -11.35958004 13.68284988 396.00000000
v -11.35958004 13.54076004 396.00000000
v -11.25942039 13.68008995 395.89999390
v -11.26873970 13.81632996 395.89999390
v -11.35958004 13.68284988 396.00000000
v -11.25942039 13.54351997 395.89999390
v -11.26873970 13.40727997 395.89999390
v -11.35958004 13.54076004 396.00000000
v -11.37020016 13.39906979 396.00000000
v -11.26873970 13.40727997 395.89999390
v -11.25942039 13.54351997 395.89999390
v -11.35958004 13.54076004 396.00000000
v -11.28732967 13.27198029 395.89999390
v -11.26873970 13.40727997 395.89999390
v -11.37020016 13.39906979 396.00000000
v -11.28732967 13.27198029 395.89999390
v -11.37020016 13.39906979 396.00000000
v -11.39138031 13.25856972 396.00000000
v -11.31511974 13.13827991 395.89999390
v -11.28732967 13.27198029 395.89999390
v -11.39138031 13.25856972 396.00000000
v -11.31511974 13.13827991 395.89999390
v -11.39138031 13.25856972 396.00000000
v -11.42298985 13.12005043 396.00000000
v -11.35196018 13.00677967 395.89999390
v -11.42298985 13.12005043 396.00000000
v -11.46487045 12.98427010 396.00000000
v -11.35196018 13.00677967 395.89999390
v -11.31511974 13.13827991 395.89999390
v -11.42298985 13.12005043 396.00000000
v -11.39770031 12.87810040 395.89999390
v -11.46487045 12.98427010 396.00000000
v -11.51677990 12.85200977 396.00000000
v -11.39770031 12.87810040 395.89999390
v -11.35196018 13.00677967 395.89999390
v -11.46487045 12.98427010 396.00000000
v -11.45209980 12.75284004 395.89999390
v -11.51677990 12.85200977 396.00000000
v -11.57843018 12.72399044 396.00000000
v -11.45209980 12.75284004 395.89999390
v -11.39770031 12.87810040 395.89999390
v -11.51677990 12.85200977 396.00000000
v -11.51492977 12.63158035 395.89999390
v -11.57843018 12.72399044 396.00000000
v -11.64947987 12.60093975 396.00000000
v -11.51492977 12.63158035 395.89999390
v -11.45209980 12.75284004 395.89999390
v -11.57843018 12.72399044 396.00000000
v -11.58588982 12.51490021 395.89999390
v -11.64947987 12.60093975 396.00000000
v -11.72951031 12.48355007 396.00000000
v -11.58588982 12.51490021 395.89999390
v -11.51492977 12.63158035 395.89999390
v -11.64947987 12.60093975 396.00000000
v -11.66464043 12.40332985 395.89999390
v -11.72951031 12.48355007 396.00000000
v -11.81811047 12.37246037 396.00000000
v -11.66464043 12.40332985 395.89999390
v -11.58588982 12.51490021 395.89999390
v -11.72951031 12.48355007 396.00000000
v -11.75082970 12.29740047 395.89999390
v -11.81811047 12.37246037 396.00000000
v -11.91475010 12.26830006 396.00000000
v -11.75082970 12.29740047 395.89999390
v -11.66464043 12.40332985 395.89999390
v -11.81811047 12.37246037 396.00000000
v -11.84403992 12.19758987 395.89999390
v -12.26830006 11.91475010 396.00000000
v -12.19758987 11.84403992 395.89999390
v -11.84403992 12.19758987 395.89999390
v -11.91475010 12.26830006 396.00000000
v -11.84403992 15.02602005 393.89999390
v -11.84403992 15.02602005 395.89999390
v -11.75082970 14.92621040 395.89999390
v -11.73633957 14.90941048 393.90631104
v -11.75082970 14.92621040 395.89999390
v -11.66464043 14.82028008 395.89999390
v -11.73633957 14.90941048 393.90631104
v -11.63821983 14.78462029 393.92520142
v -11.66464043 14.82028008 395.89999390
v -11.58588982 14.70870972 395.89999390
v -11.63821983 14.78462029 393.92520142
v -11.73633957 14.90941048 393.90631104
v -11.66464043 14.82028008 395.89999390
v -11.55031013 14.65244961 393.95639038
v -11.58588982 14.70870972 395.89999390
v -11.51492977 14.59202957 395.89999390
v -11.55031013 14.65244961 393.95639038
v -11.63821983 14.78462029 393.92520142
v -11.58588982 14.70870972 395.89999390
v -11.47315979 14.51371956 394.00000000
v -11.51492977 14.59202957 395.89999390
v -11.45209980 14.47076988 395.89999390
v -11.47315979 14.51371956 394.00000000
v -11.55031013 14.65244961 393.95639038
v -11.51492977 14.59202957 395.89999390
v -11.41473961 14.38735008 394.00000000
v -11.45209980 14.47076988 395.89999390
v -11.39770031 14.34550953 395.89999390
v -11.41473961 14.38735008 394.00000000
v -11.47315979 14.51371956 394.00000000
v -11.45209980 14.47076988 395.89999390
v -11.36526012 14.25722027 394.00000000
v -11.39770031 14.34550953 395.89999390
v -11.35196018 14.21683025 395.89999390
v -11.36526012 14.25722027 394.00000000
v -11.41473961 14.38735008 394.00000000
v -11.39770031 14.34550953 395.89999390
v -11.32493973 14.12397003 394.00000000
v -11.35196018 14.21683025 395.89999390
v -11.31511974 14.08533001 395.89999390
v -11.32493973 14.12397003 394.00000000
v -11.36526012 14.25722027 394.00000000
v -11.35196018 14.21683025 395.89999390
v -11.29399014 13.98822975 394.00000000
v -11.31511974 14.08533001 395.89999390
v -11.28732967 13.95162964 395.89999390
v -11.29399014 13.98822975 394.00000000
v -11.32493973 14.12397003 394.00000000
v -11.31511974 14.08533001 395.89999390
v -11.27256966 13.85066986 394.00000000
v -11.28732967 13.95162964 395.89999390
v -11.26873970 13.81632996 395.89999390
v -11.27256966 13.85066986 394.00000000
v -11.29399014 13.98822975 394.00000000
v -11.28732967 13.95162964 395.89999390
v -11.26076031 13.71195030 394.00000000
v -11.26873970 13.81632996 395.89999390
v -11.25942039 13.68008995 395.89999390
v -11.26076031 13.71195030 394.00000000
v -11.27256966 13.85066986 394.00000000
v -11.26873970 13.81632996 395.89999390
v -11.25862980 13.57275009 394.00000000
v -11.25942039 13.68008995 395.89999390
v -11.25942039 13.54351997 395.89999390
v -11.25862980 13.57275009 394.00000000
v -11.26076031 13.71195030 394.00000000
v -11.25942039 13.68008995 395.89999390
v -11.26620007 13.43373013 394.00000000
v -11.25942039 13.54351997 395.89999390
v -11.26873970 13.40727997 395.89999390
v -11.26620007 13.43373013 394.00000000
v -11.25862980 13.57275009 394.00000000
v -11.25942039 13.54351997 395.89999390
v -11.28341007 13.29557991 394.00000000
v -11.26620007 13.43373013 394.00000000
v -11.26873970 13.40727997 395.89999390
v -11.28341007 13.29557991 394.00000000
v -11.26873970 13.40727997 395.89999390
v -11.28732967 13.27198029 395.89999390
v -11.31019020 13.15896034 394.00000000
v -11.28341007 13.29557991 394.00000000
v -11.28732967 13.27198029 395.89999390
v -11.31019020 13.15896034 394.00000000
v -11.28732967 13.27198029 395.89999390
v -11.31511974 13.13827991 395.89999390
v -11.34642029 13.02453041 394.00000000
v -11.31019020 13.15896034 394.00000000
v -11.31511974 13.13827991 395.89999390
v -11.34642029 13.02453041 394.00000000
v -11.31511974 13.13827991 395.89999390
v -11.35196018 13.00677967 395.89999390
v -11.39190006 12.89295006 394.00000000
v -11.35196018 13.00677967 395.89999390
v -11.39770031 12.87810040 395.89999390
v -11.39190006 12.89295006 394.00000000
v -11.34642029 13.02453041 394.00000000
v -11.35196018 13.00677967 395.89999390
v -11.44643974 12.76486015 394.00000000
v -11.39190006 12.89295006 394.00000000
v -11.39770031 12.87810040 395.89999390
v -11.44643974 12.76486015 394.00000000
v -11.39770031 12.87810040 395.89999390
v -11.45209980 12.75284004 395.89999390
v -11.50975037 12.64085960 394.00000000
v -11.45209980 12.75284004 395.89999390
v -11.51492977 12.63158035 395.89999390
v -11.50975037 12.64085960 394.00000000
v -11.44643974 12.76486015 394.00000000
v -11.45209980 12.75284004 395.89999390
v -11.58152962 12.52157974 394.00000000
v -11.51492977 12.63158035 395.89999390
v -11.58588982 12.51490021 395.89999390
v -11.58152962 12.52157974 394.00000000
v -11.50975037 12.64085960 394.00000000
v -11.51492977 12.63158035 395.89999390
v -11.66143990 12.40756989 394.00000000
v -11.58588982 12.51490021 395.89999390
v -11.66464043 12.40332985 395.89999390
v -11.66143990 12.40756989 394.00000000
v -11.58152962 12.52157974 394.00000000
v -11.58588982 12.51490021 395.89999390
v -11.74907970 12.29940033 394.00000000
v -11.66464043 12.40332985 395.89999390
v -11.75082970 12.29740047 395.89999390
v -11.66143990 12.40756989 394.00000000
v -11.84403992 12.19758987 394.00000000
v -11.75082970 12.29740047 395.89999390
v -11.84403992 12.19758987 395.89999390
v -11.74907970 12.29940033 394.00000000
v -12.19758987 11.84403992 394.00000000
v -11.84403992 12.19758987 394.00000000
v -12.19758987 11.84403992 395.89999390
v -11.84403992 12.19758987 395.89999390
v -18.33286095 -14.98814964 396.00000000
v -18.46080017 -15.03209019 396.00000000
v -18.46080017 -15.03209019 398.50000000
v -18.33286095 -14.98814964 398.50000000
v -18.20224953 -14.95296001 396.00000000
v -18.33286095 -14.98814964 398.50000000
v -18.20224953 -14.95296001 398.50000000
v -18.33286095 -14.98814964 396.00000000
v -18.06954956 -14.92669010 396.00000000
v -18.20224953 -14.95296001 398.50000000
v -18.06954956 -14.92669010 398.50000000
v -18.20224953 -14.95296001 396.00000000
v -17.93539047 -14.90944004 396.00000000
v -18.06954956 -14.92669010 398.50000000
v -17.93539047 -14.90944004 398.50000000
v -18.06954956 -14.92669010 396.00000000
v -17.80035973 -14.90130997 396.00000000
v -17.93539047 -14.90944004 398.50000000
v -17.80035973 -14.90130997 398.50000000
v -17.93539047 -14.90944004 396.00000000
v -17.66510010 -14.90231037 396.00000000
v -17.80035973 -14.90130997 398.50000000
v -17.66510010 -14.90231037 398.50000000
v -17.80035973 -14.90130997 396.00000000
v -17.53021049 -14.91246033 396.00000000
v -17.66510010 -14.90231037 398.50000000
v -17.53021049 -14.91246033 398.50000000
v -17.66510010 -14.90231037 396.00000000
v -17.39632034 -14.93171024 396.00000000
v -17.53021049 -14.91246033 398.50000000
v -17.39632034 -14.93171024 398.50000000
v -17.53021049 -14.91246033 396.00000000
v -17.26403046 -14.95995998 396.00000000
v -17.39632034 -14.93171024 398.50000000
v -17.26403046 -14.95995998 398.50000000
v -17.39632034 -14.93171024 396.00000000
v -17.13396072 -14.99707985 396.00000000
v -17.26403046 -14.95995998 398.50000000
v -17.13396072 -14.99707985 398.50000000
v -17.26403046 -14.95995998 396.00000000
v -17.00668907 -15.04292011 396.00000000
v -17.13396072 -14.99707985 398.50000000
v -17.00668907 -15.04292011 398.50000000
v -17.13396072 -14.99707985 396.00000000
v -16.88281059 -15.09724998 396.00000000
v -17.00668907 -15.04292011 398.50000000
v -16.88281059 -15.09724998 398.50000000
v -17.00668907 -15.04292011 396.00000000
v -16.76288986 -15.15983009 396.00000000
v -16.88281059 -15.09724998 398.50000000
v -16.76288986 -15.15983009 398.50000000
v -16.88281059 -15.09724998 396.00000000
v -16.64747047 -15.23038006 396.00000000
v -16.76288986 -15.15983009 398.50000000
v -16.64747047 -15.23038006 398.50000000
v -16.76288986 -15.15983009 396.00000000
v -16.53709030 -15.30856991 396.00000000
v -16.64747047 -15.23038006 398.50000000
v -16.53709030 -15.30856991 398.50000000
v -16.64747047 -15.23038006 396.00000000
v -16.43223953 -15.39404011 396.00000000
v -16.53709030 -15.30856991 396.00000000
v -16.53709030 -15.30856991 398.50000000
v -16.43223953 -15.39404011 398.50000000
v -16.33341026 -15.48639965 396.00000000
v -16.43223953 -15.39404011 396.00000000
v -16.43223953 -15.39404011 398.50000000
v -16.33341026 -15.48639965 398.50000000
v -15.48639965 -16.33341026 396.00000000
v -15.48639965 -16.33341026 398.50000000
v -15.39404011 -16.43223953 398.50000000
v -15.38961983 -16.43730927 396.00000000
v -15.39404011 -16.43223953 398.50000000
v -15.30856991 -16.53709030 398.50000000
v -15.38961983 -16.43730927 396.00000000
v -15.30045986 -16.54781914 396.00000000
v -15.30856991 -16.53709030 398.50000000
v -15.23038006 -16.64747047 398.50000000
v -15.30045986 -16.54781914 396.00000000
v -15.21936989 -16.66437912 396.00000000
v -15.23038006 -16.64747047 398.50000000
v -15.15983009 -16.76288986 398.50000000
v -15.21936989 -16.66437912 396.00000000
v -15.30045986 -16.54781914 396.00000000
v -15.23038006 -16.64747047 398.50000000
v -15.14675045 -16.78639030 396.00000000
v -15.15983009 -16.76288986 398.50000000
v -15.09724998 -16.88281059 398.50000000
v -15.14675045 -16.78639030 396.00000000
v -15.21936989 -16.66437912 396.00000000
v -15.15983009 -16.76288986 398.50000000
v -15.08296967 -16.91324997 396.00000000
v -15.09724998 -16.88281059 398.50000000
v -15.04292011 -17.00668907 398.50000000
v -15.08296967 -16.91324997 396.00000000
v -15.14675045 -16.78639030 396.00000000
v -15.09724998 -16.88281059 398.50000000
v -15.02834988 -17.04431915 396.00000000
v -15.04292011 -17.00668907 398.50000000
v -14.99707985 -17.13396072 398.50000000
v -15.02834988 -17.04431915 396.00000000
v -15.08296967 -16.91324997 396.00000000
v -15.04292011 -17.00668907 398.50000000
v -14.98316956 -17.17893028 396.00000000
v -14.99707985 -17.13396072 398.50000000
v -14.95995998 -17.26403046 398.50000000
v -14.98316956 -17.17893028 396.00000000
v -15.02834988 -17.04431915 396.00000000
v -14.99707985 -17.13396072 398.50000000
v -14.94764996 -17.31641006 396.00000000
v -14.95995998 -17.26403046 398.50000000
v -14.93171024 -17.39632034 398.50000000
v -14.94764996 -17.31641006 396.00000000
v -14.98316956 -17.17893028 396.00000000
v -14.95995998 -17.26403046 398.50000000
v -14.92197990 -17.45606041 396.00000000
v -14.93171024 -17.39632034 398.50000000
v -14.91246033 -17.53021049 398.50000000
v -14.92197990 -17.45606041 396.00000000
v -14.94764996 -17.31641006 396.00000000
v -14.93171024 -17.39632034 398.50000000
v -14.90627956 -17.59717941 396.00000000
v -14.91246033 -17.53021049 398.50000000
v -14.90231037 -17.66510010 398.50000000
v -14.90627956 -17.59717941 396.00000000
v -14.92197990 -17.45606041 396.00000000
v -14.91246033 -17.53021049 398.50000000
v -14.90063000 -17.73905945 396.00000000
v -14.90231037 -17.66510010 398.50000000
v -14.90130997 -17.80035973 398.50000000
v -14.90063000 -17.73905945 396.00000000
v -14.90627956 -17.59717941 396.00000000
v -14.90231037 -17.66510010 398.50000000
v -14.90505981 -17.88097954 396.00000000
v -14.90130997 -17.80035973 398.50000000
v -14.90944004 -17.93539047 398.50000000
v -14.90505981 -17.88097954 396.00000000
v -14.90063000 -17.73905945 396.00000000
v -14.90130997 -17.80035973 398.50000000
v -14.91954994 -18.02223015 396.00000000
v -14.92669010 -18.06954956 398.50000000
v -14.95296001 -18.20224953 398.50000000
v -14.91954994 -18.02223015 396.00000000
v -14.90944004 -17.93539047 398.50000000
v -14.92669010 -18.06954956 398.50000000
v -14.91954994 -18.02223015 396.00000000
v -14.90505981 -17.88097954 396.00000000
v -14.90944004 -17.93539047 398.50000000
v -14.96389008 -18.24601936 395.92568970
v -14.95296001 -18.20224953 398.50000000
v -14.98814964 -18.33286095 398.50000000
v -14.96389008 -18.24601936 395.92568970
v -15.03209019 -18.46080017 395.89999390
v -14.98814964 -18.33286095 398.50000000
v -15.03209019 -18.46080017 398.50000000
v -15.03209019 -18.46080017 395.89999390
v -14.96389008 -18.24601936 395.92568970
v -14.98814964 -18.33286095 398.50000000
v -14.57777023 -17.75975037 395.89999390
v -14.72257042 -17.76701927 396.00000000
v -14.67339993 -17.86232948 395.89999390
v -14.64848042 -17.68905067 396.00000000
v -14.72257042 -17.76701927 396.00000000
v -14.57777023 -17.75975037 395.89999390
v -14.67339993 -17.86232948 395.89999390
v -14.79255962 -17.84869003 396.00000000
v -14.76159954 -17.97134972 395.89999390
v -14.72257042 -17.76701927 396.00000000
v -14.79255962 -17.84869003 396.00000000
v -14.67339993 -17.86232948 395.89999390
v -14.76159954 -17.97134972 395.89999390
v -14.85828018 -17.93383980 396.00000000
v -14.84193993 -18.08629036 395.89999390
v -14.79255962 -17.84869003 396.00000000
v -14.85828018 -17.93383980 396.00000000
v -14.76159954 -17.97134972 395.89999390
v -14.91954994 -18.02223015 396.00000000
v -14.91954994 -18.02223015 396.00000000
v -14.91403008 -18.20657921 395.89999390
v -14.84193993 -18.08629036 395.89999390
v -14.91954994 -18.02223015 396.00000000
v -14.96389008 -18.24601936 395.92568970
v -14.91403008 -18.20657921 395.89999390
v -14.96389008 -18.24601936 395.92568970
v -14.97751999 -18.33160973 395.89999390
v -14.91403008 -18.20657921 395.89999390
v -14.96389008 -18.24601936 395.92568970
v -15.03209019 -18.46080017 395.89999390
v -14.97751999 -18.33160973 395.89999390
v -14.64848042 -17.68905067 396.00000000
v -13.05187035 -16.23386002 395.89999390
v -13.12259007 -16.16315079 396.00000000
v -14.57777023 -17.75975037 395.89999390
v -18.71686935 15.11063004 398.50000000
v -18.71686935 15.11063004 393.00000000
v -18.63036919 15.08827019 398.50000000
v -18.63036919 15.08827019 398.50000000
v -18.58304977 15.07427025 393.00000000
v -18.54496002 15.06206989 398.50000000
v -18.71686935 15.11063004 393.00000000
v -18.58304977 15.07427025 393.00000000
v -18.63036919 15.08827019 398.50000000
v -18.54496002 15.06206989 398.50000000
v -18.46080017 15.03209019 395.89999390
v -18.46080017 15.03209019 398.50000000
v -18.58304977 15.07427025 393.00000000
v -18.46080017 15.03209019 395.89999390
v -18.54496002 15.06206989 398.50000000
v -18.45206070 15.02873039 393.00000000
v -18.45206070 15.02873039 393.00000000
v -18.33160973 14.97751999 395.89999390
v -18.46080017 15.03209019 395.89999390
v -18.32455063 14.97422028 393.00000000
v -18.32455063 14.97422028 393.00000000
v -18.20657921 14.91403008 395.89999390
v -18.33160973 14.97751999 395.89999390
v -18.32455063 14.97422028 393.00000000
v -18.20112038 14.91100025 393.00000000
v -18.20657921 14.91403008 395.89999390
v -18.20112038 14.91100025 393.00000000
v -18.08629036 14.84193993 395.89999390
v -18.20657921 14.91403008 395.89999390
v -18.20112038 14.91100025 393.00000000
v -18.08237076 14.83938980 393.00000000
v -18.08629036 14.84193993 395.89999390
v -18.08237076 14.83938980 393.00000000
v -17.97134972 14.76159954 395.89999390
v -18.08629036 14.84193993 395.89999390
v -17.96887016 14.75971985 393.00000000
v -17.96887016 14.75971985 393.00000000
v -17.86232948 14.67339993 395.89999390
v -17.97134972 14.76159954 395.89999390
v -17.86116028 14.67236996 393.00000000
v -17.86116028 14.67236996 393.00000000
v -17.75975037 14.57777023 395.89999390
v -17.86232948 14.67339993 395.89999390
v -17.75975037 14.57777023 393.00000000
v -14.57777023 17.75975037 393.00000000
v -14.67236996 17.86116028 393.00000000
v -14.57777023 17.75975037 395.89999390
v -14.67339993 17.86232948 395.89999390
v -14.67339993 17.86232948 395.89999390
v -14.75971985 17.96887016 393.00000000
v -14.76159954 17.97134972 395.89999390
v -14.67236996 17.86116028 393.00000000
v -14.76159954 17.97134972 395.89999390
v -14.83938980 18.08237076 393.00000000
v -14.84193993 18.08629036 395.89999390
v -14.75971985 17.96887016 393.00000000
v -14.84193993 18.08629036 395.89999390
v -14.91100025 18.20112038 393.00000000
v -14.91403008 18.20657921 395.89999390
v -14.83938980 18.08237076 393.00000000
v -14.91100025 18.20112038 393.00000000
v -14.84193993 18.08629036 395.89999390
v -14.91403008 18.20657921 395.89999390
v -14.97422028 18.32455063 393.00000000
v -14.97751999 18.33160973 395.89999390
v -14.91100025 18.20112038 393.00000000
v -14.97422028 18.32455063 393.00000000
v -14.91403008 18.20657921 395.89999390
v -15.03209019 18.46080017 398.50000000
v -15.03209019 18.46080017 395.89999390
v -15.06206989 18.54496002 398.50000000
v -14.97751999 18.33160973 395.89999390
v -15.02873039 18.45206070 393.00000000
v -15.03209019 18.46080017 395.89999390
v -14.97422028 18.32455063 393.00000000
v -15.06206989 18.54496002 398.50000000
v -15.07427025 18.58304977 393.00000000
v -15.08827019 18.63036919 398.50000000
v -15.02873039 18.45206070 393.00000000
v -15.07427025 18.58304977 393.00000000
v -15.03209019 18.46080017 395.89999390
v -15.06206989 18.54496002 398.50000000
v -15.08827019 18.63036919 398.50000000
v -15.11063004 18.71686935 393.00000000
v -15.11063004 18.71686935 398.50000000
v -15.07427025 18.58304977 393.00000000
v -15.11063004 18.71686935 393.00000000
v -15.08827019 18.63036919 398.50000000
v -17.75975037 -14.57777023 393.00000000
v -17.86116028 -14.67236996 393.00000000
v -17.75975037 -14.57777023 396.00000000
v -17.86232948 -14.67339993 396.00000000
v -17.86232948 -14.67339993 396.00000000
v -17.96887016 -14.75971985 393.00000000
v -17.97134972 -14.76159954 396.00000000
v -17.86116028 -14.67236996 393.00000000
v -17.97134972 -14.76159954 396.00000000
v -18.08237076 -14.83938980 393.00000000
v -18.08629036 -14.84193993 396.00000000
v -17.96887016 -14.75971985 393.00000000
v -18.08629036 -14.84193993 396.00000000
v -18.20112038 -14.91100025 393.00000000
v -18.20657921 -14.91403008 396.00000000
v -18.08237076 -14.83938980 393.00000000
v -18.20112038 -14.91100025 393.00000000
v -18.08629036 -14.84193993 396.00000000
v -18.20657921 -14.91403008 396.00000000
v -18.32455063 -14.97422028 393.00000000
v -18.33160973 -14.97751999 396.00000000
v -18.20112038 -14.91100025 393.00000000
v -18.32455063 -14.97422028 393.00000000
v -18.20657921 -14.91403008 396.00000000
v -18.46080017 -15.03209019 398.50000000
v -18.46080017 -15.03209019 396.00000000
v -18.54496002 -15.06206989 398.50000000
v -18.33160973 -14.97751999 396.00000000
v -18.45206070 -15.02873039 393.00000000
v -18.46080017 -15.03209019 396.00000000
v -18.32455063 -14.97422028 393.00000000
v -18.54496002 -15.06206989 398.50000000
v -18.58304977 -15.07427025 393.00000000
v -18.63036919 -15.08827019 398.50000000
v -18.45206070 -15.02873039 393.00000000
v -18.58304977 -15.07427025 393.00000000
v -18.46080017 -15.03209019 396.00000000
v -18.54496002 -15.06206989 398.50000000
v -18.63036919 -15.08827019 398.50000000
v -18.71686935 -15.11063004 393.00000000
v -18.71686935 -15.11063004 398.50000000
v -18.58304977 -15.07427025 393.00000000
v -18.71686935 -15.11063004 393.00000000
v -18.63036919 -15.08827019 398.50000000
v -15.11063004 -18.71686935 398.50000000
v -15.11063004 -18.71686935 393.00000000
v -15.08827019 -18.63036919 398.50000000
v -15.08827019 -18.63036919 398.50000000
v -15.07427025 -18.58304977 393.00000000
v -15.06206989 -18.54496002 398.50000000
v -15.11063004 -18.71686935 393.00000000
v -15.07427025 -18.58304977 393.00000000
v -15.08827019 -18.63036919 398.50000000
v -15.06206989 -18.54496002 398.50000000
v -15.03209019 -18.46080017 395.89999390
v -15.03209019 -18.46080017 398.50000000
v -15.07427025 -18.58304977 393.00000000
v -15.03209019 -18.46080017 395.89999390
v -15.06206989 -18.54496002 398.50000000
v -15.02873039 -18.45206070 393.00000000
v -15.02873039 -18.45206070 393.00000000
v -14.97751999 -18.33160973 395.89999390
v -15.03209019 -18.46080017 395.89999390
v -14.97422028 -18.32455063 393.00000000
v -14.97422028 -18.32455063 393.00000000
v -14.91403008 -18.20657921 395.89999390
v -14.97751999 -18.33160973 395.89999390
v -14.97422028 -18.32455063 393.00000000
v -14.91100025 -18.20112038 393.00000000
v -14.91403008 -18.20657921 395.89999390
v -14.91100025 -18.20112038 393.00000000
v -14.84193993 -18.08629036 395.89999390
v -14.91403008 -18.20657921 395.89999390
v -14.91100025 -18.20112038 393.00000000
v -14.83938980 -18.08237076 393.00000000
v -14.84193993 -18.08629036 395.89999390
v -14.83938980 -18.08237076 393.00000000
v -14.76159954 -17.97134972 395.89999390
v -14.84193993 -18.08629036 395.89999390
v -14.75971985 -17.96887016 393.00000000
v -14.75971985 -17.96887016 393.00000000
v -14.67339993 -17.86232948 395.89999390
v -14.76159954 -17.97134972 395.89999390
v -14.67236996 -17.86116028 393.00000000
v -14.67236996 -17.86116028 393.00000000
v -14.57777023 -17.75975037 395.89999390
v -14.67339993 -17.86232948 395.89999390
v -14.57777023 -17.75975037 393.00000000
v -19.69292068 -15.53347015 393.00000000
v -19.80907059 -15.60515022 393.00000000
v -19.69292068 -15.53347015 398.50000000
v -19.80907059 -15.60515022 398.50000000
v -19.80907059 -15.60515022 398.50000000
v -19.92983055 -15.66872978 393.00000000
v -19.92983055 -15.66872978 398.50000000
v -19.80907059 -15.60515022 393.00000000
v -19.92983055 -15.66872978 398.50000000
v -20.05463982 -15.72393990 393.00000000
v -20.05463982 -15.72393990 398.50000000
v -19.92983055 -15.66872978 393.00000000
v -20.05463982 -15.72393990 398.50000000
v -20.18292999 -15.77050018 393.00000000
v -20.18292999 -15.77050018 398.50000000
v -20.05463982 -15.72393990 393.00000000
v -20.18292999 -15.77050018 398.50000000
v -20.31410027 -15.80819988 393.00000000
v -20.31410027 -15.80819988 398.50000000
v -20.18292999 -15.77050018 393.00000000
v -20.31410027 -15.80819988 398.50000000
v -20.44753075 -15.83687019 393.00000000
v -20.44753075 -15.83687019 398.50000000
v -20.31410027 -15.80819988 393.00000000
v -20.44753075 -15.83687019 398.50000000
v -20.58259964 -15.85638046 393.00000000
v -20.58259964 -15.85638046 398.50000000
v -20.44753075 -15.83687019 393.00000000
v -20.58259964 -15.85638046 398.50000000
v -20.71870041 -15.86662006 393.00000000
v -20.71870041 -15.86662006 398.50000000
v -20.58259964 -15.85638046 393.00000000
v -20.71870041 -15.86662006 398.50000000
v -20.85516930 -15.86756039 393.00000000
v -20.85516930 -15.86756039 398.50000000
v -20.71870041 -15.86662006 393.00000000
v -20.85516930 -15.86756039 398.50000000
v -20.99139023 -15.85919952 393.00000000
v -20.99139023 -15.85919952 398.50000000
v -20.85516930 -15.86756039 393.00000000
v -20.99139023 -15.85919952 398.50000000
v -21.12672043 -15.84156036 393.00000000
v -21.12672043 -15.84156036 398.50000000
v -20.99139023 -15.85919952 393.00000000
v -21.12672043 -15.84156036 398.50000000
v -21.26054001 -15.81472969 393.00000000
v -21.26054001 -15.81472969 398.50000000
v -21.12672043 -15.84156036 393.00000000
v -21.26054001 -15.81472969 393.00000000
v -21.39221001 -15.77884007 393.00000000
v -21.26054001 -15.81472969 398.50000000
v -21.39221001 -15.77884007 398.50000000
v -21.39221001 -15.77884007 393.00000000
v -21.52112961 -15.73404980 393.00000000
v -21.39221001 -15.77884007 398.50000000
v -21.52112961 -15.73404980 398.50000000
v -21.52112961 -15.73404980 393.00000000
v -21.64669991 -15.68058014 393.00000000
v -21.52112961 -15.73404980 398.50000000
v -21.64669991 -15.68058014 398.50000000
v -21.64669991 -15.68058014 393.00000000
v -21.76832008 -15.61865997 393.00000000
v -21.64669991 -15.68058014 398.50000000
v -21.76832008 -15.61865997 398.50000000
v -21.76832008 -15.61865997 393.00000000
v -21.88544083 -15.54860020 393.00000000
v -21.76832008 -15.61865997 398.50000000
v -21.88544083 -15.54860020 398.50000000
v -21.88544083 -15.54860020 393.00000000
v -21.99751091 -15.47070980 393.00000000
v -21.88544083 -15.54860020 398.50000000
v -21.99751091 -15.47070980 398.50000000
v -21.99751091 -15.47070980 393.00000000
v -22.10400963 -15.38535976 393.00000000
v -21.99751091 -15.47070980 398.50000000
v -22.10400963 -15.38535976 398.50000000
v -22.10400963 -15.38535976 393.00000000
v -22.20442963 -15.29294014 393.00000000
v -22.10400963 -15.38535976 398.50000000
v -22.20442963 -15.29294014 398.50000000
v -22.20442963 -15.29294014 393.00000000
v -22.29833031 -15.19390011 393.00000000
v -22.20442963 -15.29294014 398.50000000
v -22.29833031 -15.19390011 398.50000000
v -22.29833031 -15.19390011 393.00000000
v -22.38524055 -15.08868027 393.00000000
v -22.29833031 -15.19390011 398.50000000
v -22.38524055 -15.08868027 398.50000000
v -22.38524055 -15.08868027 393.00000000
v -22.46478081 -14.97776985 393.00000000
v -22.38524055 -15.08868027 398.50000000
v -22.46478081 -14.97776985 398.50000000
v -16.33341026 -15.48639965 396.00000000
v -16.33341026 -15.48639965 398.50000000
v -15.48639965 -16.33341026 396.00000000
v -15.48639965 -16.33341026 398.50000000
v -16.33341026 15.48639965 396.00000000
v -15.48639965 16.33341026 396.00000000
v -16.33341026 15.48639965 398.50000000
v -15.48639965 16.33341026 398.50000000
v -19.58002090 -15.46193981 393.00000000
v -19.69292068 -15.53347015 398.50000000
v -19.58002090 -15.46193981 398.50000000
v -19.69292068 -15.53347015 393.00000000
v -19.46404076 -15.39550018 393.00000000
v -19.58002090 -15.46193981 398.50000000
v -19.46404076 -15.39550018 398.50000000
v -19.58002090 -15.46193981 393.00000000
v -19.34522057 -15.33430004 393.00000000
v -19.46404076 -15.39550018 398.50000000
v -19.34522057 -15.33430004 398.50000000
v -19.46404076 -15.39550018 393.00000000
v -19.22378922 -15.27844048 393.00000000
v -19.34522057 -15.33430004 398.50000000
v -19.22378922 -15.27844048 398.50000000
v -19.34522057 -15.33430004 393.00000000
v -19.09999084 -15.22805977 393.00000000
v -19.22378922 -15.27844048 398.50000000
v -19.09999084 -15.22805977 398.50000000
v -19.22378922 -15.27844048 393.00000000
v -18.97406960 -15.18323040 393.00000000
v -18.97406960 -15.18323040 398.50000000
v -18.84627914 -15.14406967 398.50000000
v -18.97406960 -15.18323040 393.00000000
v -19.09999084 -15.22805977 398.50000000
v -18.97406960 -15.18323040 398.50000000
v -19.09999084 -15.22805977 393.00000000
v -18.84627914 -15.14406967 393.00000000
v -18.84627914 -15.14406967 398.50000000
v -18.84627914 -15.14406967 393.00000000
v -15.14406967 -18.84627914 393.00000000
v -15.14406967 -18.84627914 398.50000000
v -15.18323040 -18.97406960 393.00000000
v -15.14406967 -18.84627914 398.50000000
v -15.18323040 -18.97406960 398.50000000
v -15.14406967 -18.84627914 393.00000000
v -15.22805977 -19.09999084 393.00000000
v -15.18323040 -18.97406960 398.50000000
v -15.22805977 -19.09999084 398.50000000
v -15.18323040 -18.97406960 393.00000000
v -15.27844048 -19.22378922 393.00000000
v -15.22805977 -19.09999084 398.50000000
v -15.27844048 -19.22378922 398.50000000
v -15.22805977 -19.09999084 393.00000000
v -15.33430004 -19.34522057 393.00000000
v -15.27844048 -19.22378922 398.50000000
v -15.33430004 -19.34522057 398.50000000
v -15.27844048 -19.22378922 393.00000000
v -15.39550018 -19.46404076 393.00000000
v -15.33430004 -19.34522057 398.50000000
v -15.39550018 -19.46404076 398.50000000
v -15.33430004 -19.34522057 393.00000000
v -15.46193981 -19.58002090 393.00000000
v -15.39550018 -19.46404076 398.50000000
v -15.46193981 -19.58002090 398.50000000
v -15.39550018 -19.46404076 393.00000000
v -15.53347015 -19.69292068 393.00000000
v -15.46193981 -19.58002090 398.50000000
v -15.53347015 -19.69292068 398.50000000
v -15.46193981 -19.58002090 393.00000000
v -15.46193981 19.58002090 393.00000000
v -15.53347015 19.69292068 398.50000000
v -15.46193981 19.58002090 398.50000000
v -15.53347015 19.69292068 393.00000000
v -15.39550018 19.46404076 393.00000000
v -15.46193981 19.58002090 398.50000000
v -15.39550018 19.46404076 398.50000000
v -15.46193981 19.58002090 393.00000000
v -15.33430004 19.34522057 393.00000000
v -15.39550018 19.46404076 398.50000000
v -15.33430004 19.34522057 398.50000000
v -15.39550018 19.46404076 393.00000000
v -15.27844048 19.22378922 393.00000000
v -15.33430004 19.34522057 398.50000000
v -15.27844048 19.22378922 398.50000000
v -15.33430004 19.34522057 393.00000000
v -15.22805977 19.09999084 393.00000000
v -15.27844048 19.22378922 398.50000000
v -15.22805977 19.09999084 398.50000000
v -15.27844048 19.22378922 393.00000000
v -15.18323040 18.97406960 393.00000000
v -15.18323040 18.97406960 398.50000000
v -15.14406967 18.84627914 398.50000000
v -15.18323040 18.97406960 393.00000000
v -15.22805977 19.09999084 398.50000000
v -15.18323040 18.97406960 398.50000000
v -15.22805977 19.09999084 393.00000000
v -15.14406967 18.84627914 393.00000000
v -15.14406967 18.84627914 398.50000000
v -15.14406967 18.84627914 393.00000000
v -18.84627914 15.14406967 393.00000000
v -18.84627914 15.14406967 398.50000000
v -18.97406960 15.18323040 393.00000000
v -18.84627914 15.14406967 398.50000000
v -18.97406960 15.18323040 398.50000000
v -18.84627914 15.14406967 393.00000000
v -19.09999084 15.22805977 393.00000000
v -18.97406960 15.18323040 398.50000000
v -19.09999084 15.22805977 398.50000000
v -18.97406960 15.18323040 393.00000000
v -19.22378922 15.27844048 393.00000000
v -19.09999084 15.22805977 398.50000000
v -19.22378922 15.27844048 398.50000000
v -19.09999084 15.22805977 393.00000000
v -19.34522057 15.33430004 393.00000000
v -19.34522057 15.33430004 398.50000000
v -19.46404076 15.39550018 398.50000000
v -19.34522057 15.33430004 393.00000000
v -19.22378922 15.27844048 398.50000000
v -19.34522057 15.33430004 398.50000000
v -19.22378922 15.27844048 393.00000000
v -19.46404076 15.39550018 393.00000000
v -19.58002090 15.46193981 393.00000000
v -19.46404076 15.39550018 398.50000000
v -19.58002090 15.46193981 398.50000000
v -19.46404076 15.39550018 393.00000000
v -19.69292068 15.53347015 393.00000000
v -19.58002090 15.46193981 398.50000000
v -19.69292068 15.53347015 398.50000000
v -19.58002090 15.46193981 393.00000000
v -28.47418022 1.21277905 398.50000000
v -28.50000000 0.00000000 398.50000000
v -28.50000000 0.00000000 431.00000000
v -28.46456909 1.42060804 431.00000000
v -28.47418022 1.21277905 392.89999390
v -28.50000000 0.00000000 392.10000610
v -28.50000000 0.00000000 392.89999390
v -28.46456909 1.42060804 392.10000610
v -28.50000000 0.00000000 392.10000610
v -28.47418022 1.21277905 392.89999390
v -28.39678001 2.42336202 398.50000000
v -28.47418022 1.21277905 398.50000000
v -28.46456909 1.42060804 431.00000000
v -28.39678001 2.42336202 398.50000000
v -28.46456909 1.42060804 431.00000000
v -28.35837936 2.83768392 431.00000000
v -28.35837936 2.83768392 392.10000610
v -28.46456909 1.42060804 392.10000610
v -28.39678001 2.42336202 392.89999390
v -28.26794052 3.62955403 398.50000000
v -28.39678001 2.42336202 398.50000000
v -28.35837936 2.83768392 431.00000000
v -28.26794052 3.62955403 398.50000000
v -28.35837936 2.83768392 431.00000000
v -28.18168068 4.24770403 431.00000000
v -28.18168068 4.24770403 392.10000610
v -28.35837936 2.83768392 392.10000610
v -28.26794052 3.62955403 392.89999390
v -28.08787918 4.82917023 398.50000000
v -28.26794052 3.62955403 398.50000000
v -28.18168068 4.24770403 431.00000000
v -28.08787918 4.82917023 398.50000000
v -28.18168068 4.24770403 431.00000000
v -27.93490982 5.64716482 431.00000000
v -27.85693932 6.02003813 398.50000000
v -27.93490982 5.64716482 431.00000000
v -27.61870003 7.03258610 431.00000000
v -27.85693932 6.02003813 398.50000000
v -28.08787918 4.82917023 398.50000000
v -27.93490982 5.64716482 431.00000000
v -27.93490982 5.64716482 392.10000610
v -28.18168068 4.24770403 392.10000610
v -28.08787918 4.82917023 392.89999390
v -27.57554054 7.19999981 398.50000000
v -27.61870003 7.03258610 431.00000000
v -27.23382950 8.40052319 431.00000000
v -27.57554054 7.19999981 398.50000000
v -27.85693932 6.02003813 398.50000000
v -27.61870003 7.03258610 431.00000000
v -27.61870003 7.03258610 392.10000610
v -27.93490982 5.64716482 392.10000610
v -27.85693932 6.02003813 392.89999390
v -27.23382950 8.40052319 392.10000610
v -27.57554054 7.19999981 392.89999390
v -27.23382950 8.40052319 392.10000610
v -27.23382950 8.40052319 431.00000000
v -26.78124046 9.74757385 431.00000000
v -27.61870003 7.03258610 392.10000610
v -26.78124046 9.74757385 392.10000610
v -26.78124046 9.74757385 431.00000000
v -26.26206970 11.07038975 431.00000000
v -26.78124046 9.74757385 392.10000610
v -26.26206970 11.07038975 392.10000610
v -26.26206970 11.07038975 431.00000000
v -25.67761040 12.36569023 431.00000000
v -26.26206970 11.07038975 392.10000610
v -25.67761040 12.36569023 392.10000610
v -25.67761040 12.36569023 431.00000000
v -25.02931023 13.63024044 431.00000000
v -25.67761040 12.36569023 392.10000610
v -25.02931023 13.63024044 392.10000610
v -25.02931023 13.63024044 431.00000000
v -24.31879044 14.86089993 431.00000000
v -25.02931023 13.63024044 392.10000610
v -24.31879044 14.86089993 392.10000610
v -24.31879044 14.86089993 431.00000000
v -23.54780960 16.05462074 431.00000000
v -24.31879044 14.86089993 392.10000610
v -23.54780960 16.05462074 392.10000610
v -23.54780960 16.05462074 431.00000000
v -22.71828079 17.20842934 431.00000000
v -23.54780960 16.05462074 392.10000610
v -22.71828079 17.20842934 392.10000610
v -22.71828079 17.20842934 392.10000610
v -22.71828079 17.20842934 431.00000000
v -21.83226967 18.31945038 431.00000000
v -21.83226967 18.31945038 392.10000610
v -21.83226967 18.31945038 392.10000610
v -21.83226967 18.31945038 431.00000000
v -20.89197922 19.38492012 431.00000000
v -20.89197922 19.38492012 392.10000610
v -20.89197922 19.38492012 392.10000610
v -20.89197922 19.38492012 431.00000000
v -19.89974976 20.40221024 431.00000000
v -19.89974976 20.40221024 392.10000610
v -19.89974976 20.40221024 392.10000610
v -19.89974976 20.40221024 431.00000000
v -18.85804939 21.36877060 431.00000000
v -18.85804939 21.36877060 392.10000610
v -18.85804939 21.36877060 392.10000610
v -18.85804939 21.36877060 431.00000000
v -17.76946068 22.28219986 431.00000000
v -17.76946068 22.28219986 392.10000610
v -17.76946068 22.28219986 392.10000610
v -17.76946068 22.28219986 431.00000000
v -16.63669014 23.14023018 431.00000000
v -16.63669014 23.14023018 392.10000610
v -16.63669014 23.14023018 392.10000610
v -16.63669014 23.14023018 431.00000000
v -15.46257019 23.94074059 431.00000000
v -15.46257019 23.94074059 392.10000610
v -15.46257019 23.94074059 392.10000610
v -15.46257019 23.94074059 431.00000000
v -14.25000000 24.68173027 431.00000000
v -14.25000000 24.68173027 392.10000610
v -14.25000000 24.68173027 392.10000610
v -14.25000000 24.68173027 431.00000000
v -13.00199986 25.36134911 431.00000000
v -13.00199986 25.36134911 392.10000610
v -13.00199986 25.36134911 431.00000000
v -11.72167969 25.97792053 431.00000000
v -13.00199986 25.36134911 392.10000610
v -11.72167969 25.97792053 392.10000610
v -11.72167969 25.97792053 431.00000000
v -10.41222000 26.52989960 431.00000000
v -11.72167969 25.97792053 392.10000610
v -10.41222000 26.52989960 392.10000610
v -10.41222000 26.52989960 431.00000000
v -9.07686996 27.01593018 431.00000000
v -10.41222000 26.52989960 392.10000610
v -9.07686996 27.01593018 392.10000610
v -9.07686996 27.01593018 431.00000000
v -7.71895313 27.43478966 431.00000000
v -9.07686996 27.01593018 392.10000610
v -7.71895313 27.43478966 392.10000610
v -7.71895313 27.43478966 431.00000000
v -6.34184599 27.78544998 431.00000000
v -7.71895313 27.43478966 392.10000610
v -6.34184599 27.78544998 392.10000610
v -6.34184599 27.78544998 431.00000000
v -4.94897318 28.06702042 431.00000000
v -6.34184599 27.78544998 392.10000610
v -4.94897318 28.06702042 392.10000610
v -4.09999990 28.20355034 398.50000000
v -4.94897318 28.06702042 431.00000000
v -3.54379606 28.27882004 431.00000000
v -4.09999990 28.20355034 398.50000000
v -4.94897318 28.06702042 392.10000610
v -4.94897318 28.06702042 431.00000000
v -4.09999990 28.20355034 393.64999390
v -3.54379606 28.27882004 392.10000610
v -4.94897318 28.06702042 392.10000610
v -4.09999990 28.20355034 393.64999390
v -2.73861790 28.36812019 398.50000000
v -3.54379606 28.27882004 431.00000000
v -2.12980795 28.42030907 431.00000000
v -2.73861790 28.36812019 398.50000000
v -4.09999990 28.20355034 398.50000000
v -3.54379606 28.27882004 431.00000000
v -2.12980795 28.42030907 392.10000610
v -3.54379606 28.27882004 392.10000610
v -2.73861790 28.36812019 393.64999390
v -1.37089598 28.46701050 398.50000000
v -2.12980795 28.42030907 431.00000000
v -0.71052468 28.49114037 431.00000000
v -1.37089598 28.46701050 398.50000000
v -2.73861790 28.36812019 398.50000000
v -2.12980795 28.42030907 431.00000000
v -0.71052468 28.49114037 392.10000610
v -2.12980795 28.42030907 392.10000610
v -1.37089598 28.46701050 393.64999390
v 0.00000000 28.50000000 398.50000000
v -0.71052468 28.49114037 431.00000000
v 0.71052468 28.49114037 431.00000000
v 0.00000000 28.50000000 398.50000000
v -1.37089598 28.46701050 398.50000000
v -0.71052468 28.49114037 431.00000000
v 0.71052468 28.49114037 392.10000610
v -0.71052468 28.49114037 392.10000610
v 0.00000000 28.50000000 393.64999390
v 1.37089598 28.46701050 398.50000000
v 0.71052468 28.49114037 431.00000000
v 2.12980795 28.42030907 431.00000000
v 1.37089598 28.46701050 398.50000000
v 0.00000000 28.50000000 398.50000000
v 0.71052468 28.49114037 431.00000000
v 2.12980795 28.42030907 392.10000610
v 0.71052468 28.49114037 392.10000610
v 1.37089598 28.46701050 393.64999390
v 2.73861790 28.36812019 398.50000000
v 1.37089598 28.46701050 398.50000000
v 2.12980795 28.42030907 431.00000000
v 2.73861790 28.36812019 398.50000000
v 2.12980795 28.42030907 431.00000000
v 3.54379606 28.27882004 431.00000000
v 3.54379606 28.27882004 392.10000610
v 2.12980795 28.42030907 392.10000610
v 2.73861790 28.36812019 393.64999390
v 4.09999990 28.20355034 398.50000000
v 2.73861790 28.36812019 398.50000000
v 3.54379606 28.27882004 431.00000000
v 4.09999990 28.20355034 398.50000000
v 3.54379606 28.27882004 431.00000000
v 4.94897318 28.06702042 431.00000000
v 4.94897318 28.06702042 392.10000610
v 4.09999990 28.20355034 398.50000000
v 4.94897318 28.06702042 431.00000000
v 4.94897318 28.06702042 392.10000610
v 3.54379606 28.27882004 392.10000610
v 4.09999990 28.20355034 393.64999390
v 4.94897318 28.06702042 392.10000610
v 4.94897318 28.06702042 431.00000000
v 6.34184599 27.78544998 431.00000000
v 4.09999990 28.20355034 393.64999390
v 6.34184599 27.78544998 392.10000610
v 6.34184599 27.78544998 431.00000000
v 7.71895313 27.43478966 431.00000000
v 6.34184599 27.78544998 392.10000610
v 7.71895313 27.43478966 392.10000610
v 7.71895313 27.43478966 431.00000000
v 9.07686996 27.01593018 431.00000000
v 7.71895313 27.43478966 392.10000610
v 9.07686996 27.01593018 392.10000610
v 9.07686996 27.01593018 431.00000000
v 10.41222000 26.52989960 431.00000000
v 9.07686996 27.01593018 392.10000610
v 10.41222000 26.52989960 392.10000610
v 10.41222000 26.52989960 431.00000000
v 11.72167969 25.97792053 431.00000000
v 10.41222000 26.52989960 392.10000610
v 11.72167969 25.97792053 392.10000610
v 13.00199986 25.36134911 392.10000610
v 13.00199986 25.36134911 431.00000000
v 14.25000000 24.68173027 431.00000000
v 13.00199986 25.36134911 392.10000610
v 11.72167969 25.97792053 431.00000000
v 13.00199986 25.36134911 431.00000000
v 11.72167969 25.97792053 392.10000610
v 14.25000000 24.68173027 392.10000610
v 14.25000000 24.68173027 431.00000000
v 15.46257019 23.94074059 431.00000000
v 14.25000000 24.68173027 392.10000610
v 15.46257019 23.94074059 392.10000610
v 15.46257019 23.94074059 431.00000000
v 16.63669014 23.14023018 431.00000000
v 15.46257019 23.94074059 392.10000610
v 16.63669014 23.14023018 392.10000610
v 16.63669014 23.14023018 431.00000000
v 17.76946068 22.28219986 431.00000000
v 16.63669014 23.14023018 392.10000610
v 17.76946068 22.28219986 392.10000610
v 17.76946068 22.28219986 431.00000000
v 18.85804939 21.36877060 431.00000000
v 17.76946068 22.28219986 392.10000610
v 18.85804939 21.36877060 392.10000610
v 18.85804939 21.36877060 431.00000000
v 19.89974976 20.40221024 431.00000000
v 18.85804939 21.36877060 392.10000610
v 19.89974976 20.40221024 392.10000610
v 19.89974976 20.40221024 431.00000000
v 20.89197922 19.38492012 431.00000000
v 19.89974976 20.40221024 392.10000610
v 20.89197922 19.38492012 392.10000610
v 21.83226967 18.31945038 392.10000610
v 21.83226967 18.31945038 431.00000000
v 22.71828079 17.20842934 431.00000000
v 21.83226967 18.31945038 392.10000610
v 20.89197922 19.38492012 431.00000000
v 21.83226967 18.31945038 431.00000000
v 20.89197922 19.38492012 392.10000610
v 22.71828079 17.20842934 392.10000610
v 22.71828079 17.20842934 431.00000000
v 23.54780960 16.05462074 431.00000000
v 22.71828079 17.20842934 392.10000610
v 23.54780960 16.05462074 392.10000610
v 23.54780960 16.05462074 431.00000000
v 24.31879044 14.86089993 431.00000000
v 23.54780960 16.05462074 392.10000610
v 24.31879044 14.86089993 392.10000610
v 24.31879044 14.86089993 431.00000000
v 25.02931023 13.63024044 431.00000000
v 24.31879044 14.86089993 392.10000610
v 25.02931023 13.63024044 392.10000610
v 25.67761040 12.36569023 392.10000610
v 25.02931023 13.63024044 392.10000610
v 25.02931023 13.63024044 431.00000000
v 25.67761040 12.36569023 392.10000610
v 25.67761040 12.36569023 431.00000000
v 26.26206970 11.07038975 431.00000000
v 25.67761040 12.36569023 431.00000000
v 26.26206970 11.07038975 392.10000610
v 26.26206970 11.07038975 392.10000610
v 26.26206970 11.07038975 431.00000000
v 26.78124046 9.74757385 431.00000000
v 26.78124046 9.74757385 392.10000610
v 26.78124046 9.74757385 392.10000610
v 26.78124046 9.74757385 431.00000000
v 27.23382950 8.40052319 431.00000000
v 27.23382950 8.40052319 392.10000610
v 27.57554054 7.19999981 398.50000000
v 27.23382950 8.40052319 431.00000000
v 27.61870003 7.03258610 431.00000000
v 27.23382950 8.40052319 392.10000610
v 27.57554054 7.19999981 392.89999390
v 27.61870003 7.03258610 392.10000610
v 27.88002968 5.91219616 398.50000000
v 27.61870003 7.03258610 431.00000000
v 27.93490982 5.64716482 431.00000000
v 27.88002968 5.91219616 398.50000000
v 27.57554054 7.19999981 398.50000000
v 27.61870003 7.03258610 431.00000000
v 27.93490982 5.64716482 392.10000610
v 27.61870003 7.03258610 392.10000610
v 27.88002968 5.91219616 392.89999390
v 28.12441063 4.61164522 398.50000000
v 27.93490982 5.64716482 431.00000000
v 28.18168068 4.24770403 431.00000000
v 28.12441063 4.61164522 398.50000000
v 27.88002968 5.91219616 398.50000000
v 27.93490982 5.64716482 431.00000000
v 28.18168068 4.24770403 392.10000610
v 27.93490982 5.64716482 392.10000610
v 28.12441063 4.61164522 392.89999390
v 28.30817032 3.30115199 398.50000000
v 28.18168068 4.24770403 431.00000000
v 28.35837936 2.83768392 431.00000000
v 28.30817032 3.30115199 398.50000000
v 28.12441063 4.61164522 398.50000000
v 28.18168068 4.24770403 431.00000000
v 28.35837936 2.83768392 392.10000610
v 28.18168068 4.24770403 392.10000610
v 28.30817032 3.30115199 392.89999390
v 28.43088913 1.98354304 398.50000000
v 28.35837936 2.83768392 431.00000000
v 28.46456909 1.42060804 431.00000000
v 28.43088913 1.98354304 398.50000000
v 28.30817032 3.30115199 398.50000000
v 28.35837936 2.83768392 431.00000000
v 28.46456909 1.42060804 392.10000610
v 28.35837936 2.83768392 392.10000610
v 28.43088913 1.98354304 392.89999390
v 28.49231911 0.66165638 398.50000000
v 28.46456909 1.42060804 431.00000000
v 28.50000000 0.00000000 431.00000000
v 28.49231911 0.66165638 398.50000000
v 28.43088913 1.98354304 398.50000000
v 28.46456909 1.42060804 431.00000000
v 28.50000000 0.00000000 392.10000610
v 28.46456909 1.42060804 392.10000610
v 28.49231911 0.66165638 392.89999390
v 28.49231911 -0.66165638 398.50000000
v 28.50000000 0.00000000 431.00000000
v 28.46456909 -1.42060804 431.00000000
v 28.49231911 -0.66165638 398.50000000
v 28.49231911 0.66165638 398.50000000
v 28.50000000 0.00000000 431.00000000
v 28.46456909 -1.42060804 392.10000610
v 28.50000000 0.00000000 392.10000610
v 28.49231911 -0.66165638 392.89999390
v 28.43088913 -1.98354304 398.50000000
v 28.46456909 -1.42060804 431.00000000
v 28.35837936 -2.83768392 431.00000000
v 28.43088913 -1.98354304 398.50000000
v 28.49231911 -0.66165638 398.50000000
v 28.46456909 -1.42060804 431.00000000
v 28.30817032 -3.30115199 398.50000000
v 28.35837936 -2.83768392 431.00000000
v 28.18168068 -4.24770403 431.00000000
v 28.30817032 -3.30115199 398.50000000
v 28.43088913 -1.98354304 398.50000000
v 28.35837936 -2.83768392 431.00000000
v 28.35837936 -2.83768392 392.10000610
v 28.46456909 -1.42060804 392.10000610
v 28.43088913 -1.98354304 392.89999390
v 28.12441063 -4.61164522 398.50000000
v 28.30817032 -3.30115199 398.50000000
v 28.18168068 -4.24770403 431.00000000
v 28.12441063 -4.61164522 398.50000000
v 28.18168068 -4.24770403 431.00000000
v 27.93490982 -5.64716482 431.00000000
v 28.18168068 -4.24770403 392.10000610
v 28.35837936 -2.83768392 392.10000610
v 28.30817032 -3.30115199 392.89999390
v 27.88002968 -5.91219616 398.50000000
v 28.12441063 -4.61164522 398.50000000
v 27.93490982 -5.64716482 431.00000000
v 27.88002968 -5.91219616 398.50000000
v 27.93490982 -5.64716482 431.00000000
v 27.61870003 -7.03258610 431.00000000
v 27.93490982 -5.64716482 392.10000610
v 28.18168068 -4.24770403 392.10000610
v 28.12441063 -4.61164522 392.89999390
v 27.57554054 -7.19999981 398.50000000
v 27.88002968 -5.91219616 398.50000000
v 27.61870003 -7.03258610 431.00000000
v 27.57554054 -7.19999981 398.50000000
v 27.61870003 -7.03258610 431.00000000
v 27.23382950 -8.40052319 431.00000000
v 27.61870003 -7.03258610 392.10000610
v 27.93490982 -5.64716482 392.10000610
v 27.88002968 -5.91219616 392.89999390
v 27.23382950 -8.40052319 392.10000610
v 27.57554054 -7.19999981 392.89999390
v 27.61870003 -7.03258610 392.10000610
v 26.78124046 -9.74757385 392.10000610
v 27.23382950 -8.40052319 392.10000610
v 27.23382950 -8.40052319 431.00000000
v 26.78124046 -9.74757385 431.00000000
v 26.26206970 -11.07038975 392.10000610
v 26.78124046 -9.74757385 392.10000610
v 26.78124046 -9.74757385 431.00000000
v 26.26206970 -11.07038975 431.00000000
v 25.67761040 -12.36569023 392.10000610
v 26.26206970 -11.07038975 392.10000610
v 26.26206970 -11.07038975 431.00000000
v 25.67761040 -12.36569023 431.00000000
v 25.02931023 -13.63024044 392.10000610
v 25.67761040 -12.36569023 392.10000610
v 25.67761040 -12.36569023 431.00000000
v 25.02931023 -13.63024044 431.00000000
v 24.31879044 -14.86089993 392.10000610
v 25.02931023 -13.63024044 392.10000610
v 25.02931023 -13.63024044 431.00000000
v 24.31879044 -14.86089993 431.00000000
v 23.54780960 -16.05462074 392.10000610
v 24.31879044 -14.86089993 392.10000610
v 24.31879044 -14.86089993 431.00000000
v 23.54780960 -16.05462074 431.00000000
v 22.71828079 -17.20842934 392.10000610
v 23.54780960 -16.05462074 392.10000610
v 23.54780960 -16.05462074 431.00000000
v 22.71828079 -17.20842934 431.00000000
v 21.83226967 -18.31945038 392.10000610
v 22.71828079 -17.20842934 392.10000610
v 22.71828079 -17.20842934 431.00000000
v 21.83226967 -18.31945038 392.10000610
v 21.83226967 -18.31945038 431.00000000
v 20.89197922 -19.38492012 431.00000000
v 21.83226967 -18.31945038 431.00000000
v 20.89197922 -19.38492012 392.10000610
v 19.89974976 -20.40221024 392.10000610
v 20.89197922 -19.38492012 392.10000610
v 20.89197922 -19.38492012 431.00000000
v 19.89974976 -20.40221024 392.10000610
v 19.89974976 -20.40221024 431.00000000
v 18.85804939 -21.36877060 431.00000000
v 19.89974976 -20.40221024 431.00000000
v 18.85804939 -21.36877060 392.10000610
v 17.76946068 -22.28219986 392.10000610
v 18.85804939 -21.36877060 392.10000610
v 18.85804939 -21.36877060 431.00000000
v 17.76946068 -22.28219986 431.00000000
v 16.63669014 -23.14023018 392.10000610
v 17.76946068 -22.28219986 392.10000610
v 17.76946068 -22.28219986 431.00000000
v 16.63669014 -23.14023018 431.00000000
v 15.46257019 -23.94074059 392.10000610
v 16.63669014 -23.14023018 392.10000610
v 16.63669014 -23.14023018 431.00000000
v 15.46257019 -23.94074059 431.00000000
v 14.25000000 -24.68173027 392.10000610
v 15.46257019 -23.94074059 431.00000000
v 14.25000000 -24.68173027 431.00000000
v 15.46257019 -23.94074059 392.10000610
v 13.00199986 -25.36134911 392.10000610
v 13.00199986 -25.36134911 431.00000000
v 11.72167969 -25.97792053 431.00000000
v 13.00199986 -25.36134911 392.10000610
v 14.25000000 -24.68173027 431.00000000
v 13.00199986 -25.36134911 431.00000000
v 14.25000000 -24.68173027 392.10000610
v 11.72167969 -25.97792053 392.10000610
v 10.41222000 -26.52989960 392.10000610
v 11.72167969 -25.97792053 431.00000000
v 10.41222000 -26.52989960 431.00000000
v 11.72167969 -25.97792053 392.10000610
v 9.07686996 -27.01593018 392.10000610
v 10.41222000 -26.52989960 431.00000000
v 9.07686996 -27.01593018 431.00000000
v 10.41222000 -26.52989960 392.10000610
v 7.71895313 -27.43478966 392.10000610
v 9.07686996 -27.01593018 431.00000000
v 7.71895313 -27.43478966 431.00000000
v 9.07686996 -27.01593018 392.10000610
v 6.34184599 -27.78544998 392.10000610
v 7.71895313 -27.43478966 392.10000610
v 7.71895313 -27.43478966 431.00000000
v 6.34184599 -27.78544998 431.00000000
v 4.94897318 -28.06702042 392.10000610
v 6.34184599 -27.78544998 392.10000610
v 6.34184599 -27.78544998 431.00000000
v 4.94897318 -28.06702042 431.00000000
v 3.54379606 -28.27882004 392.10000610
v 4.94897318 -28.06702042 392.10000610
v 4.94897318 -28.06702042 431.00000000
v 3.54379606 -28.27882004 431.00000000
v 2.12980795 -28.42030907 392.10000610
v 3.54379606 -28.27882004 392.10000610
v 3.54379606 -28.27882004 431.00000000
v 2.12980795 -28.42030907 431.00000000
v 0.71052468 -28.49114037 392.10000610
v 2.12980795 -28.42030907 392.10000610
v 2.12980795 -28.42030907 431.00000000
v 0.71052468 -28.49114037 431.00000000
v -0.71052468 -28.49114037 392.10000610
v 0.71052468 -28.49114037 392.10000610
v 0.71052468 -28.49114037 431.00000000
v -0.71052468 -28.49114037 431.00000000
v -2.12980795 -28.42030907 392.10000610
v -0.71052468 -28.49114037 392.10000610
v -0.71052468 -28.49114037 431.00000000
v -2.12980795 -28.42030907 431.00000000
v -3.54379606 -28.27882004 392.10000610
v -2.12980795 -28.42030907 392.10000610
v -2.12980795 -28.42030907 431.00000000
v -3.54379606 -28.27882004 392.10000610
v -3.54379606 -28.27882004 431.00000000
v -4.94897318 -28.06702042 431.00000000
v -3.54379606 -28.27882004 431.00000000
v -4.94897318 -28.06702042 392.10000610
v -4.94897318 -28.06702042 392.10000610
v -4.94897318 -28.06702042 431.00000000
v -6.34184599 -27.78544998 431.00000000
v -6.34184599 -27.78544998 392.10000610
v -7.71895313 -27.43478966 392.10000610
v -6.34184599 -27.78544998 392.10000610
v -6.34184599 -27.78544998 431.00000000
v -7.71895313 -27.43478966 392.10000610
v -7.71895313 -27.43478966 431.00000000
v -9.07686996 -27.01593018 431.00000000
v -7.71895313 -27.43478966 431.00000000
v -9.07686996 -27.01593018 392.10000610
v -10.41222000 -26.52989960 392.10000610
v -9.07686996 -27.01593018 392.10000610
v -9.07686996 -27.01593018 431.00000000
v -10.41222000 -26.52989960 392.10000610
v -10.41222000 -26.52989960 431.00000000
v -11.72167969 -25.97792053 431.00000000
v -10.41222000 -26.52989960 431.00000000
v -11.72167969 -25.97792053 392.10000610
v -13.00199986 -25.36134911 392.10000610
v -11.72167969 -25.97792053 392.10000610
v -11.72167969 -25.97792053 431.00000000
v -13.00199986 -25.36134911 392.10000610
v -13.00199986 -25.36134911 431.00000000
v -14.25000000 -24.68173027 431.00000000
v -13.00199986 -25.36134911 431.00000000
v -14.25000000 -24.68173027 392.10000610
v -14.25000000 -24.68173027 431.00000000
v -15.46257019 -23.94074059 431.00000000
v -14.25000000 -24.68173027 392.10000610
v -15.46257019 -23.94074059 392.10000610
v -16.63669014 -23.14023018 392.10000610
v -15.46257019 -23.94074059 431.00000000
v -16.63669014 -23.14023018 431.00000000
v -15.46257019 -23.94074059 392.10000610
v -17.76946068 -22.28219986 392.10000610
v -16.63669014 -23.14023018 431.00000000
v -17.76946068 -22.28219986 431.00000000
v -16.63669014 -23.14023018 392.10000610
v -18.85804939 -21.36877060 392.10000610
v -17.76946068 -22.28219986 431.00000000
v -18.85804939 -21.36877060 431.00000000
v -17.76946068 -22.28219986 392.10000610
v -19.89974976 -20.40221024 392.10000610
v -18.85804939 -21.36877060 431.00000000
v -19.89974976 -20.40221024 431.00000000
v -18.85804939 -21.36877060 392.10000610
v -20.89197922 -19.38492012 392.10000610
v -19.89974976 -20.40221024 431.00000000
v -20.89197922 -19.38492012 431.00000000
v -19.89974976 -20.40221024 392.10000610
v -21.83226967 -18.31945038 392.10000610
v -20.89197922 -19.38492012 431.00000000
v -21.83226967 -18.31945038 431.00000000
v -20.89197922 -19.38492012 392.10000610
v -22.71828079 -17.20842934 392.10000610
v -21.83226967 -18.31945038 431.00000000
v -22.71828079 -17.20842934 431.00000000
v -21.83226967 -18.31945038 392.10000610
v -23.54780960 -16.05462074 392.10000610
v -22.71828079 -17.20842934 392.10000610
v -22.71828079 -17.20842934 431.00000000
v -23.54780960 -16.05462074 392.10000610
v -23.54780960 -16.05462074 431.00000000
v -24.31879044 -14.86089993 431.00000000
v -23.54780960 -16.05462074 431.00000000
v -24.31879044 -14.86089993 392.10000610
v -25.02931023 -13.63024044 392.10000610
v -24.31879044 -14.86089993 392.10000610
v -24.31879044 -14.86089993 431.00000000
v -25.02931023 -13.63024044 431.00000000
v -25.67761040 -12.36569023 392.10000610
v -25.02931023 -13.63024044 392.10000610
v -25.02931023 -13.63024044 431.00000000
v -25.67761040 -12.36569023 431.00000000
v -26.26206970 -11.07038975 392.10000610
v -25.67761040 -12.36569023 392.10000610
v -25.67761040 -12.36569023 431.00000000
v -26.26206970 -11.07038975 431.00000000
v -26.78124046 -9.74757385 392.10000610
v -26.26206970 -11.07038975 392.10000610
v -26.26206970 -11.07038975 431.00000000
v -26.78124046 -9.74757385 431.00000000
v -27.23382950 -8.40052319 392.10000610
v -26.78124046 -9.74757385 392.10000610
v -26.78124046 -9.74757385 431.00000000
v -27.23382950 -8.40052319 431.00000000
v -27.57554054 -7.19999981 398.50000000
v -27.23382950 -8.40052319 392.10000610
v -27.23382950 -8.40052319 431.00000000
v -27.61870003 -7.03258610 431.00000000
v -27.57554054 -7.19999981 392.89999390
v -27.61870003 -7.03258610 392.10000610
v -27.85693932 -6.02003813 398.50000000
v -27.57554054 -7.19999981 398.50000000
v -27.61870003 -7.03258610 431.00000000
v -27.85693932 -6.02003813 398.50000000
v -27.61870003 -7.03258610 431.00000000
v -27.93490982 -5.64716482 431.00000000
v -27.93490982 -5.64716482 392.10000610
v -27.61870003 -7.03258610 392.10000610
v -27.85693932 -6.02003813 392.89999390
v -28.08787918 -4.82917023 398.50000000
v -27.85693932 -6.02003813 398.50000000
v -27.93490982 -5.64716482 431.00000000
v -28.08787918 -4.82917023 398.50000000
v -27.93490982 -5.64716482 431.00000000
v -28.18168068 -4.24770403 431.00000000
v -28.18168068 -4.24770403 392.10000610
v -27.93490982 -5.64716482 392.10000610
v -28.08787918 -4.82917023 392.89999390
v -28.26794052 -3.62955403 398.50000000
v -28.18168068 -4.24770403 431.00000000
v -28.35837936 -2.83768392 431.00000000
v -28.26794052 -3.62955403 398.50000000
v -28.08787918 -4.82917023 398.50000000
v -28.18168068 -4.24770403 431.00000000
v -28.39678001 -2.42336202 398.50000000
v -28.26794052 -3.62955403 398.50000000
v -28.35837936 -2.83768392 431.00000000
v -28.39678001 -2.42336202 398.50000000
v -28.35837936 -2.83768392 431.00000000
v -28.46456909 -1.42060804 431.00000000
v -28.35837936 -2.83768392 392.10000610
v -28.18168068 -4.24770403 392.10000610
v -28.26794052 -3.62955403 392.89999390
v -28.47418022 -1.21277905 398.50000000
v -28.46456909 -1.42060804 431.00000000
v -28.50000000 0.00000000 431.00000000
v -28.47418022 -1.21277905 398.50000000
v -28.39678001 -2.42336202 398.50000000
v -28.46456909 -1.42060804 431.00000000
v -28.46456909 -1.42060804 392.10000610
v -28.35837936 -2.83768392 392.10000610
v -28.39678001 -2.42336202 392.89999390
v -28.50000000 0.00000000 398.50000000
v -28.50000000 0.00000000 392.10000610
v -28.46456909 -1.42060804 392.10000610
v -28.47418022 -1.21277905 392.89999390
v -28.50000000 0.00000000 392.10000610
v -28.47418022 -1.21277905 392.89999390
v -28.50000000 0.00000000 392.89999390
v -28.47418022 1.21277905 392.89999390
v -28.39678001 2.42336202 392.89999390
v -28.46456909 1.42060804 392.10000610
v -28.39678001 2.42336202 392.89999390
v -28.26794052 3.62955403 392.89999390
v -28.35837936 2.83768392 392.10000610
v -28.26794052 3.62955403 392.89999390
v -28.08787918 4.82917023 392.89999390
v -28.18168068 4.24770403 392.10000610
v -28.08787918 4.82917023 392.89999390
v -27.85693932 6.02003813 392.89999390
v -27.93490982 5.64716482 392.10000610
v -27.85693932 6.02003813 392.89999390
v -27.57554054 7.19999981 392.89999390
v -27.61870003 7.03258610 392.10000610
v -27.57554054 -7.19999981 392.89999390
v -27.85693932 -6.02003813 392.89999390
v -27.61870003 -7.03258610 392.10000610
v -27.85693932 -6.02003813 392.89999390
v -28.08787918 -4.82917023 392.89999390
v -27.93490982 -5.64716482 392.10000610
v -28.08787918 -4.82917023 392.89999390
v -28.26794052 -3.62955403 392.89999390
v -28.18168068 -4.24770403 392.10000610
v -28.26794052 -3.62955403 392.89999390
v -28.39678001 -2.42336202 392.89999390
v -28.35837936 -2.83768392 392.10000610
v -28.39678001 -2.42336202 392.89999390
v -28.47418022 -1.21277905 392.89999390
v -28.46456909 -1.42060804 392.10000610
v -4.09999990 28.20355034 393.64999390
v -2.73861790 28.36812019 393.64999390
v -3.54379606 28.27882004 392.10000610
v -2.73861790 28.36812019 393.64999390
v -1.37089598 28.46701050 393.64999390
v -2.12980795 28.42030907 392.10000610
v -1.37089598 28.46701050 393.64999390
v 0.00000000 28.50000000 393.64999390
v -0.71052468 28.49114037 392.10000610
v 0.00000000 28.50000000 393.64999390
v 1.37089598 28.46701050 393.64999390
v 0.71052468 28.49114037 392.10000610
v 1.37089598 28.46701050 393.64999390
v 2.73861790 28.36812019 393.64999390
v 2.12980795 28.42030907 392.10000610
v 2.73861790 28.36812019 393.64999390
v 4.09999990 28.20355034 393.64999390
v 3.54379606 28.27882004 392.10000610
v 27.57554054 7.19999981 392.89999390
v 27.88002968 5.91219616 392.89999390
v 27.61870003 7.03258610 392.10000610
v 27.88002968 5.91219616 392.89999390
v 28.12441063 4.61164522 392.89999390
v 27.93490982 5.64716482 392.10000610
v 28.12441063 4.61164522 392.89999390
v 28.30817032 3.30115199 392.89999390
v 28.18168068 4.24770403 392.10000610
v 28.30817032 3.30115199 392.89999390
v 28.43088913 1.98354304 392.89999390
v 28.35837936 2.83768392 392.10000610
v 28.43088913 1.98354304 392.89999390
v 28.49231911 0.66165638 392.89999390
v 28.46456909 1.42060804 392.10000610
v 28.49231911 0.66165638 392.89999390
v 28.49231911 -0.66165638 392.89999390
v 28.50000000 0.00000000 392.10000610
v 28.49231911 -0.66165638 392.89999390
v 28.43088913 -1.98354304 392.89999390
v 28.46456909 -1.42060804 392.10000610
v 28.43088913 -1.98354304 392.89999390
v 28.30817032 -3.30115199 392.89999390
v 28.35837936 -2.83768392 392.10000610
v 28.30817032 -3.30115199 392.89999390
v 28.12441063 -4.61164522 392.89999390
v 28.18168068 -4.24770403 392.10000610
v 28.12441063 -4.61164522 392.89999390
v 27.88002968 -5.91219616 392.89999390
v 27.93490982 -5.64716482 392.10000610
v 27.88002968 -5.91219616 392.89999390
v 27.57554054 -7.19999981 392.89999390
v 27.61870003 -7.03258610 392.10000610
v 18.93936920 19.80051041 431.00000000
v 19.89974976 20.40221024 431.00000000
v 18.85804939 21.36877060 431.00000000
v 19.86601067 18.87064934 431.00000000
v 20.89197922 19.38492012 431.00000000
v 17.96925926 20.68490982 431.00000000
v 17.76946068 22.28219986 431.00000000
v 20.74704933 17.89748001 431.00000000
v 21.83226967 18.31945038 431.00000000
v 16.95789909 21.52183914 431.00000000
v 16.63669014 23.14023018 431.00000000
v 21.58046913 16.88323021 431.00000000
v 22.71828079 17.20842934 431.00000000
v 15.90762043 22.30936050 431.00000000
v 15.46257019 23.94074059 431.00000000
v 22.36434937 15.83022022 431.00000000
v 23.54780960 16.05462074 431.00000000
v 14.82081985 23.04567909 431.00000000
v 14.25000000 24.68173027 431.00000000
v 23.09688950 14.74088001 431.00000000
v 24.31879044 14.86089993 431.00000000
v 23.11977959 14.64601994 431.00000000
v 23.07947922 14.55716038 431.00000000
v 13.69999981 23.72909927 431.00000000
v 24.31442070 12.63206005 431.00000000
v 25.67761040 12.36569023 431.00000000
v 25.02931023 13.63024044 431.00000000
v 24.24371910 12.69929981 431.00000000
v 12.54773045 24.35804939 431.00000000
v 13.00199986 25.36134911 431.00000000
v 24.14661026 12.70882988 431.00000000
v 22.99304008 14.51189041 431.00000000
v 24.06418037 12.65660954 431.00000000
v 22.85656929 14.48254013 431.00000000
v 22.72467041 14.43686962 431.00000000
v 22.59926987 14.37555027 431.00000000
v 22.37524986 14.20981979 431.00000000
v 22.48221970 14.29950047 431.00000000
v 22.27993011 14.10785007 431.00000000
v 24.89155006 11.45298004 431.00000000
v 26.26206970 11.07038975 431.00000000
v 23.86503029 12.46170044 431.00000000
v 23.97052956 12.55309963 431.00000000
v 11.36666965 24.93107986 431.00000000
v 11.72167969 25.97792053 431.00000000
v 22.19766998 13.99507999 431.00000000
v 23.74922943 12.38376045 431.00000000
v 23.62483978 12.32042027 431.00000000
v 22.07695961 13.74392033 431.00000000
v 22.12968063 13.87316990 431.00000000
v 23.49369049 12.27262020 431.00000000
v 25.41153908 10.24761963 431.00000000
v 26.78124046 9.74757385 431.00000000
v 22.04029083 13.60923958 431.00000000
v 10.15950966 25.44688988 431.00000000
v 10.41222000 26.52989960 431.00000000
v 23.35771942 12.24106026 431.00000000
v 22.02020073 13.47111034 431.00000000
v 23.21892929 12.22620964 431.00000000
v 22.01700020 13.33156013 431.00000000
v 23.07935905 12.22828007 431.00000000
v 22.03072929 13.19264984 431.00000000
v 22.94107056 12.24724960 431.00000000
v 22.06118965 13.05642986 431.00000000
v 22.80608940 12.28283024 431.00000000
v 22.10791969 12.92490005 431.00000000
v 22.67642021 12.33450031 431.00000000
v 22.17024994 12.80000019 431.00000000
v 22.55397034 12.40149975 431.00000000
v 22.24724960 12.68356991 431.00000000
v 22.44054031 12.48285007 431.00000000
v 22.33778954 12.57732964 431.00000000
v 25.87319946 9.01873302 431.00000000
v 27.23382950 8.40052319 431.00000000
v 8.92903233 25.90428925 431.00000000
v 9.07686996 27.01593018 431.00000000
v 26.27547073 7.76914406 431.00000000
v 27.61870003 7.03258610 431.00000000
v 7.67805719 26.30223083 431.00000000
v 7.71895313 27.43478966 431.00000000
v 26.61742973 6.50172281 431.00000000
v 27.93490982 5.64716482 431.00000000
v 6.40945911 26.63979912 431.00000000
v 6.34184599 27.78544998 431.00000000
v 26.89829063 5.21937895 431.00000000
v 28.18168068 4.24770403 431.00000000
v 5.12614918 26.91621017 431.00000000
v 4.94897318 28.06702042 431.00000000
v 27.11741066 3.92505288 431.00000000
v 28.35837936 2.83768392 431.00000000
v 3.83107209 27.13084984 431.00000000
v 3.54379606 28.27882004 431.00000000
v 27.27428055 2.62171793 431.00000000
v 28.46456909 1.42060804 431.00000000
v 2.52720094 27.28321075 431.00000000
v 2.12980795 28.42030907 431.00000000
v 27.36854935 1.31236506 431.00000000
v 1.21752906 27.37294006 431.00000000
v 0.71052468 28.49114037 431.00000000
v 28.50000000 0.00000000 431.00000000
v 1.12393796 27.34532928 431.00000000
v 1.06713200 27.26600075 431.00000000
v 1.14036202 26.89856911 431.00000000
v 1.11396098 27.03564072 431.00000000
v 1.07114899 27.16850090 431.00000000
v 1.14996195 26.75931931 431.00000000
v 1.14036202 26.89856911 431.00000000
v 1.07114899 27.16850090 431.00000000
v 1.14261997 26.61993027 431.00000000
v 1.11844397 26.48245049 431.00000000
v 1.07778895 26.34890938 431.00000000
v 27.39999962 0.00000000 431.00000000
v 1.02125597 26.22129059 431.00000000
v 0.94967681 26.10144997 431.00000000
v 0.86410612 25.99117088 431.00000000
v 0.76580453 25.89207077 431.00000000
v 0.65622061 25.80561066 431.00000000
v 0.53696853 25.73306084 431.00000000
v -1.06713200 27.26600075 431.00000000
v -0.71052468 28.49114037 431.00000000
v -1.12393796 27.34532928 431.00000000
v -1.21752906 27.37294006 431.00000000
v -2.12980795 28.42030907 431.00000000
v -1.07114899 27.16850090 431.00000000
v 0.40980530 25.67550087 431.00000000
v 27.36854935 -1.31236506 431.00000000
v 28.46456909 -1.42060804 431.00000000
v -1.11396098 27.03564072 431.00000000
v -1.14036202 26.89856911 431.00000000
v 0.13932860 25.60847092 431.00000000
v 0.27660459 25.63376045 431.00000000
v 0.00000000 25.60000038 431.00000000
v -1.14261997 26.61993027 431.00000000
v -1.14996195 26.75931931 431.00000000
v -1.07778895 26.34890938 431.00000000
v -1.11844397 26.48245049 431.00000000
v -0.40980530 25.67550087 431.00000000
v -0.27660459 25.63376045 431.00000000
v -0.13932860 25.60847092 431.00000000
v -1.02125597 26.22129059 431.00000000
v -0.94967681 26.10144997 431.00000000
v -0.65622061 25.80561066 431.00000000
v -0.53696853 25.73306084 431.00000000
v -0.86410612 25.99117088 431.00000000
v -0.76580453 25.89207077 431.00000000
v -2.52720094 27.28321075 431.00000000
v -3.54379606 28.27882004 431.00000000
v 27.27428055 -2.62171793 431.00000000
v 28.35837936 -2.83768392 431.00000000
v -3.83107209 27.13084984 431.00000000
v 27.11741066 -3.92505288 431.00000000
v 28.18168068 -4.24770403 431.00000000
v -4.94897318 28.06702042 431.00000000
v -5.12614918 26.91621017 431.00000000
v 26.89829063 -5.21937895 431.00000000
v 27.93490982 -5.64716482 431.00000000
v -6.34184599 27.78544998 431.00000000
v -6.40945911 26.63979912 431.00000000
v 26.61742973 -6.50172281 431.00000000
v 27.61870003 -7.03258610 431.00000000
v -7.71895313 27.43478966 431.00000000
v -7.67805719 26.30223083 431.00000000
v 26.27547073 -7.76914406 431.00000000
v 27.23382950 -8.40052319 431.00000000
v -9.07686996 27.01593018 431.00000000
v -8.92903233 25.90428925 431.00000000
v 25.87319946 -9.01873302 431.00000000
v 26.78124046 -9.74757385 431.00000000
v -10.41222000 26.52989960 431.00000000
v -10.15950966 25.44688988 431.00000000
v 25.41153908 -10.24761963 431.00000000
v 26.26206970 -11.07038975 431.00000000
v -11.72167969 25.97792053 431.00000000
v -11.36666965 24.93107986 431.00000000
v 24.89155006 -11.45298004 431.00000000
v 25.67761040 -12.36569023 431.00000000
v -13.00199986 25.36134911 431.00000000
v -12.54773045 24.35804939 431.00000000
v 24.31442070 -12.63206005 431.00000000
v 23.86503029 -12.46170044 431.00000000
v 24.06418037 -12.65660954 431.00000000
v 23.97052956 -12.55309963 431.00000000
v 25.02931023 -13.63024044 431.00000000
v 24.24371910 -12.69929981 431.00000000
v 24.14661026 -12.70882988 431.00000000
v 23.49369049 -12.27262020 431.00000000
v 23.74922943 -12.38376045 431.00000000
v 23.62483978 -12.32042027 431.00000000
v 23.35771942 -12.24106026 431.00000000
v 23.21892929 -12.22620964 431.00000000
v 22.80608940 -12.28283024 431.00000000
v 23.07935905 -12.22828007 431.00000000
v 22.94107056 -12.24724960 431.00000000
v -14.25000000 24.68173027 431.00000000
v 22.67642021 -12.33450031 431.00000000
v 22.55397034 -12.40149975 431.00000000
v -13.69999981 23.72909927 431.00000000
v 22.33778954 -12.57732964 431.00000000
v 22.44054031 -12.48285007 431.00000000
v 24.31879044 -14.86089993 431.00000000
v 22.17024994 -12.80000019 431.00000000
v 22.24724960 -12.68356991 431.00000000
v 22.10791969 -12.92490005 431.00000000
v 22.03072929 -13.19264984 431.00000000
v 22.06118965 -13.05642986 431.00000000
v 22.01700020 -13.33156013 431.00000000
v 22.02020073 -13.47111034 431.00000000
v 23.07947922 -14.55716038 431.00000000
v 22.99304008 -14.51189041 431.00000000
v 23.11977959 -14.64601994 431.00000000
v 22.04029083 -13.60923958 431.00000000
v 22.85656929 -14.48254013 431.00000000
v 23.09688950 -14.74088001 431.00000000
v -14.82081985 23.04567909 431.00000000
v -15.46257019 23.94074059 431.00000000
v 22.19766998 -13.99507999 431.00000000
v 22.07695961 -13.74392033 431.00000000
v 22.12968063 -13.87316990 431.00000000
v 22.37524986 -14.20981979 431.00000000
v 22.27993011 -14.10785007 431.00000000
v 22.48221970 -14.29950047 431.00000000
v 22.59926987 -14.37555027 431.00000000
v 22.72467041 -14.43686962 431.00000000
v 23.54780960 -16.05462074 431.00000000
v 22.36434937 -15.83022022 431.00000000
v -15.90762043 22.30936050 431.00000000
v -16.63669014 23.14023018 431.00000000
v 22.71828079 -17.20842934 431.00000000
v 21.58046913 -16.88323021 431.00000000
v -16.95789909 21.52183914 431.00000000
v -17.76946068 22.28219986 431.00000000
v 21.83226967 -18.31945038 431.00000000
v 20.74704933 -17.89748001 431.00000000
v -17.96925926 20.68490982 431.00000000
v -18.85804939 21.36877060 431.00000000
v 20.89197922 -19.38492012 431.00000000
v 19.86601067 -18.87064934 431.00000000
v -18.93936920 19.80051041 431.00000000
v -19.89974976 20.40221024 431.00000000
v 19.89974976 -20.40221024 431.00000000
v 18.93936920 -19.80051041 431.00000000
v -19.86601067 18.87064934 431.00000000
v -20.89197922 19.38492012 431.00000000
v 18.85804939 -21.36877060 431.00000000
v 17.96925926 -20.68490982 431.00000000
v -20.74704933 17.89748001 431.00000000
v -21.83226967 18.31945038 431.00000000
v 17.76946068 -22.28219986 431.00000000
v 16.95789909 -21.52183914 431.00000000
v -21.58046913 16.88323021 431.00000000
v -22.71828079 17.20842934 431.00000000
v 16.63669014 -23.14023018 431.00000000
v 15.90762043 -22.30936050 431.00000000
v -22.36434937 15.83022022 431.00000000
v -23.54780960 16.05462074 431.00000000
v -22.72467041 14.43686962 431.00000000
v -22.37524986 14.20981979 431.00000000
v -22.48221970 14.29950047 431.00000000
v -22.59926987 14.37555027 431.00000000
v -22.07695961 13.74392033 431.00000000
v -22.12968063 13.87316990 431.00000000
v -22.19766998 13.99507999 431.00000000
v -23.09688950 14.74088001 431.00000000
v -22.04029083 13.60923958 431.00000000
v -22.27993011 14.10785007 431.00000000
v -22.85656929 14.48254013 431.00000000
v 15.46257019 -23.94074059 431.00000000
v 14.82081985 -23.04567909 431.00000000
v -22.01700020 13.33156013 431.00000000
v -22.02020073 13.47111034 431.00000000
v -22.06118965 13.05642986 431.00000000
v -22.03072929 13.19264984 431.00000000
v -22.10791969 12.92490005 431.00000000
v -24.31879044 14.86089993 431.00000000
v -23.07947922 14.55716038 431.00000000
v -23.11977959 14.64601994 431.00000000
v -22.24724960 12.68356991 431.00000000
v -22.17024994 12.80000019 431.00000000
v -22.33778954 12.57732964 431.00000000
v -22.55397034 12.40149975 431.00000000
v -22.44054031 12.48285007 431.00000000
v 14.25000000 -24.68173027 431.00000000
v 13.69999981 -23.72909927 431.00000000
v -22.80608940 12.28283024 431.00000000
v -22.67642021 12.33450031 431.00000000
v -22.94107056 12.24724960 431.00000000
v -23.07935905 12.22828007 431.00000000
v -23.21892929 12.22620964 431.00000000
v -23.49369049 12.27262020 431.00000000
v -23.35771942 12.24106026 431.00000000
v -23.62483978 12.32042027 431.00000000
v -24.06418037 12.65660954 431.00000000
v -22.99304008 14.51189041 431.00000000
v -23.97052956 12.55309963 431.00000000
v -23.86503029 12.46170044 431.00000000
v -23.74922943 12.38376045 431.00000000
v -24.14661026 12.70882988 431.00000000
v -25.02931023 13.63024044 431.00000000
v -24.24371910 12.69929981 431.00000000
v -24.31442070 12.63206005 431.00000000
v 12.54773045 -24.35804939 431.00000000
v 13.00199986 -25.36134911 431.00000000
v -25.67761040 12.36569023 431.00000000
v -24.89155006 11.45298004 431.00000000
v 11.36666965 -24.93107986 431.00000000
v 11.72167969 -25.97792053 431.00000000
v -26.26206970 11.07038975 431.00000000
v -25.41153908 10.24761963 431.00000000
v 10.15950966 -25.44688988 431.00000000
v 10.41222000 -26.52989960 431.00000000
v 8.92903233 -25.90428925 431.00000000
v -26.78124046 9.74757385 431.00000000
v -25.87319946 9.01873302 431.00000000
v 9.07686996 -27.01593018 431.00000000
v 7.67805719 -26.30223083 431.00000000
v -27.23382950 8.40052319 431.00000000
v -26.27547073 7.76914406 431.00000000
v 7.71895313 -27.43478966 431.00000000
v 6.40945911 -26.63979912 431.00000000
v -27.61870003 7.03258610 431.00000000
v -26.61742973 6.50172281 431.00000000
v 6.34184599 -27.78544998 431.00000000
v 5.12614918 -26.91621017 431.00000000
v -27.93490982 5.64716482 431.00000000
v -26.89829063 5.21937895 431.00000000
v 4.94897318 -28.06702042 431.00000000
v 3.83107209 -27.13084984 431.00000000
v -28.18168068 4.24770403 431.00000000
v -27.11741066 3.92505288 431.00000000
v 3.54379606 -28.27882004 431.00000000
v 2.52720094 -27.28321075 431.00000000
v 0.65622061 -25.80561066 431.00000000
v 0.86410612 -25.99117088 431.00000000
v 0.76580453 -25.89207077 431.00000000
v 0.94967681 -26.10144997 431.00000000
v 1.07778895 -26.34890938 431.00000000
v 1.02125597 -26.22129059 431.00000000
v 0.53696853 -25.73306084 431.00000000
v 0.40980530 -25.67550087 431.00000000
v 1.14261997 -26.61993027 431.00000000
v 1.11844397 -26.48245049 431.00000000
v -28.35837936 2.83768392 431.00000000
v -27.27428055 2.62171793 431.00000000
v -0.13932860 -25.60847092 431.00000000
v 0.27660459 -25.63376045 431.00000000
v 0.13932860 -25.60847092 431.00000000
v 0.00000000 -25.60000038 431.00000000
v 1.14036202 -26.89856911 431.00000000
v 1.14996195 -26.75931931 431.00000000
v 1.11396098 -27.03564072 431.00000000
v -0.40980530 -25.67550087 431.00000000
v -0.27660459 -25.63376045 431.00000000
v -0.53696853 -25.73306084 431.00000000
v 2.12980795 -28.42030907 431.00000000
v 1.21752906 -27.37294006 431.00000000
v -0.65622061 -25.80561066 431.00000000
v 1.07114899 -27.16850090 431.00000000
v -28.46456909 1.42060804 431.00000000
v -27.36854935 1.31236506 431.00000000
v -0.94967681 -26.10144997 431.00000000
v -0.76580453 -25.89207077 431.00000000
v -0.86410612 -25.99117088 431.00000000
v 0.71052468 -28.49114037 431.00000000
v 1.12393796 -27.34532928 431.00000000
v 1.06713200 -27.26600075 431.00000000
v -1.14996195 -26.75931931 431.00000000
v -1.02125597 -26.22129059 431.00000000
v -1.07778895 -26.34890938 431.00000000
v -1.11844397 -26.48245049 431.00000000
v -1.14261997 -26.61993027 431.00000000
v -1.14036202 -26.89856911 431.00000000
v -1.11396098 -27.03564072 431.00000000
v -1.07114899 -27.16850090 431.00000000
v -1.06713200 -27.26600075 431.00000000
v -28.50000000 0.00000000 431.00000000
v -27.39999962 0.00000000 431.00000000
v -27.36854935 -1.31236506 431.00000000
v -0.71052468 -28.49114037 431.00000000
v -1.12393796 -27.34532928 431.00000000
v -1.21752906 -27.37294006 431.00000000
v -28.46456909 -1.42060804 431.00000000
v -27.27428055 -2.62171793 431.00000000
v -2.12980795 -28.42030907 431.00000000
v -2.52720094 -27.28321075 431.00000000
v -28.35837936 -2.83768392 431.00000000
v -27.11741066 -3.92505288 431.00000000
v -3.54379606 -28.27882004 431.00000000
v -3.83107209 -27.13084984 431.00000000
v -28.18168068 -4.24770403 431.00000000
v -26.89829063 -5.21937895 431.00000000
v -4.94897318 -28.06702042 431.00000000
v -5.12614918 -26.91621017 431.00000000
v -27.93490982 -5.64716482 431.00000000
v -26.61742973 -6.50172281 431.00000000
v -6.34184599 -27.78544998 431.00000000
v -6.40945911 -26.63979912 431.00000000
v -27.61870003 -7.03258610 431.00000000
v -26.27547073 -7.76914406 431.00000000
v -22.10791969 -12.92490005 431.00000000
v -22.17024994 -12.80000019 431.00000000
v -22.24724960 -12.68356991 431.00000000
v -22.33778954 -12.57732964 431.00000000
v -22.06118965 -13.05642986 431.00000000
v -7.71895313 -27.43478966 431.00000000
v -7.67805719 -26.30223083 431.00000000
v -22.94107056 -12.24724960 431.00000000
v -22.55397034 -12.40149975 431.00000000
v -22.67642021 -12.33450031 431.00000000
v -22.80608940 -12.28283024 431.00000000
v -23.07935905 -12.22828007 431.00000000
v -22.01700020 -13.33156013 431.00000000
v -22.03072929 -13.19264984 431.00000000
v -27.23382950 -8.40052319 431.00000000
v -25.87319946 -9.01873302 431.00000000
v -9.07686996 -27.01593018 431.00000000
v -8.92903233 -25.90428925 431.00000000
v -22.19766998 -13.99507999 431.00000000
v -22.12968063 -13.87316990 431.00000000
v -22.07695961 -13.74392033 431.00000000
v -26.78124046 -9.74757385 431.00000000
v -25.41153908 -10.24761963 431.00000000
v -24.06418037 -12.65660954 431.00000000
v -22.27993011 -14.10785007 431.00000000
v -22.04029083 -13.60923958 431.00000000
v -22.02020073 -13.47111034 431.00000000
v -22.44054031 -12.48285007 431.00000000
v -23.21892929 -12.22620964 431.00000000
v -23.35771942 -12.24106026 431.00000000
v -23.49369049 -12.27262020 431.00000000
v -23.62483978 -12.32042027 431.00000000
v -23.74922943 -12.38376045 431.00000000
v -23.86503029 -12.46170044 431.00000000
v -23.97052956 -12.55309963 431.00000000
v -10.41222000 -26.52989960 431.00000000
v -10.15950966 -25.44688988 431.00000000
v -22.59926987 -14.37555027 431.00000000
v -22.48221970 -14.29950047 431.00000000
v -22.37524986 -14.20981979 431.00000000
v -22.72467041 -14.43686962 431.00000000
v -26.26206970 -11.07038975 431.00000000
v -24.89155006 -11.45298004 431.00000000
v -22.99304008 -14.51189041 431.00000000
v -22.85656929 -14.48254013 431.00000000
v -24.14661026 -12.70882988 431.00000000
v -23.07947922 -14.55716038 431.00000000
v -11.72167969 -25.97792053 431.00000000
v -11.36666965 -24.93107986 431.00000000
v -25.67761040 -12.36569023 431.00000000
v -24.31442070 -12.63206005 431.00000000
v -13.00199986 -25.36134911 431.00000000
v -12.54773045 -24.35804939 431.00000000
v -25.02931023 -13.63024044 431.00000000
v -24.24371910 -12.69929981 431.00000000
v -14.25000000 -24.68173027 431.00000000
v -13.69999981 -23.72909927 431.00000000
v -14.82081985 -23.04567909 431.00000000
v -24.31879044 -14.86089993 431.00000000
v -23.09688950 -14.74088001 431.00000000
v -23.11977959 -14.64601994 431.00000000
v -15.46257019 -23.94074059 431.00000000
v -15.90762043 -22.30936050 431.00000000
v -23.54780960 -16.05462074 431.00000000
v -22.36434937 -15.83022022 431.00000000
v -16.63669014 -23.14023018 431.00000000
v -16.95789909 -21.52183914 431.00000000
v -22.71828079 -17.20842934 431.00000000
v -21.58046913 -16.88323021 431.00000000
v -17.76946068 -22.28219986 431.00000000
v -17.96925926 -20.68490982 431.00000000
v -21.83226967 -18.31945038 431.00000000
v -20.74704933 -17.89748001 431.00000000
v -18.85804939 -21.36877060 431.00000000
v -18.93936920 -19.80051041 431.00000000
v -20.89197922 -19.38492012 431.00000000
v -19.86601067 -18.87064934 431.00000000
v -19.89974976 -20.40221024 431.00000000
v -23.12136078 -14.46086979 431.10000610
v -23.00808907 -14.41302967 431.10000610
v -22.99304008 -14.51189041 431.00000000
v -23.12136078 -14.46086979 431.10000610
v -22.99304008 -14.51189041 431.00000000
v -23.07947922 -14.55716038 431.00000000
v -23.19812965 -14.55692005 431.10000610
v -23.07947922 -14.55716038 431.00000000
v -23.11977959 -14.64601994 431.00000000
v -23.19812965 -14.55692005 431.10000610
v -23.12136078 -14.46086979 431.10000610
v -23.07947922 -14.55716038 431.00000000
v -23.21982002 -14.67794037 431.10000610
v -23.11977959 -14.64601994 431.00000000
v -23.09688950 -14.74088001 431.00000000
v -23.21982002 -14.67794037 431.10000610
v -23.19812965 -14.55692005 431.10000610
v -23.11977959 -14.64601994 431.00000000
v -23.18119049 -14.79467964 431.10000610
v -23.21982002 -14.67794037 431.10000610
v -23.09688950 -14.74088001 431.00000000
v -23.21982002 -14.67794037 431.10000610
v -23.18119049 -14.79467964 431.10000610
v -23.18119049 -14.79467964 432.00000000
v -23.21982002 -14.67794037 432.00000000
v -23.19812965 -14.55692005 431.10000610
v -23.21982002 -14.67794037 432.00000000
v -23.19812965 -14.55692005 432.00000000
v -23.21982002 -14.67794037 431.10000610
v -23.12136078 -14.46086979 431.10000610
v -23.19812965 -14.55692005 432.00000000
v -23.12136078 -14.46086979 432.00000000
v -23.19812965 -14.55692005 431.10000610
v -23.00808907 -14.41302967 431.10000610
v -23.12136078 -14.46086979 432.00000000
v -23.00808907 -14.41302967 432.00000000
v -23.12136078 -14.46086979 431.10000610
v -22.44597054 -15.88799953 432.00000000
v -23.18119049 -14.79467964 432.00000000
v -23.18119049 -14.79467964 431.10000610
v -22.44597054 -15.88799953 431.10000610
v -21.65922928 -16.94485092 432.00000000
v -22.44597054 -15.88799953 431.10000610
v -21.65922928 -16.94485092 431.10000610
v -22.44597054 -15.88799953 432.00000000
v -20.82276917 -17.96279907 432.00000000
v -21.65922928 -16.94485092 431.10000610
v -20.82276917 -17.96279907 431.10000610
v -21.65922928 -16.94485092 432.00000000
v -19.93852043 -18.93951988 432.00000000
v -20.82276917 -17.96279907 431.10000610
v -19.93852043 -18.93951988 431.10000610
v -20.82276917 -17.96279907 432.00000000
v -19.00849915 -19.87277031 432.00000000
v -19.93852043 -18.93951988 431.10000610
v -19.00849915 -19.87277031 431.10000610
v -19.93852043 -18.93951988 432.00000000
v -18.03483963 -20.76041031 432.00000000
v -19.00849915 -19.87277031 431.10000610
v -18.03483963 -20.76041031 431.10000610
v -19.00849915 -19.87277031 432.00000000
v -17.01979065 -21.60038948 432.00000000
v -18.03483963 -20.76041031 431.10000610
v -17.01979065 -21.60038948 431.10000610
v -18.03483963 -20.76041031 432.00000000
v -15.96566963 -22.39077950 432.00000000
v -17.01979065 -21.60038948 431.10000610
v -15.96566963 -22.39077950 431.10000610
v -17.01979065 -21.60038948 432.00000000
v -14.87491035 -23.12978935 432.00000000
v -15.96566963 -22.39077950 431.10000610
v -14.87491035 -23.12978935 431.10000610
v -15.96566963 -22.39077950 432.00000000
v -13.75000000 -23.81570053 432.00000000
v -14.87491035 -23.12978935 431.10000610
v -13.75000000 -23.81570053 431.10000610
v -14.87491035 -23.12978935 432.00000000
v -12.59352970 -24.44693947 432.00000000
v -13.75000000 -23.81570053 431.10000610
v -12.59352970 -24.44693947 431.10000610
v -13.75000000 -23.81570053 432.00000000
v -11.40814972 -25.02206993 432.00000000
v -12.59352970 -24.44693947 431.10000610
v -11.40814972 -25.02206993 431.10000610
v -12.59352970 -24.44693947 432.00000000
v -10.19659042 -25.53977013 432.00000000
v -11.40814972 -25.02206993 431.10000610
v -10.19659042 -25.53977013 431.10000610
v -11.40814972 -25.02206993 432.00000000
v -8.96161938 -25.99884033 432.00000000
v -10.19659042 -25.53977013 432.00000000
v -10.19659042 -25.53977013 431.10000610
v -8.96161938 -25.99884033 431.10000610
v -7.70607901 -26.39822960 432.00000000
v -8.96161938 -25.99884033 432.00000000
v -8.96161938 -25.99884033 431.10000610
v -7.70607901 -26.39822960 431.10000610
v -6.43285084 -26.73703003 432.00000000
v -7.70607901 -26.39822960 432.00000000
v -7.70607901 -26.39822960 431.10000610
v -6.43285084 -26.73703003 431.10000610
v -5.14485693 -27.01445007 432.00000000
v -6.43285084 -26.73703003 432.00000000
v -6.43285084 -26.73703003 431.10000610
v -5.14485693 -27.01445007 431.10000610
v -3.84505391 -27.22986031 432.00000000
v -5.14485693 -27.01445007 432.00000000
v -5.14485693 -27.01445007 431.10000610
v -3.84505391 -27.22986031 431.10000610
v -2.53642392 -27.38278008 432.00000000
v -3.84505391 -27.22986031 431.10000610
v -2.53642392 -27.38278008 431.10000610
v -3.84505391 -27.22986031 432.00000000
v -1.22197294 -27.47283936 432.00000000
v -2.53642392 -27.38278008 431.10000610
v -1.22197294 -27.47283936 431.10000610
v -2.53642392 -27.38278008 432.00000000
v -14.57777023 -17.75975037 393.00000000
v -13.05187035 -16.23386002 393.00000000
v -14.57777023 -17.75975037 395.89999390
v -13.05187035 -16.23386002 395.89999390
v -5.13342905 21.13553047 439.00000000
v -5.25687981 21.08748055 439.00000000
v -5.13342905 21.13553047 437.00000000
v -5.25687981 21.08748055 437.00000000
v -5.25687981 21.08748055 437.00000000
v -5.36338282 21.00871086 439.00000000
v -5.36338282 21.00871086 437.00000000
v -5.25687981 21.08748055 439.00000000
v -5.36338282 21.00871086 437.00000000
v -5.44545984 20.90472984 439.00000000
v -5.44545984 20.90472984 437.00000000
v -5.36338282 21.00871086 439.00000000
v -5.44545984 20.90472984 437.00000000
v -5.49735212 20.78285027 439.00000000
v -5.49735212 20.78285027 437.00000000
v -5.44545984 20.90472984 439.00000000
v -5.49735212 20.78285027 437.00000000
v -5.51541519 20.65160942 439.00000000
v -5.51541519 20.65160942 437.00000000
v -5.49735212 20.78285027 439.00000000
v -5.51541519 20.65160942 437.00000000
v -5.49838209 20.52024078 439.00000000
v -5.49838209 20.52024078 437.00000000
v -5.51541519 20.65160942 439.00000000
v -4.78640318 17.86310005 437.00000000
v -5.49838209 20.52024078 437.00000000
v -5.49838209 20.52024078 439.00000000
v -4.78640318 17.86310005 439.00000000
v -5.12695122 17.25440025 439.00000000
v -5.12695122 17.25440025 437.00000000
v -5.00967598 17.30641937 437.00000000
v -5.00967598 17.30641937 439.00000000
v -5.00967598 17.30641937 437.00000000
v -4.90949917 17.38656998 437.00000000
v -5.00967598 17.30641937 439.00000000
v -4.90949917 17.38656998 439.00000000
v -4.90949917 17.38656998 437.00000000
v -4.83301401 17.48957062 437.00000000
v -4.90949917 17.38656998 439.00000000
v -4.83301401 17.48957062 439.00000000
v -4.83301401 17.48957062 437.00000000
v -4.78525686 17.60864067 437.00000000
v -4.83301401 17.48957062 439.00000000
v -4.78525686 17.60864067 439.00000000
v -4.78525686 17.60864067 437.00000000
v -4.76937103 17.73594093 437.00000000
v -4.78525686 17.60864067 439.00000000
v -4.76937103 17.73594093 439.00000000
v -4.76937103 17.73594093 437.00000000
v -4.78640318 17.86310005 437.00000000
v -4.76937103 17.73594093 439.00000000
v -4.78640318 17.86310005 439.00000000
v -14.91347027 -10.09640026 439.00000000
v -14.82927990 -10.20258045 437.00000000
v -14.91347027 -10.09640026 437.00000000
v -14.82927990 -10.20258045 439.00000000
v -15.01124954 -10.00257015 439.00000000
v -14.91347027 -10.09640026 437.00000000
v -15.01124954 -10.00257015 437.00000000
v -14.91347027 -10.09640026 439.00000000
v -15.12082005 -9.92283535 439.00000000
v -15.01124954 -10.00257015 437.00000000
v -15.12082005 -9.92283535 437.00000000
v -15.01124954 -10.00257015 439.00000000
v -15.24015999 -9.85863972 439.00000000
v -15.12082005 -9.92283535 437.00000000
v -15.24015999 -9.85863972 437.00000000
v -15.12082005 -9.92283535 439.00000000
v -15.36707973 -9.81116867 439.00000000
v -15.24015999 -9.85863972 437.00000000
v -15.36707973 -9.81116867 437.00000000
v -15.24015999 -9.85863972 439.00000000
v -15.49925995 -9.78129482 439.00000000
v -15.36707973 -9.81116867 437.00000000
v -15.49925995 -9.78129482 437.00000000
v -15.36707973 -9.81116867 439.00000000
v -15.63426018 -9.76956463 439.00000000
v -15.49925995 -9.78129482 437.00000000
v -15.63426018 -9.76956463 437.00000000
v -15.49925995 -9.78129482 439.00000000
v -15.76961040 -9.77619457 439.00000000
v -15.63426018 -9.76956463 437.00000000
v -15.76961040 -9.77619457 437.00000000
v -15.63426018 -9.76956463 439.00000000
v -15.90281963 -9.80106258 439.00000000
v -15.76961040 -9.77619457 437.00000000
v -15.90281963 -9.80106258 437.00000000
v -15.76961040 -9.77619457 439.00000000
v -16.03145027 -9.84371281 439.00000000
v -15.90281963 -9.80106258 437.00000000
v -16.03145027 -9.84371281 437.00000000
v -15.90281963 -9.80106258 439.00000000
v -16.15312004 -9.90336227 439.00000000
v -16.03145027 -9.84371281 437.00000000
v -16.15312004 -9.90336227 437.00000000
v -16.03145027 -9.84371281 439.00000000
v 0.75735021 -28.48994064 433.89999390
v 0.00000000 -28.50000000 433.89999390
v 0.00000000 -28.50000000 432.00000000
v 0.75735021 -28.48994064 433.89999390
v 0.00000000 -28.50000000 432.00000000
v 1.42060804 -28.46456909 432.00000000
v 1.51416600 -28.45974922 433.89999390
v 0.75735021 -28.48994064 433.89999390
v 1.42060804 -28.46456909 432.00000000
v 2.26991200 -28.40946007 433.89999390
v 1.42060804 -28.46456909 432.00000000
v 2.83768392 -28.35837936 432.00000000
v 1.51416600 -28.45974922 433.89999390
v 4.24770403 -28.18168068 432.00000000
v 2.26991200 -28.40946007 433.89999390
v 2.83768392 -28.35837936 432.00000000
v 3.66770101 -28.26301003 436.89999390
v 2.26991200 -28.40946007 436.89999390
v 2.26991200 -28.40946007 433.89999390
v 3.66770101 -28.26301003 436.89999390
v 2.26991200 -28.40946007 433.89999390
v 4.24770403 -28.18168068 432.00000000
v 5.05657196 -28.04784012 436.89999390
v 4.24770403 -28.18168068 432.00000000
v 5.64716482 -27.93490982 432.00000000
v 5.05657196 -28.04784012 436.89999390
v 3.66770101 -28.26301003 436.89999390
v 4.24770403 -28.18168068 432.00000000
v 6.43314505 -27.76445007 436.89999390
v 5.64716482 -27.93490982 432.00000000
v 7.03258610 -27.61870003 432.00000000
v 6.43314505 -27.76445007 436.89999390
v 5.05657196 -28.04784012 436.89999390
v 5.64716482 -27.93490982 432.00000000
v 7.79407501 -27.41353989 436.89999390
v 6.43314505 -27.76445007 436.89999390
v 7.03258610 -27.61870003 432.00000000
v 7.79407501 -27.41353989 436.89999390
v 7.03258610 -27.61870003 432.00000000
v 8.40052319 -27.23382950 432.00000000
v 9.13605118 -26.99596977 436.89999390
v 7.79407501 -27.41353989 436.89999390
v 8.40052319 -27.23382950 432.00000000
v 9.13605118 -26.99596977 436.89999390
v 8.40052319 -27.23382950 432.00000000
v 9.74757385 -26.78124046 432.00000000
v 10.45580959 -26.51275063 436.89999390
v 9.13605118 -26.99596977 436.89999390
v 9.74757385 -26.78124046 432.00000000
v 10.45580959 -26.51275063 436.89999390
v 9.74757385 -26.78124046 432.00000000
v 11.07038975 -26.26206970 432.00000000
v 11.75014019 -25.96505928 436.89999390
v 10.45580959 -26.51275063 436.89999390
v 11.07038975 -26.26206970 432.00000000
v 11.75014019 -25.96505928 436.89999390
v 11.07038975 -26.26206970 432.00000000
v 12.36569023 -25.67761040 432.00000000
v 13.01589966 -25.35421944 436.89999390
v 11.75014019 -25.96505928 436.89999390
v 12.36569023 -25.67761040 432.00000000
v 13.01589966 -25.35421944 436.89999390
v 12.36569023 -25.67761040 432.00000000
v 13.63024044 -25.02931023 432.00000000
v 14.25000000 -24.68173027 436.89999390
v 13.01589966 -25.35421944 436.89999390
v 13.63024044 -25.02931023 432.00000000
v 14.25000000 -24.68173027 436.89999390
v 13.63024044 -25.02931023 432.00000000
v 14.86089993 -24.31879044 432.00000000
v 15.44944954 -23.94920921 436.89999390
v 14.25000000 -24.68173027 436.89999390
v 14.86089993 -24.31879044 432.00000000
v 15.44944954 -23.94920921 436.89999390
v 14.86089993 -24.31879044 432.00000000
v 16.05462074 -23.54780960 432.00000000
v 16.61133003 -23.15844917 436.89999390
v 15.44944954 -23.94920921 436.89999390
v 16.05462074 -23.54780960 432.00000000
v 16.61133003 -23.15844917 436.89999390
v 16.05462074 -23.54780960 432.00000000
v 17.20842934 -22.71828079 432.00000000
v 17.73280907 -22.31137085 436.89999390
v 16.61133003 -23.15844917 436.89999390
v 17.20842934 -22.71828079 432.00000000
v 17.73280907 -22.31137085 436.89999390
v 17.20842934 -22.71828079 432.00000000
v 18.31945038 -21.83226967 432.00000000
v 18.81118011 -21.41003990 436.89999390
v 17.73280907 -22.31137085 436.89999390
v 18.31945038 -21.83226967 432.00000000
v 18.81118011 -21.41003990 436.89999390
v 18.31945038 -21.83226967 432.00000000
v 19.38492012 -20.89197922 432.00000000
v 19.84379005 -20.45664024 436.89999390
v 18.81118011 -21.41003990 436.89999390
v 19.38492012 -20.89197922 432.00000000
v 19.84379005 -20.45664024 436.89999390
v 19.38492012 -20.89197922 432.00000000
v 20.40221024 -19.89974976 432.00000000
v 20.82814980 -19.45348930 436.89999390
v 19.84379005 -20.45664024 436.89999390
v 20.40221024 -19.89974976 432.00000000
v 20.82814980 -19.45348930 436.89999390
v 20.40221024 -19.89974976 432.00000000
v 21.36877060 -18.85804939 432.00000000
v 21.76185036 -18.40303993 436.89999390
v 20.82814980 -19.45348930 436.89999390
v 21.36877060 -18.85804939 432.00000000
v 21.76185036 -18.40303993 436.89999390
v 21.36877060 -18.85804939 432.00000000
v 22.28219986 -17.76946068 432.00000000
v 23.46836090 -16.17053032 433.89999390
v 22.28219986 -17.76946068 432.00000000
v 23.14023018 -16.63669014 432.00000000
v 23.46836090 -16.17053032 433.89999390
v 23.14023018 -16.63669014 432.00000000
v 23.94074059 -15.46257019 432.00000000
v 22.64263916 -17.30783081 436.89999390
v 21.76185036 -18.40303993 436.89999390
v 22.28219986 -17.76946068 432.00000000
v 22.64263916 -17.30783081 436.89999390
v 22.28219986 -17.76946068 432.00000000
v 23.46836090 -16.17053032 433.89999390
v 24.09419060 -15.22235966 433.89999390
v 23.46836090 -16.17053032 433.89999390
v 23.94074059 -15.46257019 432.00000000
v 24.68173027 -14.25000000 432.00000000
v 24.09419060 -15.22235966 433.89999390
v 23.94074059 -15.46257019 432.00000000
v 23.46836090 -16.17053032 436.89999390
v 24.68173027 -14.25000000 433.89999390
v 24.09419060 -15.22235966 433.89999390
v 24.68173027 -14.25000000 432.00000000
v 25.23003960 -13.25500011 433.89999390
v 24.68173027 -14.25000000 433.89999390
v 24.68173027 -14.25000000 432.00000000
v 25.36134911 -13.00199986 432.00000000
v 25.73826981 -12.23892975 433.89999390
v 25.23003960 -13.25500011 433.89999390
v 25.36134911 -13.00199986 432.00000000
v 25.73826981 -12.23892975 433.89999390
v 25.36134911 -13.00199986 432.00000000
v 25.97792053 -11.72167969 432.00000000
v 26.52989960 -10.41222000 432.00000000
v 25.73826981 -12.23892975 433.89999390
v 25.97792053 -11.72167969 432.00000000
v 26.31034088 -10.95518017 436.89999390
v 25.73826981 -12.23892975 436.89999390
v 25.73826981 -12.23892975 433.89999390
v 26.31034088 -10.95518017 436.89999390
v 25.73826981 -12.23892975 433.89999390
v 26.52989960 -10.41222000 432.00000000
v 26.81842041 -9.64479923 436.89999390
v 26.52989960 -10.41222000 432.00000000
v 27.01593018 -9.07686996 432.00000000
v 26.81842041 -9.64479923 436.89999390
v 26.31034088 -10.95518017 436.89999390
v 26.52989960 -10.41222000 432.00000000
v 27.26128960 -8.31095695 436.89999390
v 27.01593018 -9.07686996 432.00000000
v 27.43478966 -7.71895313 432.00000000
v 27.26128960 -8.31095695 436.89999390
v 26.81842041 -9.64479923 436.89999390
v 27.01593018 -9.07686996 432.00000000
v 27.63785934 -6.95690489 436.89999390
v 27.43478966 -7.71895313 432.00000000
v 27.78544998 -6.34184599 432.00000000
v 27.63785934 -6.95690489 436.89999390
v 27.26128960 -8.31095695 436.89999390
v 27.43478966 -7.71895313 432.00000000
v 27.94721985 -5.58593512 436.89999390
v 27.78544998 -6.34184599 432.00000000
v 28.06702042 -4.94897318 432.00000000
v 27.94721985 -5.58593512 436.89999390
v 27.63785934 -6.95690489 436.89999390
v 27.78544998 -6.34184599 432.00000000
v 28.18861961 -4.20138121 436.89999390
v 28.06702042 -4.94897318 432.00000000
v 28.27882004 -3.54379606 432.00000000
v 28.18861961 -4.20138121 436.89999390
v 27.94721985 -5.58593512 436.89999390
v 28.06702042 -4.94897318 432.00000000
v 28.36146927 -2.80661011 436.89999390
v 28.27882004 -3.54379606 432.00000000
v 28.42030907 -2.12980795 432.00000000
v 28.36146927 -2.80661011 436.89999390
v 28.18861961 -4.20138121 436.89999390
v 28.27882004 -3.54379606 432.00000000
v 28.46534920 -1.40501297 436.89999390
v 28.42030907 -2.12980795 432.00000000
v 28.49114037 -0.71052468 432.00000000
v 28.46534920 -1.40501297 436.89999390
v 28.36146927 -2.80661011 436.89999390
v 28.42030907 -2.12980795 432.00000000
v 28.50000000 0.00000000 436.89999390
v 28.49114037 -0.71052468 432.00000000
v 28.49114037 0.71052468 432.00000000
v 28.50000000 0.00000000 436.89999390
v 28.46534920 -1.40501297 436.89999390
v 28.49114037 -0.71052468 432.00000000
v 28.46534920 1.40501297 436.89999390
v 28.49114037 0.71052468 432.00000000
v 28.42030907 2.12980795 432.00000000
v 28.46534920 1.40501297 436.89999390
v 28.50000000 0.00000000 436.89999390
v 28.49114037 0.71052468 432.00000000
v 28.36146927 2.80661011 436.89999390
v 28.42030907 2.12980795 432.00000000
v 28.27882004 3.54379606 432.00000000
v 28.36146927 2.80661011 436.89999390
v 28.46534920 1.40501297 436.89999390
v 28.42030907 2.12980795 432.00000000
v 28.18861961 4.20138121 436.89999390
v 28.27882004 3.54379606 432.00000000
v 28.06702042 4.94897318 432.00000000
v 28.18861961 4.20138121 436.89999390
v 28.36146927 2.80661011 436.89999390
v 28.27882004 3.54379606 432.00000000
v 27.94721985 5.58593512 436.89999390
v 28.06702042 4.94897318 432.00000000
v 27.78544998 6.34184599 432.00000000
v 27.94721985 5.58593512 436.89999390
v 28.18861961 4.20138121 436.89999390
v 28.06702042 4.94897318 432.00000000
v 27.63785934 6.95690489 436.89999390
v 27.78544998 6.34184599 432.00000000
v 27.43478966 7.71895313 432.00000000
v 27.63785934 6.95690489 436.89999390
v 27.94721985 5.58593512 436.89999390
v 27.78544998 6.34184599 432.00000000
v 27.26128960 8.31095695 436.89999390
v 27.43478966 7.71895313 432.00000000
v 27.01593018 9.07686996 432.00000000
v 27.26128960 8.31095695 436.89999390
v 27.63785934 6.95690489 436.89999390
v 27.43478966 7.71895313 432.00000000
v 26.81842041 9.64479923 436.89999390
v 27.01593018 9.07686996 432.00000000
v 26.52989960 10.41222000 432.00000000
v 26.81842041 9.64479923 436.89999390
v 27.26128960 8.31095695 436.89999390
v 27.01593018 9.07686996 432.00000000
v 25.73826981 12.23892975 433.89999390
v 26.52989960 10.41222000 432.00000000
v 25.97792053 11.72167969 432.00000000
v 25.73826981 12.23892975 433.89999390
v 25.97792053 11.72167969 432.00000000
v 25.36134911 13.00199986 432.00000000
v 26.31034088 10.95518017 436.89999390
v 26.81842041 9.64479923 436.89999390
v 26.52989960 10.41222000 432.00000000
v 26.31034088 10.95518017 436.89999390
v 26.52989960 10.41222000 432.00000000
v 25.73826981 12.23892975 433.89999390
v 25.23003960 13.25500011 433.89999390
v 25.73826981 12.23892975 433.89999390
v 25.36134911 13.00199986 432.00000000
v 24.68173027 14.25000000 432.00000000
v 25.23003960 13.25500011 433.89999390
v 25.36134911 13.00199986 432.00000000
v 25.73826981 12.23892975 436.89999390
v 26.31034088 10.95518017 436.89999390
v 25.73826981 12.23892975 433.89999390
v 24.68173027 14.25000000 433.89999390
v 24.09419060 15.22235966 433.89999390
v 24.68173027 14.25000000 432.00000000
v 23.94074059 15.46257019 432.00000000
v 24.09419060 15.22235966 433.89999390
v 24.68173027 14.25000000 433.89999390
v 24.68173027 14.25000000 432.00000000
v 23.46836090 16.17053032 433.89999390
v 23.94074059 15.46257019 432.00000000
v 23.14023018 16.63669014 432.00000000
v 23.46836090 16.17053032 433.89999390
v 24.09419060 15.22235966 433.89999390
v 23.94074059 15.46257019 432.00000000
v 22.28219986 17.76946068 432.00000000
v 23.46836090 16.17053032 433.89999390
v 23.14023018 16.63669014 432.00000000
v 22.64263916 17.30783081 436.89999390
v 23.46836090 16.17053032 436.89999390
v 23.46836090 16.17053032 433.89999390
v 22.28219986 17.76946068 432.00000000
v 21.76185036 18.40303993 436.89999390
v 22.28219986 17.76946068 432.00000000
v 21.36877060 18.85804939 432.00000000
v 21.76185036 18.40303993 436.89999390
v 22.64263916 17.30783081 436.89999390
v 22.28219986 17.76946068 432.00000000
v 20.82814980 19.45348930 436.89999390
v 21.36877060 18.85804939 432.00000000
v 20.40221024 19.89974976 432.00000000
v 20.82814980 19.45348930 436.89999390
v 21.76185036 18.40303993 436.89999390
v 21.36877060 18.85804939 432.00000000
v 19.84379005 20.45664024 436.89999390
v 20.40221024 19.89974976 432.00000000
v 19.38492012 20.89197922 432.00000000
v 19.84379005 20.45664024 436.89999390
v 20.82814980 19.45348930 436.89999390
v 20.40221024 19.89974976 432.00000000
v 18.81118011 21.41003990 436.89999390
v 19.38492012 20.89197922 432.00000000
v 18.31945038 21.83226967 432.00000000
v 18.81118011 21.41003990 436.89999390
v 19.84379005 20.45664024 436.89999390
v 19.38492012 20.89197922 432.00000000
v 17.73280907 22.31137085 436.89999390
v 18.31945038 21.83226967 432.00000000
v 17.20842934 22.71828079 432.00000000
v 17.73280907 22.31137085 436.89999390
v 18.81118011 21.41003990 436.89999390
v 18.31945038 21.83226967 432.00000000
v 16.61133003 23.15844917 436.89999390
v 17.20842934 22.71828079 432.00000000
v 16.05462074 23.54780960 432.00000000
v 16.61133003 23.15844917 436.89999390
v 17.73280907 22.31137085 436.89999390
v 17.20842934 22.71828079 432.00000000
v 15.44944954 23.94920921 436.89999390
v 16.05462074 23.54780960 432.00000000
v 14.86089993 24.31879044 432.00000000
v 15.44944954 23.94920921 436.89999390
v 16.61133003 23.15844917 436.89999390
v 16.05462074 23.54780960 432.00000000
v 14.25000000 24.68173027 436.89999390
v 15.44944954 23.94920921 436.89999390
v 14.86089993 24.31879044 432.00000000
v 14.25000000 24.68173027 436.89999390
v 14.86089993 24.31879044 432.00000000
v 13.63024044 25.02931023 432.00000000
v 13.01589966 25.35421944 436.89999390
v 14.25000000 24.68173027 436.89999390
v 13.63024044 25.02931023 432.00000000
v 13.01589966 25.35421944 436.89999390
v 13.63024044 25.02931023 432.00000000
v 12.36569023 25.67761040 432.00000000
v 11.75014019 25.96505928 436.89999390
v 13.01589966 25.35421944 436.89999390
v 12.36569023 25.67761040 432.00000000
v 11.75014019 25.96505928 436.89999390
v 12.36569023 25.67761040 432.00000000
v 11.07038975 26.26206970 432.00000000
v 10.45580959 26.51275063 436.89999390
v 11.75014019 25.96505928 436.89999390
v 11.07038975 26.26206970 432.00000000
v 10.45580959 26.51275063 436.89999390
v 11.07038975 26.26206970 432.00000000
v 9.74757385 26.78124046 432.00000000
v 9.13605118 26.99596977 436.89999390
v 10.45580959 26.51275063 436.89999390
v 9.74757385 26.78124046 432.00000000
v 9.13605118 26.99596977 436.89999390
v 9.74757385 26.78124046 432.00000000
v 8.40052319 27.23382950 432.00000000
v 7.79407501 27.41353989 436.89999390
v 9.13605118 26.99596977 436.89999390
v 8.40052319 27.23382950 432.00000000
v 7.79407501 27.41353989 436.89999390
v 8.40052319 27.23382950 432.00000000
v 7.03258610 27.61870003 432.00000000
v 6.43314505 27.76445007 436.89999390
v 7.79407501 27.41353989 436.89999390
v 7.03258610 27.61870003 432.00000000
v 6.43314505 27.76445007 436.89999390
v 7.03258610 27.61870003 432.00000000
v 5.64716482 27.93490982 432.00000000
v 5.05657196 28.04784012 436.89999390
v 6.43314505 27.76445007 436.89999390
v 5.64716482 27.93490982 432.00000000
v 5.05657196 28.04784012 436.89999390
v 5.64716482 27.93490982 432.00000000
v 4.24770403 28.18168068 432.00000000
v 2.26991200 28.40946007 433.89999390
v 4.24770403 28.18168068 432.00000000
v 2.83768392 28.35837936 432.00000000
v 2.26991200 28.40946007 433.89999390
v 2.83768392 28.35837936 432.00000000
v 1.42060804 28.46456909 432.00000000
v 3.66770101 28.26301003 436.89999390
v 5.05657196 28.04784012 436.89999390
v 4.24770403 28.18168068 432.00000000
v 3.66770101 28.26301003 436.89999390
v 4.24770403 28.18168068 432.00000000
v 2.26991200 28.40946007 433.89999390
v 1.13585806 28.47735977 433.89999390
v 2.26991200 28.40946007 433.89999390
v 1.42060804 28.46456909 432.00000000
v 0.00000000 28.50000000 432.00000000
v 1.13585806 28.47735977 433.89999390
v 1.42060804 28.46456909 432.00000000
v 2.26991200 28.40946007 436.89999390
v 3.66770101 28.26301003 436.89999390
v 2.26991200 28.40946007 433.89999390
v 0.00000000 28.50000000 433.89999390
v -1.13585806 28.47735977 433.89999390
v 0.00000000 28.50000000 432.00000000
v -1.42060804 28.46456909 432.00000000
v 0.00000000 28.50000000 433.89999390
v -2.26991200 28.40946007 433.89999390
v -1.42060804 28.46456909 432.00000000
v -2.83768392 28.35837936 432.00000000
v -2.26991200 28.40946007 433.89999390
v -1.13585806 28.47735977 433.89999390
v -1.42060804 28.46456909 432.00000000
v -4.24770403 28.18168068 432.00000000
v -2.26991200 28.40946007 433.89999390
v -2.83768392 28.35837936 432.00000000
v -3.66770101 28.26301003 436.89999390
v -2.26991200 28.40946007 433.89999390
v -4.24770403 28.18168068 432.00000000
v -3.66770101 28.26301003 436.89999390
v -2.26991200 28.40946007 436.89999390
v -2.26991200 28.40946007 433.89999390
v -5.05657196 28.04784012 436.89999390
v -4.24770403 28.18168068 432.00000000
v -5.64716482 27.93490982 432.00000000
v -5.05657196 28.04784012 436.89999390
v -3.66770101 28.26301003 436.89999390
v -4.24770403 28.18168068 432.00000000
v -6.43314505 27.76445007 436.89999390
v -5.64716482 27.93490982 432.00000000
v -7.03258610 27.61870003 432.00000000
v -6.43314505 27.76445007 436.89999390
v -5.05657196 28.04784012 436.89999390
v -5.64716482 27.93490982 432.00000000
v -7.79407501 27.41353989 436.89999390
v -7.03258610 27.61870003 432.00000000
v -8.40052319 27.23382950 432.00000000
v -7.79407501 27.41353989 436.89999390
v -6.43314505 27.76445007 436.89999390
v -7.03258610 27.61870003 432.00000000
v -9.13605118 26.99596977 436.89999390
v -8.40052319 27.23382950 432.00000000
v -9.74757385 26.78124046 432.00000000
v -9.13605118 26.99596977 436.89999390
v -7.79407501 27.41353989 436.89999390
v -8.40052319 27.23382950 432.00000000
v -10.45580959 26.51275063 436.89999390
v -9.74757385 26.78124046 432.00000000
v -11.07038975 26.26206970 432.00000000
v -10.45580959 26.51275063 436.89999390
v -9.13605118 26.99596977 436.89999390
v -9.74757385 26.78124046 432.00000000
v -11.75014019 25.96505928 436.89999390
v -11.07038975 26.26206970 432.00000000
v -12.36569023 25.67761040 432.00000000
v -11.75014019 25.96505928 436.89999390
v -10.45580959 26.51275063 436.89999390
v -11.07038975 26.26206970 432.00000000
v -13.01589966 25.35421944 436.89999390
v -12.36569023 25.67761040 432.00000000
v -13.63024044 25.02931023 432.00000000
v -13.01589966 25.35421944 436.89999390
v -11.75014019 25.96505928 436.89999390
v -12.36569023 25.67761040 432.00000000
v -14.25000000 24.68173027 436.89999390
v -13.63024044 25.02931023 432.00000000
v -14.86089993 24.31879044 432.00000000
v -14.25000000 24.68173027 436.89999390
v -13.01589966 25.35421944 436.89999390
v -13.63024044 25.02931023 432.00000000
v -15.44944954 23.94920921 436.89999390
v -14.86089993 24.31879044 432.00000000
v -16.05462074 23.54780960 432.00000000
v -15.44944954 23.94920921 436.89999390
v -14.25000000 24.68173027 436.89999390
v -14.86089993 24.31879044 432.00000000
v -16.61133003 23.15844917 436.89999390
v -16.05462074 23.54780960 432.00000000
v -17.20842934 22.71828079 432.00000000
v -16.61133003 23.15844917 436.89999390
v -15.44944954 23.94920921 436.89999390
v -16.05462074 23.54780960 432.00000000
v -17.73280907 22.31137085 436.89999390
v -16.61133003 23.15844917 436.89999390
v -17.20842934 22.71828079 432.00000000
v -17.73280907 22.31137085 436.89999390
v -17.20842934 22.71828079 432.00000000
v -18.31945038 21.83226967 432.00000000
v -18.81118011 21.41003990 436.89999390
v -17.73280907 22.31137085 436.89999390
v -18.31945038 21.83226967 432.00000000
v -18.81118011 21.41003990 436.89999390
v -18.31945038 21.83226967 432.00000000
v -19.38492012 20.89197922 432.00000000
v -19.84379005 20.45664024 436.89999390
v -18.81118011 21.41003990 436.89999390
v -19.38492012 20.89197922 432.00000000
v -19.84379005 20.45664024 436.89999390
v -19.38492012 20.89197922 432.00000000
v -20.40221024 19.89974976 432.00000000
v -20.82814980 19.45348930 436.89999390
v -19.84379005 20.45664024 436.89999390
v -20.40221024 19.89974976 432.00000000
v -20.82814980 19.45348930 436.89999390
v -20.40221024 19.89974976 432.00000000
v -21.36877060 18.85804939 432.00000000
v -21.76185036 18.40303993 436.89999390
v -20.82814980 19.45348930 436.89999390
v -21.36877060 18.85804939 432.00000000
v -21.76185036 18.40303993 436.89999390
v -21.36877060 18.85804939 432.00000000
v -22.28219986 17.76946068 432.00000000
v -23.46836090 16.17053032 433.89999390
v -22.28219986 17.76946068 432.00000000
v -23.14023018 16.63669014 432.00000000
v -23.46836090 16.17053032 433.89999390
v -23.14023018 16.63669014 432.00000000
v -23.94074059 15.46257019 432.00000000
v -22.64263916 17.30783081 436.89999390
v -22.28219986 17.76946068 432.00000000
v -23.46836090 16.17053032 433.89999390
v -22.64263916 17.30783081 436.89999390
v -21.76185036 18.40303993 436.89999390
v -22.28219986 17.76946068 432.00000000
v -24.09419060 15.22235966 433.89999390
v -23.46836090 16.17053032 433.89999390
v -23.94074059 15.46257019 432.00000000
v -24.68173027 14.25000000 432.00000000
v -24.09419060 15.22235966 433.89999390
v -23.94074059 15.46257019 432.00000000
v -23.46836090 16.17053032 436.89999390
v -24.68173027 14.25000000 433.89999390
v -24.09419060 15.22235966 433.89999390
v -24.68173027 14.25000000 432.00000000
v -25.23003960 13.25500011 433.89999390
v -24.68173027 14.25000000 433.89999390
v -24.68173027 14.25000000 432.00000000
v -25.36134911 13.00199986 432.00000000
v -25.73826981 12.23892975 433.89999390
v -25.23003960 13.25500011 433.89999390
v -25.36134911 13.00199986 432.00000000
v -25.73826981 12.23892975 433.89999390
v -25.36134911 13.00199986 432.00000000
v -25.97792053 11.72167969 432.00000000
v -26.52989960 10.41222000 432.00000000
v -25.73826981 12.23892975 433.89999390
v -25.97792053 11.72167969 432.00000000
v -26.31034088 10.95518017 436.89999390
v -25.73826981 12.23892975 433.89999390
v -26.52989960 10.41222000 432.00000000
v -26.31034088 10.95518017 436.89999390
v -25.73826981 12.23892975 436.89999390
v -25.73826981 12.23892975 433.89999390
v -26.81842041 9.64479923 436.89999390
v -26.31034088 10.95518017 436.89999390
v -26.52989960 10.41222000 432.00000000
v -26.81842041 9.64479923 436.89999390
v -26.52989960 10.41222000 432.00000000
v -27.01593018 9.07686996 432.00000000
v -27.26128960 8.31095695 436.89999390
v -26.81842041 9.64479923 436.89999390
v -27.01593018 9.07686996 432.00000000
v -27.26128960 8.31095695 436.89999390
v -27.01593018 9.07686996 432.00000000
v -27.43478966 7.71895313 432.00000000
v -27.63785934 6.95690489 436.89999390
v -27.26128960 8.31095695 436.89999390
v -27.43478966 7.71895313 432.00000000
v -27.63785934 6.95690489 436.89999390
v -27.43478966 7.71895313 432.00000000
v -27.78544998 6.34184599 432.00000000
v -27.94721985 5.58593512 436.89999390
v -27.78544998 6.34184599 432.00000000
v -28.06702042 4.94897318 432.00000000
v -27.94721985 5.58593512 436.89999390
v -27.63785934 6.95690489 436.89999390
v -27.78544998 6.34184599 432.00000000
v -28.18861961 4.20138121 436.89999390
v -27.94721985 5.58593512 436.89999390
v -28.06702042 4.94897318 432.00000000
v -28.18861961 4.20138121 436.89999390
v -28.06702042 4.94897318 432.00000000
v -28.27882004 3.54379606 432.00000000
v -28.36146927 2.80661011 436.89999390
v -28.27882004 3.54379606 432.00000000
v -28.42030907 2.12980795 432.00000000
v -28.36146927 2.80661011 436.89999390
v -28.18861961 4.20138121 436.89999390
v -28.27882004 3.54379606 432.00000000
v -28.46534920 1.40501297 436.89999390
v -28.42030907 2.12980795 432.00000000
v -28.49114037 0.71052468 432.00000000
v -28.46534920 1.40501297 436.89999390
v -28.36146927 2.80661011 436.89999390
v -28.42030907 2.12980795 432.00000000
v -28.50000000 0.00000000 436.89999390
v -28.49114037 0.71052468 432.00000000
v -28.49114037 -0.71052468 432.00000000
v -28.50000000 0.00000000 436.89999390
v -28.46534920 1.40501297 436.89999390
v -28.49114037 0.71052468 432.00000000
v -28.46534920 -1.40501297 436.89999390
v -28.49114037 -0.71052468 432.00000000
v -28.42030907 -2.12980795 432.00000000
v -28.46534920 -1.40501297 436.89999390
v -28.50000000 0.00000000 436.89999390
v -28.49114037 -0.71052468 432.00000000
v -28.36146927 -2.80661011 436.89999390
v -28.42030907 -2.12980795 432.00000000
v -28.27882004 -3.54379606 432.00000000
v -28.36146927 -2.80661011 436.89999390
v -28.46534920 -1.40501297 436.89999390
v -28.42030907 -2.12980795 432.00000000
v -28.18861961 -4.20138121 436.89999390
v -28.27882004 -3.54379606 432.00000000
v -28.06702042 -4.94897318 432.00000000
v -28.18861961 -4.20138121 436.89999390
v -28.36146927 -2.80661011 436.89999390
v -28.27882004 -3.54379606 432.00000000
v -27.94721985 -5.58593512 436.89999390
v -28.06702042 -4.94897318 432.00000000
v -27.78544998 -6.34184599 432.00000000
v -27.94721985 -5.58593512 436.89999390
v -28.18861961 -4.20138121 436.89999390
v -28.06702042 -4.94897318 432.00000000
v -27.63785934 -6.95690489 436.89999390
v -27.78544998 -6.34184599 432.00000000
v -27.43478966 -7.71895313 432.00000000
v -27.63785934 -6.95690489 436.89999390
v -27.94721985 -5.58593512 436.89999390
v -27.78544998 -6.34184599 432.00000000
v -27.26128960 -8.31095695 436.89999390
v -27.63785934 -6.95690489 436.89999390
v -27.43478966 -7.71895313 432.00000000
v -27.26128960 -8.31095695 436.89999390
v -27.43478966 -7.71895313 432.00000000
v -27.01593018 -9.07686996 432.00000000
v -26.81842041 -9.64479923 436.89999390
v -27.26128960 -8.31095695 436.89999390
v -27.01593018 -9.07686996 432.00000000
v -26.81842041 -9.64479923 436.89999390
v -27.01593018 -9.07686996 432.00000000
v -26.52989960 -10.41222000 432.00000000
v -25.73826981 -12.23892975 433.89999390
v -26.52989960 -10.41222000 432.00000000
v -25.97792053 -11.72167969 432.00000000
v -25.73826981 -12.23892975 433.89999390
v -25.97792053 -11.72167969 432.00000000
v -25.36134911 -13.00199986 432.00000000
v -26.31034088 -10.95518017 436.89999390
v -26.52989960 -10.41222000 432.00000000
v -25.73826981 -12.23892975 433.89999390
v -26.31034088 -10.95518017 436.89999390
v -26.81842041 -9.64479923 436.89999390
v -26.52989960 -10.41222000 432.00000000
v -25.23003960 -13.25500011 433.89999390
v -25.73826981 -12.23892975 433.89999390
v -25.36134911 -13.00199986 432.00000000
v -24.68173027 -14.25000000 432.00000000
v -25.23003960 -13.25500011 433.89999390
v -25.36134911 -13.00199986 432.00000000
v -25.73826981 -12.23892975 436.89999390
v -26.31034088 -10.95518017 436.89999390
v -25.73826981 -12.23892975 433.89999390
v -24.68173027 -14.25000000 433.89999390
v -24.09419060 -15.22235966 433.89999390
v -24.68173027 -14.25000000 433.89999390
v -24.68173027 -14.25000000 432.00000000
v -24.09419060 -15.22235966 433.89999390
v -24.68173027 -14.25000000 432.00000000
v -23.94074059 -15.46257019 432.00000000
v -23.46836090 -16.17053032 433.89999390
v -24.09419060 -15.22235966 433.89999390
v -23.94074059 -15.46257019 432.00000000
v -23.46836090 -16.17053032 433.89999390
v -23.94074059 -15.46257019 432.00000000
v -23.14023018 -16.63669014 432.00000000
v -22.28219986 -17.76946068 432.00000000
v -23.46836090 -16.17053032 433.89999390
v -23.14023018 -16.63669014 432.00000000
v -22.64263916 -17.30783081 436.89999390
v -23.46836090 -16.17053032 436.89999390
v -23.46836090 -16.17053032 433.89999390
v -22.28219986 -17.76946068 432.00000000
v -21.76185036 -18.40303993 436.89999390
v -22.64263916 -17.30783081 436.89999390
v -22.28219986 -17.76946068 432.00000000
v -21.76185036 -18.40303993 436.89999390
v -22.28219986 -17.76946068 432.00000000
v -21.36877060 -18.85804939 432.00000000
v -20.82814980 -19.45348930 436.89999390
v -21.76185036 -18.40303993 436.89999390
v -21.36877060 -18.85804939 432.00000000
v -20.82814980 -19.45348930 436.89999390
v -21.36877060 -18.85804939 432.00000000
v -20.40221024 -19.89974976 432.00000000
v -19.84379005 -20.45664024 436.89999390
v -20.82814980 -19.45348930 436.89999390
v -20.40221024 -19.89974976 432.00000000
v -19.84379005 -20.45664024 436.89999390
v -20.40221024 -19.89974976 432.00000000
v -19.38492012 -20.89197922 432.00000000
v -18.81118011 -21.41003990 436.89999390
v -19.84379005 -20.45664024 436.89999390
v -19.38492012 -20.89197922 432.00000000
v -18.81118011 -21.41003990 436.89999390
v -19.38492012 -20.89197922 432.00000000
v -18.31945038 -21.83226967 432.00000000
v -17.73280907 -22.31137085 436.89999390
v -18.81118011 -21.41003990 436.89999390
v -18.31945038 -21.83226967 432.00000000
v -17.73280907 -22.31137085 436.89999390
v -18.31945038 -21.83226967 432.00000000
v -17.20842934 -22.71828079 432.00000000
v -16.61133003 -23.15844917 436.89999390
v -17.73280907 -22.31137085 436.89999390
v -17.20842934 -22.71828079 432.00000000
v -16.61133003 -23.15844917 436.89999390
v -17.20842934 -22.71828079 432.00000000
v -16.05462074 -23.54780960 432.00000000
v -15.44944954 -23.94920921 436.89999390
v -16.61133003 -23.15844917 436.89999390
v -16.05462074 -23.54780960 432.00000000
v -15.44944954 -23.94920921 436.89999390
v -16.05462074 -23.54780960 432.00000000
v -14.86089993 -24.31879044 432.00000000
v -14.25000000 -24.68173027 436.89999390
v -15.44944954 -23.94920921 436.89999390
v -14.86089993 -24.31879044 432.00000000
v -14.25000000 -24.68173027 436.89999390
v -14.86089993 -24.31879044 432.00000000
v -13.63024044 -25.02931023 432.00000000
v -13.01589966 -25.35421944 436.89999390
v -14.25000000 -24.68173027 436.89999390
v -13.63024044 -25.02931023 432.00000000
v -13.01589966 -25.35421944 436.89999390
v -13.63024044 -25.02931023 432.00000000
v -12.36569023 -25.67761040 432.00000000
v -11.75014019 -25.96505928 436.89999390
v -13.01589966 -25.35421944 436.89999390
v -12.36569023 -25.67761040 432.00000000
v -11.75014019 -25.96505928 436.89999390
v -12.36569023 -25.67761040 432.00000000
v -11.07038975 -26.26206970 432.00000000
v -10.45580959 -26.51275063 436.89999390
v -11.75014019 -25.96505928 436.89999390
v -11.07038975 -26.26206970 432.00000000
v -10.45580959 -26.51275063 436.89999390
v -11.07038975 -26.26206970 432.00000000
v -9.74757385 -26.78124046 432.00000000
v -9.13605118 -26.99596977 436.89999390
v -10.45580959 -26.51275063 436.89999390
v -9.74757385 -26.78124046 432.00000000
v -9.13605118 -26.99596977 436.89999390
v -9.74757385 -26.78124046 432.00000000
v -8.40052319 -27.23382950 432.00000000
v -7.79407501 -27.41353989 436.89999390
v -9.13605118 -26.99596977 436.89999390
v -8.40052319 -27.23382950 432.00000000
v -7.79407501 -27.41353989 436.89999390
v -8.40052319 -27.23382950 432.00000000
v -7.03258610 -27.61870003 432.00000000
v -6.43314505 -27.76445007 436.89999390
v -7.79407501 -27.41353989 436.89999390
v -7.03258610 -27.61870003 432.00000000
v -6.43314505 -27.76445007 436.89999390
v -7.03258610 -27.61870003 432.00000000
v -5.64716482 -27.93490982 432.00000000
v -5.05657196 -28.04784012 436.89999390
v -5.64716482 -27.93490982 432.00000000
v -4.24770403 -28.18168068 432.00000000
v -5.05657196 -28.04784012 436.89999390
v -6.43314505 -27.76445007 436.89999390
v -5.64716482 -27.93490982 432.00000000
v -2.26991200 -28.40946007 433.89999390
v -4.24770403 -28.18168068 432.00000000
v -2.83768392 -28.35837936 432.00000000
v -2.26991200 -28.40946007 433.89999390
v -2.83768392 -28.35837936 432.00000000
v -1.42060804 -28.46456909 432.00000000
v -3.66770101 -28.26301003 436.89999390
v -5.05657196 -28.04784012 436.89999390
v -4.24770403 -28.18168068 432.00000000
v -3.66770101 -28.26301003 436.89999390
v -4.24770403 -28.18168068 432.00000000
v -2.26991200 -28.40946007 433.89999390
v -1.51416600 -28.45974922 433.89999390
v -0.75735021 -28.48994064 433.89999390
v -1.42060804 -28.46456909 432.00000000
v 0.00000000 -28.50000000 432.00000000
v -0.75735021 -28.48994064 433.89999390
v -1.51416600 -28.45974922 433.89999390
v -1.42060804 -28.46456909 432.00000000
v -2.26991200 -28.40946007 436.89999390
v -3.66770101 -28.26301003 436.89999390
v -2.26991200 -28.40946007 433.89999390
v 0.00000000 -28.50000000 433.89999390
v -0.75735021 -28.48994064 433.89999390
v 0.00000000 -28.50000000 432.00000000
v -24.40316010 12.67815971 432.00000000
v -24.40316010 12.67815971 431.10000610
v -24.98238945 11.49477959 431.10000610
v -24.98238945 11.49477959 432.00000000
v -24.98238945 11.49477959 431.10000610
v -25.50428009 10.28501987 431.10000610
v -24.98238945 11.49477959 432.00000000
v -25.50428009 10.28501987 432.00000000
v -25.50428009 10.28501987 431.10000610
v -25.96763039 9.05164814 431.10000610
v -25.50428009 10.28501987 432.00000000
v -25.96763039 9.05164814 432.00000000
v -25.96763039 9.05164814 431.10000610
v -26.37137032 7.79749918 431.10000610
v -25.96763039 9.05164814 432.00000000
v -26.37137032 7.79749918 432.00000000
v -26.37137032 7.79749918 431.10000610
v -26.71458054 6.52545309 431.10000610
v -26.37137032 7.79749918 432.00000000
v -26.71458054 6.52545309 432.00000000
v -26.71458054 6.52545309 431.10000610
v -26.99645996 5.23842812 431.10000610
v -26.71458054 6.52545309 432.00000000
v -26.99645996 5.23842812 432.00000000
v -26.99645996 5.23842812 431.10000610
v -27.21637917 3.93937802 431.10000610
v -26.99645996 5.23842812 432.00000000
v -27.21637917 3.93937802 432.00000000
v -27.21637917 3.93937802 431.10000610
v -27.37381935 2.63128710 431.10000610
v -27.21637917 3.93937802 432.00000000
v -27.37381935 2.63128710 432.00000000
v -27.37381935 2.63128710 431.10000610
v -27.46843910 1.31715500 431.10000610
v -27.37381935 2.63128710 432.00000000
v -27.46843910 1.31715500 432.00000000
v -27.46843910 1.31715500 431.10000610
v -27.50000000 0.00000000 431.10000610
v -27.46843910 1.31715500 432.00000000
v -27.50000000 0.00000000 432.00000000
v -27.50000000 0.00000000 431.10000610
v -27.46843910 -1.31715500 431.10000610
v -27.50000000 0.00000000 432.00000000
v -27.46843910 -1.31715500 432.00000000
v -27.46843910 -1.31715500 431.10000610
v -27.37381935 -2.63128710 431.10000610
v -27.46843910 -1.31715500 432.00000000
v -27.37381935 -2.63128710 432.00000000
v -27.37381935 -2.63128710 431.10000610
v -27.21637917 -3.93937802 431.10000610
v -27.37381935 -2.63128710 432.00000000
v -27.21637917 -3.93937802 432.00000000
v -27.21637917 -3.93937802 431.10000610
v -26.99645996 -5.23842812 431.10000610
v -27.21637917 -3.93937802 432.00000000
v -26.99645996 -5.23842812 432.00000000
v -26.99645996 -5.23842812 432.00000000
v -26.99645996 -5.23842812 431.10000610
v -26.71458054 -6.52545309 431.10000610
v -26.71458054 -6.52545309 432.00000000
v -26.71458054 -6.52545309 432.00000000
v -26.71458054 -6.52545309 431.10000610
v -26.37137032 -7.79749918 431.10000610
v -26.37137032 -7.79749918 432.00000000
v -26.37137032 -7.79749918 432.00000000
v -26.37137032 -7.79749918 431.10000610
v -25.96763039 -9.05164814 431.10000610
v -25.96763039 -9.05164814 432.00000000
v -25.96763039 -9.05164814 432.00000000
v -25.96763039 -9.05164814 431.10000610
v -25.50428009 -10.28501987 431.10000610
v -25.50428009 -10.28501987 432.00000000
v -25.50428009 -10.28501987 431.10000610
v -24.98238945 -11.49477959 431.10000610
v -25.50428009 -10.28501987 432.00000000
v -24.98238945 -11.49477959 432.00000000
v -24.98238945 -11.49477959 432.00000000
v -24.98238945 -11.49477959 431.10000610
v -24.40316010 -12.67815971 431.10000610
v -24.40316010 -12.67815971 432.00000000
v -2.53642392 27.38278008 432.00000000
v -1.22197294 27.47283936 432.00000000
v -1.22197294 27.47283936 431.10000610
v -2.53642392 27.38278008 431.10000610
v -2.53642392 27.38278008 432.00000000
v -2.53642392 27.38278008 431.10000610
v -3.84505391 27.22986031 431.10000610
v -3.84505391 27.22986031 432.00000000
v -3.84505391 27.22986031 431.10000610
v -5.14485693 27.01445007 431.10000610
v -3.84505391 27.22986031 432.00000000
v -5.14485693 27.01445007 432.00000000
v -5.14485693 27.01445007 431.10000610
v -6.43285084 26.73703003 431.10000610
v -5.14485693 27.01445007 432.00000000
v -6.43285084 26.73703003 432.00000000
v -6.43285084 26.73703003 431.10000610
v -7.70607901 26.39822960 431.10000610
v -6.43285084 26.73703003 432.00000000
v -7.70607901 26.39822960 432.00000000
v -7.70607901 26.39822960 431.10000610
v -8.96161938 25.99884033 431.10000610
v -7.70607901 26.39822960 432.00000000
v -8.96161938 25.99884033 432.00000000
v -8.96161938 25.99884033 431.10000610
v -10.19659042 25.53977013 431.10000610
v -8.96161938 25.99884033 432.00000000
v -10.19659042 25.53977013 432.00000000
v -10.19659042 25.53977013 431.10000610
v -11.40814972 25.02206993 431.10000610
v -10.19659042 25.53977013 432.00000000
v -11.40814972 25.02206993 432.00000000
v -11.40814972 25.02206993 431.10000610
v -12.59352970 24.44693947 431.10000610
v -11.40814972 25.02206993 432.00000000
v -12.59352970 24.44693947 432.00000000
v -12.59352970 24.44693947 431.10000610
v -13.75000000 23.81570053 431.10000610
v -12.59352970 24.44693947 432.00000000
v -13.75000000 23.81570053 432.00000000
v -13.75000000 23.81570053 431.10000610
v -14.87491035 23.12978935 431.10000610
v -13.75000000 23.81570053 432.00000000
v -14.87491035 23.12978935 432.00000000
v -14.87491035 23.12978935 431.10000610
v -15.96566963 22.39077950 431.10000610
v -14.87491035 23.12978935 432.00000000
v -15.96566963 22.39077950 432.00000000
v -15.96566963 22.39077950 431.10000610
v -17.01979065 21.60038948 431.10000610
v -15.96566963 22.39077950 432.00000000
v -17.01979065 21.60038948 432.00000000
v -17.01979065 21.60038948 431.10000610
v -18.03483963 20.76041031 431.10000610
v -17.01979065 21.60038948 432.00000000
v -18.03483963 20.76041031 432.00000000
v -18.03483963 20.76041031 432.00000000
v -18.03483963 20.76041031 431.10000610
v -19.00849915 19.87277031 431.10000610
v -19.00849915 19.87277031 432.00000000
v -19.00849915 19.87277031 432.00000000
v -19.00849915 19.87277031 431.10000610
v -19.93852043 18.93951988 431.10000610
v -19.93852043 18.93951988 432.00000000
v -19.93852043 18.93951988 432.00000000
v -19.93852043 18.93951988 431.10000610
v -20.82276917 17.96279907 431.10000610
v -20.82276917 17.96279907 432.00000000
v -20.82276917 17.96279907 432.00000000
v -20.82276917 17.96279907 431.10000610
v -21.65922928 16.94485092 431.10000610
v -21.65922928 16.94485092 432.00000000
v -21.65922928 16.94485092 431.10000610
v -22.44597054 15.88799953 431.10000610
v -21.65922928 16.94485092 432.00000000
v -22.44597054 15.88799953 432.00000000
v -22.44597054 15.88799953 432.00000000
v -22.44597054 15.88799953 431.10000610
v -23.18119049 14.79467964 431.10000610
v -23.18119049 14.79467964 432.00000000
v -16.54063034 -8.96178532 439.00000000
v -16.65312004 -9.03733635 437.00000000
v -16.54063034 -8.96178532 437.00000000
v -16.65312004 -9.03733635 439.00000000
v -16.43938065 -8.87171841 439.00000000
v -16.54063034 -8.96178532 437.00000000
v -16.43938065 -8.87171841 437.00000000
v -16.54063034 -8.96178532 439.00000000
v -16.35124016 -8.76878929 439.00000000
v -16.43938065 -8.87171841 437.00000000
v -16.35124016 -8.76878929 437.00000000
v -16.43938065 -8.87171841 439.00000000
v -16.27782059 -8.65488815 439.00000000
v -16.35124016 -8.76878929 437.00000000
v -16.27782059 -8.65488815 437.00000000
v -16.35124016 -8.76878929 439.00000000
v -16.22047997 -8.53210735 439.00000000
v -16.27782059 -8.65488815 437.00000000
v -16.22047997 -8.53210735 437.00000000
v -16.27782059 -8.65488815 439.00000000
v -16.18025970 -8.40270138 439.00000000
v -16.22047997 -8.53210735 437.00000000
v -16.18025970 -8.40270138 437.00000000
v -16.22047997 -8.53210735 439.00000000
v -16.15790939 -8.26904583 439.00000000
v -16.18025970 -8.40270138 437.00000000
v -16.15790939 -8.26904583 437.00000000
v -16.18025970 -8.40270138 439.00000000
v -16.15383911 -8.13359642 439.00000000
v -16.15790939 -8.26904583 437.00000000
v -16.15383911 -8.13359642 437.00000000
v -16.15790939 -8.26904583 439.00000000
v -16.16810989 -7.99883795 439.00000000
v -16.15383911 -8.13359642 437.00000000
v -16.16810989 -7.99883795 437.00000000
v -16.15383911 -8.13359642 439.00000000
v -16.20046997 -7.86724806 439.00000000
v -16.16810989 -7.99883795 437.00000000
v -16.20046997 -7.86724806 437.00000000
v -16.16810989 -7.99883795 439.00000000
v -16.25032997 -7.74124098 439.00000000
v -16.20046997 -7.86724806 437.00000000
v -16.25032997 -7.74124098 437.00000000
v -16.20046997 -7.86724806 439.00000000
f 1 2 3
f 1 3 4
f 5 2 1
f 6 7 8
f 6 8 9
f 10 7 6
f 11 12 13
f 14 15 12
f 14 12 11
f 16 17 18
f 19 17 16
f 20 17 19
f 20 21 17
f 21 22 17
f 22 23 17
f 23 24 17
f 17 25 18
f 26 17 27
f 27 17 24
f 28 29 30
f 29 31 30
f 31 32 30
f 32 33 30
f 33 34 30
f 34 35 30
f 35 36 30
f 30 37 38
f 30 38 28
f 25 30 36
f 39 40 41
f 42 41 43
f 42 39 41
f 44 45 46
f 47 48 45
f 47 45 44
f 49 50 51
f 49 52 50
f 53 49 51
f 54 55 56
f 57 55 54
f 58 55 57
f 59 55 58
f 60 55 59
f 61 55 60
f 62 55 61
f 55 63 56
f 64 55 65
f 65 55 62
f 66 67 68
f 69 67 66
f 70 67 69
f 71 67 70
f 67 72 68
f 67 73 72
f 67 74 73
f 67 64 75
f 67 75 74
f 76 67 71
f 77 78 79
f 77 79 80
f 81 77 80
f 81 80 82
f 81 82 83
f 84 78 77
f 84 85 86
f 84 86 78
f 87 81 83
f 87 83 88
f 87 88 89
f 87 89 90
f 91 85 84
f 91 92 93
f 91 93 85
f 94 87 90
f 94 90 95
f 94 95 96
f 97 92 91
f 97 98 99
f 97 99 92
f 100 94 96
f 100 96 101
f 100 101 102
f 103 98 97
f 103 104 105
f 103 105 106
f 103 106 98
f 107 100 102
f 107 102 108
f 107 108 109
f 110 111 112
f 110 112 104
f 110 104 103
f 113 109 114
f 113 114 115
f 113 107 109
f 116 111 110
f 116 117 118
f 116 118 111
f 119 115 120
f 119 120 121
f 119 113 115
f 122 117 116
f 122 123 124
f 122 124 117
f 125 119 121
f 125 121 126
f 125 126 127
f 128 129 130
f 128 130 123
f 128 123 122
f 131 127 132
f 131 132 133
f 131 133 134
f 131 125 127
f 135 136 137
f 135 137 129
f 135 129 128
f 138 134 139
f 138 131 134
f 140 138 139
f 141 136 135
f 141 142 143
f 141 143 136
f 144 138 140
f 145 142 141
f 146 145 141
f 147 144 140
f 148 145 146
f 149 150 144
f 149 144 147
f 151 146 152
f 151 148 146
f 153 150 149
f 154 151 152
f 155 156 150
f 155 150 153
f 157 152 158
f 157 154 152
f 159 156 155
f 160 157 158
f 161 162 156
f 161 156 159
f 163 160 158
f 163 158 164
f 165 162 161
f 166 163 164
f 167 162 165
f 167 168 162
f 169 166 164
f 169 164 170
f 171 168 167
f 172 169 170
f 173 168 171
f 174 172 170
f 174 170 175
f 176 177 168
f 176 168 173
f 178 174 175
f 179 177 176
f 180 178 175
f 181 182 177
f 181 177 179
f 183 180 175
f 183 175 184
f 185 182 181
f 186 183 184
f 187 188 182
f 187 182 185
f 189 186 184
f 189 184 190
f 191 188 187
f 192 189 190
f 193 194 188
f 193 188 191
f 195 192 190
f 195 190 196
f 197 194 193
f 198 195 196
f 199 200 194
f 199 194 197
f 201 198 196
f 201 196 202
f 203 200 199
f 204 201 202
f 205 200 203
f 205 206 200
f 207 204 202
f 207 202 208
f 209 206 205
f 210 207 208
f 211 206 209
f 212 206 211
f 212 210 208
f 212 208 206
f 213 214 215
f 216 217 218
f 214 219 215
f 217 220 218
f 221 222 223
f 222 224 223
f 225 226 227
f 226 228 227
f 229 230 231
f 230 232 231
f 233 234 235
f 234 236 235
f 237 238 239
f 238 240 239
f 241 242 243
f 242 244 243
f 245 246 247
f 246 248 247
f 249 250 251
f 250 252 251
f 253 254 255
f 254 256 255
f 257 258 259
f 258 260 259
f 261 262 263
f 262 264 263
f 265 266 267
f 266 268 267
f 269 270 271
f 270 272 271
f 273 274 275
f 274 276 275
f 277 278 279
f 278 280 279
f 281 282 283
f 284 285 286
f 282 287 283
f 285 288 286
f 289 290 291
f 292 293 294
f 295 290 289
f 296 297 298
f 293 299 294
f 297 300 298
f 301 302 303
f 304 305 306
f 307 302 301
f 308 309 310
f 305 311 306
f 312 313 314
f 309 315 310
f 313 316 314
f 317 318 319
f 320 321 322
f 323 318 317
f 321 324 322
f 325 326 327
f 326 328 327
f 329 330 331
f 331 330 332
f 333 334 335
f 334 336 335
f 337 338 339
f 339 338 340
f 341 342 343
f 342 344 343
f 345 346 347
f 347 346 348
f 349 350 351
f 350 352 351
f 353 354 355
f 354 356 355
f 357 358 359
f 359 358 360
f 361 362 363
f 363 362 364
f 365 366 367
f 367 366 368
f 369 370 371
f 370 372 371
f 373 374 375
f 375 374 376
f 377 378 379
f 379 378 380
f 381 382 383
f 382 384 383
f 385 386 387
f 388 389 390
f 391 392 393
f 391 393 394
f 395 396 397
f 398 385 399
f 398 399 392
f 398 391 400
f 398 392 391
f 401 398 402
f 403 398 401
f 404 405 406
f 407 390 408
f 407 408 409
f 407 409 410
f 407 410 386
f 407 386 385
f 407 385 398
f 407 398 403
f 411 404 406
f 411 406 412
f 411 412 395
f 413 407 414
f 413 414 415
f 416 417 418
f 419 407 413
f 419 413 420
f 419 388 390
f 419 390 407
f 421 422 411
f 421 416 418
f 421 418 422
f 423 397 424
f 423 424 425
f 423 425 426
f 423 426 388
f 423 421 411
f 423 388 419
f 423 419 427
f 423 411 395
f 423 395 397
f 428 429 430
f 430 429 431
f 432 433 434
f 434 433 435
f 436 437 438
f 439 440 441
f 442 443 444
f 445 446 447
f 448 449 450
f 451 452 453
f 454 455 456
f 457 458 459
f 460 461 462
f 463 464 465
f 466 467 468
f 469 470 471
f 472 473 474
f 475 476 477
f 478 479 480
f 481 482 483
f 484 485 486
f 487 488 489
f 490 491 492
f 493 494 495
f 496 497 498
f 499 500 501
f 502 503 504
f 505 506 507
f 508 509 510
f 511 512 513
f 514 515 516
f 517 518 519
f 520 521 522
f 523 524 525
f 526 527 528
f 529 530 531
f 532 533 534
f 535 536 537
f 538 539 540
f 541 542 543
f 544 545 546
f 547 548 549
f 550 551 552
f 553 554 555
f 551 556 552
f 557 558 559
f 560 558 557
f 561 562 563
f 564 565 566
f 567 568 569
f 570 568 567
f 571 572 573
f 574 575 576
f 577 578 579
f 580 581 582
f 583 584 585
f 586 587 588
f 589 590 591
f 592 593 594
f 595 596 597
f 598 599 600
f 601 602 603
f 604 605 606
f 607 608 609
f 610 611 612
f 613 614 615
f 616 617 618
f 619 620 621
f 622 623 624
f 625 626 627
f 628 629 630
f 631 632 633
f 634 635 636
f 637 638 639
f 640 641 642
f 643 644 645
f 646 647 648
f 649 650 651
f 652 653 654
f 655 656 657
f 658 659 660
f 661 662 663
f 664 665 666
f 667 668 669
f 670 671 672
f 673 674 675
f 676 677 678
f 679 680 681
f 674 682 675
f 683 684 685
f 686 687 688
f 689 687 686
f 690 691 692
f 693 694 695
f 696 697 698
f 699 697 696
f 700 701 702
f 703 704 705
f 706 707 708
f 709 710 711
f 712 713 714
f 715 716 717
f 718 719 720
f 721 722 723
f 724 725 726
f 727 728 729
f 730 731 732
f 733 734 735
f 736 737 738
f 739 740 741
f 742 743 744
f 745 746 747
f 748 749 750
f 751 752 753
f 754 755 756
f 757 758 759
f 760 761 762
f 763 764 765
f 766 767 768
f 769 770 771
f 772 773 774
f 775 776 777
f 778 779 780
f 781 782 783
f 784 785 786
f 787 788 789
f 790 791 792
f 793 794 795
f 796 797 798
f 799 800 801
f 802 803 804
f 805 806 807
f 806 808 807
f 809 810 811
f 812 813 814
f 815 816 817
f 816 818 817
f 819 820 821
f 821 820 822
f 823 824 825
f 826 827 828
f 829 830 831
f 832 833 834
f 835 836 837
f 838 839 840
f 841 842 843
f 844 845 846
f 847 848 849
f 850 851 852
f 853 854 855
f 856 857 858
f 859 860 861
f 862 863 864
f 865 866 867
f 868 869 870
f 871 872 873
f 874 875 876
f 877 878 879
f 880 881 882
f 883 884 885
f 886 887 888
f 889 890 891
f 892 893 894
f 895 896 897
f 898 899 900
f 901 902 903
f 904 905 906
f 907 908 909
f 910 911 912
f 913 914 915
f 916 917 918
f 919 920 921
f 922 923 924
f 925 926 927
f 928 929 930
f 931 932 933
f 934 935 936
f 937 938 939
f 940 941 942
f 941 943 942
f 944 945 946
f 945 947 946
f 948 949 950
f 950 949 951
f 952 953 954
f 955 953 952
f 956 957 958
f 959 957 956
f 960 961 962
f 963 961 960
f 964 965 966
f 966 965 967
f 968 969 970
f 970 969 971
f 972 973 974
f 974 973 975
f 976 977 978
f 978 977 979
f 980 981 982
f 982 981 983
f 984 985 986
f 987 988 989
f 990 985 984
f 988 991 989
f 992 993 994
f 995 993 992
f 996 997 998
f 999 997 996
f 1000 1001 1002
f 1003 1001 1000
f 1004 1005 1006
f 1007 1005 1004
f 1008 1009 1010
f 1011 1012 1013
f 1014 1009 1008
f 1012 1015 1013
f 1016 1017 1018
f 1019 1017 1016
f 1020 1021 1022
f 1023 1021 1020
f 1024 1025 1026
f 1027 1028 1029
f 1030 1025 1024
f 1031 1032 1033
f 1028 1034 1029
f 1032 1035 1033
f 1036 1037 1038
f 1039 1037 1036
f 1040 1041 1042
f 1043 1044 1045
f 1046 1041 1040
f 1047 1048 1049
f 1044 1050 1045
f 1048 1051 1049
f 1052 1053 1054
f 1055 1053 1052
f 1056 1057 1058
f 1059 1057 1056
f 1060 1061 1062
f 1063 1061 1060
f 1064 1065 1066
f 1066 1065 1067
f 1068 1069 1070
f 1069 1071 1070
f 1072 1073 1074
f 1074 1073 1075
f 1076 1077 1078
f 1077 1079 1078
f 1080 1081 1082
f 1081 1083 1082
f 1084 1085 1086
f 1086 1085 1087
f 1088 1089 1090
f 1091 1089 1088
f 1092 1093 1094
f 1095 1096 1097
f 1098 1093 1092
f 1099 1100 1101
f 1096 1102 1097
f 1100 1103 1101
f 1104 1105 1106
f 1107 1108 1109
f 1110 1105 1104
f 1108 1111 1109
f 1112 1113 1114
f 1115 1113 1112
f 1116 1117 1118
f 1119 1117 1116
f 1120 1121 1122
f 1123 1121 1120
f 1124 1125 1126
f 1127 1125 1124
f 1128 1129 1130
f 1131 1132 1133
f 1134 1129 1128
f 1132 1135 1133
f 1136 1137 1138
f 1139 1137 1136
f 1140 1141 1142
f 1143 1141 1140
f 1144 1145 1146
f 1147 1145 1144
f 1148 1149 1150
f 1151 1149 1148
f 1152 1153 1154
f 1155 1156 1157
f 1158 1153 1152
f 1156 1159 1157
f 1160 1161 1162
f 1163 1161 1160
f 1164 1165 1166
f 1167 1165 1164
f 1168 1169 1170
f 1170 1169 1171
f 1172 1173 1174
f 1174 1173 1175
f 1176 1177 1178
f 1177 1179 1178
f 1180 1181 1182
f 1182 1181 1183
f 1184 1185 1186
f 1186 1185 1187
f 1188 1189 1190
f 1190 1189 1191
f 1192 1193 1194
f 1193 1195 1194
f 1196 1197 1198
f 1197 1199 1198
f 1200 1201 1202
f 1202 1201 1203
f 1204 1205 1206
f 1205 1207 1206
f 1208 1209 1210
f 1210 1209 1211
f 1212 1213 1214
f 1213 1215 1214
f 1216 1217 1218
f 1218 1217 1219
f 1220 1221 1222
f 1222 1221 1223
f 1224 1225 1226
f 1226 1225 1227
f 1228 1229 1230
f 1231 1229 1228
f 1232 1233 1234
f 1235 1236 1237
f 1238 1233 1232
f 1236 1239 1237
f 1240 1241 1242
f 1243 1244 1245
f 1246 1241 1240
f 1244 1247 1245
f 1248 1249 1250
f 1251 1252 1253
f 1254 1249 1248
f 1255 1256 1257
f 1252 1258 1253
f 1256 1259 1257
f 1260 1261 1262
f 1263 1261 1260
f 1264 1265 1266
f 1267 1268 1269
f 1270 1265 1264
f 1268 1271 1269
f 1272 1273 1274
f 1275 1276 1277
f 1278 1273 1272
f 1276 1279 1277
f 1280 1281 1282
f 1282 1281 1283
f 1284 1285 1286
f 1285 1287 1286
f 1288 1289 1290
f 1289 1291 1290
f 1292 1293 1294
f 1294 1293 1295
f 1296 1297 1298
f 1297 1299 1298
f 1300 1301 1302
f 1302 1301 1303
f 1304 1305 1306
f 1304 1306 1307
f 1308 1307 1309
f 1308 1304 1307
f 1310 1311 1312
f 1310 1312 1305
f 1310 1305 1304
f 1313 1309 1314
f 1313 1314 1315
f 1313 1308 1309
f 1316 1317 1311
f 1316 1311 1310
f 1318 1315 1319
f 1318 1313 1315
f 1320 1321 1322
f 1320 1322 1317
f 1320 1317 1316
f 1323 1319 1324
f 1323 1324 1325
f 1323 1318 1319
f 1326 1327 1321
f 1326 1321 1320
f 1328 1325 1329
f 1328 1323 1325
f 1330 1331 1332
f 1330 1332 1327
f 1330 1327 1326
f 1333 1328 1329
f 1333 1329 1334
f 1333 1334 1335
f 1336 1337 1331
f 1336 1331 1330
f 1338 1333 1335
f 1338 1335 1339
f 1340 1341 1337
f 1340 1337 1336
f 1340 1342 1341
f 1343 1338 1339
f 1343 1339 1344
f 1343 1344 1345
f 1346 1342 1340
f 1346 1347 1342
f 1348 1345 1349
f 1348 1343 1345
f 1350 1347 1346
f 1350 1351 1352
f 1350 1352 1347
f 1353 1349 1354
f 1353 1354 1355
f 1353 1348 1349
f 1356 1351 1350
f 1356 1357 1351
f 1358 1355 1359
f 1358 1353 1355
f 1360 1357 1356
f 1360 1361 1362
f 1360 1362 1357
f 1363 1359 1364
f 1363 1364 1365
f 1363 1358 1359
f 1366 1361 1360
f 1366 1367 1361
f 1368 1365 1369
f 1368 1363 1365
f 1370 1367 1366
f 1370 1371 1367
f 1372 1371 1370
f 1373 1369 1374
f 1373 1368 1369
f 1375 1373 1374
f 1376 1372 1370
f 1377 1372 1376
f 1378 1373 1375
f 1379 1378 1375
f 1380 1376 1381
f 1380 1377 1376
f 1382 1378 1379
f 1382 1383 1378
f 1384 1380 1381
f 1384 1381 1385
f 1386 1383 1382
f 1386 1387 1383
f 1388 1384 1385
f 1389 1387 1386
f 1390 1388 1385
f 1390 1385 1391
f 1392 1387 1389
f 1392 1393 1387
f 1394 1391 1395
f 1394 1390 1391
f 1396 1393 1392
f 1396 1397 1393
f 1398 1394 1395
f 1399 1397 1396
f 1400 1395 1401
f 1400 1398 1395
f 1402 1397 1399
f 1402 1403 1397
f 1404 1401 1405
f 1404 1400 1401
f 1406 1403 1402
f 1406 1407 1403
f 1408 1404 1405
f 1409 1407 1406
f 1410 1405 1411
f 1410 1408 1405
f 1412 1407 1409
f 1412 1413 1407
f 1414 1411 1415
f 1414 1410 1411
f 1416 1413 1412
f 1416 1417 1413
f 1418 1414 1415
f 1419 1417 1416
f 1420 1415 1421
f 1420 1418 1415
f 1422 1417 1419
f 1422 1423 1417
f 1424 1421 1425
f 1424 1420 1421
f 1426 1423 1422
f 1426 1427 1423
f 1428 1424 1425
f 1429 1427 1426
f 1430 1428 1425
f 1430 1425 1431
f 1432 1427 1429
f 1432 1433 1427
f 1434 1431 1435
f 1434 1430 1431
f 1436 1433 1432
f 1436 1437 1433
f 1438 1434 1435
f 1439 1437 1436
f 1440 1438 1435
f 1440 1435 1441
f 1442 1437 1439
f 1442 1443 1437
f 1444 1440 1441
f 1444 1441 1445
f 1446 1443 1442
f 1446 1447 1443
f 1448 1444 1445
f 1449 1447 1446
f 1450 1448 1445
f 1450 1445 1447
f 1450 1447 1449
f 1451 1452 1453
f 1453 1452 1454
f 1455 1456 1457
f 1457 1456 1458
f 1459 1460 1461
f 1461 1460 1462
f 1463 1464 1465
f 1465 1464 1466
f 1467 1468 1469
f 1469 1468 1470
f 1471 1472 1473
f 1472 1474 1473
f 1475 1476 1477
f 1477 1476 1478
f 1479 1480 1481
f 1480 1482 1481
f 1483 1484 1485
f 1485 1484 1486
f 1487 1488 1489
f 1489 1488 1490
f 1491 1492 1493
f 1493 1492 1494
f 1495 1496 1497
f 1497 1496 1498
f 1499 1500 1501
f 1502 1500 1499
f 1503 1504 1505
f 1506 1504 1503
f 1507 1508 1509
f 1510 1508 1507
f 1511 1512 1513
f 1514 1512 1511
f 1515 1516 1517
f 1518 1516 1515
f 1519 1520 1521
f 1522 1520 1519
f 1523 1524 1525
f 1526 1524 1523
f 1527 1528 1529
f 1530 1528 1527
f 1531 1532 1533
f 1533 1532 1534
f 1535 1536 1537
f 1537 1536 1538
f 1539 1540 1541
f 1541 1540 1542
f 1543 1544 1545
f 1545 1544 1546
f 1547 1548 1549
f 1549 1548 1550
f 1551 1552 1553
f 1553 1552 1554
f 1555 1556 1557
f 1557 1556 1558
f 1559 1560 1561
f 1561 1560 1562
f 1563 1564 1565
f 1565 1564 1566
f 1567 1568 1569
f 1569 1568 1570
f 1571 1572 1573
f 1573 1572 1574
f 1575 1576 1577
f 1577 1576 1578
f 1579 1580 1581
f 1581 1580 1582
f 1583 1584 1585
f 1585 1584 1586
f 1587 1588 1589
f 1589 1588 1590
f 1591 1592 1593
f 1593 1592 1594
f 1595 1596 1597
f 1597 1596 1598
f 1599 1600 1601
f 1601 1600 1602
f 1603 1604 1605
f 1605 1604 1606
f 1607 1608 1609
f 1609 1608 1610
f 1611 1612 1613
f 1614 1612 1611
f 1615 1616 1617
f 1618 1616 1615
f 1619 1620 1621
f 1622 1620 1619
f 1623 1624 1625
f 1626 1624 1623
f 1627 1628 1629
f 1630 1628 1627
f 1631 1632 1633
f 1634 1632 1631
f 1635 1636 1637
f 1637 1636 1638
f 1639 1640 1641
f 1642 1640 1639
f 1643 1644 1645
f 1646 1644 1643
f 1647 1648 1649
f 1650 1648 1647
f 1651 1652 1653
f 1654 1652 1651
f 1655 1656 1657
f 1658 1656 1655
f 1659 1660 1661
f 1662 1660 1659
f 1663 1664 1665
f 1666 1664 1663
f 1667 1668 1669
f 1670 1668 1667
f 1671 1672 1673
f 1674 1672 1671
f 1675 1676 1677
f 1678 1676 1675
f 1679 1680 1681
f 1682 1680 1679
f 1683 1684 1685
f 1686 1687 1688
f 1685 1684 1689
f 1690 1691 1692
f 1693 1694 1695
f 1696 1691 1690
f 1697 1691 1696
f 1698 1699 1700
f 1701 1694 1702
f 1703 1704 1705
f 1706 1707 1708
f 1687 1709 1688
f 1694 1710 1695
f 1701 1710 1694
f 1711 1712 1713
f 1714 1715 1716
f 1717 1718 1719
f 1720 1721 1722
f 1723 1721 1720
f 1724 1725 1726
f 1727 1728 1729
f 1729 1728 1683
f 1683 1728 1684
f 1687 1730 1709
f 1731 1732 1733
f 1734 1735 1736
f 1737 1738 1739
f 1740 1741 1742
f 1717 1743 1718
f 1744 1745 1703
f 1703 1745 1704
f 1746 1747 1730
f 1730 1747 1709
f 1723 1748 1721
f 1749 1750 1751
f 1752 1753 1754
f 1755 1756 1757
f 1743 1758 1718
f 1759 1760 1761
f 1748 1762 1721
f 1763 1764 1765
f 1766 1767 1768
f 1744 1769 1745
f 1770 1771 1772
f 1772 1771 1773
f 1774 1775 1740
f 1740 1775 1741
f 1769 1776 1745
f 1777 1778 1779
f 1780 1781 1782
f 1783 1784 1785
f 1786 1787 1788
f 1789 1790 1791
f 1755 1792 1756
f 1793 1792 1755
f 1774 1794 1775
f 1795 1796 1743
f 1743 1796 1758
f 1797 1798 1799
f 1800 1801 1802
f 1803 1794 1804
f 1805 1806 1807
f 1808 1809 1810
f 1770 1811 1771
f 1812 1811 1770
f 1813 1814 1815
f 1794 1816 1775
f 1817 1818 1819
f 1803 1816 1794
f 1820 1821 1822
f 1823 1824 1825
f 1814 1826 1815
f 1827 1828 1829
f 1793 1828 1792
f 1829 1828 1793
f 1830 1828 1827
f 1831 1832 1833
f 1812 1834 1811
f 1835 1836 1837
f 1838 1839 1840
f 1808 1841 1809
f 1842 1841 1808
f 1843 1844 1845
f 1834 1846 1811
f 1847 1848 1849
f 1850 1851 1852
f 1853 1854 1855
f 1856 1857 1858
f 1859 1860 1861
f 1862 1860 1859
f 1814 1863 1826
f 1864 1863 1814
f 1865 1863 1864
f 1842 1866 1841
f 1867 1868 1869
f 1870 1871 1872
f 1873 1874 1875
f 1876 1877 1878
f 1835 1879 1836
f 1880 1879 1835
f 1881 1882 1883
f 1884 1885 1886
f 1887 1888 1866
f 1866 1888 1841
f 1889 1890 1891
f 1892 1893 1894
f 1895 1896 1897
f 1898 1896 1895
f 1899 1900 1901
f 1902 1903 1904
f 1862 1900 1860
f 1880 1905 1879
f 1901 1900 1862
f 1906 1907 1908
f 1909 1910 1911
f 1912 1913 1914
f 1915 1913 1912
f 1916 1917 1918
f 1919 1920 1921
f 1918 1917 1905
f 1905 1917 1879
f 1922 1923 1924
f 1925 1926 1927
f 1928 1929 1930
f 1931 1929 1928
f 1932 1933 1934
f 1935 1936 1937
f 1898 1933 1896
f 1938 1933 1898
f 1915 1939 1913
f 1934 1933 1938
f 1940 1941 1942
f 1943 1944 1945
f 1906 1946 1907
f 1947 1946 1906
f 1948 1949 1950
f 1951 1952 1953
f 1954 1955 1939
f 1939 1955 1913
f 1956 1957 1958
f 1944 1959 1945
f 1960 1957 1956
f 1961 1962 1963
f 1964 1962 1961
f 1965 1966 1967
f 1968 1969 1970
f 1947 1971 1946
f 1931 1972 1929
f 1973 1972 1974
f 1974 1972 1931
f 1940 1975 1941
f 1976 1975 1940
f 1977 1978 1979
f 1980 1981 1982
f 1983 1984 1985
f 1964 1986 1962
f 1971 1987 1946
f 1958 1988 1989
f 1957 1988 1958
f 1944 1990 1959
f 1991 1990 1944
f 1986 1992 1962
f 1993 1994 1995
f 1996 1992 1986
f 1976 1997 1975
f 1998 1999 2000
f 2001 2002 2003
f 2000 1999 2004
f 2005 1997 1976
f 1991 2006 1990
f 1989 2007 2008
f 2006 2009 1990
f 2010 2011 2012
f 2013 2014 2015
f 1988 2007 1989
f 2016 2017 2018
f 2012 2011 2019
f 2020 2021 2022
f 2023 2024 2025
f 2025 2024 2026
f 2027 2028 2029
f 2029 2028 2030
f 2031 2032 2033
f 2034 2035 2036
f 2037 2038 2023
f 2023 2038 2024
f 2039 2040 2041
f 2042 2043 2044
f 2045 2046 2027
f 2027 2046 2028
f 2047 2048 2049
f 2050 2051 2052
f 2053 2054 2034
f 2034 2054 2035
f 2055 2056 2057
f 2058 2059 2060
f 2061 2062 2063
f 2064 2065 2037
f 2037 2065 2038
f 2066 2067 2068
f 2069 2070 2071
f 2072 2073 2074
f 2074 2073 2075
f 2045 2076 2046
f 2077 2078 2079
f 2080 2081 2082
f 2061 2083 2062
f 2084 2076 2045
f 2085 2086 2087
f 2088 2089 2090
f 2050 2091 2051
f 2092 2091 2050
f 2053 2093 2054
f 2094 2095 2096
f 2080 2097 2081
f 2098 2093 2053
f 2099 2100 2101
f 2102 2103 2104
f 2105 2106 2107
f 2108 2109 2110
f 2107 2106 2111
f 2072 2112 2073
f 2113 2114 2115
f 2116 2117 2118
f 2119 2112 2072
f 2120 2112 2119
f 2121 2122 2123
f 2124 2125 2126
f 2109 2127 2110
f 2092 2128 2091
f 2129 2130 2131
f 2132 2133 2134
f 2105 2135 2106
f 2136 2128 2092
f 2137 2138 2139
f 2140 2141 2142
f 2143 2144 2145
f 2099 2146 2100
f 2147 2146 2099
f 2148 2149 2135
f 2150 2151 2152
f 2153 2154 2155
f 2135 2149 2106
f 2156 2157 2158
f 2159 2160 2161
f 2162 2163 2164
f 2165 2166 2124
f 2124 2166 2125
f 2167 2168 2169
f 2170 2171 2172
f 2173 2174 2175
f 2109 2168 2127
f 2169 2168 2109
f 2176 2177 2178
f 2179 2180 2181
f 2163 2182 2164
f 2183 2184 2185
f 2186 2187 2188
f 2147 2189 2146
f 2174 2189 2147
f 2173 2189 2174
f 2177 2190 2178
f 2191 2192 2159
f 2159 2192 2160
f 2193 2194 2195
f 2196 2197 2198
f 2165 2199 2166
f 2187 2199 2165
f 2186 2199 2187
f 2200 2201 2202
f 2203 2204 2205
f 2194 2206 2195
f 2207 2208 2209
f 2210 2211 2212
f 2163 2213 2182
f 2214 2213 2215
f 2215 2213 2163
f 2216 2217 2218
f 2219 2220 2221
f 2222 2223 2177
f 2177 2223 2190
f 2224 2225 2226
f 2227 2228 2229
f 2230 2231 2232
f 2232 2231 2191
f 2191 2231 2192
f 2233 2234 2235
f 2236 2237 2238
f 2200 2239 2201
f 2240 2239 2200
f 2241 2242 2243
f 2244 2245 2246
f 2247 2248 2249
f 2194 2242 2206
f 2243 2242 2194
f 2250 2251 2252
f 2253 2254 2255
f 2256 2257 2219
f 2219 2257 2220
f 2258 2259 2260
f 2261 2262 2263
f 2264 2265 2266
f 2222 2267 2223
f 2268 2267 2222
f 2269 2270 2271
f 2272 2273 2274
f 2236 2275 2237
f 2276 2275 2236
f 2265 2277 2240
f 2278 2279 2280
f 2256 2281 2257
f 2264 2277 2265
f 2240 2277 2239
f 2282 2283 2284
f 2285 2286 2287
f 2288 2289 2250
f 2250 2289 2251
f 2281 2290 2257
f 2291 2290 2292
f 2293 2294 2295
f 2292 2290 2281
f 2296 2297 2298
f 2299 2300 2301
f 2302 2303 2304
f 2304 2303 2305
f 2306 2307 2276
f 2308 2309 2310
f 2311 2312 2313
f 2276 2307 2275
f 2314 2315 2316
f 2317 2318 2319
f 2320 2321 2322
f 2323 2324 2325
f 2325 2324 2326
f 2288 2327 2289
f 2328 2329 2330
f 2331 2332 2333
f 2334 2335 2336
f 2337 2327 2288
f 2338 2339 2340
f 2341 2342 2343
f 2344 2345 2346
f 2346 2345 2347
f 2348 2349 2302
f 2350 2351 2352
f 2353 2354 2355
f 2356 2357 2358
f 2302 2349 2303
f 2323 2359 2324
f 2360 2361 2362
f 2363 2364 2365
f 2366 2367 2368
f 2369 2370 2371
f 2368 2367 2372
f 2359 2373 2324
f 2374 2375 2376
f 2377 2378 2379
f 2380 2373 2359
f 2364 2381 2365
f 2382 2383 2384
f 2370 2385 2371
f 2344 2386 2345
f 2387 2388 2389
f 2366 2390 2367
f 2391 2386 2344
f 2392 2386 2391
f 2393 2394 2395
f 2360 2396 2361
f 2397 2396 2360
f 2398 2399 2390
f 2400 2399 2398
f 2401 2402 2403
f 2370 2404 2385
f 2390 2399 2367
f 2405 2406 2407
f 2408 2409 2410
f 2411 2412 2364
f 2364 2412 2381
f 2404 2413 2385
f 2414 2413 2404
f 2415 2416 2417
f 2418 2419 2420
f 2421 2422 2423
f 2424 2425 2426
f 2393 2427 2394
f 2428 2427 2393
f 2429 2430 2431
f 2397 2432 2396
f 2433 2432 2434
f 2435 2436 2437
f 2434 2432 2397
f 2438 2439 2440
f 2441 2442 2443
f 2424 2444 2425
f 2405 2445 2406
f 2446 2445 2405
f 2447 2448 2449
f 2450 2451 2452
f 2411 2453 2412
f 2454 2453 2411
f 2428 2455 2427
f 2456 2457 2458
f 2459 2460 2461
f 2462 2463 2464
f 2444 2465 2425
f 2466 2467 2468
f 2469 2470 2471
f 2472 2473 2455
f 2455 2473 2427
f 2474 2475 2476
f 2477 2478 2479
f 2480 2481 2482
f 2483 2481 2480
f 2462 2484 2463
f 2446 2485 2445
f 2469 2485 2470
f 2486 2487 2488
f 2470 2485 2446
f 2489 2490 2491
f 2492 2493 2494
f 2484 2495 2463
f 2496 2497 2498
f 2499 2500 2501
f 2502 2503 2504
f 2505 2506 2444
f 2444 2506 2465
f 2507 2506 2505
f 2508 2509 2510
f 2511 2512 2513
f 2497 2514 2498
f 2515 2516 2517
f 2518 2519 2520
f 2521 2522 2523
f 2483 2516 2481
f 2517 2516 2483
f 2524 2525 2526
f 2527 2528 2529
f 2530 2531 2532
f 2532 2531 2533
f 2534 2535 2536
f 2537 2538 2484
f 2539 2540 2541
f 2542 2543 2544
f 2545 2546 2547
f 2497 2548 2514
f 2484 2538 2495
f 2549 2550 2551
f 2552 2553 2554
f 2555 2556 2557
f 2535 2558 2536
f 2548 2559 2514
f 2560 2561 2562
f 2563 2564 2565
f 2566 2559 2548
f 2567 2568 2569
f 2570 2571 2572
f 2556 2573 2557
f 2535 2574 2558
f 2575 2576 2577
f 2578 2579 2580
f 2580 2579 2530
f 2530 2579 2531
f 2581 2582 2583
f 2584 2585 2586
f 2567 2587 2568
f 2588 2589 2590
f 2590 2589 2591
f 2574 2592 2558
f 2593 2592 2574
f 2594 2592 2593
f 2595 2596 2597
f 2598 2599 2600
f 2601 2602 2603
f 2587 2604 2568
f 2556 2605 2573
f 2606 2605 2607
f 2608 2609 2610
f 2611 2612 2613
f 2607 2605 2556
f 2614 2615 2616
f 2617 2618 2619
f 2620 2618 2617
f 2621 2622 2623
f 2588 2622 2589
f 2623 2622 2588
f 2624 2625 2626
f 2627 2628 2629
f 2630 2631 2632
f 2633 2634 2635
f 2598 2636 2599
f 2637 2636 2598
f 2587 2638 2604
f 2639 2640 2641
f 2642 2643 2644
f 2645 2646 2647
f 2648 2638 2587
f 2649 2650 2651
f 2652 2650 2649
f 2633 2653 2634
f 2654 2655 2614
f 2614 2655 2615
f 2620 2656 2618
f 2657 2658 2659
f 2660 2661 2662
f 2663 2656 2664
f 2664 2656 2620
f 2665 2666 2667
f 2668 2669 2670
f 2653 2671 2634
f 2672 2673 2674
f 2674 2673 2637
f 2654 2675 2655
f 2637 2673 2636
f 2676 2677 2678
f 2679 2680 2681
f 2682 2683 2684
f 2652 2685 2650
f 2686 2685 2652
f 2687 2688 2675
f 2689 2688 2687
f 2690 2691 2692
f 2675 2688 2655
f 2693 2694 2695
f 2696 2697 2698
f 2665 2699 2666
f 2700 1690 2701
f 2702 2699 2665
f 2703 2704 2653
f 2653 2704 2671
f 2705 2706 2707
f 2708 2709 2710
f 2711 2704 2703
f 2712 2713 2714
f 2715 2716 2717
f 1690 1692 2701
f 2718 2719 2720
f 2721 2722 2686
f 2723 2724 2725
f 2726 2727 2728
f 2686 2722 2685
f 2729 2730 2731
f 2732 2733 2734
f 2735 1695 2736
f 1693 1695 2735
f 2702 2737 2699
f 2738 2737 2702
f 2739 2737 2738
f 2740 2741 2742
f 2743 2744 2745
f 2746 2747 2748
f 1720 1722 2749
f 2750 2751 2752
f 2752 2751 2753
f 2754 2755 2756
f 2757 2755 2754
f 2758 2759 2760
f 2761 2759 2758
f 2762 2763 2764
f 2765 2763 2762
f 2766 2767 2768
f 2769 2767 2766
f 2770 2771 2772
f 2773 2771 2770
f 2774 2775 2776
f 2777 2775 2774
f 2778 2779 2780
f 2781 2782 2783
f 2784 2779 2778
f 2782 2785 2783
f 2786 2787 2788
f 2789 2787 2786
f 2790 2791 2792
f 2793 2791 2790
f 2794 2795 2796
f 2797 2795 2794
f 2798 2799 2800
f 2801 2799 2798
f 2802 2803 2804
f 2805 2803 2802
f 2806 2807 2808
f 2809 2807 2806
f 2810 2811 2812
f 2813 2811 2810
f 2814 2815 2816
f 2816 2815 2817
f 2818 2819 2820
f 2820 2819 2821
f 2822 2823 2824
f 2824 2823 2825
f 2826 2827 2828
f 2828 2827 2829
f 2830 2831 2832
f 2832 2831 2833
f 2834 2835 2836
f 2836 2835 2837
f 2838 2839 2840
f 2840 2839 2841
f 2842 2843 2844
f 2844 2843 2845
f 2846 2847 2848
f 2848 2847 2849
f 2850 2851 2852
f 2852 2851 2853
f 2854 2855 2856
f 2857 2855 2854
f 2858 2859 2860
f 2861 2859 2858
f 2862 2863 2864
f 2865 2863 2862
f 2866 2867 2868
f 2869 2867 2866
f 2870 2871 2872
f 2873 2871 2870
f 2874 2875 2876
f 2877 2875 2874
f 2878 2879 2880
f 2881 2879 2878
f 2882 2883 2884
f 2885 2883 2882
f 2886 2887 2888
f 2889 2887 2886
f 2890 2891 2892
f 2893 2891 2890
f 2894 2895 2896
f 2897 2895 2894
f 2898 2899 2900
f 2901 2899 2898
f 2902 2903 2904
f 2905 2903 2902
f 2906 2907 2908
f 2909 2910 2911
f 2912 2907 2906
f 2910 2913 2911
f 2914 2915 2916
f 2916 2915 2917
f 2918 2919 2920
f 2919 2921 2920
f 2922 2923 2924
f 2923 2925 2924
f 2926 2927 2928
f 2928 2927 2929
f 2930 2931 2932
f 2931 2933 2932
f 2934 2935 2936
f 2936 2935 2937
f 2938 2939 2940
f 2939 2941 2940
f 2942 2943 2944
f 2943 2945 2944
f 2946 2947 2948
f 2948 2947 2949
f 2950 2951 2952
f 2951 2953 2952
f 2954 2955 2956
f 2956 2955 2957
f 2958 2959 2960
f 2959 2961 2960
f 2962 2963 2964
f 2964 2963 2965
f 2966 2967 2968
f 2968 2967 2969
f 2970 2971 2972
f 2972 2971 2973
f 2974 2975 2976
f 2976 2975 2977
f 2978 2979 2980
f 2980 2979 2981
f 2982 2983 2984
f 2984 2983 2985
f 2986 2987 2988
f 2988 2987 2989
f 2990 2991 2992
f 2991 2993 2992
f 2994 2995 2996
f 2997 2998 2999
f 3000 2995 2994
f 2998 3001 2999
f 3002 3003 3004
f 3005 3006 3007
f 3008 3003 3002
f 3006 3009 3007
f 3010 3011 3012
f 3013 3014 3015
f 3016 3011 3010
f 3014 3017 3015
f 3018 3019 3020
f 3019 3021 3020
f 3022 3023 3024
f 3024 3023 3025
f 3026 3027 3028
f 3028 3027 3029
f 3030 3031 3032
f 3032 3031 3033
f 3034 3035 3036
f 3036 3035 3037
f 3038 3039 3040
f 3039 3041 3040
f 3042 3043 3044
f 3044 3043 3045
f 3046 3047 3048
f 3048 3047 3049
f 3050 3051 3052
f 3052 3051 3053
f 3054 3055 3056
f 3056 3055 3057
f 3058 3059 3060
f 3059 3061 3060
f 3062 3063 3064
f 3064 3063 3065
f 3066 3067 3068
f 3068 3067 3069
f 3070 3071 3072
f 3071 3073 3072
f 3074 3075 3076
f 3075 3077 3076
f 3078 3079 3080
f 3080 3079 3081
f 3082 3083 3084
f 3084 3083 3085
f 3086 3087 3088
f 3089 3087 3086
f 3090 3091 3092
f 3093 3094 3095
f 3096 3091 3090
f 3097 3098 3099
f 3094 3100 3095
f 3101 3102 3103
f 3098 3104 3099
f 3102 3105 3103
f 3106 3107 3108
f 3109 3107 3106
f 3110 3111 3112
f 3113 3111 3110
f 3114 3115 3116
f 3117 3115 3114
f 3118 3119 3120
f 3120 3119 3121
f 3122 3123 3124
f 3124 3123 3125
f 3126 3127 3128
f 3128 3127 3129
f 3130 3131 3132
f 3133 3131 3130
f 3134 3135 3136
f 3137 3138 3139
f 3140 3135 3134
f 3138 3141 3139
f 3142 3143 3144
f 3145 3143 3142
f 3146 3147 3148
f 3149 3147 3146
f 3150 3151 3152
f 3153 3154 3155
f 3156 3151 3150
f 3154 3157 3155
f 3158 3159 3160
f 3161 3159 3158
f 3162 3163 3164
f 3165 3163 3162
f 3166 3167 3168
f 3169 3167 3166
f 3170 3171 3172
f 3173 3171 3170
f 3174 3175 3176
f 3177 3175 3174
f 3178 3179 3180
f 3181 3179 3178
f 3182 3183 3184
f 3185 3183 3182
f 3186 3187 3188
f 3189 3187 3186
f 3190 3191 3192
f 3193 3191 3190
f 3194 3195 3196
f 3197 3195 3194
f 3198 3199 3200
f 3201 3199 3198
f 3202 3203 3204
f 3205 3203 3202
f 3206 3207 3208
f 3209 3207 3206
f 3210 3211 3212
f 3213 3212 3211
f 3214 3212 3215
f 3214 3210 3212
f 3216 3212 3213
f 3217 3214 3215
f 3218 3212 3216
f 3219 3217 3215
f 3220 3212 3218
f 3221 3219 3215
f 3222 3212 3220
f 3223 3221 3215
f 3224 3225 3212
f 3224 3212 3222
f 3226 3223 3215
f 3227 3225 3224
f 3228 3226 3215
f 3229 3225 3227
f 3230 3228 3215
f 3231 3225 3229
f 3232 3215 3233
f 3232 3230 3215
f 3234 3225 3231
f 3235 3232 3233
f 3236 3225 3234
f 3237 3235 3233
f 3238 3225 3236
f 3239 3237 3233
f 3240 3225 3238
f 3241 3239 3233
f 3242 3243 3225
f 3242 3225 3240
f 3244 3241 3233
f 3245 3243 3242
f 3246 3244 3233
f 3247 3243 3245
f 3248 3246 3233
f 3249 3243 3247
f 3250 3248 3233
f 3251 3243 3249
f 3252 3233 3253
f 3252 3250 3233
f 3254 3243 3251
f 3255 3252 3253
f 3256 3243 3254
f 3257 3255 3253
f 3258 3243 3256
f 3259 3257 3253
f 3260 3261 3243
f 3260 3243 3258
f 3262 3259 3253
f 3263 3261 3260
f 3264 3262 3253
f 3265 3261 3263
f 3266 3253 3267
f 3266 3264 3253
f 3268 3261 3265
f 3269 3266 3267
f 3270 3261 3268
f 3271 3269 3267
f 3272 3261 3270
f 3273 3271 3267
f 3274 3275 3261
f 3274 3261 3272
f 3276 3273 3267
f 3277 3275 3274
f 3278 3267 3279
f 3278 3276 3267
f 3280 3275 3277
f 3281 3278 3279
f 3282 3275 3280
f 3283 3281 3279
f 3284 3285 3275
f 3284 3275 3282
f 3286 3283 3279
f 3287 3285 3284
f 3288 3279 3289
f 3288 3286 3279
f 3290 3285 3287
f 3291 3288 3289
f 3292 3285 3290
f 3293 3291 3289
f 3294 3295 3285
f 3294 3285 3292
f 3296 3289 3297
f 3296 3293 3289
f 3298 3295 3294
f 3299 3296 3297
f 3300 3301 3295
f 3300 3295 3298
f 3302 3299 3297
f 3303 3301 3300
f 3304 3305 3306
f 3307 3304 3306
f 3307 3308 3309
f 3307 3306 3308
f 3310 3311 3305
f 3310 3305 3304
f 3312 3307 3309
f 3312 3309 3313
f 3314 3311 3310
f 3314 3315 3311
f 3314 3316 3315
f 3317 3312 3313
f 3317 3313 3318
f 3319 3316 3314
f 3319 3320 3316
f 3321 3317 3318
f 3321 3322 3323
f 3321 3318 3322
f 3324 3320 3319
f 3324 3325 3320
f 3326 3321 3323
f 3326 3323 3327
f 3328 3325 3324
f 3328 3329 3325
f 3328 3330 3329
f 3331 3326 3327
f 3331 3327 3332
f 3333 3330 3328
f 3333 3334 3330
f 3335 3331 3332
f 3335 3336 3337
f 3335 3332 3336
f 3338 3334 3333
f 3338 3339 3334
f 3340 3335 3337
f 3340 3337 3341
f 3342 3343 3339
f 3342 3344 3343
f 3342 3339 3338
f 3345 3346 3347
f 3345 3341 3346
f 3345 3340 3341
f 3348 3344 3342
f 3348 3349 3344
f 3350 3345 3347
f 3350 3347 3351
f 3352 3349 3348
f 3352 3353 3354
f 3352 3354 3349
f 3355 3356 3357
f 3355 3351 3356
f 3355 3350 3351
f 3358 3353 3352
f 3358 3359 3353
f 3360 3355 3357
f 3360 3357 3361
f 3362 3301 3303
f 3362 3359 3358
f 3362 3363 3359
f 3362 3303 3363
f 3364 3302 3297
f 3364 3365 3302
f 3364 3361 3365
f 3364 3360 3361
f 3366 3367 3301
f 3366 3301 3362
f 3368 3297 3369
f 3368 3364 3297
f 3370 3367 3366
f 3371 3369 3372
f 3371 3368 3369
f 3373 3374 3367
f 3373 3367 3370
f 3375 3371 3372
f 3375 3372 3376
f 3377 3378 3374
f 3377 3374 3373
f 3379 3376 3380
f 3379 3375 3376
f 3381 3378 3377
f 3381 3382 3383
f 3381 3383 3378
f 3384 3380 3385
f 3384 3379 3380
f 3386 3382 3381
f 3386 3387 3382
f 3388 3384 3385
f 3388 3385 3389
f 3390 3387 3386
f 3390 3391 3387
f 3392 3388 3389
f 3392 3389 3393
f 3392 3393 3394
f 3395 3396 3397
f 3395 3397 3391
f 3395 3391 3390
f 3398 3394 3399
f 3398 3392 3394
f 3400 3401 3402
f 3403 3404 3405
f 3406 3407 3402
f 3406 3402 3401
f 3408 3405 3404
f 3408 3409 3405
f 3410 3400 3402
f 3411 3403 3405
f 3412 3407 3406
f 3413 3409 3408
f 3414 3410 3402
f 3415 3411 3405
f 3416 3407 3412
f 3417 3409 3413
f 3418 3402 3419
f 3418 3414 3402
f 3420 3415 3405
f 3420 3405 3421
f 3422 3407 3416
f 3423 3409 3417
f 3424 3418 3419
f 3425 3420 3421
f 3426 3427 3407
f 3426 3407 3422
f 3428 3409 3423
f 3429 3424 3419
f 3430 3425 3421
f 3431 3427 3426
f 3432 3409 3428
f 3433 3429 3419
f 3434 3430 3421
f 3434 3421 3435
f 3436 3427 3431
f 3437 3409 3432
f 3437 3438 3409
f 3439 3433 3419
f 3440 3434 3435
f 3441 3442 3427
f 3441 3427 3436
f 3443 3438 3437
f 3444 3439 3419
f 3445 3440 3435
f 3446 3442 3441
f 3447 3438 3443
f 3448 3419 3449
f 3448 3444 3419
f 3450 3445 3435
f 3450 3435 3451
f 3452 3442 3446
f 3453 3438 3447
f 3454 3448 3449
f 3455 3450 3451
f 3456 3438 3453
f 3457 3454 3449
f 3458 3438 3456
f 3459 3457 3449
f 3460 3438 3458
f 3461 3459 3449
f 3462 3438 3460
f 3463 3461 3449
f 3464 3438 3462
f 3465 3464 3462
f 3466 3463 3449
f 3467 3464 3465
f 3468 3466 3449
f 3469 3464 3467
f 3470 3468 3449
f 3471 3464 3469
f 3472 3473 3474
f 3472 3474 3475
f 3476 3477 3478
f 3479 3480 3477
f 3479 3477 3476
f 3481 3470 3449
f 3482 3474 3473
f 3482 3451 3474
f 3483 3472 3475
f 3483 3475 3484
f 3485 3478 3442
f 3485 3476 3478
f 3486 3487 3480
f 3486 3480 3479
f 3488 3464 3471
f 3489 3490 3455
f 3489 3451 3482
f 3489 3455 3451
f 3491 3484 3492
f 3491 3483 3484
f 3491 3492 3493
f 3494 3495 3487
f 3494 3487 3486
f 3496 3485 3442
f 3496 3442 3452
f 3496 3497 3498
f 3496 3452 3497
f 3499 3500 3490
f 3499 3501 3500
f 3499 3490 3489
f 3502 3491 3493
f 3502 3493 3503
f 3504 3498 3505
f 3504 3496 3498
f 3506 3507 3495
f 3506 3495 3494
f 3508 3501 3499
f 3508 3509 3501
f 3510 3502 3503
f 3510 3503 3511
f 3512 3513 3514
f 3512 3514 3507
f 3512 3507 3506
f 3515 3504 3505
f 3515 3516 3517
f 3515 3505 3516
f 3518 3464 3488
f 3519 3520 3509
f 3519 3521 3520
f 3519 3509 3508
f 3522 3395 3523
f 3522 3396 3395
f 3522 3510 3511
f 3522 3511 3396
f 3524 3399 3513
f 3524 3513 3512
f 3524 3525 3398
f 3524 3398 3399
f 3526 3515 3517
f 3526 3517 3527
f 3528 3529 3481
f 3528 3530 3529
f 3528 3481 3449
f 3531 3464 3518
f 3532 3521 3519
f 3532 3533 3521
f 3534 3523 3535
f 3534 3522 3523
f 3536 3525 3524
f 3537 3526 3527
f 3537 3538 3539
f 3537 3527 3538
f 3540 3541 3533
f 3540 3542 3541
f 3540 3533 3532
f 3543 3534 3535
f 3544 3525 3536
f 3544 3545 3546
f 3544 3546 3525
f 3547 3537 3539
f 3547 3539 3548
f 3549 3530 3528
f 3550 3464 3531
f 3551 3542 3540
f 3551 3552 3542
f 3553 3535 3554
f 3553 3543 3535
f 3555 3545 3544
f 3556 3547 3548
f 3556 3557 3558
f 3556 3548 3557
f 3559 3549 3528
f 3560 3464 3550
f 3561 3562 3552
f 3561 3552 3551
f 3563 3553 3554
f 3563 3554 3564
f 3563 3564 3565
f 3566 3545 3555
f 3566 3567 3568
f 3566 3568 3545
f 3569 3556 3558
f 3569 3558 3570
f 3571 3559 3528
f 3572 3573 3562
f 3572 3574 3573
f 3572 3562 3561
f 3575 3563 3565
f 3576 3567 3566
f 3577 3570 3578
f 3577 3569 3570
f 3579 3571 3528
f 3580 3581 3574
f 3580 3574 3572
f 3582 3565 3583
f 3582 3583 3584
f 3582 3575 3565
f 3585 3567 3576
f 3585 3586 3567
f 3587 3588 3589
f 3587 3578 3588
f 3587 3577 3578
f 3590 3579 3528
f 3591 3464 3560
f 3591 3592 3593
f 3591 3594 3592
f 3591 3560 3594
f 3595 3596 3581
f 3595 3581 3580
f 3597 3582 3584
f 3598 3599 3586
f 3598 3586 3585
f 3600 3587 3589
f 3600 3589 3601
f 3602 3590 3528
f 3603 3591 3593
f 3604 3605 3596
f 3604 3596 3595
f 3606 3597 3584
f 3606 3584 3607
f 3606 3607 3608
f 3609 3599 3598
f 3609 3610 3599
f 3611 3600 3601
f 3611 3601 3612
f 3613 3605 3604
f 3614 3591 3603
f 3615 3613 3604
f 3616 3606 3608
f 3617 3610 3609
f 3617 3618 3610
f 3619 3611 3612
f 3619 3612 3620
f 3621 3613 3615
f 3622 3619 3620
f 3623 3591 3614
f 3624 3621 3615
f 3625 3616 3608
f 3625 3608 3618
f 3626 3619 3622
f 3627 3621 3624
f 3628 3626 3622
f 3629 3591 3623
f 3630 3627 3624
f 3631 3626 3628
f 3632 3627 3630
f 3633 3631 3628
f 3634 3632 3630
f 3635 3631 3633
f 3636 3637 3602
f 3636 3638 3637
f 3636 3639 3638
f 3636 3640 3639
f 3636 3602 3528
f 3641 3640 3636
f 3642 3632 3634
f 3643 3635 3633
f 3644 3641 3636
f 3645 3634 3646
f 3645 3642 3634
f 3647 3648 3635
f 3647 3635 3643
f 3649 3644 3636
f 3650 3646 3651
f 3650 3645 3646
f 3652 3648 3647
f 3652 3653 3648
f 3654 3649 3636
f 3655 3651 3656
f 3655 3650 3651
f 3657 3653 3652
f 3657 3658 3653
f 3659 3655 3656
f 3660 3658 3657
f 3661 3591 3629
f 3661 3662 3663
f 3661 3664 3662
f 3661 3665 3664
f 3661 3666 3665
f 3661 3667 3666
f 3661 3629 3667
f 3668 3659 3656
f 3668 3656 3669
f 3670 3658 3660
f 3670 3671 3658
f 3672 3661 3663
f 3673 3669 3674
f 3673 3668 3669
f 3675 3671 3670
f 3675 3676 3671
f 3677 3661 3672
f 3678 3673 3674
f 3679 3676 3675
f 3679 3680 3676
f 3681 3661 3677
f 3682 3674 3683
f 3682 3678 3674
f 3684 3680 3679
f 3685 3683 3686
f 3685 3682 3683
f 3687 3680 3684
f 3687 3688 3680
f 3689 3685 3686
f 3690 3688 3687
f 3690 3691 3688
f 3692 3693 3654
f 3692 3694 3693
f 3692 3695 3694
f 3692 3696 3695
f 3692 3697 3696
f 3692 3698 3697
f 3692 3699 3698
f 3692 3654 3636
f 3700 3699 3692
f 3701 3686 3702
f 3701 3689 3686
f 3703 3691 3690
f 3704 3702 3705
f 3704 3701 3702
f 3706 3691 3703
f 3706 3707 3691
f 3708 3704 3705
f 3709 3707 3706
f 3709 3710 3707
f 3711 3705 3712
f 3711 3708 3705
f 3713 3710 3709
f 3714 3711 3712
f 3715 3710 3713
f 3716 3661 3681
f 3716 3717 3718
f 3716 3719 3717
f 3716 3720 3719
f 3716 3681 3720
f 3716 3721 3722
f 3716 3723 3721
f 3716 3724 3723
f 3716 3718 3724
f 3725 3726 3700
f 3725 3727 3726
f 3725 3728 3727
f 3725 3729 3728
f 3725 3730 3729
f 3725 3731 3730
f 3725 3732 3731
f 3725 3733 3732
f 3725 3700 3692
f 3734 3716 3722
f 3734 3735 3736
f 3734 3737 3735
f 3734 3738 3737
f 3734 3739 3738
f 3734 3740 3739
f 3734 3741 3740
f 3734 3722 3741
f 3742 3733 3725
f 3742 3743 3733
f 3742 3744 3743
f 3742 3745 3744
f 3742 3746 3745
f 3742 3747 3746
f 3742 3748 3747
f 3749 3734 3736
f 3749 3750 3751
f 3749 3752 3750
f 3749 3753 3752
f 3749 3754 3753
f 3749 3736 3754
f 3755 3748 3742
f 3755 3756 3748
f 3755 3757 3756
f 3755 3758 3757
f 3755 3759 3758
f 3760 3749 3751
f 3760 3761 3762
f 3760 3763 3761
f 3760 3764 3763
f 3760 3751 3764
f 3765 3766 3759
f 3765 3767 3766
f 3765 3768 3767
f 3765 3769 3768
f 3765 3759 3755
f 3770 3760 3762
f 3770 3771 3772
f 3770 3773 3771
f 3770 3762 3773
f 3774 3775 3769
f 3774 3776 3775
f 3774 3769 3765
f 3777 3712 3778
f 3777 3770 3772
f 3777 3714 3712
f 3777 3779 3714
f 3777 3772 3779
f 3780 3776 3774
f 3780 3715 3776
f 3780 3710 3715
f 3780 3781 3710
f 3782 3778 3783
f 3782 3777 3778
f 3784 3781 3780
f 3784 3785 3786
f 3784 3786 3781
f 3787 3782 3783
f 3787 3783 3788
f 3789 3785 3784
f 3789 3790 3785
f 3791 3788 3792
f 3791 3787 3788
f 3793 3790 3789
f 3793 3794 3790
f 3795 3792 3796
f 3795 3791 3792
f 3797 3794 3793
f 3798 3796 3799
f 3798 3795 3796
f 3800 3794 3797
f 3800 3801 3794
f 3802 3799 3803
f 3802 3798 3799
f 3804 3801 3800
f 3804 3805 3801
f 3806 3617 3807
f 3808 3617 3806
f 3808 3809 3625
f 3808 3618 3617
f 3808 3625 3618
f 3810 3809 3808
f 3811 3806 3807
f 3811 3807 3812
f 3813 3814 3815
f 3813 3815 3809
f 3813 3809 3810
f 3816 3812 3817
f 3816 3811 3812
f 3818 3814 3813
f 3819 3817 3820
f 3819 3816 3817
f 3821 3822 3814
f 3821 3814 3818
f 3823 3819 3820
f 3823 3820 3824
f 3825 3826 3822
f 3825 3822 3821
f 3827 3823 3824
f 3827 3824 3828
f 3829 3830 3826
f 3829 3826 3825
f 3831 3828 3832
f 3831 3827 3828
f 3833 3802 3803
f 3834 3835 3830
f 3834 3830 3829
f 3836 3832 3837
f 3836 3831 3832
f 3836 3837 3838
f 3839 3840 3835
f 3839 3835 3834
f 3841 3836 3838
f 3842 3843 3840
f 3842 3840 3839
f 3844 3841 3838
f 3844 3838 3845
f 3846 3805 3804
f 3846 3845 3805
f 3847 3803 3843
f 3847 3833 3803
f 3848 3845 3846
f 3849 3843 3842
f 3849 3847 3843
f 3850 3845 3848
f 3850 3844 3845
f 3851 3849 3842
f 3851 3842 3852
f 3853 3854 3844
f 3853 3844 3850
f 3855 3851 3852
f 3856 3857 3854
f 3856 3854 3853
f 3858 3855 3852
f 3858 3852 3859
f 3860 3861 3862
f 3863 3862 3864
f 3863 3860 3862
f 3865 3861 3860
f 3865 3866 3861
f 3867 3863 3864
f 3868 3866 3865
f 3868 3869 3866
f 3870 3864 3871
f 3870 3867 3864
f 3872 3869 3868
f 3873 3871 3874
f 3873 3870 3871
f 3875 3876 3869
f 3875 3869 3872
f 3877 3873 3874
f 3877 3874 3878
f 3879 3880 3876
f 3879 3876 3875
f 3881 3877 3878
f 3882 3883 3880
f 3882 3880 3879
f 3884 3881 3878
f 3884 3878 3885
f 3886 3883 3882
f 3887 3884 3885
f 3887 3885 3888
f 3889 3890 3883
f 3889 3883 3886
f 3891 3887 3888
f 3891 3888 3892
f 3893 3894 3890
f 3893 3890 3889
f 3895 3896 3857
f 3895 3857 3856
f 3897 3891 3892
f 3898 3894 3893
f 3899 3897 3892
f 3899 3892 3900
f 3901 3894 3898
f 3901 3902 3894
f 3903 3900 3904
f 3903 3899 3900
f 3905 3902 3901
f 3905 3906 3902
f 3907 3903 3904
f 3908 3906 3905
f 3909 3907 3904
f 3909 3904 3910
f 3911 3906 3908
f 3911 3912 3906
f 3913 3858 3859
f 3913 3859 3914
f 3915 3909 3910
f 3915 3910 3916
f 3917 3912 3911
f 3917 3918 3912
f 3919 3915 3916
f 3920 3918 3917
f 3921 3919 3916
f 3921 3916 3922
f 3923 3918 3920
f 3923 3924 3918
f 3925 3921 3922
f 3926 3896 3895
f 3927 3924 3923
f 3928 3913 3914
f 3928 3914 3929
f 3930 3896 3926
f 3930 3931 3896
f 3932 3928 3929
f 3932 3929 3933
f 3934 3931 3930
f 3934 3935 3931
f 3936 3933 3937
f 3936 3932 3933
f 3938 3939 3940
f 3938 3940 3935
f 3938 3935 3934
f 3941 3936 3937
f 3941 3937 3942
f 3943 3939 3938
f 3943 3925 3922
f 3943 3922 3939
f 3943 3944 3925
f 3945 3941 3942
f 3945 3946 3947
f 3945 3927 3946
f 3945 3924 3927
f 3945 3942 3924
f 3948 3944 3943
f 3948 3949 3944
f 3948 3950 3949
f 3948 3951 3950
f 3952 3945 3947
f 3952 3953 3954
f 3952 3955 3953
f 3952 3947 3955
f 3956 3951 3948
f 3956 3957 3951
f 3956 3958 3957
f 3956 3959 3958
f 3960 3952 3954
f 3960 3961 3962
f 3960 3963 3961
f 3960 3964 3963
f 3960 3954 3964
f 3965 3959 3956
f 3965 3966 3959
f 3965 3967 3966
f 3965 3968 3967
f 3965 3969 3968
f 3965 3970 3969
f 3971 3972 3973
f 3971 3974 3972
f 3971 3975 3974
f 3971 3976 3975
f 3971 3962 3976
f 3971 3960 3962
f 3977 3978 3979
f 3977 3980 3978
f 3977 3981 3980
f 3977 3982 3981
f 3977 3970 3965
f 3977 3983 3970
f 3977 3979 3983
f 3984 3971 3973
f 3984 3985 3986
f 3984 3987 3985
f 3984 3988 3987
f 3984 3989 3988
f 3984 3990 3989
f 3984 3991 3990
f 3984 3973 3991
f 3992 3993 3982
f 3992 3994 3993
f 3992 3995 3994
f 3992 3996 3995
f 3992 3982 3977
f 3992 3997 3996
f 3992 3998 3997
f 3992 3999 3998
f 4000 4001 4002
f 4000 4003 4001
f 4000 4004 4003
f 4000 3986 4004
f 4000 4005 4006
f 4000 4007 4005
f 4000 4008 4007
f 4000 4002 4008
f 4000 3984 3986
f 4009 3999 3992
f 4009 4010 3999
f 4009 4011 4010
f 4009 4012 4011
f 4009 4013 4012
f 4009 4014 4013
f 4009 4015 4014
f 4009 4016 4015
f 4009 4017 4016
f 4009 4018 4017
f 4019 4020 4021
f 4019 4022 4020
f 4019 4023 4022
f 4019 4024 4023
f 4019 4025 4024
f 4019 4026 4025
f 4019 4027 4026
f 4019 4000 4006
f 4019 4028 4027
f 4019 4006 4028
f 4029 4018 4009
f 4029 4019 4021
f 4029 4030 4018
f 4029 4031 4030
f 4029 4032 4031
f 4029 4033 4032
f 4029 4034 4033
f 4029 4035 4034
f 4029 4021 4035
f 4036 4037 4038
f 4039 4040 4041
f 4042 4043 4044
f 4045 4046 4047
f 4048 4049 4050
f 4051 4052 4053
f 4054 4055 4056
f 4057 4058 4059
f 4060 4061 4062
f 4063 4064 4065
f 4066 4067 4068
f 4069 4070 4071
f 4072 4073 4074
f 4075 4076 4077
f 4078 4079 4080
f 4081 4082 4083
f 4084 4085 4086
f 4087 4088 4089
f 4090 4091 4092
f 4093 4094 4095
f 4096 4097 4098
f 4099 4100 4101
f 4102 4103 4104
f 4105 4106 4107
f 4108 4109 4110
f 4111 4112 4113
f 4114 4115 4116
f 4117 4118 4119
f 4120 4121 4122
f 4123 4124 4125
f 4126 4127 4128
f 4129 4130 4131
f 4132 4133 4134
f 4135 4136 4137
f 4138 4139 4140
f 4141 4142 4143
f 4144 4145 4146
f 4147 4148 4149
f 4150 4151 4152
f 4153 4154 4155
f 4156 4157 4158
f 4159 4160 4161
f 4162 4163 4164
f 4165 4166 4167
f 4168 4169 4170
f 4171 4172 4173
f 4174 4175 4176
f 4177 4178 4179
f 4180 4181 4182
f 4183 4184 4185
f 4186 4187 4188
f 4189 4190 4191
f 4192 4193 4194
f 4195 4196 4197
f 4198 4199 4200
f 4201 4202 4203
f 4204 4205 4206
f 4207 4208 4209
f 4210 4211 4212
f 4213 4214 4215
f 4216 4217 4218
f 4219 4220 4221
f 4222 4223 4224
f 4225 4226 4227
f 4228 4229 4230
f 4231 4232 4233
f 4234 4235 4236
f 4237 4238 4239
f 4240 4241 4242
f 4243 4244 4245
f 4246 4247 4248
f 4249 4250 4251
f 4252 4253 4254
f 4255 4256 4257
f 4258 4259 4260
f 4261 4262 4263
f 4264 4265 4266
f 4267 4268 4269
f 4270 4271 4272
f 4273 4274 4275
f 4276 4277 4278
f 4279 4280 4281
f 4282 4283 4284
f 4285 4286 4287
f 4288 4289 4290
f 4291 4292 4293
f 4294 4295 4296
f 4297 4298 4299
f 4300 4301 4302
f 4303 4304 4305
f 4306 4307 4308
f 4309 4310 4311
f 4312 4313 4314
f 4315 4316 4317
f 4318 4319 4320
f 4321 4322 4323
f 4324 4325 4326
f 4327 4328 4329
f 4330 4331 4332
f 4333 4334 4335
f 4336 4337 4338
f 4339 4340 4341
f 4342 4343 4344
f 4345 4346 4347
f 4348 4349 4350
f 4351 4352 4353
f 4354 4355 4356
f 4357 4358 4359
f 4360 4361 4362
f 4363 4364 4365
f 4366 4367 4368
f 4369 4370 4371
f 4372 4373 4374
f 4375 4376 4377
f 4378 4379 4380
f 4381 4382 4383
f 4384 4385 4386
f 4387 4388 4389
f 4390 4391 4392
f 4393 4394 4395
f 4396 4397 4398
f 4399 4400 4401
f 4402 4403 4404
f 4405 4406 4407
f 4408 4409 4410
f 4411 4412 4413
f 4414 4415 4416
f 4417 4418 4419
f 4420 4421 4422
f 4423 4424 4425
f 4426 4427 4428
f 4429 4430 4431
f 4432 4433 4434
f 4435 4436 4437
f 4438 4439 4440
f 4441 4442 4443
f 4444 4445 4446
f 4447 4448 4449
f 4450 4451 4452
f 4453 4454 4455
f 4456 4457 4458
f 4459 4460 4461
f 4462 4463 4464
f 4465 4466 4467
f 4468 4469 4470
f 4471 4472 4473
f 4474 4475 4476
f 4477 4478 4479
f 4480 4481 4482
f 4483 4484 4485
f 4486 4487 4488
f 4489 4490 4491
f 4492 4493 4494
f 4495 4496 4497
f 4498 4499 4500
f 4501 4502 4503
f 4504 4505 4506
f 4507 4508 4509
f 4510 4511 4512
f 4513 4514 4515
f 4516 4517 4518
f 4519 4520 4521
f 4522 4523 4524
f 4525 4526 4527
f 4528 4529 4530
f 4531 4532 4533
f 4534 4535 4536
f 4537 4538 4539
f 4540 4541 4542
f 4543 4544 4545
f 4546 4547 4548
f 4549 4550 4551
f 4552 4553 4554
f 4555 4556 4557
f 4558 4559 4560
f 4561 4562 4563
f 4564 4565 4566
f 4567 4568 4569
f 4570 4571 4572
f 4573 4574 4575
f 4576 4577 4578
f 4579 4580 4581
f 4582 4583 4584
f 4585 4586 4587
f 4588 4589 4590
f 4591 4592 4593
f 4594 4595 4596
f 4597 4598 4599
f 4600 4601 4602
f 4603 4604 4605
f 4606 4607 4608
f 4609 4610 4611
f 4612 4613 4614
f 4615 4616 4617
f 4618 4619 4620
f 4621 4622 4623
f 4624 4625 4626
f 4627 4628 4629
f 4630 4631 4632
f 4633 4634 4635
f 4636 4637 4638
f 4639 4640 4641
f 4642 4643 4644
f 4645 4646 4647
f 4648 4649 4650
f 4651 4652 4653
f 4654 4655 4656
f 4657 4658 4659
f 4660 4661 4662
f 4663 4664 4665
f 4666 4667 4668
f 4669 4670 4671
f 4672 4673 4674
f 4675 4676 4677
f 4678 4679 4680
f 4681 4682 4683
f 4684 4685 4686
f 4687 4688 4689
f 4690 4691 4692
f 4693 4694 4695
f 4696 4697 4698
f 4699 4700 4701
f 4702 4703 4704
f 4705 4706 4707
f 4708 4709 4710
f 4711 4712 4713
f 4714 4715 4716
f 4717 4718 4719
f 4720 4721 4722
f 4723 4724 4725
f 4726 4727 4728
f 4729 4730 4731
f 4732 4733 4734
f 4735 4733 4732
f 4736 4737 4738
f 4739 4737 4736
f 4740 4741 4742
f 4743 4741 4740
f 4744 4745 4746
f 4747 4745 4744
f 4748 4749 4750
f 4751 4749 4748
f 4752 4753 4754
f 4755 4753 4752
f 4756 4757 4758
f 4759 4760 4761
f 4762 4760 4759
f 4763 4764 4765
f 4757 4766 4758
f 4764 4767 4765
f 4768 4769 4770
f 4771 4769 4768
f 4772 4773 4774
f 4775 4773 4772
f 4776 4777 4778
f 4779 4777 4776
f 4780 4781 4782
f 4783 4781 4780
f 4784 4785 4786
f 4787 4785 4784
f 4788 4789 4790
f 4790 4789 4791
f 4792 4793 4794
f 4794 4793 4795
f 4796 4797 4798
f 4799 4800 4801
f 4798 4797 4802
f 4800 4803 4801
f 4804 4805 4806
f 4807 4808 4809
f 4806 4805 4810
f 4811 4812 4813
f 4808 4814 4809
f 4812 4815 4813
f 4816 4817 4818
f 4819 4817 4816
f 4820 4821 4822
f 4823 4824 4825
f 4822 4821 4826
f 4824 4827 4825
f 4828 4829 4830
f 4830 4829 4831
f 4832 4833 4834
f 4834 4833 4835
f 4836 4837 4838
f 4838 4837 4839
f 4840 4841 4842
f 4842 4841 4843
f 4844 4845 4846
f 4846 4845 4847
f 4848 4849 4850
f 4850 4849 4851
f 4852 4853 4854
f 4854 4853 4855
f 4856 4857 4858
f 4858 4857 4859
f 4860 4861 4862
f 4862 4861 4863
f 4864 4865 4866
f 4867 4868 4869
f 4866 4865 4870
f 4868 4871 4869
f 4872 4873 4874
f 4874 4873 4875
f 4876 4877 4878
f 4878 4877 4879
f 4880 4881 4882
f 4882 4881 4883
f 4884 4885 4886
f 4886 4885 4887
f 4888 4889 4890
f 4891 4889 4888
f 4892 4893 4894
f 4894 4893 4895
f 4896 4897 4898
f 4899 4900 4901
f 4902 4900 4899
f 4897 4903 4898
f 4904 4905 4906
f 4907 4905 4904
f 4908 4909 4910
f 4911 4909 4908
f 4912 4913 4914
f 4915 4913 4912
f 4916 4917 4918
f 4918 4917 4919
f 4920 4921 4922
f 4923 4924 4925
f 4922 4921 4926
f 4924 4927 4925
f 4928 4929 4930
f 4931 4932 4933
f 4930 4929 4934
f 4932 4935 4933
f 4936 4937 4938
f 4938 4937 4939
f 4940 4941 4942
f 4942 4941 4943
f 4944 4945 4946
f 4946 4945 4947
f 4948 4949 4950
f 4950 4949 4951
f 4952 4953 4954
f 4954 4953 4955
f 4956 4957 4958
f 4959 4957 4956
f 4960 4961 4962
f 4963 4961 4960
f 4964 4965 4966
f 4967 4965 4964
f 4968 4969 4970
f 4971 4969 4968
f 4972 4973 4974
f 4975 4973 4972
f 4976 4977 4978
f 4979 4977 4976
f 4980 4981 4982
f 4983 4984 4985
f 4986 4984 4983
f 4987 4988 4989
f 4981 4990 4982
f 4988 4991 4989
f 4992 4993 4994
f 4995 4993 4992
f 4996 4997 4998
f 4999 4997 4996
f 5000 5001 5002
f 5003 5001 5000
f 5004 5005 5006
f 5007 5005 5004
f 5008 5009 5010
f 5011 5009 5008
f 5012 5013 5014
f 5014 5013 5015
f 5016 5017 5018
f 5018 5017 5019
f 5020 5021 5022
f 5023 5024 5025
f 5022 5021 5026
f 5024 5027 5025
f 5028 5029 5030
f 5031 5032 5033
f 5030 5029 5034
f 5035 5036 5037
f 5032 5038 5033
f 5036 5039 5037
f 5040 5041 5042
f 5043 5041 5040
f 5044 5045 5046
f 5047 5048 5049
f 5046 5045 5050
f 5048 5051 5049
f 5052 5053 5054
f 5054 5053 5055
f 5056 5057 5058
f 5058 5057 5059
f 5060 5061 5062
f 5062 5061 5063
f 5064 5065 5066
f 5066 5065 5067
f 5068 5069 5070
f 5070 5069 5071
f 5072 5073 5074
f 5074 5073 5075
f 5076 5077 5078
f 5078 5077 5079
f 5080 5081 5082
f 5082 5081 5083
f 5084 5085 5086
f 5086 5085 5087
f 5088 5089 5090
f 5091 5092 5093
f 5090 5089 5094
f 5092 5095 5093
f 5096 5097 5098
f 5098 5097 5099
f 5100 5101 5102
f 5102 5101 5103
f 5104 5105 5106
f 5106 5105 5107
f 5108 5109 5110
f 5110 5109 5111
f 5112 5113 5114
f 5115 5113 5112
f 5116 5117 5118
f 5118 5117 5119
f 5120 5121 5122
f 5123 5124 5125
f 5126 5124 5123
f 5121 5127 5122
f 5128 5129 5130
f 5131 5129 5128
f 5132 5133 5134
f 5135 5133 5132
f 5136 5137 5138
f 5139 5137 5136
f 5140 5141 5142
f 5142 5141 5143
f 5144 5145 5146
f 5147 5148 5149
f 5146 5145 5150
f 5148 5151 5149
f 5152 5153 5154
f 5155 5156 5157
f 5154 5153 5158
f 5156 5159 5157
f 5160 5161 5162
f 5162 5161 5163
f 5164 5165 5166
f 5166 5165 5167
f 5168 5169 5170
f 5170 5169 5171
f 5172 5173 5174
f 5174 5173 5175
f 5176 5177 5178
f 5178 5177 5179
f 5180 5181 5182
f 5182 5181 5183
f 5184 5185 5186
f 5187 5185 5184
f 5188 5189 5190
f 5191 5189 5188
f 5192 5193 5194
f 5195 5193 5192
f 5196 5197 5198
f 5199 5197 5196
f 5200 5201 5202
f 5203 5201 5200
f 5204 5205 5206
f 5207 5205 5204
f 5208 5209 5210
f 5211 5212 5213
f 5214 5209 5208
f 5212 5215 5213
f 5216 5217 5218
f 5219 5217 5216
f 5220 5221 5222
f 5223 5221 5220
f 5224 5225 5226
f 5227 5225 5224
f 5228 5229 5230
f 5231 5229 5228
f 5232 5233 5234
f 5235 5233 5232
f 5236 5237 5238
f 5239 5237 5236
f 5240 5241 5242
f 5243 5241 5240
f 5244 5245 5246
f 5246 5245 5247
f 5248 5249 5250
f 5250 5249 5251
f 5252 5253 5254
f 5254 5253 5255
f 5256 5257 5258
f 5258 5257 5259
f 5260 5261 5262
f 5262 5261 5263
f 5264 5265 5266
f 5266 5265 5267
f 5268 5269 5270
f 5270 5269 5271
f 5272 5273 5274
f 5274 5273 5275
f 5276 5277 5278
f 5278 5277 5279
f 5280 5281 5282
f 5282 5281 5283
f 5284 5285 5286
f 5287 5285 5284
f 5288 5289 5290
f 5291 5289 5288
f 5292 5293 5294
f 5295 5293 5292
f 5296 5297 5298
f 5299 5297 5296
f 5300 5301 5302
f 5303 5301 5300
f 5304 5305 5306
f 5307 5305 5304
f 5308 5309 5310
f 5311 5309 5308
f 5312 5313 5314
f 5315 5313 5312
f 5316 5317 5318
f 5319 5317 5316
f 5320 5321 5322
f 5323 5321 5320
f 5324 5325 5326
f 5327 5325 5324
f 5328 5329 5330
f 5331 5329 5328
f 5332 5333 5334
f 5335 5333 5332
f 5336 5337 5338
f 5339 5340 5341
f 5342 5337 5336
f 5340 5343 5341
f 5344 5345 5346
f 5346 5345 5347
f 5348 5349 5350
f 5349 5351 5350
f 5352 5353 5354
f 5353 5355 5354
f 5356 5357 5358
f 5358 5357 5359
f 5360 5361 5362
f 5361 5363 5362
f 5364 5365 5366
f 5366 5365 5367
f 5368 5369 5370
f 5369 5371 5370
f 5372 5373 5374
f 5373 5375 5374
f 5376 5377 5378
f 5378 5377 5379
f 5380 5381 5382
f 5381 5383 5382
f 5384 5385 5386
f 5386 5385 5387
f 5388 5389 5390
f 5389 5391 5390
f 5392 5393 5394
f 5394 5393 5395
f 5396 5397 5398
f 5398 5397 5399
f 5400 5401 5402
f 5402 5401 5403
f 5404 5405 5406
f 5406 5405 5407
f 5408 5409 5410
f 5410 5409 5411
f 5412 5413 5414
f 5414 5413 5415
f 5416 5417 5418
f 5418 5417 5419
f 5420 5421 5422
f 5421 5423 5422
f 5424 5425 5426
f 5427 5428 5429
f 5430 5425 5424
f 5428 5431 5429
f 5432 5433 5434
f 5435 5436 5437
f 5438 5433 5432
f 5436 5439 5437
f 5440 5441 5442
f 5443 5444 5445
f 5446 5441 5440
f 5444 5447 5445
f 5448 5449 5450
f 5449 5451 5450
f 5452 5453 5454
f 5454 5453 5455
f 5456 5457 5458
f 5458 5457 5459
f 5460 5461 5462
f 5462 5461 5463
f 5464 5465 5466
f 5466 5465 5467
f 5468 5469 5470
f 5469 5471 5470
f 5472 5473 5474
f 5474 5473 5475
f 5476 5477 5478
f 5478 5477 5479
f 5480 5481 5482
f 5482 5481 5483
f 5484 5485 5486
f 5486 5485 5487
f 5488 5489 5490
f 5489 5491 5490
f 5492 5493 5494
f 5494 5493 5495
f 5496 5497 5498
f 5498 5497 5499
f 5500 5501 5502
f 5501 5503 5502
f 5504 5505 5506
f 5505 5507 5506
f 5508 5509 5510
f 5510 5509 5511
f 5512 5513 5514
f 5514 5513 5515
f 5516 5517 5518
f 5519 5517 5516
f 5520 5521 5522
f 5523 5524 5525
f 5526 5521 5520
f 5527 5528 5529
f 5524 5530 5525
f 5531 5532 5533
f 5528 5534 5529
f 5532 5535 5533
f 5536 5537 5538
f 5539 5537 5536
f 5540 5541 5542
f 5543 5541 5540
f 5544 5545 5546
f 5547 5545 5544
f 5548 5549 5550
f 5550 5549 5551
f 5552 5553 5554
f 5554 5553 5555
f 5556 5557 5558
f 5558 5557 5559
f 5560 5561 5562
f 5563 5561 5560
f 5564 5565 5566
f 5567 5568 5569
f 5570 5565 5564
f 5568 5571 5569
f 5572 5573 5574
f 5575 5573 5572
f 5576 5577 5578
f 5579 5577 5576
f 5580 5581 5582
f 5583 5584 5585
f 5586 5581 5580
f 5584 5587 5585
f 5588 5589 5590
f 5591 5589 5588
f 5592 5593 5594
f 5595 5593 5592
f 5596 5597 5598
f 5599 5597 5596
f 5600 5601 5602
f 5603 5601 5600
f 5604 5605 5606
f 5607 5605 5604
f 5608 5609 5610
f 5611 5609 5608
f 5612 5613 5614
f 5615 5613 5612
f 5616 5617 5618
f 5619 5617 5616
f 5620 5621 5622
f 5623 5621 5620
f 5624 5625 5626
f 5627 5625 5624
f 5628 5629 5630
f 5631 5629 5628
f 5632 5633 5634
f 5635 5633 5632
f 5636 5637 5638
f 5639 5637 5636
f 5640 5641 5642
f 5643 5644 5645
f 5646 5644 5643
f 5647 5648 5649
f 5650 5648 5651
f 5651 5648 5647
f 5652 5653 5654
f 5655 5656 5657
f 5658 5659 5660
f 5661 5662 5663
f 5664 5665 5666
f 5667 5665 5664
f 5668 5669 5670
f 5646 5671 5644
f 5656 5669 5668
f 5655 5669 5656
f 5672 5673 5674
f 5675 5676 5677
f 5678 5679 5680
f 5681 5682 5683
f 5684 5682 5681
f 5685 5686 5687
f 5688 5689 5671
f 5671 5689 5644
f 5690 5691 5692
f 5693 5694 5695
f 5696 5697 5698
f 5699 5700 5701
f 5661 5702 5662
f 5678 5703 5679
f 5704 5702 5661
f 5705 5706 5707
f 5707 5706 5667
f 5667 5706 5665
f 5684 5708 5682
f 5709 5710 5711
f 5712 5713 5714
f 5715 5716 5717
f 5703 5718 5679
f 5719 5720 5721
f 5708 5722 5682
f 5723 5724 5725
f 5726 5727 5728
f 5729 5730 5731
f 5732 5730 5729
f 5699 5733 5700
f 5734 5733 5699
f 5735 5736 5704
f 5737 5738 5739
f 5740 5741 5742
f 5743 5744 5745
f 5704 5736 5702
f 5746 5747 5748
f 5749 5750 5751
f 5715 5752 5716
f 5753 5752 5715
f 5754 5755 5703
f 5703 5755 5718
f 5734 5756 5733
f 5757 5758 5759
f 5760 5761 5762
f 5763 5756 5764
f 5765 5766 5767
f 5768 5769 5770
f 5732 5771 5730
f 5772 5771 5732
f 5756 5773 5733
f 5774 5775 5776
f 5763 5773 5756
f 5777 5778 5779
f 5780 5781 5782
f 5783 5784 5785
f 5786 5784 5783
f 5787 5788 5789
f 5789 5788 5753
f 5753 5788 5752
f 5790 5788 5787
f 5791 5792 5793
f 5772 5794 5771
f 5795 5796 5797
f 5798 5799 5800
f 5801 5802 5768
f 5768 5802 5769
f 5794 5803 5771
f 5804 5805 5806
f 5807 5808 5809
f 5810 5811 5812
f 5813 5814 5815
f 5816 5817 5818
f 5819 5820 5821
f 5822 5820 5819
f 5823 5824 5786
f 5825 5824 5823
f 5786 5824 5784
f 5801 5826 5802
f 5827 5828 5829
f 5830 5831 5832
f 5833 5834 5835
f 5836 5837 5838
f 5839 5840 5841
f 5842 5843 5795
f 5795 5843 5796
f 5844 5845 5846
f 5847 5848 5849
f 5850 5851 5826
f 5826 5851 5802
f 5852 5853 5854
f 5855 5856 5857
f 5840 5858 5841
f 5859 5860 5861
f 5862 5863 5864
f 5842 5865 5843
f 5822 5860 5820
f 5861 5860 5822
f 5866 5867 5868
f 5869 5870 5871
f 5872 5873 5874
f 5875 5873 5872
f 5876 5877 5878
f 5879 5880 5881
f 5878 5877 5865
f 5865 5877 5843
f 5882 5883 5884
f 5885 5886 5887
f 5888 5889 5890
f 5891 5889 5888
f 5866 5892 5867
f 5893 5894 5895
f 5896 5897 5898
f 5840 5894 5858
f 5899 5894 5840
f 5875 5900 5873
f 5895 5894 5899
f 5901 5902 5903
f 5904 5905 5906
f 5892 5907 5867
f 5908 5909 5910
f 5911 5912 5913
f 5914 5915 5900
f 5900 5915 5873
f 5916 5917 5918
f 5905 5919 5906
f 5920 5917 5916
f 5921 5922 5923
f 5924 5922 5921
f 5925 5926 5927
f 5928 5929 5930
f 5931 5932 5933
f 5892 5934 5907
f 5891 5932 5889
f 5933 5932 5891
f 5901 5935 5902
f 5936 5935 5901
f 5937 5938 5939
f 5940 5941 5942
f 5943 5944 5945
f 5934 5946 5907
f 5918 5947 5948
f 5917 5947 5918
f 5905 5949 5919
f 5950 5949 5905
f 5951 5952 5953
f 5924 5954 5922
f 5955 5954 5956
f 5936 5957 5935
f 5956 5954 5924
f 5957 5958 5935
f 5959 5960 5961
f 5962 5963 5964
f 5961 5960 5965
f 5948 5966 5967
f 5968 5969 5950
f 5970 5971 5972
f 5973 5974 5975
f 5972 5971 5976
f 5977 5978 5979
f 5947 5966 5948
f 5950 5969 5949
f 5980 5981 5982
f 5983 5984 5985
f 5985 5984 5986
f 5987 5988 5989
f 5989 5988 5990
f 5991 5992 5993
f 5994 5995 5996
f 5997 5998 5983
f 5983 5998 5984
f 5999 6000 6001
f 6002 6003 6004
f 6005 6006 5987
f 5987 6006 5988
f 6007 6008 6009
f 6010 6011 6012
f 6013 6014 5994
f 5994 6014 5995
f 6015 6016 6017
f 6018 6019 6020
f 6021 6022 6023
f 6024 6025 5997
f 5997 6025 5998
f 6026 6027 6028
f 6029 6030 6031
f 6032 6033 6034
f 6034 6033 6035
f 6005 6036 6006
f 6037 6038 6039
f 6040 6041 6042
f 6021 6043 6022
f 6044 6036 6005
f 6045 6046 6047
f 6048 6049 6050
f 6010 6051 6011
f 6052 6051 6010
f 6013 6053 6014
f 6054 6055 6056
f 6040 6057 6041
f 6058 6053 6013
f 6059 6060 6061
f 6062 6063 6064
f 6065 6066 6067
f 6068 6069 6070
f 6067 6066 6071
f 6032 6072 6033
f 6073 6074 6075
f 6076 6077 6078
f 6079 6072 6032
f 6080 6072 6079
f 6081 6082 6083
f 6084 6085 6086
f 6069 6087 6070
f 6052 6088 6051
f 6089 6090 6091
f 6092 6093 6094
f 6065 6095 6066
f 6096 6088 6052
f 6097 6098 6099
f 6100 6101 6102
f 6103 6104 6105
f 6106 6107 6108
f 6109 6107 6106
f 6084 6110 6085
f 6111 6112 6095
f 6113 6114 6115
f 6116 6117 6118
f 6095 6112 6066
f 6119 6120 6121
f 6122 6123 6124
f 6110 6125 6085
f 6126 6127 6128
f 6129 6130 6131
f 6132 6133 6134
f 6069 6127 6087
f 6128 6127 6069
f 6135 6136 6137
f 6138 6139 6140
f 6141 6142 6143
f 6144 6142 6141
f 6145 6146 6147
f 6148 6149 6150
f 6109 6151 6107
f 6133 6151 6109
f 6132 6151 6133
f 6136 6152 6137
f 6122 6153 6123
f 6154 6153 6122
f 6155 6156 6157
f 6149 6158 6110
f 6110 6158 6125
f 6148 6158 6149
f 6159 6160 6161
f 6162 6163 6164
f 6136 6165 6152
f 6166 6167 6168
f 6168 6167 6169
f 6170 6171 6172
f 6173 6174 6175
f 6176 6177 6178
f 6144 6177 6142
f 6178 6177 6144
f 6179 6180 6181
f 6182 6183 6184
f 6165 6185 6152
f 6186 6187 6188
f 6189 6190 6191
f 6154 6192 6153
f 6193 6192 6194
f 6194 6192 6154
f 6195 6196 6197
f 6198 6199 6200
f 6162 6201 6163
f 6202 6201 6162
f 6203 6204 6205
f 6206 6207 6208
f 6166 6209 6167
f 6210 6209 6211
f 6211 6209 6166
f 6212 6213 6214
f 6215 6216 6217
f 6218 6219 6182
f 6182 6219 6183
f 6220 6221 6222
f 6223 6224 6225
f 6226 6227 6228
f 6165 6229 6185
f 6230 6229 6165
f 6231 6232 6233
f 6234 6235 6236
f 6237 6238 6198
f 6198 6238 6199
f 6202 6239 6201
f 6240 6241 6242
f 6224 6239 6202
f 6223 6239 6224
f 6243 6244 6245
f 6246 6247 6248
f 6212 6249 6213
f 6250 6249 6212
f 6251 6252 6253
f 6254 6255 6256
f 6218 6252 6219
f 6257 6252 6218
f 6253 6252 6257
f 6258 6259 6260
f 6261 6262 6263
f 6264 6265 6266
f 6266 6265 6267
f 6268 6269 6270
f 6271 6272 6273
f 6250 6274 6249
f 6275 6276 6237
f 6237 6276 6238
f 6277 6278 6279
f 6280 6281 6282
f 6283 6284 6285
f 6286 6287 6288
f 6288 6287 6289
f 6290 6291 6292
f 6274 6293 6249
f 6294 6295 6296
f 6264 6297 6265
f 6298 6299 6300
f 6301 6302 6303
f 6304 6305 6306
f 6307 6308 6309
f 6310 6308 6307
f 6297 6311 6265
f 6312 6313 6314
f 6315 6316 6317
f 6318 6319 6320
f 6321 6322 6323
f 6324 6325 6326
f 6327 6328 6329
f 6329 6328 6330
f 6331 6332 6333
f 6286 6332 6287
f 6310 6334 6308
f 6335 6336 6337
f 6338 6339 6340
f 6333 6332 6286
f 6322 6341 6323
f 6342 6343 6344
f 6324 6345 6325
f 6346 6347 6348
f 6348 6347 6349
f 6350 6351 6352
f 6353 6354 6334
f 6334 6354 6308
f 6355 6356 6357
f 6345 6358 6325
f 6327 6359 6328
f 6360 6359 6361
f 6361 6359 6362
f 6363 6364 6365
f 6362 6359 6327
f 6366 6367 6368
f 6369 6370 6371
f 6372 6373 6322
f 6322 6373 6341
f 6374 6375 6376
f 6377 6378 6379
f 6380 6381 6382
f 6346 6381 6347
f 6382 6381 6346
f 6383 6384 6385
f 6386 6387 6388
f 6355 6389 6356
f 6366 6390 6367
f 6391 6389 6355
f 6392 6393 6394
f 6395 6396 6397
f 6398 6399 6400
f 6394 6393 6345
f 6345 6393 6358
f 6401 6402 6403
f 6404 6405 6406
f 6390 6407 6367
f 6408 6409 6410
f 6411 6412 6413
f 6372 6414 6373
f 6415 6416 6417
f 6418 6414 6372
f 6419 6420 6421
f 6422 6423 6424
f 6386 6425 6387
f 6426 6425 6386
f 6427 6428 6429
f 6429 6428 6391
f 6430 6431 6432
f 6433 6434 6435
f 6391 6428 6389
f 6390 6434 6407
f 6436 6437 6438
f 6439 6440 6441
f 6442 6443 6444
f 6444 6443 6445
f 6446 6447 6448
f 6433 6449 6434
f 6434 6449 6407
f 6450 6451 6452
f 6453 6454 6455
f 6456 6457 6422
f 6422 6457 6423
f 6458 6459 6426
f 6460 6461 6462
f 6463 6464 6465
f 6442 6466 6443
f 6467 6459 6458
f 6426 6459 6425
f 6468 6469 6470
f 6471 6472 6473
f 6474 6475 6476
f 6476 6475 6477
f 6478 6479 6466
f 6466 6479 6443
f 6480 6481 6482
f 6483 6484 6485
f 6486 6487 6488
f 6489 6490 6491
f 6492 6493 6494
f 6495 6496 6497
f 6494 6493 6498
f 6499 6500 6501
f 6502 6503 6504
f 6505 6506 6507
f 6456 6508 6457
f 6509 6508 6456
f 6510 6511 6512
f 6513 6514 6515
f 6496 6516 6497
f 6517 6518 6519
f 6492 6520 6493
f 6519 6518 6474
f 6521 6522 6523
f 6524 6525 6526
f 6474 6518 6475
f 6527 6528 6529
f 6530 6531 6532
f 6533 6534 6535
f 6535 6534 6536
f 6496 6537 6516
f 6538 6539 6540
f 6541 6537 6542
f 6520 6543 6493
f 6544 6543 6520
f 6545 6546 6547
f 6548 6549 6550
f 6551 6552 6553
f 6527 6554 6528
f 6555 6552 6551
f 6541 6556 6537
f 6537 6556 6516
f 6557 6558 6559
f 6560 6561 6562
f 6563 6564 6565
f 6554 6566 6528
f 6567 6568 6569
f 6533 6568 6534
f 6569 6568 6533
f 6570 6571 6572
f 6573 6574 6575
f 6576 6577 6578
f 6579 6580 6581
f 6582 6580 6579
f 6555 6583 6552
f 6584 6583 6585
f 6554 6586 6566
f 6585 6583 6555
f 6587 6588 6589
f 6590 6591 6592
f 6593 6594 6595
f 6596 6597 6598
f 6560 6599 6561
f 6600 6599 6560
f 6586 6601 6566
f 6602 6603 6604
f 6605 6606 6607
f 6608 6609 6610
f 6611 6612 6613
f 6614 6612 6611
f 6576 6615 6577
f 6616 6615 6576
f 6582 6617 6580
f 6618 6619 6620
f 6621 6622 6623
f 6624 6617 6582
f 6625 6617 6624
f 6626 6627 6628
f 6629 6630 6631
f 6593 6632 6594
f 6633 6632 6593
f 6634 6635 6600
f 6600 6635 6599
f 6636 6637 6638
f 6639 6635 6634
f 6616 6640 6615
f 6641 6642 6643
f 6644 6645 6646
f 6647 6648 6614
f 6614 6648 6612
f 6640 6649 6615
f 6650 6649 6651
f 6652 6653 6654
f 6651 6649 6640
f 6655 6656 6657
f 6658 6659 6660
f 6661 6662 6626
f 6626 6662 6627
f 6663 5647 6664
f 6633 6665 6632
f 6666 6667 6668
f 6669 6670 6671
f 6672 6665 6673
f 6673 6665 6633
f 6674 6675 6676
f 6677 6678 6679
f 5647 5649 6664
f 6680 6681 6682
f 6661 6683 6662
f 6684 6685 6647
f 6647 6685 6648
f 6686 6687 6688
f 6689 6690 6691
f 6692 6693 6694
f 6695 6696 6697
f 6698 5670 6699
f 5668 5670 6698
f 6683 6700 6662
f 6701 6700 6683
f 6702 6703 6704
f 6705 6706 6707
f 6708 6709 6710
f 6711 6712 6713
f 6713 6712 6714
f 6715 6716 6717
f 6717 6716 6718
f 6719 6720 6721
f 6721 6720 6722
f 6723 6724 6725
f 6725 6724 6726
f 6727 6728 6729
f 6729 6728 6730
f 6731 6732 6733
f 6732 6734 6733
f 6735 6736 6737
f 6737 6736 6738
f 6739 6740 6741
f 6740 6742 6741
f 6743 6744 6745
f 6745 6744 6746
f 6747 6748 6749
f 6749 6748 6750
f 6751 6752 6753
f 6753 6752 6754
f 6755 6756 6757
f 6757 6756 6758
f 6759 6760 6761
f 6762 6760 6759
f 6763 6764 6765
f 6766 6764 6763
f 6767 6768 6769
f 6770 6768 6767
f 6771 6772 6773
f 6774 6772 6771
f 6775 6776 6777
f 6778 6776 6775
f 6779 6780 6781
f 6782 6780 6779
f 6783 6784 6785
f 6786 6784 6783
f 6787 6788 6789
f 6790 6788 6787
f 6791 6792 6793
f 6793 6792 6794
f 6795 6796 6797
f 6797 6796 6798
f 6799 6800 6801
f 6801 6800 6802
f 6803 6804 6805
f 6805 6804 6806
f 6807 6808 6809
f 6809 6808 6810
f 6811 6812 6813
f 6813 6812 6814
f 6815 6816 6817
f 6817 6816 6818
f 6819 6820 6821
f 6821 6820 6822
f 6823 6824 6825
f 6825 6824 6826
f 6827 6828 6829
f 6829 6828 6830
f 6831 6832 6833
f 6833 6832 6834
f 6835 6836 6837
f 6837 6836 6838
f 6839 6840 6841
f 6841 6840 6842
f 6843 6844 6845
f 6845 6844 6846
f 6847 6848 6849
f 6849 6848 6850
f 6851 6852 6853
f 6853 6852 6854
f 6855 6856 6857
f 6857 6856 6858
f 6859 6860 6861
f 6861 6860 6862
f 6863 6864 6865
f 6865 6864 6866
f 6867 6868 6869
f 6869 6868 6870
f 6871 6872 6873
f 6874 6872 6871
f 6875 6876 6877
f 6878 6876 6875
f 6879 6880 6881
f 6882 6880 6879
f 6883 6884 6885
f 6886 6884 6883
f 6887 6888 6889
f 6890 6888 6887
f 6891 6892 6893
f 6894 6892 6891
f 6895 6896 6897
f 6897 6896 6898
f 6899 6900 6901
f 6902 6900 6899
f 6903 6904 6905
f 6906 6904 6903
f 6907 6908 6909
f 6910 6908 6907
f 6911 6912 6913
f 6914 6912 6911
f 6915 6916 6917
f 6918 6916 6915
f 6919 6920 6921
f 6922 6920 6919
f 6923 6924 6925
f 6926 6924 6923
f 6927 6928 6929
f 6930 6928 6927
f 6931 6932 6933
f 6934 6932 6931
f 6935 6936 6937
f 6938 6936 6935
f 6939 6940 6941
f 6942 6940 6939
f 6943 6944 6945
f 6943 6945 6946
f 6947 6946 6948
f 6947 6943 6946
f 6949 6950 6951
f 6949 6951 6944
f 6949 6944 6943
f 6952 6948 6953
f 6952 6953 6954
f 6952 6947 6948
f 6955 6956 6950
f 6955 6950 6949
f 6957 6954 6958
f 6957 6952 6954
f 6959 6960 6961
f 6959 6961 6956
f 6959 6956 6955
f 6962 6958 6963
f 6962 6963 6964
f 6962 6957 6958
f 6965 6966 6960
f 6965 6960 6959
f 6967 6964 6968
f 6967 6962 6964
f 6969 6970 6971
f 6969 6971 6966
f 6969 6966 6965
f 6972 6967 6968
f 6972 6968 6973
f 6972 6973 6974
f 6975 6976 6970
f 6975 6970 6969
f 6977 6972 6974
f 6977 6974 6978
f 6979 6980 6976
f 6979 6976 6975
f 6979 6981 6980
f 6982 6977 6978
f 6982 6978 6983
f 6982 6983 6984
f 6985 6981 6979
f 6985 6986 6981
f 6987 6984 6988
f 6987 6982 6984
f 6989 6986 6985
f 6989 6990 6991
f 6989 6991 6986
f 6992 6988 6993
f 6992 6993 6994
f 6992 6987 6988
f 6995 6990 6989
f 6995 6996 6990
f 6997 6994 6998
f 6997 6992 6994
f 6999 6996 6995
f 6999 7000 7001
f 6999 7001 6996
f 7002 6998 7003
f 7002 7003 7004
f 7002 6997 6998
f 7005 7000 6999
f 7005 7006 7000
f 7007 7004 7008
f 7007 7002 7004
f 7009 7006 7005
f 7009 7010 7006
f 7011 7010 7009
f 7012 7008 7013
f 7012 7007 7008
f 7014 7012 7013
f 7015 7011 7009
f 7016 7011 7015
f 7017 7012 7014
f 7018 7017 7014
f 7019 7015 7020
f 7019 7016 7015
f 7021 7017 7018
f 7021 7022 7017
f 7023 7019 7020
f 7023 7020 7024
f 7025 7022 7021
f 7025 7026 7022
f 7027 7023 7024
f 7028 7026 7025
f 7029 7027 7024
f 7029 7024 7030
f 7031 7026 7028
f 7031 7032 7026
f 7033 7030 7034
f 7033 7029 7030
f 7035 7032 7031
f 7035 7036 7032
f 7037 7033 7034
f 7038 7036 7035
f 7039 7034 7040
f 7039 7037 7034
f 7041 7036 7038
f 7041 7042 7036
f 7043 7040 7044
f 7043 7039 7040
f 7045 7042 7041
f 7045 7046 7042
f 7047 7043 7044
f 7048 7046 7045
f 7049 7044 7050
f 7049 7047 7044
f 7051 7046 7048
f 7051 7052 7046
f 7053 7050 7054
f 7053 7049 7050
f 7055 7052 7051
f 7055 7056 7052
f 7057 7053 7054
f 7058 7056 7055
f 7059 7054 7060
f 7059 7057 7054
f 7061 7056 7058
f 7061 7062 7056
f 7063 7060 7064
f 7063 7059 7060
f 7065 7062 7061
f 7065 7066 7062
f 7067 7063 7064
f 7068 7066 7065
f 7069 7067 7064
f 7069 7064 7070
f 7071 7066 7068
f 7071 7072 7066
f 7073 7070 7074
f 7073 7069 7070
f 7075 7072 7071
f 7075 7076 7072
f 7077 7073 7074
f 7078 7076 7075
f 7079 7077 7074
f 7079 7074 7080
f 7081 7076 7078
f 7081 7082 7076
f 7083 7079 7080
f 7083 7080 7084
f 7085 7082 7081
f 7085 7086 7082
f 7087 7083 7084
f 7088 7086 7085
f 7089 7087 7084
f 7089 7084 7086
f 7089 7086 7088
f 7090 7091 7092
f 7092 7091 7093
f 7094 7095 7096
f 7097 7095 7094
f 7098 7099 7100
f 7101 7099 7098
f 7102 7103 7104
f 7105 7103 7102
f 7106 7107 7108
f 7108 7107 7109
f 7110 7111 7112
f 7112 7111 7113
f 7114 7115 7116
f 7116 7115 7117
f 7118 7119 7120
f 7120 7119 7121
f 7122 7123 7124
f 7124 7123 7125
f 7126 7127 7128
f 7129 7130 7131
f 7132 7127 7126
f 7130 7133 7131
f 7134 7135 7136
f 7137 7135 7134
f 7138 7139 7140
f 7141 7139 7138
f 7142 7143 7144
f 7145 7143 7142
f 7146 7147 7148
f 7149 7147 7146
f 7150 7151 7152
f 7153 7154 7155
f 7156 7151 7150
f 7154 7157 7155
f 7158 7159 7160
f 7161 7159 7158
f 7162 7163 7164
f 7165 7163 7162
f 7166 7167 7168
f 7169 7170 7171
f 7172 7167 7166
f 7173 7174 7175
f 7170 7176 7171
f 7174 7177 7175
f 7178 7179 7180
f 7181 7179 7178
f 7182 7183 7184
f 7185 7186 7187
f 7188 7183 7182
f 7189 7190 7191
f 7186 7192 7187
f 7190 7193 7191
f 7194 7195 7196
f 7197 7195 7194
f 7198 7199 7200
f 7201 7199 7198
f 7202 7203 7204
f 7205 7203 7202
f 7206 7207 7208
f 7208 7207 7209
f 7210 7211 7212
f 7211 7213 7212
f 7214 7215 7216
f 7216 7215 7217
f 7218 7219 7220
f 7219 7221 7220
f 7222 7223 7224
f 7223 7225 7224
f 7226 7227 7228
f 7228 7227 7229
f 7230 7231 7232
f 7233 7231 7230
f 7234 7235 7236
f 7237 7238 7239
f 7240 7235 7234
f 7241 7242 7243
f 7238 7244 7239
f 7242 7245 7243
f 7246 7247 7248
f 7249 7250 7251
f 7252 7247 7246
f 7250 7253 7251
f 7254 7255 7256
f 7257 7255 7254
f 7258 7259 7260
f 7261 7259 7258
f 7262 7263 7264
f 7265 7263 7262
f 7266 7267 7268
f 7269 7267 7266
f 7270 7271 7272
f 7273 7274 7275
f 7276 7271 7270
f 7274 7277 7275
f 7278 7279 7280
f 7281 7279 7278
f 7282 7283 7284
f 7285 7283 7282
f 7286 7287 7288
f 7289 7287 7286
f 7290 7291 7292
f 7293 7291 7290
f 7294 7295 7296
f 7297 7298 7299
f 7300 7295 7294
f 7298 7301 7299
f 7302 7303 7304
f 7305 7303 7302
f 7306 7307 7308
f 7309 7307 7306
f 7310 7311 7312
f 7312 7311 7313
f 7314 7315 7316
f 7316 7315 7317
f 7318 7319 7320
f 7319 7321 7320
f 7322 7323 7324
f 7324 7323 7325
f 7326 7327 7328
f 7328 7327 7329
f 7330 7331 7332
f 7332 7331 7333
f 7334 7335 7336
f 7335 7337 7336
f 7338 7339 7340
f 7339 7341 7340
f 7342 7343 7344
f 7344 7343 7345
f 7346 7347 7348
f 7347 7349 7348
f 7350 7351 7352
f 7352 7351 7353
f 7354 7355 7356
f 7355 7357 7356
f 7358 7359 7360
f 7360 7359 7361
f 7362 7363 7364
f 7364 7363 7365
f 7366 7367 7368
f 7368 7367 7369
f 7370 7371 7372
f 7373 7371 7370
f 7374 7375 7376
f 7377 7378 7379
f 7380 7375 7374
f 7378 7381 7379
f 7382 7383 7384
f 7385 7386 7387
f 7388 7383 7382
f 7386 7389 7387
f 7390 7391 7392
f 7393 7394 7395
f 7396 7391 7390
f 7397 7398 7399
f 7394 7400 7395
f 7398 7401 7399
f 7402 7403 7404
f 7405 7403 7402
f 7406 7407 7408
f 7409 7410 7411
f 7412 7407 7406
f 7410 7413 7411
f 7414 7415 7416
f 7417 7418 7419
f 7420 7415 7414
f 7418 7421 7419
f 7422 7423 7424
f 7424 7423 7425
f 7426 7427 7428
f 7427 7429 7428
f 7430 7431 7432
f 7431 7433 7432
f 7434 7435 7436
f 7436 7435 7437
f 7438 7439 7440
f 7439 7441 7440
f 7442 7443 7444
f 7444 7443 7445
f 7446 7447 7448
f 7448 7447 7449
f 7450 7451 7452
f 7452 7451 7453
f 7454 7455 7456
f 7457 7458 7459
f 7460 7461 7462
f 7463 7464 7465
f 7466 7467 7468
f 7469 7470 7471
f 7472 7473 7474
f 7475 7476 7477
f 7478 7479 7480
f 7481 7482 7483
f 7484 7485 7486
f 7487 7488 7489
f 7490 7491 7492
f 7493 7494 7495
f 7496 7497 7498
f 7499 7500 7501
f 7502 7503 7504
f 7505 7506 7507
f 7508 7509 7510
f 7511 7512 7513
f 7514 7515 7516
f 7517 7518 7519
f 7520 7521 7522
f 7523 7524 7525
f 7526 7527 7528
f 7529 7530 7531
f 7532 7533 7534
f 7535 7536 7537
f 7538 7539 7540
f 7541 7542 7543
f 7544 7545 7546
f 7547 7548 7549
f 7550 7551 7552
f 7553 7554 7555
f 7556 7557 7558
f 7559 7560 7561
f 7562 7563 7564
f 7565 7566 7567
f 7568 7569 7570
f 7571 7572 7573
f 7569 7574 7570
f 7575 7576 7577
f 7578 7576 7575
f 7579 7580 7581
f 7582 7583 7584
f 7585 7586 7587
f 7588 7586 7585
f 7589 7590 7591
f 7592 7593 7594
f 7595 7596 7597
f 7598 7599 7600
f 7601 7602 7603
f 7604 7605 7606
f 7607 7608 7609
f 7610 7611 7612
f 7613 7614 7615
f 7616 7617 7618
f 7619 7620 7621
f 7622 7623 7624
f 7625 7626 7627
f 7628 7629 7630
f 7631 7632 7633
f 7634 7635 7636
f 7637 7638 7639
f 7640 7641 7642
f 7643 7644 7645
f 7646 7647 7648
f 7649 7650 7651
f 7652 7653 7654
f 7655 7656 7657
f 7658 7659 7660
f 7661 7662 7663
f 7664 7665 7666
f 7667 7668 7669
f 7670 7671 7672
f 7673 7674 7675
f 7676 7677 7678
f 7679 7680 7681
f 7682 7683 7684
f 7685 7686 7687
f 7688 7689 7690
f 7691 7692 7693
f 7694 7695 7696
f 7697 7698 7699
f 7692 7700 7693
f 7701 7702 7703
f 7704 7705 7706
f 7707 7705 7704
f 7708 7709 7710
f 7711 7712 7713
f 7714 7715 7716
f 7717 7715 7714
f 7718 7719 7720
f 7721 7722 7723
f 7724 7725 7726
f 7727 7728 7729
f 7730 7731 7732
f 7733 7734 7735
f 7736 7737 7738
f 7739 7740 7741
f 7742 7743 7744
f 7745 7746 7747
f 7748 7749 7750
f 7751 7752 7753
f 7754 7755 7756
f 7757 7758 7759
f 7760 7761 7762
f 7763 7764 7765
f 7766 7767 7768
f 7769 7770 7771
f 7772 7773 7774
f 7775 7776 7777
f 7778 7779 7780
f 7781 7782 7783
f 7784 7785 7786
f 7787 7788 7789
f 7790 7791 7792
f 7793 7794 7795
f 7796 7797 7798
f 7799 7800 7801
f 7802 7803 7804
f 7805 7806 7807
f 7808 7809 7810
f 7811 7812 7813
f 7814 7815 7816
f 7817 7818 7819
f 7820 7821 7822
f 7823 7824 7825
f 7824 7826 7825
f 7827 7828 7829
f 7830 7831 7832
f 7833 7834 7835
f 7834 7836 7835
f 7837 7838 7839
f 7839 7838 7840
f 7841 7842 7843
f 7844 7845 7846
f 7847 7848 7849
f 7850 7851 7852
f 7853 7854 7855
f 7856 7857 7858
f 7859 7860 7861
f 7862 7863 7864
f 7865 7866 7867
f 7868 7869 7870
f 7871 7872 7873
f 7874 7875 7876
f 7877 7878 7879
f 7880 7881 7882
f 7883 7884 7885
f 7886 7887 7888
f 7889 7890 7891
f 7892 7893 7894
f 7895 7896 7897
f 7898 7899 7900
f 7901 7902 7903
f 7904 7905 7906
f 7907 7908 7909
f 7910 7911 7912
f 7913 7914 7915
f 7916 7917 7918
f 7919 7920 7921
f 7922 7923 7924
f 7925 7926 7927
f 7928 7929 7930
f 7931 7932 7933
f 7934 7935 7936
f 7937 7938 7939
f 7940 7941 7942
f 7943 7944 7945
f 7946 7947 7948
f 7949 7950 7951
f 7952 7953 7954
f 7955 7956 7957
f 7958 7959 7960
f 7959 7961 7960
f 7962 7963 7964
f 7963 7965 7964
f 7966 7967 7968
f 7966 7968 7969
f 7966 7969 7970
f 7971 7967 7966
f 7971 7972 7973
f 7971 7973 7967
f 7974 7966 7970
f 7974 7970 7975
f 7974 7975 7976
f 7977 7972 7971
f 7977 7978 7979
f 7977 7979 7972
f 7980 7974 7976
f 7980 7976 7981
f 7980 7981 7982
f 7983 7978 7977
f 7983 7984 7985
f 7983 7985 7986
f 7983 7986 7978
f 7987 7980 7982
f 7987 7982 7988
f 7987 7988 7989
f 7987 7989 7990
f 7991 7992 7993
f 7991 7993 7984
f 7991 7984 7983
f 7994 7987 7990
f 7994 7990 7995
f 7994 7995 7996
f 7997 7992 7991
f 7997 7998 7999
f 7997 7999 7992
f 8000 8001 8002
f 8000 7994 7996
f 8000 7996 8001
f 8003 7998 7997
f 8003 8004 8005
f 8003 8005 8006
f 8003 8006 7998
f 8007 8002 8008
f 8007 8008 8009
f 8007 8000 8002
f 8010 8011 8012
f 8010 8012 8004
f 8010 8004 8003
f 8013 8007 8009
f 8013 8009 8014
f 8013 8014 8015
f 8013 8015 8016
f 8017 8011 8010
f 8017 8018 8019
f 8017 8019 8011
f 8020 8016 8021
f 8020 8021 8022
f 8020 8013 8016
f 8023 8024 8025
f 8023 8025 8018
f 8023 8018 8017
f 8026 8022 8027
f 8026 8027 8028
f 8026 8020 8022
f 8029 8024 8023
f 8030 8029 8023
f 8031 8028 8032
f 8031 8026 8028
f 8033 8029 8030
f 8034 8031 8032
f 8035 8030 8036
f 8035 8033 8030
f 8037 8038 8031
f 8037 8031 8034
f 8039 8035 8036
f 8040 8038 8037
f 8041 8036 8042
f 8041 8039 8036
f 8043 8044 8038
f 8043 8038 8040
f 8045 8041 8042
f 8046 8044 8043
f 8047 8045 8042
f 8048 8044 8046
f 8048 8049 8044
f 8050 8047 8042
f 8050 8042 8051
f 8052 8049 8048
f 8053 8050 8051
f 8054 8049 8052
f 8055 8053 8051
f 8055 8051 8056
f 8057 8058 8049
f 8057 8049 8054
f 8059 8055 8056
f 8060 8058 8057
f 8061 8056 8062
f 8061 8059 8056
f 8063 8064 8058
f 8063 8058 8060
f 8065 8061 8062
f 8066 8064 8063
f 8067 8065 8062
f 8068 8069 8064
f 8068 8064 8066
f 8070 8067 8062
f 8070 8062 8071
f 8072 8069 8068
f 8073 8070 8071
f 8074 8069 8072
f 8075 8073 8071
f 8075 8071 8076
f 8077 8078 8069
f 8077 8069 8074
f 8079 8075 8076
f 8080 8078 8077
f 8081 8079 8076
f 8081 8076 8082
f 8083 8084 8078
f 8083 8078 8080
f 8085 8081 8082
f 8086 8084 8083
f 8087 8085 8082
f 8088 8084 8086
f 8088 8089 8084
f 8090 8087 8082
f 8090 8082 8091
f 8092 8089 8088
f 8093 8090 8091
f 8094 8089 8092
f 8095 8093 8091
f 8095 8091 8096
f 8097 8089 8094
f 8097 8096 8089
f 8098 8095 8096
f 8098 8096 8097
f 8099 8100 8101
f 8101 8100 8102
f 8103 8104 8105
f 8106 8104 8103
f 8107 8108 8109
f 8110 8108 8107
f 8111 8112 8113
f 8113 8112 8114
f 8115 8116 8117
f 8117 8116 8118
f 8119 8120 8121
f 8121 8120 8122
f 8123 8124 8125
f 8125 8124 8126
f 8127 8128 8129
f 8129 8128 8130
f 8131 8132 8133
f 8132 8134 8133
f 8135 8136 8137
f 8136 8138 8137
f 8139 8140 8141
f 8141 8140 8142
f 8143 8144 8145
f 8145 8144 8146
f 8147 8148 8149
f 8149 8148 8150
f 8151 8152 8153
f 8152 8154 8153
f 8155 8156 8157
f 8157 8156 8158
f 8159 8160 8161
f 8161 8160 8162
f 8163 8164 8165
f 8165 8164 8166
f 8167 8168 8169
f 8168 8170 8169
f 8171 8172 8173
f 8173 8172 8174
f 8175 8176 8177
f 8178 8176 8175
f 8179 8180 8181
f 8182 8180 8179
f 8183 8184 8185
f 8186 8187 8188
f 8189 8184 8183
f 8187 8190 8188
f 8191 8192 8193
f 8194 8192 8191
f 8195 8196 8197
f 8198 8196 8195
f 8199 8200 8201
f 8202 8203 8204
f 8205 8200 8199
f 8203 8206 8204
f 8207 8208 8209
f 8210 8208 8207
f 8211 8212 8213
f 8214 8212 8211
f 8215 8216 8217
f 8217 8216 8218
f 8219 8220 8221
f 8221 8220 8222
f 8223 8224 8225
f 8225 8224 8226
f 8227 8228 8229
f 8229 8228 8230
f 8231 8232 8233
f 8233 8232 8234
f 8235 8236 8237
f 8237 8236 8238
f 8239 8240 8241
f 8241 8240 8242
f 8243 8244 8245
f 8245 8244 8246
f 8247 8248 8249
f 8249 8248 8250
f 8251 8252 8253
f 8253 8252 8254
f 8255 8256 8257
f 8257 8256 8258
f 8259 8260 8261
f 8262 8263 8264
f 8262 8264 8265
f 8266 8267 8268
f 8266 8268 8269
f 8266 8269 8259
f 8270 8271 8272
f 8270 8272 8273
f 8274 8270 8275
f 8276 8277 8278
f 8276 8279 8277
f 8280 8274 8281
f 8282 8283 8276
f 8284 8278 8285
f 8284 8270 8274
f 8284 8285 8266
f 8284 8276 8278
f 8284 8274 8280
f 8284 8261 8286
f 8284 8286 8287
f 8284 8287 8288
f 8284 8288 8289
f 8284 8289 8290
f 8284 8290 8291
f 8284 8291 8292
f 8284 8282 8276
f 8284 8292 8293
f 8284 8293 8294
f 8284 8294 8295
f 8284 8295 8296
f 8284 8296 8263
f 8284 8262 8271
f 8284 8280 8297
f 8284 8297 8298
f 8284 8266 8259
f 8284 8263 8262
f 8284 8259 8261
f 8284 8271 8270
f 8299 8300 8301
f 8302 8300 8299
f 8303 8304 8305
f 8306 8307 8308
f 8306 8308 8309
f 8310 8311 8302
f 8312 8313 8314
f 8310 8302 8299
f 8315 8316 8306
f 8317 8318 8319
f 8320 8311 8310
f 8321 8322 8323
f 8321 8323 8315
f 8321 8306 8309
f 8321 8315 8306
f 8324 8317 8325
f 8326 8321 8309
f 8327 8328 8329
f 8327 8320 8328
f 8330 8326 8309
f 8331 8327 8332
f 8331 8320 8327
f 8333 8334 8330
f 8335 8311 8320
f 8335 8320 8331
f 8336 8333 8330
f 8337 8336 8330
f 8338 8337 8330
f 8339 8338 8330
f 8340 8341 8342
f 8343 8339 8330
f 8343 8330 8309
f 8344 8345 8346
f 8344 8347 8345
f 8348 8347 8344
f 8348 8335 8347
f 8349 8311 8335
f 8349 8335 8348
f 8350 8311 8349
f 8351 8352 8353
f 8351 8353 8354
f 8351 8354 8343
f 8351 8343 8309
f 8351 8309 8355
f 8356 8311 8350
f 8357 8351 8355
f 8358 8359 8311
f 8358 8311 8356
f 8360 8355 8361
f 8360 8357 8355
f 8362 8359 8358
f 8363 8360 8361
f 8364 8359 8362
f 8365 8363 8361
f 8366 8365 8361
f 8367 8359 8364
f 8368 8369 8370
f 8368 8370 8371
f 8368 8371 8372
f 8368 8372 8373
f 8368 8373 8374
f 8368 8374 8375
f 8376 8369 8368
f 8377 8361 8378
f 8377 8366 8361
f 8379 8359 8367
f 8379 8380 8359
f 8381 8376 8368
f 8382 8377 8378
f 8383 8380 8379
f 8384 8381 8368
f 8385 8384 8368
f 8385 8386 8387
f 8385 8388 8386
f 8385 8368 8388
f 8389 8382 8378
f 8390 8380 8383
f 8391 8387 8392
f 8393 8394 8389
f 8395 8389 8378
f 8395 8393 8389
f 8396 8380 8390
f 8397 8398 8399
f 8400 8401 8402
f 8403 8395 8378
f 8404 8380 8396
f 8405 8403 8378
f 8405 8378 8406
f 8407 8380 8404
f 8407 8408 8380
f 8409 8405 8406
f 8410 8408 8407
f 8411 8409 8406
f 8411 8406 8412
f 8413 8414 8408
f 8413 8408 8410
f 8415 8385 8387
f 8415 8387 8391
f 8416 8412 8417
f 8416 8411 8412
f 8418 8414 8413
f 8418 8419 8414
f 8420 8416 8417
f 8420 8417 8385
f 8421 8419 8418
f 8422 8420 8385
f 8423 8424 8419
f 8423 8419 8421
f 8425 8422 8385
f 8426 8427 8424
f 8426 8424 8423
f 8428 8425 8385
f 8429 8427 8426
f 8430 8428 8385
f 8431 8427 8429
f 8432 8385 8415
f 8433 8429 8434
f 8433 8434 8435
f 8433 8431 8429
f 8433 8436 8437
f 8438 8385 8432
f 8439 8436 8433
f 8440 8385 8438
f 8441 8439 8433
f 8442 8385 8440
f 8443 8444 8445
f 8443 8445 8446
f 8443 8446 8441
f 8443 8441 8433
f 8447 8448 8449
f 8447 8449 8450
f 8451 8452 8453
f 8451 8453 8454
f 8451 8454 8455
f 8456 8452 8451
f 8457 8456 8458
f 8457 8458 8459
f 8457 8452 8456
f 8460 8461 8452
f 8460 8452 8457
f 8462 8430 8385
f 8462 8385 8442
f 8462 8448 8447
f 8462 8442 8463
f 8462 8463 8464
f 8462 8464 8448
f 8462 8465 8461
f 8462 8466 8465
f 8462 8461 8460
f 8462 8447 8466
f 8467 8468 8469
f 8470 8471 8472
f 8473 8474 8475
f 8476 8477 8478
f 8479 8480 8481
f 8479 8482 8480
f 8483 8479 8481
f 8484 8485 8486
f 8487 8483 8481
f 8488 8489 8490
f 8491 8484 8492
f 8491 8492 8493
f 8491 8485 8484
f 8494 8495 8496
f 8497 8476 8485
f 8497 8477 8476
f 8497 8485 8491
f 8498 8477 8497
f 8499 8500 8501
f 8499 8502 8500
f 8499 8501 8487
f 8503 8477 8498
f 8504 8505 8506
f 8507 8499 8487
f 8508 8503 8509
f 8508 8509 8510
f 8508 8477 8503
f 8511 8512 8513
f 8511 8513 8507
f 8514 8508 8515
f 8516 8511 8507
f 8517 8516 8507
f 8517 8507 8487
f 8518 8514 8519
f 8520 8517 8487
f 8521 8514 8518
f 8521 8508 8514
f 8522 8477 8508
f 8522 8508 8521
f 8523 8524 8520
f 8523 8481 8525
f 8523 8487 8481
f 8523 8520 8487
f 8526 8477 8522
f 8527 8477 8526
f 8528 8523 8525
f 8529 8530 8477
f 8529 8477 8527
f 8531 8528 8525
f 8531 8525 8532
f 8533 8530 8529
f 8534 8531 8532
f 8535 8530 8533
f 8536 8534 8532
f 8537 8530 8535
f 8538 8536 8532
f 8539 8540 8530
f 8539 8530 8537
f 8541 8532 8542
f 8541 8538 8532
f 8543 8540 8539
f 8544 8541 8542
f 8545 8540 8543
f 8546 8544 8542
f 8547 8545 8548
f 8549 8550 8551
f 8552 8553 8554
f 8555 8546 8542
f 8556 8540 8545
f 8556 8545 8547
f 8557 8555 8542
f 8558 8540 8556
f 8559 8557 8542
f 8559 8542 8560
f 8561 8562 8540
f 8561 8540 8558
f 8563 8559 8560
f 8564 8562 8561
f 8565 8560 8566
f 8565 8563 8560
f 8567 8568 8562
f 8567 8562 8564
f 8569 8565 8566
f 8569 8566 8570
f 8571 8572 8568
f 8571 8568 8567
f 8573 8569 8570
f 8574 8462 8572
f 8574 8572 8571
f 8575 8570 8576
f 8575 8573 8570
f 8577 8462 8574
f 8578 8576 8579
f 8578 8575 8576
f 8580 8462 8577
f 8581 8579 8582
f 8581 8582 8443
f 8581 8578 8579
f 8583 8462 8580
f 8584 8581 8443
f 8585 8462 8583
f 8585 8430 8462
f 8586 8584 8443
f 8586 8433 8435
f 8586 8443 8433
f 8587 8588 8430
f 8587 8430 8585
f 8589 8435 8590
f 8589 8590 8591
f 8589 8586 8435
f 8592 8593 8588
f 8592 8588 8587
f 8594 8589 8591
f 8595 8596 8593
f 8595 8593 8592
f 8597 8591 8598
f 8597 8598 8599
f 8597 8594 8591
f 8600 8596 8595
f 8600 8601 8596
f 8602 8597 8599
f 8603 8604 8601
f 8603 8601 8600
f 8605 8599 8606
f 8605 8602 8599
f 8607 8608 8604
f 8607 8604 8603
f 8609 8606 8610
f 8609 8610 8611
f 8609 8605 8606
f 8612 8611 8608
f 8612 8608 8607
f 8613 8609 8611
f 8613 8611 8612
f 8614 8615 8616
f 8617 8618 8619
f 8620 8621 8622
f 8623 8614 8616
f 8624 8625 8626
f 8627 8624 8626
f 8628 8627 8626
f 8629 8630 8631
f 8629 8631 8632
f 8629 8632 8633
f 8634 8628 8626
f 8635 8630 8629
f 8636 8634 8626
f 8637 8636 8626
f 8638 8635 8639
f 8638 8630 8635
f 8640 8637 8626
f 8641 8640 8626
f 8642 8643 8644
f 8645 8630 8638
f 8646 8641 8626
f 8647 8630 8645
f 8648 8649 8646
f 8648 8646 8626
f 8650 8647 8651
f 8652 8648 8626
f 8653 8654 8655
f 8656 8657 8652
f 8656 8652 8626
f 8658 8650 8659
f 8658 8647 8650
f 8660 8656 8626
f 8661 8660 8626
f 8662 8661 8626
f 8663 8658 8664
f 8665 8666 8667
f 8663 8630 8647
f 8663 8647 8658
f 8668 8662 8626
f 8669 8630 8663
f 8670 8668 8626
f 8671 8630 8669
f 8672 8673 8670
f 8672 8670 8626
f 8674 8630 8671
f 8675 8676 8677
f 8678 8672 8626
f 8678 8626 8679
f 8678 8679 8680
f 8681 8630 8674
f 8681 8682 8683
f 8681 8683 8630
f 8684 8678 8680
f 8684 8680 8685
f 8684 8685 8686
f 8684 8686 8687
f 8684 8687 8688
f 8689 8682 8681
f 8689 8690 8691
f 8689 8691 8692
f 8689 8692 8693
f 8689 8693 8694
f 8689 8694 8682
f 8695 8688 8696
f 8695 8696 8623
f 8695 8616 8697
f 8695 8697 8698
f 8695 8623 8616
f 8695 8684 8688
f 8699 8690 8689
f 8699 8621 8620
f 8699 8700 8701
f 8699 8701 8621
f 8699 8620 8690
f 8702 8695 8698
f 8702 8698 8703
f 8702 8703 8704
f 8705 8700 8699
f 8705 8706 8707
f 8705 8707 8700
f 8708 8702 8704
f 8708 8704 8709
f 8710 8706 8705
f 8710 8711 8712
f 8710 8712 8706
f 8713 8708 8709
f 8713 8709 8714
f 8715 8711 8710
f 8715 8716 8711
f 8717 8713 8714
f 8717 8714 8718
f 8717 8718 8719
f 8717 8719 8720
f 8717 8720 8721
f 8722 8723 8724
f 8725 8716 8715
f 8725 8726 8716
f 8727 8728 8722
f 8729 8730 8731
f 8729 8731 8727
f 8732 8727 8722
f 8732 8722 8724
f 8732 8729 8727
f 8733 8732 8724
f 8734 8724 8717
f 8734 8733 8724
f 8735 8734 8717
f 8736 8735 8717
f 8737 8736 8717
f 8738 8726 8725
f 8738 8739 8726
f 8740 8739 8738
f 8741 8742 8737
f 8743 8744 8739
f 8743 8739 8740
f 8745 8741 8737
f 8746 8747 8744
f 8746 8744 8743
f 8748 8745 8737
f 8748 8737 8717
f 8749 8747 8746
f 8750 8748 8717
f 8751 8747 8749
f 8752 8750 8717
f 8753 8752 8717
f 8754 8609 8613
f 8754 8755 8609
f 8756 8755 8754
f 8756 8757 8755
f 8758 8754 8613
f 8758 8613 8759
f 8760 8757 8756
f 8760 8761 8757
f 8762 8758 8759
f 8762 8759 8763
f 8764 8761 8760
f 8764 8765 8761
f 8766 8762 8763
f 8766 8763 8767
f 8766 8767 8768
f 8769 8765 8764
f 8769 8770 8765
f 8771 8766 8768
f 8772 8770 8769
f 8772 8773 8770
f 8774 8771 8768
f 8774 8768 8775
f 8776 8773 8772
f 8776 8777 8773
f 8778 8747 8751
f 8778 8751 8779
f 8778 8779 8780
f 8778 8774 8775
f 8778 8775 8747
f 8781 8777 8776
f 8781 8721 8777
f 8782 8778 8780
f 8782 8780 8783
f 8784 8721 8781
f 8785 8782 8783
f 8785 8783 8786
f 8787 8785 8786
f 8787 8788 8785
f 8789 8788 8787
f 8789 8790 8788
f 8791 8792 8793
f 8794 8795 8796
f 8797 8798 8799
f 8800 8792 8791
f 8801 8784 8802
f 8801 8802 8803
f 8801 8803 8804
f 8801 8804 8805
f 8801 8806 8807
f 8801 8807 8808
f 8801 8808 8753
f 8801 8753 8717
f 8801 8717 8721
f 8801 8721 8784
f 8809 8806 8801
f 8809 8810 8811
f 8809 8811 8806
f 8812 8809 8801
f 8813 8812 8801
f 8814 8813 8801
f 8814 8801 8815
f 8814 8815 8816
f 8817 8814 8816
f 8817 8816 8818
f 8819 8820 8814
f 8821 8814 8817
f 8821 8817 8822
f 8823 8819 8814
f 8824 8814 8821
f 8824 8823 8814
f 8825 8790 8789
f 8825 8826 8790
f 8827 8805 8828
f 8827 8801 8805
f 8829 8810 8809
f 8830 8826 8825
f 8830 8831 8832
f 8830 8832 8826
f 8833 8828 8834
f 8833 8827 8828
f 8835 8836 8837
f 8838 8839 8840
f 8841 8842 8843
f 8841 8843 8831
f 8841 8831 8830
f 8844 8835 8845
f 8844 8836 8835
f 8846 8834 8847
f 8846 8847 8848
f 8846 8833 8834
f 8849 8850 8838
f 8851 8844 8852
f 8853 8849 8838
f 8853 8838 8840
f 8854 8853 8840
f 8855 8797 8799
f 8855 8842 8841
f 8855 8856 8797
f 8855 8799 8857
f 8855 8857 8842
f 8858 8848 8859
f 8858 8859 8792
f 8858 8800 8860
f 8858 8860 8861
f 8858 8792 8800
f 8858 8846 8848
f 8862 8844 8851
f 8862 8851 8863
f 8864 8836 8844
f 8864 8844 8862
f 8865 8854 8840
f 8865 8866 8867
f 8865 8867 8868
f 8865 8868 8854
f 8869 8856 8855
f 8869 8870 8871
f 8869 8871 8872
f 8869 8872 8873
f 8869 8873 8874
f 8869 8874 8856
f 8875 8861 8876
f 8875 8876 8877
f 8875 8877 8878
f 8875 8878 8879
f 8875 8858 8861
f 8880 8836 8864
f 8880 8864 8881
f 8880 8881 8882
f 8883 8865 8840
f 8884 8836 8880
f 8885 8836 8884
f 8886 8887 8888
f 8889 8836 8885
f 8890 8891 8883
f 8892 8840 8893
f 8892 8893 8894
f 8892 8894 8870
f 8892 8870 8869
f 8895 8879 8896
f 8895 8896 8836
f 8895 8875 8879
f 8897 8889 8898
f 8897 8898 8899
f 8897 8836 8889
f 8900 8901 8902
f 8903 8904 8890
f 8903 8890 8883
f 8905 8895 8836
f 8906 8836 8897
f 8907 8892 8908
f 8909 8910 8905
f 8909 8905 8836
f 8909 8836 8906
f 8911 8883 8840
f 8911 8912 8903
f 8911 8892 8907
f 8911 8840 8892
f 8911 8903 8883
f 8913 8914 8915
f 8916 8917 8918
f 8919 8913 8915
f 8920 8921 8922
f 8923 8916 8918
f 8924 8925 8926
f 8927 8928 8929
f 8930 8931 8932
f 8933 8934 8935
f 8936 8937 8938
f 8939 8940 8941
f 8942 8943 8944
f 8945 8946 8947
f 8948 8949 8950
f 8951 8952 8953
f 8954 8955 8956
f 8957 8958 8959
f 8960 8961 8962
f 8963 8964 8965
f 8966 8967 8968
f 8969 8970 8971
f 8972 8973 8974
f 8975 8976 8977
f 8978 8979 8980
f 8981 8982 8983
f 8984 8985 8986
f 8987 8988 8989
f 8990 8991 8992
f 8993 8994 8995
f 8996 8984 8986
f 8997 8998 8999
f 9000 9001 9002
f 9003 9004 9005
f 9006 9007 9008
f 9009 9010 9011
f 9012 9013 9014
f 9015 9016 9017
f 9018 9019 9020
f 9016 9021 9017
f 9022 9023 9024
f 9025 9026 9027
f 9028 9029 9030
f 9031 9032 9033
f 9034 9035 9036
f 9037 9034 9036
f 9038 9039 9040
f 9041 9042 9043
f 9044 9045 9046
f 9047 9048 9049
f 9050 9051 9052
f 9050 9053 9051
f 9054 9055 9056
f 9057 9058 9059
f 9060 9061 9062
f 9063 9064 9065
f 9066 9067 9068
f 9069 9070 9071
f 9072 9073 9074
f 9075 9076 9077
f 9078 9079 9080
f 9081 9082 9083
f 9084 9085 9086
f 9087 9088 9089
f 9090 9091 9092
f 9093 9094 9095
f 9096 9097 9098
f 9099 9100 9101
f 9102 9103 9104
f 9105 9106 9107
f 9108 9109 9110
f 9111 9112 9113
f 9114 9115 9116
f 9117 9118 9119
f 9120 9121 9122
f 9120 9123 9121
f 9124 9125 9126
f 9124 9127 9125
f 9128 9129 9130
f 9131 9132 9133
f 9134 9135 9136
f 9137 9138 9139
f 9140 9141 9142
f 9143 9141 9140
f 9144 9145 9146
f 9147 9148 9149
f 9150 9151 9152
f 9153 9154 9155
f 9156 9157 9158
f 9159 9160 9161
f 9162 9159 9161
f 9163 9164 9165
f 9163 9166 9164
f 9167 9168 9169
f 9170 9171 9172
f 9173 9174 9175
f 9176 9177 9178
f 9179 9180 9181
f 9182 9183 9184
f 9185 9186 9187
f 9188 9189 9190
f 9191 9192 9193
f 9194 9195 9196
f 9197 9198 9199
f 9200 9201 9202
f 9203 9204 9205
f 9206 9207 9208
f 9209 9210 9211
f 9212 9213 9214
f 9215 9216 9217
f 9218 9209 9211
f 9219 9220 9221
f 9222 9223 9224
f 9225 9219 9221
f 9226 9227 9228
f 9229 9230 9231
f 9232 9233 9234
f 9235 9236 9237
f 9238 9239 9240
f 9241 9242 9243
f 9244 9245 9246
f 9247 9248 9249
f 9250 9251 9252
f 9253 9254 9255
f 9256 9257 9258
f 9259 9260 9261
f 9262 9263 9264
f 9265 9266 9267
f 9268 9269 9270
f 9271 9272 9273
f 9274 9275 9276
f 9277 9278 9279
f 9280 9281 9282
f 9283 9284 9285
f 9286 9280 9282
f 9287 9288 9289
f 9287 9289 9290
f 9291 9292 9293
f 9294 9295 9296
f 9297 9291 9293
f 9298 9299 9300
f 9301 9302 9303
f 9304 9305 9306
f 9307 9308 9309
f 9310 9311 9312
f 9313 9314 9315
f 9316 9317 9318
f 9319 9320 9321
f 9322 9323 9324
f 9325 9326 9327
f 9328 9329 9330
f 9331 9332 9333
f 9334 9335 9336
f 9337 9338 9339
f 9340 9341 9342
f 9343 9344 9345
f 9346 9347 9348
f 9349 9350 9351
f 9352 9353 9354
f 9355 9356 9357
f 9358 9359 9360
f 9361 9362 9363
f 9364 9365 9366
f 9367 9368 9369
f 9370 9371 9372
f 9373 9374 9375
f 9376 9377 9378
f 9379 9380 9381
f 9382 9383 9384
f 9385 9386 9387
f 9388 9389 9390
f 9391 9392 9393
f 9394 9395 9396
f 9397 9398 9399
f 9400 9401 9402
f 9403 9404 9405
f 9406 9407 9408
f 9409 9410 9411
f 9412 9413 9414
f 9412 9415 9413
f 9416 9417 9418
f 9416 9419 9417
f 9420 9421 9422
f 9422 9421 9423
f 9424 9425 9426
f 9424 9426 9427
f 9428 9429 9430
f 9428 9431 9429
f 9432 9433 9434
f 9432 9435 9433
f 9436 9437 9438
f 9436 9439 9437
f 9440 9441 9442
f 9440 9443 9441
f 9444 9445 9446
f 9444 9447 9445
f 9448 9449 9450
f 9448 9451 9449
f 9452 9453 9454
f 9452 9455 9453
f 9456 9457 9458
f 9456 9459 9457
f 9460 9461 9462
f 9460 9463 9461
f 9464 9465 9466
f 9464 9467 9465
f 9468 9469 9470
f 9468 9471 9469
f 9472 9473 9474
f 9472 9475 9473
f 9476 9477 9478
f 9476 9479 9477
f 9480 9481 9482
f 9480 9483 9481
f 9484 9485 9486
f 9484 9486 9487
f 9488 9489 9490
f 9488 9490 9491
f 9492 9493 9494
f 9495 9496 9497
f 9498 9492 9494
f 9499 9500 9501
f 9502 9495 9497
f 9503 9504 9505
f 9506 9507 9508
f 9509 9510 9511
f 9512 9513 9514
f 9515 9516 9517
f 9518 9519 9520
f 9521 9522 9523
f 9524 9525 9526
f 9527 9528 9529
f 9530 9531 9532
f 9533 9534 9535
f 9536 9537 9538
f 9539 9540 9541
f 9542 9543 9544
f 9545 9546 9547
f 9548 9549 9550
f 9551 9552 9553
f 9554 9555 9556
f 9557 9558 9559
f 9560 9561 9562
f 9563 9564 9565
f 9566 9567 9568
f 9569 9570 9571
f 9572 9573 9574
f 9575 9563 9565
f 9576 9577 9578
f 9579 9580 9581
f 9582 9583 9584
f 9585 9586 9587
f 9588 9589 9590
f 9591 9592 9593
f 9594 9595 9596
f 9597 9598 9599
f 9595 9600 9596
f 9601 9602 9603
f 9604 9605 9606
f 9607 9608 9609
f 9610 9611 9612
f 9613 9614 9615
f 9613 9616 9614
f 9617 9618 9619
f 9620 9621 9622
f 9623 9624 9625
f 9626 9627 9628
f 9629 9630 9631
f 9629 9632 9630
f 9633 9634 9635
f 9633 9636 9634
f 9637 9638 9639
f 9640 9641 9642
f 9643 9644 9645
f 9646 9647 9648
f 9649 9650 9651
f 9649 9652 9650
f 9653 9654 9655
f 9653 9656 9654
f 9657 9658 9659
f 9657 9660 9658
f 9661 9662 9663
f 9663 9662 9664
f 9665 9666 9667
f 9668 9666 9665
f 9669 9670 9671
f 9672 9670 9669
f 9673 9674 9675
f 9676 9677 9678
f 9679 9680 9681
f 9682 9683 9684
f 9685 9686 9687
f 9688 9689 9690
f 9691 9689 9688
f 9692 9693 9694
f 9695 9696 9697
f 9697 9696 9698
f 9699 9700 9701
f 9702 9703 9704
f 9705 9706 9707
f 9707 9706 9708
f 9709 9710 9711
f 9712 9710 9709
f 9713 9714 9715
f 9716 9714 9713
f 9717 9718 9719
f 9720 9721 9722
f 9723 9724 9725
f 9726 9727 9728
f 9729 9730 9731
f 9732 9733 9734
f 9735 9733 9732
f 9736 9737 9738
f 9739 9740 9741
f 9741 9740 9742
f 9743 9744 9745
f 9746 9747 9748
f 9749 9750 9751
f 9752 9753 9754
f 9755 9756 9757
f 9758 9759 9760
f 9761 9762 9763
f 9761 9764 9762
f 9765 9766 9767
f 9765 9768 9766
f 9769 9770 9771
f 9772 9773 9774
f 9775 9776 9777
f 9778 9779 9780
f 9781 9782 9783
f 9781 9784 9782
f 9785 9786 9787
f 9785 9788 9786
f 9789 9790 9791
f 9789 9792 9790
f 9793 9794 9795
f 9795 9794 9796
f 9797 9798 9799
f 9800 9798 9797
f 9801 9802 9803
f 9804 9802 9801
f 9805 9806 9807
f 9808 9806 9805
f 9809 9810 9811
f 9812 9810 9809
f 9813 9814 9815
f 9816 9814 9813
f 9817 9818 9819
f 9820 9818 9817
f 9821 9822 9823
f 9824 9822 9821
f 9825 9826 9827
f 9828 9826 9825
f 9829 9830 9831
f 9832 9830 9829
f 9833 9834 9835
f 9836 9834 9833
f 9837 9838 9839
f 9840 9838 9837
f 9841 9842 9843
f 9843 9842 9844
f 9845 9846 9847
f 9847 9846 9848
f 9849 9850 9851
f 9851 9850 9852
f 9853 9854 9855
f 9855 9854 9856
f 9857 9858 9859
f 9859 9858 9860
f 9861 9862 9863
f 9863 9862 9864
f 9865 9866 9867
f 9867 9866 9868
f 9869 9870 9871
f 9871 9870 9872
f 9873 9874 9875
f 9875 9874 9876
f 9877 9878 9879
f 9879 9878 9880
f 9881 9882 9883
f 9883 9882 9884
f 9885 9886 9887
f 9887 9886 9888
f 9889 9890 9891
f 9891 9890 9892
f 9893 9894 9895
f 9893 9896 9894
f 9897 9898 9899
f 9897 9900 9898
f 9901 9902 9903
f 9901 9904 9902
f 9905 9906 9907
f 9905 9908 9906
f 9909 9910 9911
f 9909 9912 9910
f 9913 9914 9915
f 9916 9917 9918
f 9916 9919 9917
f 9920 9913 9915
f 9744 9921 9745
f 9744 9922 9921
f 9923 9750 9749
f 9923 9749 9924
f 9925 9926 9927
f 9925 9928 9926
f 9929 9930 9931
f 9929 9932 9930
f 9933 9934 9935
f 9933 9936 9934
f 9937 9938 9939
f 9937 9940 9938
f 9941 9942 9943
f 9941 9944 9942
f 9945 9946 9947
f 9945 9948 9946
f 9949 9950 9951
f 9949 9952 9950
f 9953 9954 9955
f 9953 9956 9954
f 9957 9958 9959
f 9957 9960 9958
f 9961 9962 9963
f 9961 9964 9962
f 9965 9966 9967
f 9965 9968 9966
f 9969 9970 9971
f 9969 9972 9970
f 9973 9974 9975
f 9976 9977 9978
f 9976 9979 9977
f 9980 9973 9975
f 9700 9981 9701
f 9700 9982 9981
f 9983 9618 9617
f 9983 9617 9984
f 9985 9986 9987
f 9985 9988 9986
f 9989 9990 9991
f 9989 9992 9990
f 9993 9994 9995
f 9993 9996 9994
f 9997 9998 9999
f 10000 10001 10002
f 10000 10003 10001
f 10004 9997 9999
f 10005 10006 10007
f 10005 10008 10006
f 10009 10010 10011
f 10009 10012 10010
f 10013 10014 10015
f 10013 10015 10016
f 10017 10018 10019
f 10020 10021 10022
f 10023 10024 10025
f 10026 10027 10028
f 10029 10030 10031
f 10032 10033 10034
f 10035 10036 10037
f 10038 10039 10040
f 10041 10042 10043
f 10044 10045 10046
f 10047 10048 10049
f 10050 10051 10052
f 10053 10054 10055
f 10056 10057 10058
f 10059 10060 10061
f 10062 10063 10064
f 10065 10066 10056
f 10067 10068 10069
f 10065 10056 10058
f 10065 10070 10066
f 10071 10072 10073
f 10074 10067 10069
f 10075 10076 10077
f 10078 10071 10073
f 10079 10080 10081
f 10082 10075 10077
f 10083 10084 10085
f 10086 10079 10081
f 10087 10088 10089
f 10090 10083 10085
f 10091 10092 10093
f 10094 10087 10089
f 10095 10091 10093
f 10096 10097 10098
f 10099 10096 10098
f 10100 10101 10102
f 10103 10100 10102
f 10104 10105 10106
f 10107 10104 10106
f 10108 10109 10110
f 10111 10108 10110
f 10112 10113 10114
f 10115 10112 10114
f 10116 10117 10118
f 10119 10116 10118
f 10120 10121 10122
f 10123 10120 10122
f 10124 10125 10126
f 10127 10124 10126
f 10128 10129 10130
f 10131 10132 10133
f 10134 10128 10130
f 10135 10136 10137
f 10138 10131 10133
f 10139 10140 10141
f 10142 10135 10137
f 10143 10144 10145
f 10146 10139 10141
f 10147 10148 10149
f 10150 10143 10145
f 10151 10152 10153
f 10154 10147 10149
f 10155 10151 10153
f 10156 10157 10158
f 10159 10160 10161
f 10162 10160 10159
f 10163 10164 10165
f 10166 10167 10168
f 10169 10170 10171
f 10172 10173 10174
f 10175 10176 10177
f 10178 10179 10180
f 10181 10182 10183
f 10184 10185 10186
f 10187 10188 10189
f 10190 10191 10192
f 10193 10194 10195
f 10196 10197 10198
f 10199 10200 10201
f 10202 10203 10204
f 10205 10206 10207
f 10208 10209 10210
f 10211 10212 10213
f 10214 10215 10216
f 10217 10218 10219
f 10220 10221 10222
f 10223 10224 10225
f 10217 10226 10218
f 10227 10228 10229
f 10230 10223 10225
f 10231 10232 10233
f 10234 10227 10229
f 10235 10236 10237
f 10238 10231 10233
f 10239 10240 10241
f 10242 10235 10237
f 10243 10239 10241
f 10244 10245 10246
f 10247 10248 10249
f 10247 10250 10248
f 10251 10252 10253
f 10254 10244 10246
f 10255 10256 10257
f 10258 10251 10253
f 10259 10260 10261
f 10262 10255 10257
f 10263 10264 10265
f 10266 10259 10261
f 10267 10268 10269
f 10270 10263 10265
f 10271 10272 10273
f 10274 10267 10269
f 10275 10271 10273
f 10276 10277 10278
f 10279 10280 10281
f 10279 10282 10280
f 10283 10284 10285
f 10286 10276 10278
f 10287 10288 10289
f 10290 10283 10285
f 10291 10292 10293
f 10294 10287 10289
f 10295 10291 10293
f 10296 10297 10298
f 10299 10300 10301
f 10296 10298 10302
f 10303 10299 10301
f 10304 10305 10306
f 10307 10304 10306
f 10308 10309 10310
f 10311 10308 10310
f 10312 10313 10314
f 10312 10315 10313
f 10316 10315 10312
f 10317 10315 10316
f 10318 10319 10320
f 10321 10322 10323
f 10324 10325 10326
f 10327 10328 10329
f 10330 10331 10332
f 10333 10334 10335
f 10336 10337 10338
f 10339 10340 10341
f 10342 10343 10344
f 10345 10346 10347
f 10348 10349 10350
f 10351 10352 10353
f 10354 10355 10356
f 10357 10358 10359
f 10360 10361 10362
f 10363 10364 10365
f 10366 10367 10368
f 10369 10370 10371
f 10372 10373 10374
f 10375 10376 10377
f 10378 10379 10380
f 10381 10382 10383
f 10384 10385 10386
f 10387 10388 10389
f 10390 10391 10392
f 10393 10394 10395
f 10396 10397 10398
f 10399 10400 10401
f 10402 10403 10404
f 10405 10406 10407
f 10408 10409 10410
f 10411 10412 10413
f 10414 10408 10410
f 10414 10415 10408
f 10414 10416 10415
f 10417 10418 10419
f 10417 10419 10420
f 10421 10422 10423
f 10421 10423 10424
f 10425 10426 10427
f 10425 10427 10428
f 10429 10430 10431
f 10429 10431 10432
f 10433 10434 10435
f 10433 10435 10436
f 10437 10438 10439
f 10437 10439 10440
f 10441 10442 10443
f 10441 10443 10444
f 10445 10446 10447
f 10448 10449 10450
f 10445 10447 10451
f 10452 10448 10450
f 10453 10454 10455
f 10456 10457 10458
f 10453 10455 10459
f 10460 10456 10458
f 10461 10462 10463
f 10461 10463 10464
f 10465 10466 10467
f 10465 10467 10468
f 10469 10470 10471
f 10469 10471 10472
f 10473 10474 10475
f 10473 10476 10474
f 10477 10478 10479
f 10480 10481 10482
f 10480 10483 10481
f 10484 10477 10479
f 10485 10486 10487
f 10485 10488 10486
f 10489 10490 10491
f 10489 10492 10490
f 10493 10494 10495
f 10493 10496 10494
f 10497 10498 10499
f 10497 10499 10500
f 10501 10502 10503
f 10501 10503 10504
f 10505 10506 10507
f 10505 10507 10508
f 10509 10510 10511
f 10509 10511 10512
f 10513 10514 10515
f 10513 10515 10516
f 10517 10518 10519
f 10517 10519 10520
f 10521 10522 10523
f 10521 10523 10524
f 10525 10526 10527
f 10528 10529 10530
f 10525 10527 10531
f 10532 10528 10530
f 10533 10534 10535
f 10536 10533 10535
f 10537 10538 10539
f 10540 10541 10542
f 10537 10539 10543
f 10544 10540 10542
f 10545 10546 10547
f 10548 10549 10550
f 10545 10547 10551
f 10552 10548 10550
f 10553 10554 10555
f 10556 10557 10558
f 10553 10555 10559
f 10560 10561 10562
f 10563 10556 10558
f 10564 10560 10562
f 10565 10566 10567
f 10565 10568 10566
f 10569 10570 10571
f 10569 10572 10570
f 10573 10574 10575
f 10573 10576 10574
f 10577 10578 10579
f 10577 10580 10578
f 10581 10582 10583
f 10581 10584 10582
f 10585 10586 10587
f 10585 10588 10586
f 10589 10590 10591
f 10589 10592 10590
f 10593 10594 10595
f 10596 10597 10598
f 10593 10595 10599
f 10600 10596 10598
f 10601 10602 10603
f 10601 10603 10604
f 10605 10606 10607
f 10605 10607 10608
f 10609 10610 10611
f 10609 10611 10612
f 10613 10614 10615
f 10613 10615 10616
f 10617 10618 10619
f 10617 10619 10620
f 10621 10622 10623
f 10621 10623 10624
f 10625 10622 10621
f 10626 10622 10625
f 10627 10628 10629
f 10630 10631 10632
f 10633 10634 10635
f 10636 10637 10638
f 10639 10640 10641
f 10642 10643 10644
f 10645 10646 10647
f 10648 10649 10650
f 10651 10652 10653
f 10654 10655 10656
f 10657 10658 10659
f 10660 10661 10662
f 10663 10664 10665
f 10666 10667 10668
f 10669 10660 10662
f 10670 10671 10672
f 10673 10674 10675
f 10676 10677 10678
f 10679 10680 10681
f 10682 10683 10684
f 10685 10686 10687
f 10688 10689 10690
f 10691 10692 10693
f 10694 10695 10696
f 10697 10698 10699
f 10700 10701 10702
f 10703 10704 10705
f 10706 10707 10708
f 10709 10710 10711
f 10712 10713 10714
f 10715 10716 10717
f 10718 10719 10720
f 10721 10722 10723
f 10724 10725 10726
f 10727 10728 10729
f 10730 10731 10732
f 10733 10734 10735
f 10736 10737 10738
f 10739 10740 10741
f 10742 10743 10744
f 10745 10746 10747
f 10748 10749 10750
f 10751 10752 10753
f 10754 10755 10756
f 10757 10758 10759
f 10760 10761 10758
f 10760 10758 10757
f 10762 10759 10763
f 10762 10757 10759
f 10764 10765 10761
f 10764 10761 10760
f 10766 10763 10767
f 10766 10762 10763
f 10768 10769 10765
f 10768 10765 10764
f 10770 10767 10771
f 10770 10766 10767
f 10772 10769 10768
f 10772 10773 10769
f 10774 10770 10771
f 10774 10771 10775
f 10776 10773 10772
f 10776 10777 10773
f 10778 10777 10776
f 10779 10777 10778
f 10780 10774 10775
f 10781 10782 10783
f 10784 10781 10783
f 10785 10780 10775
f 10785 10775 10786
f 10787 10779 10788
f 10787 10777 10779
f 10787 10784 10783
f 10787 10783 10777
f 10789 10788 10790
f 10789 10790 10791
f 10789 10791 10792
f 10789 10787 10788
f 10793 10792 10794
f 10793 10789 10792
f 10795 10789 10793
f 10796 10782 10781
f 10796 10797 10782
f 10798 10799 10789
f 10800 10785 10786
f 10800 10786 10801
f 10802 10789 10795
f 10803 10798 10789
f 10804 10803 10789
f 10805 10802 10806
f 10805 10789 10802
f 10807 10804 10789
f 10808 10797 10796
f 10808 10809 10797
f 10810 10789 10805
f 10811 10800 10801
f 10811 10801 10812
f 10813 10807 10789
f 10814 10789 10810
f 10815 10813 10789
f 10816 10789 10814
f 10817 10815 10789
f 10818 10789 10816
f 10819 10817 10789
f 10820 10789 10818
f 10821 10819 10789
f 10822 10789 10820
f 10823 10821 10789
f 10824 10789 10822
f 10825 10823 10789
f 10826 10789 10824
f 10827 10825 10789
f 10828 10827 10789
f 10828 10789 10826
f 10829 10809 10808
f 10829 10830 10809
f 10831 10812 10832
f 10831 10811 10812
f 10833 10830 10829
f 10833 10834 10830
f 10835 10831 10832
f 10835 10832 10836
f 10837 10834 10833
f 10837 10838 10834
f 10839 10835 10836
f 10839 10836 10840
f 10841 10838 10837
f 10841 10842 10838
f 10843 10839 10840
f 10843 10840 10844
f 10845 10842 10841
f 10845 10846 10842
f 10847 10843 10844
f 10847 10844 10848
f 10849 10846 10845
f 10850 10846 10849
f 10851 10847 10848
f 10851 10848 10852
f 10853 10850 10849
f 10854 10851 10852
f 10854 10852 10855
f 10856 10850 10853
f 10857 10854 10855
f 10858 10857 10855
f 10859 10860 10861
f 10862 10863 10864
f 10865 10862 10864
f 10866 10865 10864
f 10867 10866 10864
f 10868 10856 10853
f 10869 10867 10864
f 10870 10869 10864
f 10871 10870 10864
f 10872 10871 10864
f 10873 10872 10864
f 10874 10873 10864
f 10875 10876 10877
f 10875 10858 10855
f 10875 10864 10858
f 10875 10855 10876
f 10878 10877 10876
f 10878 10876 10879
f 10880 10864 10875
f 10881 10874 10864
f 10882 10883 10856
f 10882 10856 10868
f 10884 10864 10880
f 10885 10864 10884
f 10886 10881 10864
f 10886 10887 10881
f 10888 10886 10864
f 10889 10864 10885
f 10889 10885 10890
f 10891 10889 10892
f 10893 10888 10864
f 10893 10894 10895
f 10893 10895 10888
f 10896 10864 10889
f 10896 10889 10891
f 10897 10864 10896
f 10898 10893 10864
f 10898 10899 10893
f 10900 10864 10897
f 10901 10898 10864
f 10901 10864 10900
f 10902 10878 10879
f 10903 10902 10879
f 10904 10883 10882
f 10904 10905 10883
f 10906 10902 10903
f 10907 10908 10905
f 10907 10905 10904
f 10909 10906 10903
f 10910 10906 10909
f 10911 10908 10907
f 10911 10912 10908
f 10913 10910 10909
f 10914 10910 10913
f 10915 10912 10911
f 10915 10916 10912
f 10917 10914 10913
f 10918 10914 10917
f 10919 10920 10916
f 10919 10916 10915
f 10921 10918 10917
f 10922 10918 10921
f 10923 10924 10920
f 10923 10920 10919
f 10925 10922 10921
f 10926 10922 10925
f 10927 10928 10924
f 10927 10924 10923
f 10929 10926 10925
f 10930 10926 10929
f 10931 10928 10927
f 10932 10928 10931
f 10933 10930 10929
f 10934 10930 10933
f 10935 10932 10931
f 10936 10937 10938
f 10939 10932 10935
f 10939 10935 10940
f 10939 10940 10941
f 10942 10937 10936
f 10942 10936 10943
f 10942 10943 10944
f 10945 10937 10942
f 10946 10937 10945
f 10947 10948 10949
f 10950 10934 10933
f 10951 10948 10947
f 10952 10948 10951
f 10952 10946 10948
f 10953 10934 10950
f 10954 10946 10952
f 10954 10952 10955
f 10956 10939 10941
f 10957 10937 10946
f 10957 10946 10954
f 10957 10954 10958
f 10959 10937 10957
f 10960 10937 10959
f 10960 10959 10961
f 10962 10937 10960
f 10963 10937 10962
f 10964 10956 10941
f 10965 10941 10937
f 10965 10964 10941
f 10966 10956 10964
f 10967 10937 10963
f 10968 10965 10937
f 10969 10956 10966
f 10970 10950 10971
f 10970 10953 10950
f 10972 10967 10973
f 10972 10973 10974
f 10972 10937 10967
f 10975 10937 10972
f 10975 10972 10976
f 10975 10977 10978
f 10975 10978 10979
f 10975 10979 10968
f 10975 10968 10937
f 10980 10956 10969
f 10981 10980 10969
f 10982 10971 10983
f 10982 10970 10971
f 10984 10980 10981
f 10985 10984 10981
f 10986 10982 10983
f 10987 10986 10983
f 10988 10984 10985
f 10989 10988 10985
f 10990 10986 10987
f 10991 10990 10987
f 10992 10988 10989
f 10993 10992 10989
f 10994 10990 10991
f 10995 10994 10991
f 10996 10992 10993
f 10997 10996 10993
f 10998 10994 10995
f 10999 10998 10995
f 11000 10996 10997
f 11001 11000 10997
f 11002 10998 10999
f 11003 11002 10999
f 11004 11000 11001
f 11005 11004 11001
f 11006 11002 11003
f 11007 11006 11003
f 11008 11005 11009
f 11008 11004 11005
f 11010 11006 11007
f 11011 11010 11007
f 11012 11013 11014
f 11012 11014 11015
f 11016 11017 11018
f 11019 11010 11011
f 11020 11018 11021
f 11020 11021 11013
f 11020 11012 11022
f 11020 11013 11012
f 11020 11016 11018
f 11023 11009 11024
f 11023 11008 11009
f 11025 11026 11020
f 11025 11020 11022
f 11027 11028 11025
f 11029 11027 11025
f 11030 11031 11032
f 11030 11032 11019
f 11030 11019 11011
f 11033 11034 11029
f 11035 11029 11025
f 11035 11033 11029
f 11036 11035 11025
f 11036 11037 11035
f 11038 11024 11039
f 11038 11023 11024
f 11040 11041 11036
f 11042 11036 11025
f 11042 11040 11036
f 11043 11042 11025
f 11043 11025 11022
f 11044 11043 11022
f 11045 11046 11044
f 11047 11045 11044
f 11048 11022 11049
f 11050 11044 11022
f 11050 11047 11044
f 11050 11022 11048
f 11050 11051 11052
f 11050 11052 11047
f 11053 11048 11049
f 11053 11030 11054
f 11053 11049 11031
f 11053 11031 11030
f 11055 11053 11054
f 11056 11055 11054
f 11057 11038 11039
f 11058 11038 11057
f 11059 11056 11054
f 11060 11056 11059
f 11061 11058 11057
f 11062 11058 11061
f 11063 11060 11059
f 11063 11064 11060
f 11065 11062 11061
f 11066 11062 11065
f 11067 11066 11065
f 11068 11064 11063
f 11068 11069 11064
f 11070 11066 11067
f 11071 11070 11067
f 11072 11069 11068
f 11072 11073 11069
f 11074 11070 11071
f 11075 11074 11071
f 11076 11077 11073
f 11076 11073 11072
f 11078 11074 11075
f 11079 11078 11075
f 11080 11077 11076
f 11080 11081 11077
f 11082 11078 11079
f 11083 11082 11079
f 11084 11081 11080
f 11084 11085 11081
f 11086 11082 11083
f 11087 11086 11083
f 11088 11089 11090
f 11091 11089 11088
f 11092 11093 11091
f 11092 11088 11094
f 11092 11094 11095
f 11092 11091 11088
f 11096 11097 11092
f 11098 11085 11084
f 11098 11099 11085
f 11100 11095 11101
f 11100 11101 11102
f 11100 11102 11103
f 11104 11105 11096
f 11104 11092 11095
f 11104 11096 11092
f 11106 11104 11095
f 11107 11100 11108
f 11109 11100 11107
f 11110 11087 11111
f 11110 11086 11087
f 11112 11113 11106
f 11112 11095 11100
f 11112 11100 11109
f 11112 11106 11095
f 11114 11099 11098
f 11114 11115 11099
f 11116 11112 11117
f 11116 11117 11118
f 11119 11111 11120
f 11119 11120 11121
f 11119 11110 11111
f 11122 11123 11124
f 11122 11124 11125
f 11122 11125 11126
f 11127 11116 11123
f 11127 11112 11116
f 11127 11123 11122
f 11128 11112 11127
f 11128 11113 11112
f 11129 11113 11128
f 11130 11121 11113
f 11130 11113 11129
f 11131 11132 11115
f 11131 11115 11114
f 11133 11132 11131
f 11134 11119 11121
f 11134 11121 11130
f 11134 11130 11135
f 11134 11135 11136
f 11137 11133 11131
f 11138 11133 11137
f 11139 11134 11136
f 11139 11136 11140
f 11141 11138 11137
f 11141 11142 11138
f 11143 11139 11140
f 11143 11140 11144
f 11145 11142 11141
f 11145 11146 11142
f 11147 11144 11148
f 11147 11143 11144
f 11149 11146 11145
f 11149 11150 11146
f 11151 11147 11148
f 11151 11148 11152
f 11153 11150 11149
f 11153 11154 11150
f 11155 11156 11157
f 11155 11157 11158
f 11159 11155 11158
f 11160 11152 11161
f 11160 11151 11152
f 11162 11163 11164
f 11162 11164 11165
f 11166 11163 11162
f 11167 11168 11159
f 11169 11154 11153
f 11169 11170 11154
f 11171 11161 11172
f 11171 11160 11161
f 11173 11174 11175
f 11176 11170 11169
f 11176 11177 11170
f 11178 11173 11175
f 11178 11179 11173
f 11178 11175 11180
f 11178 11180 11181
f 11178 11181 11167
f 11178 11158 11182
f 11178 11182 11163
f 11178 11166 11183
f 11178 11183 11184
f 11178 11184 11185
f 11178 11185 11186
f 11178 11186 11187
f 11178 11187 11188
f 11178 11188 11189
f 11178 11159 11158
f 11178 11167 11159
f 11178 11163 11166
f 11190 11171 11172
f 11190 11172 11191
f 11192 11193 11194
f 11192 11194 11179
f 11195 11179 11178
f 11195 11192 11179
f 11196 11177 11176
f 11196 11197 11177
f 11198 11199 11195
f 11198 11195 11178
f 11198 11178 11200
f 11201 11198 11200
f 11202 11190 11191
f 11202 11191 11203
f 11204 11197 11196
f 11204 11205 11197
f 11206 11203 11207
f 11206 11202 11203
f 11208 11200 11209
f 11208 11209 11205
f 11208 11205 11204
f 11210 11206 11207
f 11210 11207 11211
f 11210 11211 11212
f 11213 11214 11215
f 11213 11215 11201
f 11213 11201 11200
f 11213 11200 11208
f 11216 11212 11217
f 11216 11210 11212
f 11218 11219 11214
f 11218 11214 11213
f 11220 11217 11221
f 11220 11216 11217
f 11222 11223 11219
f 11222 11219 11218
f 11224 11221 11225
f 11224 11220 11221
f 11226 11223 11222
f 11226 11227 11223
f 11228 11225 11229
f 11228 11224 11225
f 11230 11227 11226
f 11230 11231 11227
f 11232 11228 11229
f 11232 11231 11230
f 11232 11229 11231
f 11233 11234 11235
f 11236 11237 11238
f 11239 11240 11241
f 11242 11243 11244
f 11245 11246 11247
f 11248 11249 11250
f 11251 11252 11253
f 11254 11255 11256
f 11254 11256 11257
f 11258 11259 11260
f 11258 11261 11259
f 11262 11263 11264
f 11262 11265 11263
f 11266 11267 11268
f 11266 11269 11267
f 11270 11271 11272
f 11270 11272 11273
f 11274 11275 11276
f 11274 11277 11275
f 11278 11279 11280
f 11278 11281 11279
f 11282 11283 11284
f 11282 11285 11283
f 11286 11287 11288
f 11286 11289 11287
f 11290 11291 11292
f 11290 11293 11291
f 11294 11295 11296
f 11294 11297 11295
f 11298 11299 11300
f 11298 11301 11299
f 11302 11303 11304
f 11302 11305 11303
f 11306 11307 11308
f 11306 11309 11307
f 11310 11311 11312
f 11310 11313 11311
f 11314 11315 11316
f 11314 11317 11315
f 11318 11319 11320
f 11318 11321 11319
f 11322 11323 11324
f 11322 11324 11325
f 11326 11327 11328
f 11326 11328 11329
f 11330 11331 11332
f 11330 11332 11333
f 11334 11335 11336
f 11334 11336 11337
f 11338 11339 11340
f 11338 11340 11341
f 11342 11343 11344
f 11342 11345 11343
f 11346 11347 11348
f 11346 11349 11347
f 11350 11351 11352
f 11352 11351 11353
f 11354 11355 11356
f 11356 11355 11357
f 11358 11359 11360
f 11361 11359 11358
f 11362 11363 11364
f 11365 11363 11362
f 11366 11367 11368
f 11369 11367 11366
f 11370 11371 11372
f 11373 11371 11370
f 11374 11375 11376
f 11377 11375 11374
f 11378 11379 11380
f 11381 11378 11380
f 11382 11383 11384
f 11385 11386 11387
f 11388 11382 11384
f 11389 11390 11391
f 11392 11385 11387
f 11393 11394 11395
f 11396 11389 11391
f 11397 11398 11399
f 11400 11393 11395
f 11401 11402 11403
f 11404 11397 11399
f 11405 11401 11403
f 11406 11407 11408
f 11406 11409 11407
f 11410 11411 11412
f 11410 11413 11411
f 11414 11415 11416
f 11414 11417 11415
f 11418 11419 11420
f 11418 11421 11419
f 11422 11423 11424
f 11422 11425 11423
f 11426 11427 11428
f 11426 11429 11427
f 11430 11431 11432
f 11430 11433 11431
f 11434 11435 11436
f 11434 11437 11435
f 11438 11439 11440
f 11438 11441 11439
f 11442 11443 11444
f 11442 11445 11443
f 11446 11447 11448
f 11446 11449 11447
f 11450 11451 11452
f 11453 11454 11455
f 11456 11457 11458
f 11459 11460 11461
f 11459 11462 11460
f 11463 11464 11465
f 11466 11467 11468
f 11469 11470 11471
f 11472 11473 11474
f 11475 11476 11477
f 11478 11479 11480
f 11481 11482 11483
f 11484 11485 11486
f 11487 11488 11489
f 11490 11491 11492
f 11493 11494 11495
f 11496 11497 11498
f 11499 11500 11501
f 11502 11503 11504
f 11505 11506 11507
f 11508 11509 11510
f 11511 11512 11513
f 11514 11515 11516
f 11517 11518 11519
f 11520 11521 11522
f 11523 11524 11525
f 11526 11527 11528
f 11529 11530 11531
f 11532 11533 11534
f 11535 11536 11537
f 11538 11539 11540
f 11541 11542 11543
f 11544 11545 11546
f 11547 11548 11549
f 11550 11551 11552
f 11553 11554 11555
f 11556 11557 11558
f 11559 11560 11561
f 11562 11563 11564
f 11565 11566 11567
f 11568 11569 11570
f 11571 11572 11573
f 11574 11575 11576
f 11577 11578 11579
f 11580 11571 11573
f 11581 11582 11583
f 11584 11585 11586
f 11584 11586 11587
f 11588 11589 11590
f 11591 11592 11593
f 11594 11595 11596
f 11597 11598 11599
f 11600 11601 11602
f 11603 11604 11605
f 11606 11607 11608
f 11609 11610 11611
f 11612 11613 11614
f 11615 11616 11617
f 11618 11619 11620
f 11621 11622 11623
f 11624 11625 11626
f 11627 11628 11629
f 11630 11631 11632
f 11633 11634 11635
f 11636 11637 11638
f 11639 11640 11641
f 11642 11643 11644
f 11645 11646 11647
f 11648 11649 11650
f 11651 11652 11653
f 11654 11655 11656
f 11657 11658 11659
f 11660 11661 11662
f 11663 11664 11665
f 11666 11667 11668
f 11669 11670 11671
f 11672 11673 11674
f 11675 11676 11677
f 11678 11679 11680
f 11681 11682 11683
f 11684 11685 11686
f 11687 11688 11689
f 11690 11691 11692
f 11693 11694 11695
f 11696 11697 11698
f 11699 11700 11701
f 11702 11703 11704
f 11705 11706 11707
f 11708 11709 11710
f 11711 11712 11713
f 11714 11709 11708
f 11715 11716 11717
f 11718 11719 11720
f 11721 11722 11723
f 11724 11725 11726
f 11727 11728 11729
f 11730 11731 11732
f 11730 11732 11733
f 11734 11735 11736
f 11737 11738 11739
f 11740 11741 11742
f 11743 11744 11745
f 11746 11747 11748
f 11749 11750 11751
f 11752 11753 11754
f 11755 11756 11757
f 11758 11759 11760
f 11761 11762 11763
f 11764 11765 11766
f 11767 11768 11769
f 11770 11771 11772
f 11773 11774 11775
f 11776 11777 11778
f 11779 11780 11781
f 11782 11783 11784
f 11785 11786 11787
f 11788 11789 11790
f 11791 11792 11793
f 11794 11795 11796
f 11797 11798 11799
f 11800 11801 11802
f 11803 11804 11805
f 11806 11807 11808
f 11809 11810 11811
f 11812 11813 11814
f 11815 11816 11817
f 11818 11819 11820
f 11821 11822 11823
f 11824 11825 11826
f 11827 11828 11829
f 11830 11831 11832
f 11833 11834 11835
f 11836 11837 11838
f 11839 11840 11841
f 11842 11843 11844
f 11845 11840 11839
f 11846 11847 11848
f 11846 11849 11847
f 11850 11851 11852
f 11853 11854 11855
f 11856 11857 11858
f 11859 11860 11861
f 11862 11863 11864
f 11865 11866 11867
f 11868 11869 11870
f 11871 11872 11873
f 11874 11875 11876
f 11877 11878 11879
f 11880 11881 11882
f 11883 11884 11885
f 11886 11887 11888
f 11889 11890 11891
f 11892 11893 11894
f 11895 11896 11897
f 11898 11899 11900
f 11901 11902 11903
f 11904 11905 11906
f 11907 11908 11909
f 11910 11911 11912
f 11913 11914 11915
f 11916 11917 11918
f 11919 11920 11921
f 11922 11923 11924
f 11925 11926 11927
f 11928 11929 11930
f 11931 11932 11933
f 11934 11935 11936
f 11937 11938 11939
f 11940 11941 11942
f 11943 11944 11945
f 11946 11947 11948
f 11949 11950 11951
f 11952 11953 11954
f 11955 11956 11957
f 11958 11959 11960
f 11961 11962 11963
f 11964 11965 11966
f 11967 11968 11969
f 11970 11971 11972
f 11973 11961 11963
f 11974 11975 11976
f 11977 11978 11979
f 11977 11979 11980
f 11981 11982 11983
f 11984 11985 11986
f 11987 11988 11989
f 11990 11991 11992
f 11993 11994 11995
f 11996 11997 11998
f 11999 12000 12001
f 12002 12003 12004
f 12005 12006 12007
f 12008 12009 12010
f 12011 12012 12013
f 12014 12015 12016
f 12017 12018 12019
f 12020 12021 12022
f 12023 12024 12025
f 12026 12027 12028
f 12029 12030 12031
f 12032 12033 12034
f 12035 12036 12037
f 12038 12039 12040
f 12041 12042 12043
f 12044 12045 12046
f 12047 12048 12049
f 12050 12051 12052
f 12053 12054 12055
f 12056 12057 12058
f 12059 12060 12061
f 12062 12063 12064
f 12065 12066 12067
f 12068 12069 12070
f 12071 12072 12073
f 12074 12075 12076
f 12077 12078 12079
f 12080 12081 12082
f 12083 12084 12085
f 12086 12087 12088
f 12089 12090 12091
f 12092 12093 12094
f 12095 12096 12097
f 12098 12099 12100
f 12101 12102 12103
f 12104 12105 12106
f 12107 12102 12101
f 12108 12109 12110
f 12111 12112 12113
f 12114 12115 12116
f 12117 12118 12119
f 12120 12121 12122
f 12123 12124 12125
f 12123 12125 12126
f 12127 12128 12129
f 12130 12131 12132
f 12133 12134 12135
f 12136 12137 12138
f 12139 12140 12141
f 12142 12143 12144
f 12145 12146 12147
f 12148 12149 12150
f 12151 12152 12153
f 12154 12155 12156
f 12157 12158 12159
f 12160 12161 12162
f 12163 12164 12165
f 12166 12167 12168
f 12169 12170 12171
f 12172 12173 12174
f 12175 12176 12177
f 12178 12179 12180
f 12181 12182 12183
f 12184 12185 12186
f 12187 12188 12189
f 12190 12191 12192
f 12193 12194 12195
f 12196 12197 12198
f 12199 12200 12201
f 12202 12203 12204
f 12205 12206 12207
f 12208 12209 12210
f 12211 12212 12213
f 12214 12215 12216
f 12217 12218 12219
f 12220 12221 12222
f 12223 12224 12225
f 12226 12227 12228
f 12229 12220 12222
f 12230 12231 12232
f 12233 12234 12235
f 12236 12237 12238
f 12239 12240 12241
f 12242 12243 12244
f 12245 12246 12247
f 12248 12242 12244
f 12249 12250 12251
f 12252 12245 12247
f 12253 12254 12255
f 12256 12249 12251
f 12257 12258 12259
f 12260 12253 12255
f 12261 12262 12263
f 12264 12257 12259
f 12265 12266 12267
f 12268 12261 12263
f 12269 12270 12271
f 12272 12265 12267
f 12273 12274 12275
f 12276 12269 12271
f 12277 12278 12279
f 12280 12273 12275
f 12281 12282 12283
f 12284 12277 12279
f 12285 12286 12287
f 12288 12281 12283
f 12289 12290 12291
f 12292 12285 12287
f 12293 12294 12295
f 12296 12289 12291
f 12297 12293 12295
f 12298 12299 12300
f 12301 12298 12300
f 12302 12303 12304
f 12305 12302 12304
f 12306 12307 12308
f 12309 12306 12308
f 12310 12311 12312
f 12313 12314 12315
f 12316 12310 12312
f 12317 12313 12315
f 12318 12319 12320
f 12321 12318 12320
f 12322 12323 12324
f 12322 12324 12325
f 12326 12327 12328
f 12329 12330 12331
f 12332 12326 12328
f 12333 12334 12335
f 12336 12329 12331
f 12337 12338 12339
f 12340 12333 12335
f 12341 12342 12343
f 12344 12337 12339
f 12345 12346 12347
f 12348 12341 12343
f 12349 12350 12351
f 12352 12345 12347
f 12353 12354 12355
f 12356 12349 12351
f 12357 12358 12359
f 12360 12353 12355
f 12361 12362 12363
f 12364 12357 12359
f 12365 12366 12367
f 12368 12361 12363
f 12369 12370 12371
f 12372 12365 12367
f 12373 12374 12375
f 12376 12369 12371
f 12377 12373 12375
f 12378 12379 12380
f 12381 12378 12380
f 12382 12383 12384
f 12385 12382 12384
f 12386 12387 12388
f 12389 12386 12388
f 12390 12391 12392
f 12393 12394 12395
f 12396 12390 12392
f 12397 12393 12395
f 12398 12399 12400
f 12401 12398 12400
f 12402 12403 12404
f 12402 12405 12403
f 12406 12407 12408
f 12406 12409 12407
f 12410 12411 12412
f 12410 12413 12411
f 12414 12415 12416
f 12414 12417 12415
f 12418 12419 12420
f 12418 12421 12419
f 12422 12423 12424
f 12422 12425 12423
f 12426 12427 12428
f 12426 12429 12427
f 12430 12431 12432
f 12430 12433 12431
f 12434 12435 12436
f 12434 12437 12435
f 12438 12439 12440
f 12438 12441 12439
f 12442 12443 12444
f 12442 12445 12443

