mtllib material.mtl
usemtl material_hand_1
v 0.00099999 -68.25000000 667.50061035
v 0.08823031 -68.25218201 667.50061035
v 0.00099999 -68.25000000 669.50061035
v 0.08823031 -68.25218201 669.50061035
v 0.08823031 -68.25218201 669.50061035
v 0.17524371 -68.25869751 667.50061035
v 0.17524371 -68.25869751 669.50061035
v 0.08823031 -68.25218201 667.50061035
v 0.17524371 -68.25869751 669.50061035
v 0.26182401 -68.26954651 667.50061035
v 0.26182401 -68.26954651 669.50061035
v 0.17524371 -68.25869751 667.50061035
v 0.26182401 -68.26954651 669.50061035
v 0.34775570 -68.28469849 667.50061035
v 0.34775570 -68.28469849 669.50061035
v 0.26182401 -68.26954651 667.50061035
v 0.34775570 -68.28469849 669.50061035
v 0.43282551 -68.30412292 667.50061035
v 0.43282551 -68.30412292 669.50061035
v 0.34775570 -68.28469849 667.50061035
v 0.43282551 -68.30412292 669.50061035
v 0.51682162 -68.32775116 667.50061035
v 0.51682162 -68.32775116 669.50061035
v 0.43282551 -68.30412292 667.50061035
v 0.51682162 -68.32775116 669.50061035
v 0.59953523 -68.35553741 667.50061035
v 0.59953523 -68.35553741 669.50061035
v 0.51682162 -68.32775116 667.50061035
v 0.59953523 -68.35553741 669.50061035
v 0.68076098 -68.38742065 667.50061035
v 0.68076098 -68.38742065 669.50061035
v 0.68076098 -68.38742065 669.50061035
v 0.68076098 -68.38742065 667.50061035
v 0.76029652 -68.42330170 669.50061035
v 0.59953523 -68.35553741 667.50061035
v 0.76029652 -68.42330170 667.50061035
v 0.76029652 -68.42330170 669.50061035
v 0.83794451 -68.46311188 667.50061035
v 0.83794451 -68.46311188 669.50061035
v 0.76029652 -68.42330170 667.50061035
v 0.83794451 -68.46311188 667.50061035
v 0.91351157 -68.50675201 667.50061035
v 0.83794451 -68.46311188 669.50061035
v 0.91351157 -68.50675201 669.50061035
v 0.91351157 -68.50675201 667.50061035
v 0.98681009 -68.55409241 667.50061035
v 0.91351157 -68.50675201 669.50061035
v 0.98681009 -68.55409241 669.50061035
v 0.98681009 -68.55409241 667.50061035
v 1.05765796 -68.60501862 667.50061035
v 0.98681009 -68.55409241 669.50061035
v 1.05765796 -68.60501862 669.50061035
v 1.05765796 -68.60501862 667.50061035
v 1.12587798 -68.65943146 667.50061035
v 1.05765796 -68.60501862 669.50061035
v 1.12587798 -68.65943146 669.50061035
v 1.12587798 -68.65943146 667.50061035
v 1.19130194 -68.71716309 667.50061035
v 1.12587798 -68.65943146 669.50061035
v 1.19130194 -68.71716309 669.50061035
v 1.19130194 -68.71716309 667.50061035
v 1.25376701 -68.77809143 667.50061035
v 1.19130194 -68.71716309 669.50061035
v 1.25376701 -68.77809143 669.50061035
v 1.25376701 -68.77809143 667.50061035
v 1.31311703 -68.84204865 667.50061035
v 1.25376701 -68.77809143 669.50061035
v 1.31311703 -68.84204865 669.50061035
v 1.31311703 -68.84204865 667.50061035
v 1.36920500 -68.90888977 667.50061035
v 1.31311703 -68.84204865 669.50061035
v 1.36920500 -68.90888977 669.50061035
v 1.36920500 -68.90888977 667.50061035
v 1.42189205 -68.97844696 667.50061035
v 1.36920500 -68.90888977 669.50061035
v 1.42189205 -68.97844696 669.50061035
v 1.42189205 -68.97844696 667.50061035
v 1.47104502 -69.05055237 667.50061035
v 1.42189205 -68.97844696 669.50061035
v 1.47104502 -69.05055237 669.50061035
v 1.47104502 -69.05055237 667.50061035
v 1.51654398 -69.12500000 667.50061035
v 1.47104502 -69.05055237 669.50061035
v 1.51654398 -69.12500000 669.50061035
v 1.51654398 -69.12500000 667.50061035
v 1.55827606 -69.20162964 667.50061035
v 1.51654398 -69.12500000 669.50061035
v 1.55827606 -69.20162964 669.50061035
v 1.55827606 -69.20162964 669.50061035
v 1.59613502 -69.28025055 667.50061035
v 1.59613502 -69.28025055 669.50061035
v 1.55827606 -69.20162964 667.50061035
v 1.59613502 -69.28025055 669.50061035
v 1.63002896 -69.36065674 667.50061035
v 1.63002896 -69.36065674 669.50061035
v 1.59613502 -69.28025055 667.50061035
v 1.63002896 -69.36065674 669.50061035
v 1.65987301 -69.44264984 667.50061035
v 1.65987301 -69.44264984 669.50061035
v 1.63002896 -69.36065674 667.50061035
v 1.65987301 -69.44264984 669.50061035
v 1.68559206 -69.52603149 667.50061035
v 1.68559206 -69.52603149 669.50061035
v 1.65987301 -69.44264984 667.50061035
v 1.68559206 -69.52603149 669.50061035
v 1.70712399 -69.61058807 667.50061035
v 1.70712399 -69.61058807 669.50061035
v 1.68559206 -69.52603149 667.50061035
v 1.70712399 -69.61058807 669.50061035
v 1.72441304 -69.69612122 667.50061035
v 1.72441304 -69.69612122 669.50061035
v 1.72441304 -69.69612122 669.50061035
v 1.72441304 -69.69612122 667.50061035
v 1.73741901 -69.78240204 669.50061035
v 1.70712399 -69.61058807 667.50061035
v 1.73741901 -69.78240204 667.50061035
v 1.73741901 -69.78240204 669.50061035
v 1.74610603 -69.86923218 667.50061035
v 1.74610603 -69.86923218 669.50061035
v 1.73741901 -69.78240204 667.50061035
v 1.74610603 -69.86923218 669.50061035
v 1.75045598 -69.95636749 667.50061035
v 1.75045598 -69.95636749 669.50061035
v 1.74610603 -69.86923218 667.50061035
v 1.75045598 -69.95636749 669.50061035
v 1.75045598 -70.04364014 667.50061035
v 1.75045598 -70.04364014 669.50061035
v 1.75045598 -69.95636749 667.50061035
v 1.75045598 -70.04364014 669.50061035
v 1.74610603 -70.13078308 667.50061035
v 1.74610603 -70.13078308 669.50061035
v 1.75045598 -70.04364014 667.50061035
v 1.74610603 -70.13078308 669.50061035
v 1.73741901 -70.21759796 667.50061035
v 1.73741901 -70.21759796 669.50061035
v 1.74610603 -70.13078308 667.50061035
v 1.73741901 -70.21759796 669.50061035
v 1.72441304 -70.30388641 667.50061035
v 1.72441304 -70.30388641 669.50061035
v 1.73741901 -70.21759796 667.50061035
v 1.72441304 -70.30388641 669.50061035
v 1.70712399 -70.38941193 667.50061035
v 1.70712399 -70.38941193 669.50061035
v 1.72441304 -70.30388641 667.50061035
v 1.70712399 -70.38941193 667.50061035
v 1.68559206 -70.47396851 667.50061035
v 1.70712399 -70.38941193 669.50061035
v 1.68559206 -70.47396851 669.50061035
v 1.68559206 -70.47396851 667.50061035
v 1.65987301 -70.55735016 667.50061035
v 1.68559206 -70.47396851 669.50061035
v 1.65987301 -70.55735016 669.50061035
v 1.65987301 -70.55735016 667.50061035
v 1.63002896 -70.63935089 667.50061035
v 1.65987301 -70.55735016 669.50061035
v 1.63002896 -70.63935089 669.50061035
v 1.63002896 -70.63935089 667.50061035
v 1.59613502 -70.71974945 667.50061035
v 1.63002896 -70.63935089 669.50061035
v 1.59613502 -70.71974945 669.50061035
v 1.59613502 -70.71974945 667.50061035
v 1.55827606 -70.79837036 667.50061035
v 1.59613502 -70.71974945 669.50061035
v 1.55827606 -70.79837036 669.50061035
v 1.55827606 -70.79837036 667.50061035
v 1.51654398 -70.87500000 667.50061035
v 1.55827606 -70.79837036 669.50061035
v 1.51654398 -70.87500000 669.50061035
v 1.51654398 -70.87500000 667.50061035
v 1.47104502 -70.94946289 667.50061035
v 1.51654398 -70.87500000 669.50061035
v 1.47104502 -70.94946289 669.50061035
v 1.47104502 -70.94946289 669.50061035
v 1.47104502 -70.94946289 667.50061035
v 1.42189205 -71.02156067 669.50061035
v 1.42189205 -71.02156067 667.50061035
v 1.42189205 -71.02156067 667.50061035
v 1.36920500 -71.09111023 667.50061035
v 1.42189205 -71.02156067 669.50061035
v 1.36920500 -71.09111023 669.50061035
v 1.36920500 -71.09111023 667.50061035
v 1.31311703 -71.15795135 667.50061035
v 1.36920500 -71.09111023 669.50061035
v 1.31311703 -71.15795135 669.50061035
v 1.31311703 -71.15795135 667.50061035
v 1.25376701 -71.22191620 667.50061035
v 1.31311703 -71.15795135 669.50061035
v 1.25376701 -71.22191620 669.50061035
v 1.25376701 -71.22191620 667.50061035
v 1.19130194 -71.28285217 667.50061035
v 1.25376701 -71.22191620 669.50061035
v 1.19130194 -71.28285217 669.50061035
v 1.19130194 -71.28285217 667.50061035
v 1.12587798 -71.34058380 667.50061035
v 1.19130194 -71.28285217 669.50061035
v 1.12587798 -71.34058380 669.50061035
v 1.12587798 -71.34058380 667.50061035
v 1.05765796 -71.39498138 667.50061035
v 1.12587798 -71.34058380 669.50061035
v 1.05765796 -71.39498138 669.50061035
v 1.05765796 -71.39498138 667.50061035
v 0.98681009 -71.44592285 667.50061035
v 1.05765796 -71.39498138 669.50061035
v 0.98681009 -71.44592285 669.50061035
v 0.98681009 -71.44592285 667.50061035
v 0.91351157 -71.49326324 667.50061035
v 0.98681009 -71.44592285 669.50061035
v 0.91351157 -71.49326324 669.50061035
v 0.91351157 -71.49326324 667.50061035
v 0.83794451 -71.53688812 667.50061035
v 0.91351157 -71.49326324 669.50061035
v 0.83794451 -71.53688812 669.50061035
v 0.83794451 -71.53688812 667.50061035
v 0.76029652 -71.57669830 667.50061035
v 0.83794451 -71.53688812 669.50061035
v 0.76029652 -71.57669830 669.50061035
v 0.76029652 -71.57669830 667.50061035
v 0.68076098 -71.61258698 667.50061035
v 0.76029652 -71.57669830 669.50061035
v 0.68076098 -71.61258698 669.50061035
v 0.68076098 -71.61258698 667.50061035
v 0.59953523 -71.64447021 667.50061035
v 0.68076098 -71.61258698 669.50061035
v 0.59953523 -71.64447021 669.50061035
v 0.59953523 -71.64447021 667.50061035
v 0.51682162 -71.67224884 667.50061035
v 0.59953523 -71.64447021 669.50061035
v 0.51682162 -71.67224884 669.50061035
v 0.51682162 -71.67224884 669.50061035
v 0.43282551 -71.69589233 667.50061035
v 0.43282551 -71.69589233 669.50061035
v 0.51682162 -71.67224884 667.50061035
v 0.43282551 -71.69589233 669.50061035
v 0.34775570 -71.71530151 667.50061035
v 0.34775570 -71.71530151 669.50061035
v 0.43282551 -71.69589233 667.50061035
v 0.34775570 -71.71530151 669.50061035
v 0.26182401 -71.73046112 667.50061035
v 0.26182401 -71.73046112 669.50061035
v 0.34775570 -71.71530151 667.50061035
v 0.26182401 -71.73046112 669.50061035
v 0.17524371 -71.74131012 667.50061035
v 0.17524371 -71.74131012 669.50061035
v 0.26182401 -71.73046112 667.50061035
v 0.17524371 -71.74131012 667.50061035
v 0.08823031 -71.74783325 667.50061035
v 0.17524371 -71.74131012 669.50061035
v 0.08823031 -71.74783325 669.50061035
v 0.08823031 -71.74783325 667.50061035
v 0.00099999 -71.75000000 667.50061035
v 0.08823031 -71.74783325 669.50061035
v 0.00099999 -71.75000000 669.50061035
v 0.00099999 -71.75000000 667.50061035
v -0.08623027 -71.74783325 667.50061035
v 0.00099999 -71.75000000 669.50061035
v -0.08623027 -71.74783325 669.50061035
v -0.08623027 -71.74783325 667.50061035
v -0.17324370 -71.74131012 667.50061035
v -0.08623027 -71.74783325 669.50061035
v -0.17324370 -71.74131012 669.50061035
v -0.17324370 -71.74131012 667.50061035
v -0.25982401 -71.73046112 667.50061035
v -0.17324370 -71.74131012 669.50061035
v -0.25982401 -71.73046112 669.50061035
v -0.25982401 -71.73046112 667.50061035
v -0.34575579 -71.71530151 667.50061035
v -0.25982401 -71.73046112 669.50061035
v -0.34575579 -71.71530151 669.50061035
v -0.34575579 -71.71530151 667.50061035
v -0.43082541 -71.69589233 667.50061035
v -0.34575579 -71.71530151 669.50061035
v -0.43082541 -71.69589233 669.50061035
v -0.43082541 -71.69589233 667.50061035
v -0.51482153 -71.67224884 667.50061035
v -0.43082541 -71.69589233 669.50061035
v -0.51482153 -71.67224884 669.50061035
v -0.51482153 -71.67224884 667.50061035
v -0.59753531 -71.64447021 667.50061035
v -0.51482153 -71.67224884 669.50061035
v -0.59753531 -71.64447021 669.50061035
v -0.59753531 -71.64447021 667.50061035
v -0.67876089 -71.61258698 667.50061035
v -0.59753531 -71.64447021 669.50061035
v -0.67876089 -71.61258698 669.50061035
v -0.67876089 -71.61258698 667.50061035
v -0.75829661 -71.57669830 667.50061035
v -0.67876089 -71.61258698 669.50061035
v -0.75829661 -71.57669830 669.50061035
v -0.75829661 -71.57669830 667.50061035
v -0.83594447 -71.53688812 667.50061035
v -0.75829661 -71.57669830 669.50061035
v -0.83594447 -71.53688812 669.50061035
v -0.83594447 -71.53688812 669.50061035
v -0.91151160 -71.49326324 667.50061035
v -0.91151160 -71.49326324 669.50061035
v -0.83594447 -71.53688812 667.50061035
v -0.91151160 -71.49326324 669.50061035
v -0.98481011 -71.44592285 667.50061035
v -0.98481011 -71.44592285 669.50061035
v -0.91151160 -71.49326324 667.50061035
v -0.98481011 -71.44592285 669.50061035
v -1.05565798 -71.39498138 667.50061035
v -1.05565798 -71.39498138 669.50061035
v -0.98481011 -71.44592285 667.50061035
v -1.05565798 -71.39498138 669.50061035
v -1.12387800 -71.34058380 667.50061035
v -1.12387800 -71.34058380 669.50061035
v -1.05565798 -71.39498138 667.50061035
v -1.12387800 -71.34058380 669.50061035
v -1.18930197 -71.28285217 667.50061035
v -1.18930197 -71.28285217 669.50061035
v -1.12387800 -71.34058380 667.50061035
v -1.18930197 -71.28285217 669.50061035
v -1.25176704 -71.22191620 667.50061035
v -1.25176704 -71.22191620 669.50061035
v -1.18930197 -71.28285217 667.50061035
v -1.25176704 -71.22191620 669.50061035
v -1.31111705 -71.15795135 667.50061035
v -1.31111705 -71.15795135 669.50061035
v -1.25176704 -71.22191620 667.50061035
v -1.31111705 -71.15795135 669.50061035
v -1.36720502 -71.09111023 667.50061035
v -1.36720502 -71.09111023 669.50061035
v -1.31111705 -71.15795135 667.50061035
v -1.36720502 -71.09111023 669.50061035
v -1.41989100 -71.02156067 667.50061035
v -1.41989100 -71.02156067 669.50061035
v -1.36720502 -71.09111023 667.50061035
v -1.41989100 -71.02156067 669.50061035
v -1.46904504 -70.94946289 667.50061035
v -1.46904504 -70.94946289 669.50061035
v -1.41989100 -71.02156067 667.50061035
v -1.46904504 -70.94946289 669.50061035
v -1.51454401 -70.87500000 667.50061035
v -1.51454401 -70.87500000 669.50061035
v -1.46904504 -70.94946289 667.50061035
v -1.51454401 -70.87500000 669.50061035
v -1.55627596 -70.79837036 667.50061035
v -1.55627596 -70.79837036 669.50061035
v -1.51454401 -70.87500000 667.50061035
v -1.55627596 -70.79837036 669.50061035
v -1.59413505 -70.71974945 667.50061035
v -1.59413505 -70.71974945 669.50061035
v -1.55627596 -70.79837036 667.50061035
v -1.59413505 -70.71974945 669.50061035
v -1.62802899 -70.63935089 667.50061035
v -1.62802899 -70.63935089 669.50061035
v -1.59413505 -70.71974945 667.50061035
v -1.62802899 -70.63935089 667.50061035
v -1.65787303 -70.55735016 667.50061035
v -1.62802899 -70.63935089 669.50061035
v -1.65787303 -70.55735016 669.50061035
v -1.65787303 -70.55735016 667.50061035
v -1.68359196 -70.47396851 667.50061035
v -1.65787303 -70.55735016 669.50061035
v -1.68359196 -70.47396851 669.50061035
v -1.68359196 -70.47396851 667.50061035
v -1.70512402 -70.38941193 667.50061035
v -1.68359196 -70.47396851 669.50061035
v -1.70512402 -70.38941193 669.50061035
v -1.70512402 -70.38941193 667.50061035
v -1.72241402 -70.30388641 667.50061035
v -1.70512402 -70.38941193 669.50061035
v -1.72241402 -70.30388641 669.50061035
v -1.72241402 -70.30388641 669.50061035
v -1.73541903 -70.21759796 667.50061035
v -1.73541903 -70.21759796 669.50061035
v -1.72241402 -70.30388641 667.50061035
v -1.73541903 -70.21759796 669.50061035
v -1.74410701 -70.13078308 667.50061035
v -1.74410701 -70.13078308 669.50061035
v -1.73541903 -70.21759796 667.50061035
v -1.74410701 -70.13078308 669.50061035
v -1.74845600 -70.04364014 667.50061035
v -1.74845600 -70.04364014 669.50061035
v -1.74410701 -70.13078308 667.50061035
v -1.74845600 -70.04364014 669.50061035
v -1.74845600 -69.95636749 667.50061035
v -1.74845600 -69.95636749 669.50061035
v -1.74845600 -70.04364014 667.50061035
v -1.74845600 -69.95636749 669.50061035
v -1.74410701 -69.86923218 667.50061035
v -1.74410701 -69.86923218 669.50061035
v -1.74845600 -69.95636749 667.50061035
v -1.74410701 -69.86923218 669.50061035
v -1.73541903 -69.78240204 667.50061035
v -1.73541903 -69.78240204 669.50061035
v -1.74410701 -69.86923218 667.50061035
v -1.73541903 -69.78240204 669.50061035
v -1.72241402 -69.69612122 667.50061035
v -1.72241402 -69.69612122 669.50061035
v -1.73541903 -69.78240204 667.50061035
v -1.72241402 -69.69612122 669.50061035
v -1.70512402 -69.61058807 667.50061035
v -1.70512402 -69.61058807 669.50061035
v -1.72241402 -69.69612122 667.50061035
v -1.70512402 -69.61058807 669.50061035
v -1.68359196 -69.52603149 667.50061035
v -1.68359196 -69.52603149 669.50061035
v -1.70512402 -69.61058807 667.50061035
v -1.68359196 -69.52603149 669.50061035
v -1.65787303 -69.44264984 667.50061035
v -1.65787303 -69.44264984 669.50061035
v -1.68359196 -69.52603149 667.50061035
v -1.65787303 -69.44264984 669.50061035
v -1.62802899 -69.36065674 667.50061035
v -1.62802899 -69.36065674 669.50061035
v -1.65787303 -69.44264984 667.50061035
v -1.62802899 -69.36065674 669.50061035
v -1.59413505 -69.28025055 667.50061035
v -1.59413505 -69.28025055 669.50061035
v -1.62802899 -69.36065674 667.50061035
v -1.59413505 -69.28025055 669.50061035
v -1.55627596 -69.20162964 667.50061035
v -1.55627596 -69.20162964 669.50061035
v -1.59413505 -69.28025055 667.50061035
v -1.55627596 -69.20162964 669.50061035
v -1.51454401 -69.12500000 667.50061035
v -1.51454401 -69.12500000 669.50061035
v -1.55627596 -69.20162964 667.50061035
v -1.51454401 -69.12500000 669.50061035
v -1.46904504 -69.05055237 667.50061035
v -1.46904504 -69.05055237 669.50061035
v -1.51454401 -69.12500000 667.50061035
v -1.46904504 -69.05055237 669.50061035
v -1.41989100 -68.97844696 667.50061035
v -1.41989100 -68.97844696 669.50061035
v -1.46904504 -69.05055237 667.50061035
v -1.41989100 -68.97844696 669.50061035
v -1.36720502 -68.90888977 667.50061035
v -1.36720502 -68.90888977 669.50061035
v -1.41989100 -68.97844696 667.50061035
v -1.36720502 -68.90888977 669.50061035
v -1.31111705 -68.84204865 667.50061035
v -1.31111705 -68.84204865 669.50061035
v -1.36720502 -68.90888977 667.50061035
v -1.31111705 -68.84204865 669.50061035
v -1.25176704 -68.77809143 667.50061035
v -1.25176704 -68.77809143 669.50061035
v -1.31111705 -68.84204865 667.50061035
v -1.25176704 -68.77809143 669.50061035
v -1.18930197 -68.71716309 667.50061035
v -1.18930197 -68.71716309 669.50061035
v -1.25176704 -68.77809143 667.50061035
v -1.18930197 -68.71716309 667.50061035
v -1.12387800 -68.65943146 667.50061035
v -1.18930197 -68.71716309 669.50061035
v -1.12387800 -68.65943146 669.50061035
v -1.12387800 -68.65943146 667.50061035
v -1.05565798 -68.60501862 667.50061035
v -1.12387800 -68.65943146 669.50061035
v -1.05565798 -68.60501862 669.50061035
v -1.05565798 -68.60501862 667.50061035
v -0.98481011 -68.55409241 667.50061035
v -1.05565798 -68.60501862 669.50061035
v -0.98481011 -68.55409241 669.50061035
v -0.98481011 -68.55409241 667.50061035
v -0.91151160 -68.50675201 667.50061035
v -0.98481011 -68.55409241 669.50061035
v -0.91151160 -68.50675201 669.50061035
v -0.91151160 -68.50675201 667.50061035
v -0.83594447 -68.46311188 667.50061035
v -0.91151160 -68.50675201 669.50061035
v -0.83594447 -68.46311188 669.50061035
v -0.83594447 -68.46311188 667.50061035
v -0.75829661 -68.42330170 667.50061035
v -0.83594447 -68.46311188 669.50061035
v -0.75829661 -68.42330170 669.50061035
v -0.75829661 -68.42330170 667.50061035
v -0.67876089 -68.38742065 667.50061035
v -0.75829661 -68.42330170 669.50061035
v -0.67876089 -68.38742065 669.50061035
v -0.67876089 -68.38742065 667.50061035
v -0.59753531 -68.35553741 667.50061035
v -0.67876089 -68.38742065 669.50061035
v -0.59753531 -68.35553741 669.50061035
v -0.59753531 -68.35553741 667.50061035
v -0.51482153 -68.32775116 667.50061035
v -0.59753531 -68.35553741 669.50061035
v -0.51482153 -68.32775116 669.50061035
v -0.51482153 -68.32775116 667.50061035
v -0.43082541 -68.30412292 667.50061035
v -0.51482153 -68.32775116 669.50061035
v -0.43082541 -68.30412292 669.50061035
v -0.43082541 -68.30412292 667.50061035
v -0.34575579 -68.28469849 667.50061035
v -0.43082541 -68.30412292 669.50061035
v -0.34575579 -68.28469849 669.50061035
v -0.34575579 -68.28469849 667.50061035
v -0.25982401 -68.26954651 667.50061035
v -0.34575579 -68.28469849 669.50061035
v -0.25982401 -68.26954651 669.50061035
v -0.25982401 -68.26954651 667.50061035
v -0.17324370 -68.25869751 667.50061035
v -0.25982401 -68.26954651 669.50061035
v -0.17324370 -68.25869751 669.50061035
v -0.17324370 -68.25869751 667.50061035
v -0.08623027 -68.25218201 667.50061035
v -0.17324370 -68.25869751 669.50061035
v -0.08623027 -68.25218201 669.50061035
v -0.08623027 -68.25218201 669.50061035
v 0.00099999 -68.25000000 667.50061035
v 0.00099999 -68.25000000 669.50061035
v -0.08623027 -68.25218201 667.50061035
v 0.00099999 71.75000000 667.50061035
v 0.08823031 71.74783325 667.50061035
v 0.00099999 71.75000000 669.50061035
v 0.08823031 71.74783325 669.50061035
v 0.08823031 71.74783325 669.50061035
v 0.17524371 71.74131012 667.50061035
v 0.17524371 71.74131012 669.50061035
v 0.08823031 71.74783325 667.50061035
v 0.17524371 71.74131012 669.50061035
v 0.26182401 71.73046112 667.50061035
v 0.26182401 71.73046112 669.50061035
v 0.17524371 71.74131012 667.50061035
v 0.26182401 71.73046112 669.50061035
v 0.34775570 71.71530151 667.50061035
v 0.34775570 71.71530151 669.50061035
v 0.26182401 71.73046112 667.50061035
v 0.34775570 71.71530151 669.50061035
v 0.43282551 71.69589233 667.50061035
v 0.43282551 71.69589233 669.50061035
v 0.34775570 71.71530151 667.50061035
v 0.43282551 71.69589233 669.50061035
v 0.51682162 71.67224884 667.50061035
v 0.51682162 71.67224884 669.50061035
v 0.43282551 71.69589233 667.50061035
v 0.51682162 71.67224884 669.50061035
v 0.59953523 71.64447021 667.50061035
v 0.59953523 71.64447021 669.50061035
v 0.51682162 71.67224884 667.50061035
v 0.59953523 71.64447021 669.50061035
v 0.68076098 71.61258698 667.50061035
v 0.68076098 71.61258698 669.50061035
v 0.68076098 71.61258698 669.50061035
v 0.68076098 71.61258698 667.50061035
v 0.76029652 71.57669830 669.50061035
v 0.59953523 71.64447021 667.50061035
v 0.76029652 71.57669830 667.50061035
v 0.76029652 71.57669830 669.50061035
v 0.83794451 71.53688812 667.50061035
v 0.83794451 71.53688812 669.50061035
v 0.76029652 71.57669830 667.50061035
v 0.83794451 71.53688812 667.50061035
v 0.91351157 71.49326324 667.50061035
v 0.83794451 71.53688812 669.50061035
v 0.91351157 71.49326324 669.50061035
v 0.91351157 71.49326324 667.50061035
v 0.98681009 71.44592285 667.50061035
v 0.91351157 71.49326324 669.50061035
v 0.98681009 71.44592285 669.50061035
v 0.98681009 71.44592285 667.50061035
v 1.05765796 71.39498138 667.50061035
v 0.98681009 71.44592285 669.50061035
v 1.05765796 71.39498138 669.50061035
v 1.05765796 71.39498138 667.50061035
v 1.12587798 71.34058380 667.50061035
v 1.05765796 71.39498138 669.50061035
v 1.12587798 71.34058380 669.50061035
v 1.12587798 71.34058380 667.50061035
v 1.19130194 71.28285217 667.50061035
v 1.12587798 71.34058380 669.50061035
v 1.19130194 71.28285217 669.50061035
v 1.19130194 71.28285217 667.50061035
v 1.25376701 71.22191620 667.50061035
v 1.19130194 71.28285217 669.50061035
v 1.25376701 71.22191620 669.50061035
v 1.25376701 71.22191620 667.50061035
v 1.31311703 71.15795135 667.50061035
v 1.25376701 71.22191620 669.50061035
v 1.31311703 71.15795135 669.50061035
v 1.31311703 71.15795135 667.50061035
v 1.36920500 71.09111023 667.50061035
v 1.31311703 71.15795135 669.50061035
v 1.36920500 71.09111023 669.50061035
v 1.36920500 71.09111023 667.50061035
v 1.42189205 71.02156067 667.50061035
v 1.36920500 71.09111023 669.50061035
v 1.42189205 71.02156067 669.50061035
v 1.42189205 71.02156067 667.50061035
v 1.47104502 70.94946289 667.50061035
v 1.42189205 71.02156067 669.50061035
v 1.47104502 70.94946289 669.50061035
v 1.47104502 70.94946289 667.50061035
v 1.51654398 70.87500000 667.50061035
v 1.47104502 70.94946289 669.50061035
v 1.51654398 70.87500000 669.50061035
v 1.51654398 70.87500000 667.50061035
v 1.55827606 70.79837036 667.50061035
v 1.51654398 70.87500000 669.50061035
v 1.55827606 70.79837036 669.50061035
v 1.55827606 70.79837036 669.50061035
v 1.59613502 70.71974945 667.50061035
v 1.59613502 70.71974945 669.50061035
v 1.55827606 70.79837036 667.50061035
v 1.59613502 70.71974945 669.50061035
v 1.63002896 70.63935089 667.50061035
v 1.63002896 70.63935089 669.50061035
v 1.59613502 70.71974945 667.50061035
v 1.63002896 70.63935089 669.50061035
v 1.65987301 70.55735016 667.50061035
v 1.65987301 70.55735016 669.50061035
v 1.63002896 70.63935089 667.50061035
v 1.65987301 70.55735016 669.50061035
v 1.68559206 70.47396851 667.50061035
v 1.68559206 70.47396851 669.50061035
v 1.65987301 70.55735016 667.50061035
v 1.68559206 70.47396851 669.50061035
v 1.70712399 70.38941193 667.50061035
v 1.70712399 70.38941193 669.50061035
v 1.68559206 70.47396851 667.50061035
v 1.70712399 70.38941193 669.50061035
v 1.72441304 70.30388641 667.50061035
v 1.72441304 70.30388641 669.50061035
v 1.72441304 70.30388641 669.50061035
v 1.72441304 70.30388641 667.50061035
v 1.73741901 70.21759796 669.50061035
v 1.70712399 70.38941193 667.50061035
v 1.73741901 70.21759796 667.50061035
v 1.73741901 70.21759796 669.50061035
v 1.74610603 70.13078308 667.50061035
v 1.74610603 70.13078308 669.50061035
v 1.73741901 70.21759796 667.50061035
v 1.74610603 70.13078308 669.50061035
v 1.75045598 70.04364014 667.50061035
v 1.75045598 70.04364014 669.50061035
v 1.74610603 70.13078308 667.50061035
v 1.75045598 70.04364014 669.50061035
v 1.75045598 69.95636749 667.50061035
v 1.75045598 69.95636749 669.50061035
v 1.75045598 70.04364014 667.50061035
v 1.75045598 69.95636749 669.50061035
v 1.74610603 69.86923218 667.50061035
v 1.74610603 69.86923218 669.50061035
v 1.75045598 69.95636749 667.50061035
v 1.74610603 69.86923218 669.50061035
v 1.73741901 69.78240204 667.50061035
v 1.73741901 69.78240204 669.50061035
v 1.74610603 69.86923218 667.50061035
v 1.73741901 69.78240204 669.50061035
v 1.72441304 69.69612122 667.50061035
v 1.72441304 69.69612122 669.50061035
v 1.73741901 69.78240204 667.50061035
v 1.72441304 69.69612122 669.50061035
v 1.70712399 69.61058807 667.50061035
v 1.70712399 69.61058807 669.50061035
v 1.72441304 69.69612122 667.50061035
v 1.70712399 69.61058807 667.50061035
v 1.68559206 69.52603149 667.50061035
v 1.70712399 69.61058807 669.50061035
v 1.68559206 69.52603149 669.50061035
v 1.68559206 69.52603149 667.50061035
v 1.65987301 69.44264984 667.50061035
v 1.68559206 69.52603149 669.50061035
v 1.65987301 69.44264984 669.50061035
v 1.65987301 69.44264984 667.50061035
v 1.63002896 69.36065674 667.50061035
v 1.65987301 69.44264984 669.50061035
v 1.63002896 69.36065674 669.50061035
v 1.63002896 69.36065674 667.50061035
v 1.59613502 69.28025055 667.50061035
v 1.63002896 69.36065674 669.50061035
v 1.59613502 69.28025055 669.50061035
v 1.59613502 69.28025055 667.50061035
v 1.55827606 69.20162964 667.50061035
v 1.59613502 69.28025055 669.50061035
v 1.55827606 69.20162964 669.50061035
v 1.55827606 69.20162964 667.50061035
v 1.51654398 69.12500000 667.50061035
v 1.55827606 69.20162964 669.50061035
v 1.51654398 69.12500000 669.50061035
v 1.51654398 69.12500000 667.50061035
v 1.47104502 69.05055237 667.50061035
v 1.51654398 69.12500000 669.50061035
v 1.47104502 69.05055237 669.50061035
v 1.47104502 69.05055237 669.50061035
v 1.47104502 69.05055237 667.50061035
v 1.42189205 68.97844696 669.50061035
v 1.42189205 68.97844696 667.50061035
v 1.42189205 68.97844696 667.50061035
v 1.36920500 68.90888977 667.50061035
v 1.42189205 68.97844696 669.50061035
v 1.36920500 68.90888977 669.50061035
v 1.36920500 68.90888977 667.50061035
v 1.31311703 68.84204865 667.50061035
v 1.36920500 68.90888977 669.50061035
v 1.31311703 68.84204865 669.50061035
v 1.31311703 68.84204865 667.50061035
v 1.25376701 68.77809143 667.50061035
v 1.31311703 68.84204865 669.50061035
v 1.25376701 68.77809143 669.50061035
v 1.25376701 68.77809143 667.50061035
v 1.19130194 68.71716309 667.50061035
v 1.25376701 68.77809143 669.50061035
v 1.19130194 68.71716309 669.50061035
v 1.19130194 68.71716309 667.50061035
v 1.12587798 68.65943146 667.50061035
v 1.19130194 68.71716309 669.50061035
v 1.12587798 68.65943146 669.50061035
v 1.12587798 68.65943146 667.50061035
v 1.05765796 68.60501862 667.50061035
v 1.12587798 68.65943146 669.50061035
v 1.05765796 68.60501862 669.50061035
v 1.05765796 68.60501862 667.50061035
v 0.98681009 68.55409241 667.50061035
v 1.05765796 68.60501862 669.50061035
v 0.98681009 68.55409241 669.50061035
v 0.98681009 68.55409241 667.50061035
v 0.91351157 68.50675201 667.50061035
v 0.98681009 68.55409241 669.50061035
v 0.91351157 68.50675201 669.50061035
v 0.91351157 68.50675201 667.50061035
v 0.83794451 68.46311188 667.50061035
v 0.91351157 68.50675201 669.50061035
v 0.83794451 68.46311188 669.50061035
v 0.83794451 68.46311188 667.50061035
v 0.76029652 68.42330170 667.50061035
v 0.83794451 68.46311188 669.50061035
v 0.76029652 68.42330170 669.50061035
v 0.76029652 68.42330170 667.50061035
v 0.68076098 68.38742065 667.50061035
v 0.76029652 68.42330170 669.50061035
v 0.68076098 68.38742065 669.50061035
v 0.68076098 68.38742065 667.50061035
v 0.59953523 68.35553741 667.50061035
v 0.68076098 68.38742065 669.50061035
v 0.59953523 68.35553741 669.50061035
v 0.59953523 68.35553741 667.50061035
v 0.51682162 68.32775116 667.50061035
v 0.59953523 68.35553741 669.50061035
v 0.51682162 68.32775116 669.50061035
v 0.51682162 68.32775116 669.50061035
v 0.43282551 68.30412292 667.50061035
v 0.43282551 68.30412292 669.50061035
v 0.51682162 68.32775116 667.50061035
v 0.43282551 68.30412292 669.50061035
v 0.34775570 68.28469849 667.50061035
v 0.34775570 68.28469849 669.50061035
v 0.43282551 68.30412292 667.50061035
v 0.34775570 68.28469849 669.50061035
v 0.26182401 68.26954651 667.50061035
v 0.26182401 68.26954651 669.50061035
v 0.34775570 68.28469849 667.50061035
v 0.26182401 68.26954651 669.50061035
v 0.17524371 68.25869751 667.50061035
v 0.17524371 68.25869751 669.50061035
v 0.26182401 68.26954651 667.50061035
v 0.17524371 68.25869751 667.50061035
v 0.08823031 68.25218201 667.50061035
v 0.17524371 68.25869751 669.50061035
v 0.08823031 68.25218201 669.50061035
v 0.08823031 68.25218201 667.50061035
v 0.00099999 68.25000000 667.50061035
v 0.08823031 68.25218201 669.50061035
v 0.00099999 68.25000000 669.50061035
v 0.00099999 68.25000000 667.50061035
v -0.08623027 68.25218201 667.50061035
v 0.00099999 68.25000000 669.50061035
v -0.08623027 68.25218201 669.50061035
v -0.08623027 68.25218201 667.50061035
v -0.17324370 68.25869751 667.50061035
v -0.08623027 68.25218201 669.50061035
v -0.17324370 68.25869751 669.50061035
v -0.17324370 68.25869751 667.50061035
v -0.25982401 68.26954651 667.50061035
v -0.17324370 68.25869751 669.50061035
v -0.25982401 68.26954651 669.50061035
v -0.25982401 68.26954651 667.50061035
v -0.34575579 68.28469849 667.50061035
v -0.25982401 68.26954651 669.50061035
v -0.34575579 68.28469849 669.50061035
v -0.34575579 68.28469849 667.50061035
v -0.43082541 68.30412292 667.50061035
v -0.34575579 68.28469849 669.50061035
v -0.43082541 68.30412292 669.50061035
v -0.43082541 68.30412292 667.50061035
v -0.51482153 68.32775116 667.50061035
v -0.43082541 68.30412292 669.50061035
v -0.51482153 68.32775116 669.50061035
v -0.51482153 68.32775116 667.50061035
v -0.59753531 68.35553741 667.50061035
v -0.51482153 68.32775116 669.50061035
v -0.59753531 68.35553741 669.50061035
v -0.59753531 68.35553741 667.50061035
v -0.67876089 68.38742065 667.50061035
v -0.59753531 68.35553741 669.50061035
v -0.67876089 68.38742065 669.50061035
v -0.67876089 68.38742065 667.50061035
v -0.75829661 68.42330170 667.50061035
v -0.67876089 68.38742065 669.50061035
v -0.75829661 68.42330170 669.50061035
v -0.75829661 68.42330170 667.50061035
v -0.83594447 68.46311188 667.50061035
v -0.75829661 68.42330170 669.50061035
v -0.83594447 68.46311188 669.50061035
v -0.83594447 68.46311188 669.50061035
v -0.91151160 68.50675201 667.50061035
v -0.91151160 68.50675201 669.50061035
v -0.83594447 68.46311188 667.50061035
v -0.91151160 68.50675201 669.50061035
v -0.98481011 68.55409241 667.50061035
v -0.98481011 68.55409241 669.50061035
v -0.91151160 68.50675201 667.50061035
v -0.98481011 68.55409241 669.50061035
v -1.05565798 68.60501862 667.50061035
v -1.05565798 68.60501862 669.50061035
v -0.98481011 68.55409241 667.50061035
v -1.05565798 68.60501862 669.50061035
v -1.12387800 68.65943146 667.50061035
v -1.12387800 68.65943146 669.50061035
v -1.05565798 68.60501862 667.50061035
v -1.12387800 68.65943146 669.50061035
v -1.18930197 68.71716309 667.50061035
v -1.18930197 68.71716309 669.50061035
v -1.12387800 68.65943146 667.50061035
v -1.18930197 68.71716309 669.50061035
v -1.25176704 68.77809143 667.50061035
v -1.25176704 68.77809143 669.50061035
v -1.18930197 68.71716309 667.50061035
v -1.25176704 68.77809143 669.50061035
v -1.31111705 68.84204865 667.50061035
v -1.31111705 68.84204865 669.50061035
v -1.25176704 68.77809143 667.50061035
v -1.31111705 68.84204865 669.50061035
v -1.36720502 68.90888977 667.50061035
v -1.36720502 68.90888977 669.50061035
v -1.31111705 68.84204865 667.50061035
v -1.36720502 68.90888977 669.50061035
v -1.41989100 68.97844696 667.50061035
v -1.41989100 68.97844696 669.50061035
v -1.36720502 68.90888977 667.50061035
v -1.41989100 68.97844696 669.50061035
v -1.46904504 69.05055237 667.50061035
v -1.46904504 69.05055237 669.50061035
v -1.41989100 68.97844696 667.50061035
v -1.46904504 69.05055237 669.50061035
v -1.51454401 69.12500000 667.50061035
v -1.51454401 69.12500000 669.50061035
v -1.46904504 69.05055237 667.50061035
v -1.51454401 69.12500000 669.50061035
v -1.55627596 69.20162964 667.50061035
v -1.55627596 69.20162964 669.50061035
v -1.51454401 69.12500000 667.50061035
v -1.55627596 69.20162964 669.50061035
v -1.59413505 69.28025055 667.50061035
v -1.59413505 69.28025055 669.50061035
v -1.55627596 69.20162964 667.50061035
v -1.59413505 69.28025055 669.50061035
v -1.62802899 69.36065674 667.50061035
v -1.62802899 69.36065674 669.50061035
v -1.59413505 69.28025055 667.50061035
v -1.62802899 69.36065674 667.50061035
v -1.65787303 69.44264984 667.50061035
v -1.62802899 69.36065674 669.50061035
v -1.65787303 69.44264984 669.50061035
v -1.65787303 69.44264984 667.50061035
v -1.68359196 69.52603149 667.50061035
v -1.65787303 69.44264984 669.50061035
v -1.68359196 69.52603149 669.50061035
v -1.68359196 69.52603149 667.50061035
v -1.70512402 69.61058807 667.50061035
v -1.68359196 69.52603149 669.50061035
v -1.70512402 69.61058807 669.50061035
v -1.70512402 69.61058807 667.50061035
v -1.72241402 69.69612122 667.50061035
v -1.70512402 69.61058807 669.50061035
v -1.72241402 69.69612122 669.50061035
v -1.72241402 69.69612122 669.50061035
v -1.73541903 69.78240204 667.50061035
v -1.73541903 69.78240204 669.50061035
v -1.72241402 69.69612122 667.50061035
v -1.73541903 69.78240204 669.50061035
v -1.74410701 69.86923218 667.50061035
v -1.74410701 69.86923218 669.50061035
v -1.73541903 69.78240204 667.50061035
v -1.74410701 69.86923218 669.50061035
v -1.74845600 69.95636749 667.50061035
v -1.74845600 69.95636749 669.50061035
v -1.74410701 69.86923218 667.50061035
v -1.74845600 69.95636749 669.50061035
v -1.74845600 70.04364014 667.50061035
v -1.74845600 70.04364014 669.50061035
v -1.74845600 69.95636749 667.50061035
v -1.74845600 70.04364014 669.50061035
v -1.74410701 70.13078308 667.50061035
v -1.74410701 70.13078308 669.50061035
v -1.74845600 70.04364014 667.50061035
v -1.74410701 70.13078308 669.50061035
v -1.73541903 70.21759796 667.50061035
v -1.73541903 70.21759796 669.50061035
v -1.74410701 70.13078308 667.50061035
v -1.73541903 70.21759796 669.50061035
v -1.72241402 70.30388641 667.50061035
v -1.72241402 70.30388641 669.50061035
v -1.73541903 70.21759796 667.50061035
v -1.72241402 70.30388641 669.50061035
v -1.70512402 70.38941193 667.50061035
v -1.70512402 70.38941193 669.50061035
v -1.72241402 70.30388641 667.50061035
v -1.70512402 70.38941193 669.50061035
v -1.68359196 70.47396851 667.50061035
v -1.68359196 70.47396851 669.50061035
v -1.70512402 70.38941193 667.50061035
v -1.68359196 70.47396851 669.50061035
v -1.65787303 70.55735016 667.50061035
v -1.65787303 70.55735016 669.50061035
v -1.68359196 70.47396851 667.50061035
v -1.65787303 70.55735016 669.50061035
v -1.62802899 70.63935089 667.50061035
v -1.62802899 70.63935089 669.50061035
v -1.65787303 70.55735016 667.50061035
v -1.62802899 70.63935089 669.50061035
v -1.59413505 70.71974945 667.50061035
v -1.59413505 70.71974945 669.50061035
v -1.62802899 70.63935089 667.50061035
v -1.59413505 70.71974945 669.50061035
v -1.55627596 70.79837036 667.50061035
v -1.55627596 70.79837036 669.50061035
v -1.59413505 70.71974945 667.50061035
v -1.55627596 70.79837036 669.50061035
v -1.51454401 70.87500000 667.50061035
v -1.51454401 70.87500000 669.50061035
v -1.55627596 70.79837036 667.50061035
v -1.51454401 70.87500000 669.50061035
v -1.46904504 70.94946289 667.50061035
v -1.46904504 70.94946289 669.50061035
v -1.51454401 70.87500000 667.50061035
v -1.46904504 70.94946289 669.50061035
v -1.41989100 71.02156067 667.50061035
v -1.41989100 71.02156067 669.50061035
v -1.46904504 70.94946289 667.50061035
v -1.41989100 71.02156067 669.50061035
v -1.36720502 71.09111023 667.50061035
v -1.36720502 71.09111023 669.50061035
v -1.41989100 71.02156067 667.50061035
v -1.36720502 71.09111023 669.50061035
v -1.31111705 71.15795135 667.50061035
v -1.31111705 71.15795135 669.50061035
v -1.36720502 71.09111023 667.50061035
v -1.31111705 71.15795135 669.50061035
v -1.25176704 71.22191620 667.50061035
v -1.25176704 71.22191620 669.50061035
v -1.31111705 71.15795135 667.50061035
v -1.25176704 71.22191620 669.50061035
v -1.18930197 71.28285217 667.50061035
v -1.18930197 71.28285217 669.50061035
v -1.25176704 71.22191620 667.50061035
v -1.18930197 71.28285217 667.50061035
v -1.12387800 71.34058380 667.50061035
v -1.18930197 71.28285217 669.50061035
v -1.12387800 71.34058380 669.50061035
v -1.12387800 71.34058380 667.50061035
v -1.05565798 71.39498138 667.50061035
v -1.12387800 71.34058380 669.50061035
v -1.05565798 71.39498138 669.50061035
v -1.05565798 71.39498138 667.50061035
v -0.98481011 71.44592285 667.50061035
v -1.05565798 71.39498138 669.50061035
v -0.98481011 71.44592285 669.50061035
v -0.98481011 71.44592285 667.50061035
v -0.91151160 71.49326324 667.50061035
v -0.98481011 71.44592285 669.50061035
v -0.91151160 71.49326324 669.50061035
v -0.91151160 71.49326324 667.50061035
v -0.83594447 71.53688812 667.50061035
v -0.91151160 71.49326324 669.50061035
v -0.83594447 71.53688812 669.50061035
v -0.83594447 71.53688812 667.50061035
v -0.75829661 71.57669830 667.50061035
v -0.83594447 71.53688812 669.50061035
v -0.75829661 71.57669830 669.50061035
v -0.75829661 71.57669830 667.50061035
v -0.67876089 71.61258698 667.50061035
v -0.75829661 71.57669830 669.50061035
v -0.67876089 71.61258698 669.50061035
v -0.67876089 71.61258698 667.50061035
v -0.59753531 71.64447021 667.50061035
v -0.67876089 71.61258698 669.50061035
v -0.59753531 71.64447021 669.50061035
v -0.59753531 71.64447021 667.50061035
v -0.51482153 71.67224884 667.50061035
v -0.59753531 71.64447021 669.50061035
v -0.51482153 71.67224884 669.50061035
v -0.51482153 71.67224884 667.50061035
v -0.43082541 71.69589233 667.50061035
v -0.51482153 71.67224884 669.50061035
v -0.43082541 71.69589233 669.50061035
v -0.43082541 71.69589233 667.50061035
v -0.34575579 71.71530151 667.50061035
v -0.43082541 71.69589233 669.50061035
v -0.34575579 71.71530151 669.50061035
v -0.34575579 71.71530151 667.50061035
v -0.25982401 71.73046112 667.50061035
v -0.34575579 71.71530151 669.50061035
v -0.25982401 71.73046112 669.50061035
v -0.25982401 71.73046112 667.50061035
v -0.17324370 71.74131012 667.50061035
v -0.25982401 71.73046112 669.50061035
v -0.17324370 71.74131012 669.50061035
v -0.17324370 71.74131012 667.50061035
v -0.08623027 71.74783325 667.50061035
v -0.17324370 71.74131012 669.50061035
v -0.08623027 71.74783325 669.50061035
v -0.08623027 71.74783325 669.50061035
v 0.00099999 71.75000000 667.50061035
v 0.00099999 71.75000000 669.50061035
v -0.08623027 71.74783325 667.50061035
v 0.00099999 51.75000000 667.50061035
v 0.08823031 51.74782181 667.50061035
v 0.00099999 51.75000000 669.50061035
v 0.08823031 51.74782181 669.50061035
v 0.08823031 51.74782181 669.50061035
v 0.17524371 51.74129868 667.50061035
v 0.17524371 51.74129868 669.50061035
v 0.08823031 51.74782181 667.50061035
v 0.17524371 51.74129868 669.50061035
v 0.26182401 51.73044968 667.50061035
v 0.26182401 51.73044968 669.50061035
v 0.17524371 51.74129868 667.50061035
v 0.26182401 51.73044968 669.50061035
v 0.34775570 51.71530151 667.50061035
v 0.34775570 51.71530151 669.50061035
v 0.26182401 51.73044968 667.50061035
v 0.34775570 51.71530151 669.50061035
v 0.43282551 51.69588089 667.50061035
v 0.43282551 51.69588089 669.50061035
v 0.34775570 51.71530151 667.50061035
v 0.43282551 51.69588089 669.50061035
v 0.51682162 51.67224884 667.50061035
v 0.51682162 51.67224884 669.50061035
v 0.43282551 51.69588089 667.50061035
v 0.51682162 51.67224884 669.50061035
v 0.59953523 51.64445877 667.50061035
v 0.59953523 51.64445877 669.50061035
v 0.51682162 51.67224884 667.50061035
v 0.59953523 51.64445877 669.50061035
v 0.68076098 51.61257935 667.50061035
v 0.68076098 51.61257935 669.50061035
v 0.68076098 51.61257935 669.50061035
v 0.68076098 51.61257935 667.50061035
v 0.76029652 51.57669067 669.50061035
v 0.59953523 51.64445877 667.50061035
v 0.76029652 51.57669067 667.50061035
v 0.76029652 51.57669067 669.50061035
v 0.83794451 51.53688049 667.50061035
v 0.83794451 51.53688049 669.50061035
v 0.76029652 51.57669067 667.50061035
v 0.83794451 51.53688049 667.50061035
v 0.91351157 51.49325943 667.50061035
v 0.83794451 51.53688049 669.50061035
v 0.91351157 51.49325943 669.50061035
v 0.91351157 51.49325943 667.50061035
v 0.98681009 51.44591904 667.50061035
v 0.91351157 51.49325943 669.50061035
v 0.98681009 51.44591904 669.50061035
v 0.98681009 51.44591904 667.50061035
v 1.05765796 51.39498138 667.50061035
v 0.98681009 51.44591904 669.50061035
v 1.05765796 51.39498138 669.50061035
v 1.05765796 51.39498138 667.50061035
v 1.12587798 51.34056854 667.50061035
v 1.05765796 51.39498138 669.50061035
v 1.12587798 51.34056854 669.50061035
v 1.12587798 51.34056854 667.50061035
v 1.19130194 51.28284073 667.50061035
v 1.12587798 51.34056854 669.50061035
v 1.19130194 51.28284073 669.50061035
v 1.19130194 51.28284073 667.50061035
v 1.25376701 51.22192001 667.50061035
v 1.19130194 51.28284073 669.50061035
v 1.25376701 51.22192001 669.50061035
v 1.25376701 51.22192001 667.50061035
v 1.31311703 51.15795135 667.50061035
v 1.25376701 51.22192001 669.50061035
v 1.31311703 51.15795135 669.50061035
v 1.31311703 51.15795135 667.50061035
v 1.36920500 51.09111023 667.50061035
v 1.31311703 51.15795135 669.50061035
v 1.36920500 51.09111023 669.50061035
v 1.36920500 51.09111023 667.50061035
v 1.42189205 51.02154922 667.50061035
v 1.36920500 51.09111023 669.50061035
v 1.42189205 51.02154922 669.50061035
v 1.42189205 51.02154922 667.50061035
v 1.47104502 50.94945145 667.50061035
v 1.42189205 51.02154922 669.50061035
v 1.47104502 50.94945145 669.50061035
v 1.47104502 50.94945145 667.50061035
v 1.51654398 50.87500000 667.50061035
v 1.47104502 50.94945145 669.50061035
v 1.51654398 50.87500000 669.50061035
v 1.51654398 50.87500000 667.50061035
v 1.55827606 50.79837036 667.50061035
v 1.51654398 50.87500000 669.50061035
v 1.55827606 50.79837036 669.50061035
v 1.55827606 50.79837036 669.50061035
v 1.59613502 50.71974945 667.50061035
v 1.59613502 50.71974945 669.50061035
v 1.55827606 50.79837036 667.50061035
v 1.59613502 50.71974945 669.50061035
v 1.63002896 50.63933945 667.50061035
v 1.63002896 50.63933945 669.50061035
v 1.59613502 50.71974945 667.50061035
v 1.63002896 50.63933945 669.50061035
v 1.65987301 50.55735016 667.50061035
v 1.65987301 50.55735016 669.50061035
v 1.63002896 50.63933945 667.50061035
v 1.65987301 50.55735016 669.50061035
v 1.68559206 50.47396851 667.50061035
v 1.68559206 50.47396851 669.50061035
v 1.65987301 50.55735016 667.50061035
v 1.68559206 50.47396851 669.50061035
v 1.70712399 50.38940811 667.50061035
v 1.70712399 50.38940811 669.50061035
v 1.68559206 50.47396851 667.50061035
v 1.70712399 50.38940811 669.50061035
v 1.72441304 50.30387878 667.50061035
v 1.72441304 50.30387878 669.50061035
v 1.72441304 50.30387878 669.50061035
v 1.72441304 50.30387878 667.50061035
v 1.73741901 50.21760178 669.50061035
v 1.70712399 50.38940811 667.50061035
v 1.73741901 50.21760178 667.50061035
v 1.73741901 50.21760178 669.50061035
v 1.74610603 50.13077927 667.50061035
v 1.74610603 50.13077927 669.50061035
v 1.73741901 50.21760178 667.50061035
v 1.74610603 50.13077927 669.50061035
v 1.75045598 50.04362869 667.50061035
v 1.75045598 50.04362869 669.50061035
v 1.74610603 50.13077927 667.50061035
v 1.75045598 50.04362869 669.50061035
v 1.75045598 49.95637131 667.50061035
v 1.75045598 49.95637131 669.50061035
v 1.75045598 50.04362869 667.50061035
v 1.75045598 49.95637131 669.50061035
v 1.74610603 49.86922073 667.50061035
v 1.74610603 49.86922073 669.50061035
v 1.75045598 49.95637131 667.50061035
v 1.74610603 49.86922073 669.50061035
v 1.73741901 49.78239822 667.50061035
v 1.73741901 49.78239822 669.50061035
v 1.74610603 49.86922073 667.50061035
v 1.73741901 49.78239822 669.50061035
v 1.72441304 49.69612122 667.50061035
v 1.72441304 49.69612122 669.50061035
v 1.73741901 49.78239822 667.50061035
v 1.72441304 49.69612122 669.50061035
v 1.70712399 49.61059189 667.50061035
v 1.70712399 49.61059189 669.50061035
v 1.72441304 49.69612122 667.50061035
v 1.70712399 49.61059189 667.50061035
v 1.68559206 49.52603149 667.50061035
v 1.70712399 49.61059189 669.50061035
v 1.68559206 49.52603149 669.50061035
v 1.68559206 49.52603149 667.50061035
v 1.65987301 49.44264984 667.50061035
v 1.68559206 49.52603149 669.50061035
v 1.65987301 49.44264984 669.50061035
v 1.65987301 49.44264984 667.50061035
v 1.63002896 49.36066055 667.50061035
v 1.65987301 49.44264984 669.50061035
v 1.63002896 49.36066055 669.50061035
v 1.63002896 49.36066055 667.50061035
v 1.59613502 49.28025055 667.50061035
v 1.63002896 49.36066055 669.50061035
v 1.59613502 49.28025055 669.50061035
v 1.59613502 49.28025055 667.50061035
v 1.55827606 49.20162964 667.50061035
v 1.59613502 49.28025055 669.50061035
v 1.55827606 49.20162964 669.50061035
v 1.55827606 49.20162964 667.50061035
v 1.51654398 49.12500000 667.50061035
v 1.55827606 49.20162964 669.50061035
v 1.51654398 49.12500000 669.50061035
v 1.51654398 49.12500000 667.50061035
v 1.47104502 49.05054855 667.50061035
v 1.51654398 49.12500000 669.50061035
v 1.47104502 49.05054855 669.50061035
v 1.47104502 49.05054855 669.50061035
v 1.47104502 49.05054855 667.50061035
v 1.42189205 48.97845078 669.50061035
v 1.42189205 48.97845078 667.50061035
v 1.42189205 48.97845078 667.50061035
v 1.36920500 48.90888977 667.50061035
v 1.42189205 48.97845078 669.50061035
v 1.36920500 48.90888977 669.50061035
v 1.36920500 48.90888977 667.50061035
v 1.31311703 48.84204865 667.50061035
v 1.36920500 48.90888977 669.50061035
v 1.31311703 48.84204865 669.50061035
v 1.31311703 48.84204865 667.50061035
v 1.25376701 48.77807999 667.50061035
v 1.31311703 48.84204865 669.50061035
v 1.25376701 48.77807999 669.50061035
v 1.25376701 48.77807999 667.50061035
v 1.19130194 48.71715927 667.50061035
v 1.25376701 48.77807999 669.50061035
v 1.19130194 48.71715927 669.50061035
v 1.19130194 48.71715927 667.50061035
v 1.12587798 48.65942001 667.50061035
v 1.19130194 48.71715927 669.50061035
v 1.12587798 48.65942001 669.50061035
v 1.12587798 48.65942001 667.50061035
v 1.05765796 48.60501862 667.50061035
v 1.12587798 48.65942001 669.50061035
v 1.05765796 48.60501862 669.50061035
v 1.05765796 48.60501862 667.50061035
v 0.98681009 48.55408096 667.50061035
v 1.05765796 48.60501862 669.50061035
v 0.98681009 48.55408096 669.50061035
v 0.98681009 48.55408096 667.50061035
v 0.91351157 48.50674057 667.50061035
v 0.98681009 48.55408096 669.50061035
v 0.91351157 48.50674057 669.50061035
v 0.91351157 48.50674057 667.50061035
v 0.83794451 48.46311188 667.50061035
v 0.91351157 48.50674057 669.50061035
v 0.83794451 48.46311188 669.50061035
v 0.83794451 48.46311188 667.50061035
v 0.76029652 48.42330170 667.50061035
v 0.83794451 48.46311188 669.50061035
v 0.76029652 48.42330170 669.50061035
v 0.76029652 48.42330170 667.50061035
v 0.68076098 48.38740921 667.50061035
v 0.76029652 48.42330170 669.50061035
v 0.68076098 48.38740921 669.50061035
v 0.68076098 48.38740921 667.50061035
v 0.59953523 48.35554123 667.50061035
v 0.68076098 48.38740921 669.50061035
v 0.59953523 48.35554123 669.50061035
v 0.59953523 48.35554123 667.50061035
v 0.51682162 48.32775116 667.50061035
v 0.59953523 48.35554123 669.50061035
v 0.51682162 48.32775116 669.50061035
v 0.51682162 48.32775116 669.50061035
v 0.43282551 48.30411148 667.50061035
v 0.43282551 48.30411148 669.50061035
v 0.51682162 48.32775116 667.50061035
v 0.43282551 48.30411148 669.50061035
v 0.34775570 48.28469849 667.50061035
v 0.34775570 48.28469849 669.50061035
v 0.43282551 48.30411148 667.50061035
v 0.34775570 48.28469849 669.50061035
v 0.26182401 48.26955032 667.50061035
v 0.26182401 48.26955032 669.50061035
v 0.34775570 48.28469849 667.50061035
v 0.26182401 48.26955032 669.50061035
v 0.17524371 48.25870132 667.50061035
v 0.17524371 48.25870132 669.50061035
v 0.26182401 48.26955032 667.50061035
v 0.17524371 48.25870132 667.50061035
v 0.08823031 48.25217056 667.50061035
v 0.17524371 48.25870132 669.50061035
v 0.08823031 48.25217056 669.50061035
v 0.08823031 48.25217056 667.50061035
v 0.00099999 48.25000000 667.50061035
v 0.08823031 48.25217056 669.50061035
v 0.00099999 48.25000000 669.50061035
v 0.00099999 48.25000000 667.50061035
v -0.08623027 48.25217056 667.50061035
v 0.00099999 48.25000000 669.50061035
v -0.08623027 48.25217056 669.50061035
v -0.08623027 48.25217056 667.50061035
v -0.17324370 48.25870132 667.50061035
v -0.08623027 48.25217056 669.50061035
v -0.17324370 48.25870132 669.50061035
v -0.17324370 48.25870132 667.50061035
v -0.25982401 48.26955032 667.50061035
v -0.17324370 48.25870132 669.50061035
v -0.25982401 48.26955032 669.50061035
v -0.25982401 48.26955032 667.50061035
v -0.34575579 48.28469849 667.50061035
v -0.25982401 48.26955032 669.50061035
v -0.34575579 48.28469849 669.50061035
v -0.34575579 48.28469849 667.50061035
v -0.43082541 48.30411148 667.50061035
v -0.34575579 48.28469849 669.50061035
v -0.43082541 48.30411148 669.50061035
v -0.43082541 48.30411148 667.50061035
v -0.51482153 48.32775116 667.50061035
v -0.43082541 48.30411148 669.50061035
v -0.51482153 48.32775116 669.50061035
v -0.51482153 48.32775116 667.50061035
v -0.59753531 48.35554123 667.50061035
v -0.51482153 48.32775116 669.50061035
v -0.59753531 48.35554123 669.50061035
v -0.59753531 48.35554123 667.50061035
v -0.67876089 48.38740921 667.50061035
v -0.59753531 48.35554123 669.50061035
v -0.67876089 48.38740921 669.50061035
v -0.67876089 48.38740921 667.50061035
v -0.75829661 48.42330170 667.50061035
v -0.67876089 48.38740921 669.50061035
v -0.75829661 48.42330170 669.50061035
v -0.75829661 48.42330170 667.50061035
v -0.83594447 48.46311188 667.50061035
v -0.75829661 48.42330170 669.50061035
v -0.83594447 48.46311188 669.50061035
v -0.83594447 48.46311188 669.50061035
v -0.91151160 48.50674057 667.50061035
v -0.91151160 48.50674057 669.50061035
v -0.83594447 48.46311188 667.50061035
v -0.91151160 48.50674057 669.50061035
v -0.98481011 48.55408096 667.50061035
v -0.98481011 48.55408096 669.50061035
v -0.91151160 48.50674057 667.50061035
v -0.98481011 48.55408096 669.50061035
v -1.05565798 48.60501862 667.50061035
v -1.05565798 48.60501862 669.50061035
v -0.98481011 48.55408096 667.50061035
v -1.05565798 48.60501862 669.50061035
v -1.12387800 48.65942001 667.50061035
v -1.12387800 48.65942001 669.50061035
v -1.05565798 48.60501862 667.50061035
v -1.12387800 48.65942001 669.50061035
v -1.18930197 48.71715927 667.50061035
v -1.18930197 48.71715927 669.50061035
v -1.12387800 48.65942001 667.50061035
v -1.18930197 48.71715927 669.50061035
v -1.25176704 48.77807999 667.50061035
v -1.25176704 48.77807999 669.50061035
v -1.18930197 48.71715927 667.50061035
v -1.25176704 48.77807999 669.50061035
v -1.31111705 48.84204865 667.50061035
v -1.31111705 48.84204865 669.50061035
v -1.25176704 48.77807999 667.50061035
v -1.31111705 48.84204865 669.50061035
v -1.36720502 48.90888977 667.50061035
v -1.36720502 48.90888977 669.50061035
v -1.31111705 48.84204865 667.50061035
v -1.36720502 48.90888977 669.50061035
v -1.41989100 48.97845078 667.50061035
v -1.41989100 48.97845078 669.50061035
v -1.36720502 48.90888977 667.50061035
v -1.41989100 48.97845078 669.50061035
v -1.46904504 49.05054855 667.50061035
v -1.46904504 49.05054855 669.50061035
v -1.41989100 48.97845078 667.50061035
v -1.46904504 49.05054855 669.50061035
v -1.51454401 49.12500000 667.50061035
v -1.51454401 49.12500000 669.50061035
v -1.46904504 49.05054855 667.50061035
v -1.51454401 49.12500000 669.50061035
v -1.55627596 49.20162964 667.50061035
v -1.55627596 49.20162964 669.50061035
v -1.51454401 49.12500000 667.50061035
v -1.55627596 49.20162964 669.50061035
v -1.59413505 49.28025055 667.50061035
v -1.59413505 49.28025055 669.50061035
v -1.55627596 49.20162964 667.50061035
v -1.59413505 49.28025055 669.50061035
v -1.62802899 49.36066055 667.50061035
v -1.62802899 49.36066055 669.50061035
v -1.59413505 49.28025055 667.50061035
v -1.62802899 49.36066055 667.50061035
v -1.65787303 49.44264984 667.50061035
v -1.62802899 49.36066055 669.50061035
v -1.65787303 49.44264984 669.50061035
v -1.65787303 49.44264984 667.50061035
v -1.68359196 49.52603149 667.50061035
v -1.65787303 49.44264984 669.50061035
v -1.68359196 49.52603149 669.50061035
v -1.68359196 49.52603149 667.50061035
v -1.70512402 49.61059189 667.50061035
v -1.68359196 49.52603149 669.50061035
v -1.70512402 49.61059189 669.50061035
v -1.70512402 49.61059189 667.50061035
v -1.72241402 49.69612122 667.50061035
v -1.70512402 49.61059189 669.50061035
v -1.72241402 49.69612122 669.50061035
v -1.72241402 49.69612122 669.50061035
v -1.73541903 49.78239822 667.50061035
v -1.73541903 49.78239822 669.50061035
v -1.72241402 49.69612122 667.50061035
v -1.73541903 49.78239822 669.50061035
v -1.74410701 49.86922073 667.50061035
v -1.74410701 49.86922073 669.50061035
v -1.73541903 49.78239822 667.50061035
v -1.74410701 49.86922073 669.50061035
v -1.74845600 49.95637131 667.50061035
v -1.74845600 49.95637131 669.50061035
v -1.74410701 49.86922073 667.50061035
v -1.74845600 49.95637131 669.50061035
v -1.74845600 50.04362869 667.50061035
v -1.74845600 50.04362869 669.50061035
v -1.74845600 49.95637131 667.50061035
v -1.74845600 50.04362869 669.50061035
v -1.74410701 50.13077927 667.50061035
v -1.74410701 50.13077927 669.50061035
v -1.74845600 50.04362869 667.50061035
v -1.74410701 50.13077927 669.50061035
v -1.73541903 50.21760178 667.50061035
v -1.73541903 50.21760178 669.50061035
v -1.74410701 50.13077927 667.50061035
v -1.73541903 50.21760178 669.50061035
v -1.72241402 50.30387878 667.50061035
v -1.72241402 50.30387878 669.50061035
v -1.73541903 50.21760178 667.50061035
v -1.72241402 50.30387878 669.50061035
v -1.70512402 50.38940811 667.50061035
v -1.70512402 50.38940811 669.50061035
v -1.72241402 50.30387878 667.50061035
v -1.70512402 50.38940811 669.50061035
v -1.68359196 50.47396851 667.50061035
v -1.68359196 50.47396851 669.50061035
v -1.70512402 50.38940811 667.50061035
v -1.68359196 50.47396851 669.50061035
v -1.65787303 50.55735016 667.50061035
v -1.65787303 50.55735016 669.50061035
v -1.68359196 50.47396851 667.50061035
v -1.65787303 50.55735016 669.50061035
v -1.62802899 50.63933945 667.50061035
v -1.62802899 50.63933945 669.50061035
v -1.65787303 50.55735016 667.50061035
v -1.62802899 50.63933945 669.50061035
v -1.59413505 50.71974945 667.50061035
v -1.59413505 50.71974945 669.50061035
v -1.62802899 50.63933945 667.50061035
v -1.59413505 50.71974945 669.50061035
v -1.55627596 50.79837036 667.50061035
v -1.55627596 50.79837036 669.50061035
v -1.59413505 50.71974945 667.50061035
v -1.55627596 50.79837036 669.50061035
v -1.51454401 50.87500000 667.50061035
v -1.51454401 50.87500000 669.50061035
v -1.55627596 50.79837036 667.50061035
v -1.51454401 50.87500000 669.50061035
v -1.46904504 50.94945145 667.50061035
v -1.46904504 50.94945145 669.50061035
v -1.51454401 50.87500000 667.50061035
v -1.46904504 50.94945145 669.50061035
v -1.41989100 51.02154922 667.50061035
v -1.41989100 51.02154922 669.50061035
v -1.46904504 50.94945145 667.50061035
v -1.41989100 51.02154922 669.50061035
v -1.36720502 51.09111023 667.50061035
v -1.36720502 51.09111023 669.50061035
v -1.41989100 51.02154922 667.50061035
v -1.36720502 51.09111023 669.50061035
v -1.31111705 51.15795135 667.50061035
v -1.31111705 51.15795135 669.50061035
v -1.36720502 51.09111023 667.50061035
v -1.31111705 51.15795135 669.50061035
v -1.25176704 51.22192001 667.50061035
v -1.25176704 51.22192001 669.50061035
v -1.31111705 51.15795135 667.50061035
v -1.25176704 51.22192001 669.50061035
v -1.18930197 51.28284073 667.50061035
v -1.18930197 51.28284073 669.50061035
v -1.25176704 51.22192001 667.50061035
v -1.18930197 51.28284073 667.50061035
v -1.12387800 51.34056854 667.50061035
v -1.18930197 51.28284073 669.50061035
v -1.12387800 51.34056854 669.50061035
v -1.12387800 51.34056854 667.50061035
v -1.05565798 51.39498138 667.50061035
v -1.12387800 51.34056854 669.50061035
v -1.05565798 51.39498138 669.50061035
v -1.05565798 51.39498138 667.50061035
v -0.98481011 51.44591904 667.50061035
v -1.05565798 51.39498138 669.50061035
v -0.98481011 51.44591904 669.50061035
v -0.98481011 51.44591904 667.50061035
v -0.91151160 51.49325943 667.50061035
v -0.98481011 51.44591904 669.50061035
v -0.91151160 51.49325943 669.50061035
v -0.91151160 51.49325943 667.50061035
v -0.83594447 51.53688049 667.50061035
v -0.91151160 51.49325943 669.50061035
v -0.83594447 51.53688049 669.50061035
v -0.83594447 51.53688049 667.50061035
v -0.75829661 51.57669067 667.50061035
v -0.83594447 51.53688049 669.50061035
v -0.75829661 51.57669067 669.50061035
v -0.75829661 51.57669067 667.50061035
v -0.67876089 51.61257935 667.50061035
v -0.75829661 51.57669067 669.50061035
v -0.67876089 51.61257935 669.50061035
v -0.67876089 51.61257935 667.50061035
v -0.59753531 51.64445877 667.50061035
v -0.67876089 51.61257935 669.50061035
v -0.59753531 51.64445877 669.50061035
v -0.59753531 51.64445877 667.50061035
v -0.51482153 51.67224884 667.50061035
v -0.59753531 51.64445877 669.50061035
v -0.51482153 51.67224884 669.50061035
v -0.51482153 51.67224884 667.50061035
v -0.43082541 51.69588089 667.50061035
v -0.51482153 51.67224884 669.50061035
v -0.43082541 51.69588089 669.50061035
v -0.43082541 51.69588089 667.50061035
v -0.34575579 51.71530151 667.50061035
v -0.43082541 51.69588089 669.50061035
v -0.34575579 51.71530151 669.50061035
v -0.34575579 51.71530151 667.50061035
v -0.25982401 51.73044968 667.50061035
v -0.34575579 51.71530151 669.50061035
v -0.25982401 51.73044968 669.50061035
v -0.25982401 51.73044968 667.50061035
v -0.17324370 51.74129868 667.50061035
v -0.25982401 51.73044968 669.50061035
v -0.17324370 51.74129868 669.50061035
v -0.17324370 51.74129868 667.50061035
v -0.08623027 51.74782181 667.50061035
v -0.17324370 51.74129868 669.50061035
v -0.08623027 51.74782181 669.50061035
v -0.08623027 51.74782181 669.50061035
v 0.00099999 51.75000000 667.50061035
v 0.00099999 51.75000000 669.50061035
v -0.08623027 51.74782181 667.50061035
v 0.00099999 31.75000000 667.50061035
v 0.08823031 31.74781990 667.50061035
v 0.00099999 31.75000000 669.50061035
v 0.08823031 31.74781990 669.50061035
v 0.08823031 31.74781990 669.50061035
v 0.17524371 31.74131012 667.50061035
v 0.17524371 31.74131012 669.50061035
v 0.08823031 31.74781990 667.50061035
v 0.17524371 31.74131012 669.50061035
v 0.26182401 31.73044968 667.50061035
v 0.26182401 31.73044968 669.50061035
v 0.17524371 31.74131012 667.50061035
v 0.26182401 31.73044968 669.50061035
v 0.34775570 31.71529961 667.50061035
v 0.34775570 31.71529961 669.50061035
v 0.26182401 31.73044968 667.50061035
v 0.34775570 31.71529961 669.50061035
v 0.43282551 31.69589043 667.50061035
v 0.43282551 31.69589043 669.50061035
v 0.34775570 31.71529961 667.50061035
v 0.43282551 31.69589043 669.50061035
v 0.51682162 31.67225075 667.50061035
v 0.51682162 31.67225075 669.50061035
v 0.43282551 31.69589043 667.50061035
v 0.51682162 31.67225075 669.50061035
v 0.59953523 31.64446068 667.50061035
v 0.59953523 31.64446068 669.50061035
v 0.51682162 31.67225075 667.50061035
v 0.59953523 31.64446068 669.50061035
v 0.68076098 31.61257935 667.50061035
v 0.68076098 31.61257935 669.50061035
v 0.68076098 31.61257935 669.50061035
v 0.68076098 31.61257935 667.50061035
v 0.76029652 31.57670021 669.50061035
v 0.59953523 31.64446068 667.50061035
v 0.76029652 31.57670021 667.50061035
v 0.76029652 31.57670021 669.50061035
v 0.83794451 31.53689003 667.50061035
v 0.83794451 31.53689003 669.50061035
v 0.76029652 31.57670021 667.50061035
v 0.83794451 31.53689003 667.50061035
v 0.91351157 31.49325943 667.50061035
v 0.83794451 31.53689003 669.50061035
v 0.91351157 31.49325943 669.50061035
v 0.91351157 31.49325943 667.50061035
v 0.98681009 31.44592094 667.50061035
v 0.91351157 31.49325943 669.50061035
v 0.98681009 31.44592094 669.50061035
v 0.98681009 31.44592094 667.50061035
v 1.05765796 31.39497948 667.50061035
v 0.98681009 31.44592094 669.50061035
v 1.05765796 31.39497948 669.50061035
v 1.05765796 31.39497948 667.50061035
v 1.12587798 31.34057999 667.50061035
v 1.05765796 31.39497948 669.50061035
v 1.12587798 31.34057999 669.50061035
v 1.12587798 31.34057999 667.50061035
v 1.19130194 31.28284073 667.50061035
v 1.12587798 31.34057999 669.50061035
v 1.19130194 31.28284073 669.50061035
v 1.19130194 31.28284073 667.50061035
v 1.25376701 31.22192001 667.50061035
v 1.19130194 31.28284073 669.50061035
v 1.25376701 31.22192001 669.50061035
v 1.25376701 31.22192001 667.50061035
v 1.31311703 31.15794945 667.50061035
v 1.25376701 31.22192001 669.50061035
v 1.31311703 31.15794945 669.50061035
v 1.31311703 31.15794945 667.50061035
v 1.36920500 31.09111023 667.50061035
v 1.31311703 31.15794945 669.50061035
v 1.36920500 31.09111023 669.50061035
v 1.36920500 31.09111023 667.50061035
v 1.42189205 31.02154922 667.50061035
v 1.36920500 31.09111023 669.50061035
v 1.42189205 31.02154922 669.50061035
v 1.42189205 31.02154922 667.50061035
v 1.47104502 30.94945908 667.50061035
v 1.42189205 31.02154922 669.50061035
v 1.47104502 30.94945908 669.50061035
v 1.47104502 30.94945908 667.50061035
v 1.51654398 30.87500000 667.50061035
v 1.47104502 30.94945908 669.50061035
v 1.51654398 30.87500000 669.50061035
v 1.51654398 30.87500000 667.50061035
v 1.55827606 30.79837036 667.50061035
v 1.51654398 30.87500000 669.50061035
v 1.55827606 30.79837036 669.50061035
v 1.55827606 30.79837036 669.50061035
v 1.59613502 30.71974945 667.50061035
v 1.59613502 30.71974945 669.50061035
v 1.55827606 30.79837036 667.50061035
v 1.59613502 30.71974945 669.50061035
v 1.63002896 30.63935089 667.50061035
v 1.63002896 30.63935089 669.50061035
v 1.59613502 30.71974945 667.50061035
v 1.63002896 30.63935089 669.50061035
v 1.65987301 30.55735016 667.50061035
v 1.65987301 30.55735016 669.50061035
v 1.63002896 30.63935089 667.50061035
v 1.65987301 30.55735016 669.50061035
v 1.68559206 30.47397041 667.50061035
v 1.68559206 30.47397041 669.50061035
v 1.65987301 30.55735016 667.50061035
v 1.68559206 30.47397041 669.50061035
v 1.70712399 30.38941002 667.50061035
v 1.70712399 30.38941002 669.50061035
v 1.68559206 30.47397041 667.50061035
v 1.70712399 30.38941002 669.50061035
v 1.72441304 30.30389023 667.50061035
v 1.72441304 30.30389023 669.50061035
v 1.72441304 30.30389023 669.50061035
v 1.72441304 30.30389023 667.50061035
v 1.73741901 30.21759987 669.50061035
v 1.70712399 30.38941002 667.50061035
v 1.73741901 30.21759987 667.50061035
v 1.73741901 30.21759987 669.50061035
v 1.74610603 30.13077927 667.50061035
v 1.74610603 30.13077927 669.50061035
v 1.73741901 30.21759987 667.50061035
v 1.74610603 30.13077927 669.50061035
v 1.75045598 30.04363060 667.50061035
v 1.75045598 30.04363060 669.50061035
v 1.74610603 30.13077927 667.50061035
v 1.75045598 30.04363060 669.50061035
v 1.75045598 29.95636940 667.50061035
v 1.75045598 29.95636940 669.50061035
v 1.75045598 30.04363060 667.50061035
v 1.75045598 29.95636940 669.50061035
v 1.74610603 29.86922073 667.50061035
v 1.74610603 29.86922073 669.50061035
v 1.75045598 29.95636940 667.50061035
v 1.74610603 29.86922073 669.50061035
v 1.73741901 29.78240013 667.50061035
v 1.73741901 29.78240013 669.50061035
v 1.74610603 29.86922073 667.50061035
v 1.73741901 29.78240013 669.50061035
v 1.72441304 29.69611931 667.50061035
v 1.72441304 29.69611931 669.50061035
v 1.73741901 29.78240013 667.50061035
v 1.72441304 29.69611931 669.50061035
v 1.70712399 29.61058998 667.50061035
v 1.70712399 29.61058998 669.50061035
v 1.72441304 29.69611931 667.50061035
v 1.70712399 29.61058998 667.50061035
v 1.68559206 29.52602959 667.50061035
v 1.70712399 29.61058998 669.50061035
v 1.68559206 29.52602959 669.50061035
v 1.68559206 29.52602959 667.50061035
v 1.65987301 29.44264984 667.50061035
v 1.68559206 29.52602959 669.50061035
v 1.65987301 29.44264984 669.50061035
v 1.65987301 29.44264984 667.50061035
v 1.63002896 29.36064911 667.50061035
v 1.65987301 29.44264984 669.50061035
v 1.63002896 29.36064911 669.50061035
v 1.63002896 29.36064911 667.50061035
v 1.59613502 29.28025055 667.50061035
v 1.63002896 29.36064911 669.50061035
v 1.59613502 29.28025055 669.50061035
v 1.59613502 29.28025055 667.50061035
v 1.55827606 29.20162964 667.50061035
v 1.59613502 29.28025055 669.50061035
v 1.55827606 29.20162964 669.50061035
v 1.55827606 29.20162964 667.50061035
v 1.51654398 29.12500000 667.50061035
v 1.55827606 29.20162964 669.50061035
v 1.51654398 29.12500000 669.50061035
v 1.51654398 29.12500000 667.50061035
v 1.47104502 29.05055046 667.50061035
v 1.51654398 29.12500000 669.50061035
v 1.47104502 29.05055046 669.50061035
v 1.47104502 29.05055046 669.50061035
v 1.47104502 29.05055046 667.50061035
v 1.42189205 28.97845078 669.50061035
v 1.42189205 28.97845078 667.50061035
v 1.42189205 28.97845078 667.50061035
v 1.36920500 28.90889931 667.50061035
v 1.42189205 28.97845078 669.50061035
v 1.36920500 28.90889931 669.50061035
v 1.36920500 28.90889931 667.50061035
v 1.31311703 28.84205055 667.50061035
v 1.36920500 28.90889931 669.50061035
v 1.31311703 28.84205055 669.50061035
v 1.31311703 28.84205055 667.50061035
v 1.25376701 28.77808952 667.50061035
v 1.31311703 28.84205055 669.50061035
v 1.25376701 28.77808952 669.50061035
v 1.25376701 28.77808952 667.50061035
v 1.19130194 28.71715927 667.50061035
v 1.25376701 28.77808952 669.50061035
v 1.19130194 28.71715927 669.50061035
v 1.19130194 28.71715927 667.50061035
v 1.12587798 28.65942001 667.50061035
v 1.19130194 28.71715927 669.50061035
v 1.12587798 28.65942001 669.50061035
v 1.12587798 28.65942001 667.50061035
v 1.05765796 28.60502052 667.50061035
v 1.12587798 28.65942001 669.50061035
v 1.05765796 28.60502052 669.50061035
v 1.05765796 28.60502052 667.50061035
v 0.98681009 28.55407906 667.50061035
v 1.05765796 28.60502052 669.50061035
v 0.98681009 28.55407906 669.50061035
v 0.98681009 28.55407906 667.50061035
v 0.91351157 28.50674057 667.50061035
v 0.98681009 28.55407906 669.50061035
v 0.91351157 28.50674057 669.50061035
v 0.91351157 28.50674057 667.50061035
v 0.83794451 28.46310997 667.50061035
v 0.91351157 28.50674057 669.50061035
v 0.83794451 28.46310997 669.50061035
v 0.83794451 28.46310997 667.50061035
v 0.76029652 28.42329979 667.50061035
v 0.83794451 28.46310997 669.50061035
v 0.76029652 28.42329979 669.50061035
v 0.76029652 28.42329979 667.50061035
v 0.68076098 28.38742065 667.50061035
v 0.76029652 28.42329979 669.50061035
v 0.68076098 28.38742065 669.50061035
v 0.68076098 28.38742065 667.50061035
v 0.59953523 28.35553932 667.50061035
v 0.68076098 28.38742065 669.50061035
v 0.59953523 28.35553932 669.50061035
v 0.59953523 28.35553932 667.50061035
v 0.51682162 28.32774925 667.50061035
v 0.59953523 28.35553932 669.50061035
v 0.51682162 28.32774925 669.50061035
v 0.51682162 28.32774925 669.50061035
v 0.43282551 28.30411911 667.50061035
v 0.43282551 28.30411911 669.50061035
v 0.51682162 28.32774925 667.50061035
v 0.43282551 28.30411911 669.50061035
v 0.34775570 28.28470039 667.50061035
v 0.34775570 28.28470039 669.50061035
v 0.43282551 28.30411911 667.50061035
v 0.34775570 28.28470039 669.50061035
v 0.26182401 28.26955032 667.50061035
v 0.26182401 28.26955032 669.50061035
v 0.34775570 28.28470039 667.50061035
v 0.26182401 28.26955032 669.50061035
v 0.17524371 28.25869942 667.50061035
v 0.17524371 28.25869942 669.50061035
v 0.26182401 28.26955032 667.50061035
v 0.17524371 28.25869942 667.50061035
v 0.08823031 28.25218010 667.50061035
v 0.17524371 28.25869942 669.50061035
v 0.08823031 28.25218010 669.50061035
v 0.08823031 28.25218010 667.50061035
v 0.00099999 28.25000000 667.50061035
v 0.08823031 28.25218010 669.50061035
v 0.00099999 28.25000000 669.50061035
v 0.00099999 28.25000000 667.50061035
v -0.08623027 28.25218010 667.50061035
v 0.00099999 28.25000000 669.50061035
v -0.08623027 28.25218010 669.50061035
v -0.08623027 28.25218010 667.50061035
v -0.17324370 28.25869942 667.50061035
v -0.08623027 28.25218010 669.50061035
v -0.17324370 28.25869942 669.50061035
v -0.17324370 28.25869942 667.50061035
v -0.25982401 28.26955032 667.50061035
v -0.17324370 28.25869942 669.50061035
v -0.25982401 28.26955032 669.50061035
v -0.25982401 28.26955032 667.50061035
v -0.34575579 28.28470039 667.50061035
v -0.25982401 28.26955032 669.50061035
v -0.34575579 28.28470039 669.50061035
v -0.34575579 28.28470039 667.50061035
v -0.43082541 28.30411911 667.50061035
v -0.34575579 28.28470039 669.50061035
v -0.43082541 28.30411911 669.50061035
v -0.43082541 28.30411911 667.50061035
v -0.51482153 28.32774925 667.50061035
v -0.43082541 28.30411911 669.50061035
v -0.51482153 28.32774925 669.50061035
v -0.51482153 28.32774925 667.50061035
v -0.59753531 28.35553932 667.50061035
v -0.51482153 28.32774925 669.50061035
v -0.59753531 28.35553932 669.50061035
v -0.59753531 28.35553932 667.50061035
v -0.67876089 28.38742065 667.50061035
v -0.59753531 28.35553932 669.50061035
v -0.67876089 28.38742065 669.50061035
v -0.67876089 28.38742065 667.50061035
v -0.75829661 28.42329979 667.50061035
v -0.67876089 28.38742065 669.50061035
v -0.75829661 28.42329979 669.50061035
v -0.75829661 28.42329979 667.50061035
v -0.83594447 28.46310997 667.50061035
v -0.75829661 28.42329979 669.50061035
v -0.83594447 28.46310997 669.50061035
v -0.83594447 28.46310997 669.50061035
v -0.91151160 28.50674057 667.50061035
v -0.91151160 28.50674057 669.50061035
v -0.83594447 28.46310997 667.50061035
v -0.91151160 28.50674057 669.50061035
v -0.98481011 28.55407906 667.50061035
v -0.98481011 28.55407906 669.50061035
v -0.91151160 28.50674057 667.50061035
v -0.98481011 28.55407906 669.50061035
v -1.05565798 28.60502052 667.50061035
v -1.05565798 28.60502052 669.50061035
v -0.98481011 28.55407906 667.50061035
v -1.05565798 28.60502052 669.50061035
v -1.12387800 28.65942001 667.50061035
v -1.12387800 28.65942001 669.50061035
v -1.05565798 28.60502052 667.50061035
v -1.12387800 28.65942001 669.50061035
v -1.18930197 28.71715927 667.50061035
v -1.18930197 28.71715927 669.50061035
v -1.12387800 28.65942001 667.50061035
v -1.18930197 28.71715927 669.50061035
v -1.25176704 28.77808952 667.50061035
v -1.25176704 28.77808952 669.50061035
v -1.18930197 28.71715927 667.50061035
v -1.25176704 28.77808952 669.50061035
v -1.31111705 28.84205055 667.50061035
v -1.31111705 28.84205055 669.50061035
v -1.25176704 28.77808952 667.50061035
v -1.31111705 28.84205055 669.50061035
v -1.36720502 28.90889931 667.50061035
v -1.36720502 28.90889931 669.50061035
v -1.31111705 28.84205055 667.50061035
v -1.36720502 28.90889931 669.50061035
v -1.41989100 28.97845078 667.50061035
v -1.41989100 28.97845078 669.50061035
v -1.36720502 28.90889931 667.50061035
v -1.41989100 28.97845078 669.50061035
v -1.46904504 29.05055046 667.50061035
v -1.46904504 29.05055046 669.50061035
v -1.41989100 28.97845078 667.50061035
v -1.46904504 29.05055046 669.50061035
v -1.51454401 29.12500000 667.50061035
v -1.51454401 29.12500000 669.50061035
v -1.46904504 29.05055046 667.50061035
v -1.51454401 29.12500000 669.50061035
v -1.55627596 29.20162964 667.50061035
v -1.55627596 29.20162964 669.50061035
v -1.51454401 29.12500000 667.50061035
v -1.55627596 29.20162964 669.50061035
v -1.59413505 29.28025055 667.50061035
v -1.59413505 29.28025055 669.50061035
v -1.55627596 29.20162964 667.50061035
v -1.59413505 29.28025055 669.50061035
v -1.62802899 29.36064911 667.50061035
v -1.62802899 29.36064911 669.50061035
v -1.59413505 29.28025055 667.50061035
v -1.62802899 29.36064911 667.50061035
v -1.65787303 29.44264984 667.50061035
v -1.62802899 29.36064911 669.50061035
v -1.65787303 29.44264984 669.50061035
v -1.65787303 29.44264984 667.50061035
v -1.68359196 29.52602959 667.50061035
v -1.65787303 29.44264984 669.50061035
v -1.68359196 29.52602959 669.50061035
v -1.68359196 29.52602959 667.50061035
v -1.70512402 29.61058998 667.50061035
v -1.68359196 29.52602959 669.50061035
v -1.70512402 29.61058998 669.50061035
v -1.70512402 29.61058998 667.50061035
v -1.72241402 29.69611931 667.50061035
v -1.70512402 29.61058998 669.50061035
v -1.72241402 29.69611931 669.50061035
v -1.72241402 29.69611931 669.50061035
v -1.73541903 29.78240013 667.50061035
v -1.73541903 29.78240013 669.50061035
v -1.72241402 29.69611931 667.50061035
v -1.73541903 29.78240013 669.50061035
v -1.74410701 29.86922073 667.50061035
v -1.74410701 29.86922073 669.50061035
v -1.73541903 29.78240013 667.50061035
v -1.74410701 29.86922073 669.50061035
v -1.74845600 29.95636940 667.50061035
v -1.74845600 29.95636940 669.50061035
v -1.74410701 29.86922073 667.50061035
v -1.74845600 29.95636940 669.50061035
v -1.74845600 30.04363060 667.50061035
v -1.74845600 30.04363060 669.50061035
v -1.74845600 29.95636940 667.50061035
v -1.74845600 30.04363060 669.50061035
v -1.74410701 30.13077927 667.50061035
v -1.74410701 30.13077927 669.50061035
v -1.74845600 30.04363060 667.50061035
v -1.74410701 30.13077927 669.50061035
v -1.73541903 30.21759987 667.50061035
v -1.73541903 30.21759987 669.50061035
v -1.74410701 30.13077927 667.50061035
v -1.73541903 30.21759987 669.50061035
v -1.72241402 30.30389023 667.50061035
v -1.72241402 30.30389023 669.50061035
v -1.73541903 30.21759987 667.50061035
v -1.72241402 30.30389023 669.50061035
v -1.70512402 30.38941002 667.50061035
v -1.70512402 30.38941002 669.50061035
v -1.72241402 30.30389023 667.50061035
v -1.70512402 30.38941002 669.50061035
v -1.68359196 30.47397041 667.50061035
v -1.68359196 30.47397041 669.50061035
v -1.70512402 30.38941002 667.50061035
v -1.68359196 30.47397041 669.50061035
v -1.65787303 30.55735016 667.50061035
v -1.65787303 30.55735016 669.50061035
v -1.68359196 30.47397041 667.50061035
v -1.65787303 30.55735016 669.50061035
v -1.62802899 30.63935089 667.50061035
v -1.62802899 30.63935089 669.50061035
v -1.65787303 30.55735016 667.50061035
v -1.62802899 30.63935089 669.50061035
v -1.59413505 30.71974945 667.50061035
v -1.59413505 30.71974945 669.50061035
v -1.62802899 30.63935089 667.50061035
v -1.59413505 30.71974945 669.50061035
v -1.55627596 30.79837036 667.50061035
v -1.55627596 30.79837036 669.50061035
v -1.59413505 30.71974945 667.50061035
v -1.55627596 30.79837036 669.50061035
v -1.51454401 30.87500000 667.50061035
v -1.51454401 30.87500000 669.50061035
v -1.55627596 30.79837036 667.50061035
v -1.51454401 30.87500000 669.50061035
v -1.46904504 30.94945908 667.50061035
v -1.46904504 30.94945908 669.50061035
v -1.51454401 30.87500000 667.50061035
v -1.46904504 30.94945908 669.50061035
v -1.41989100 31.02154922 667.50061035
v -1.41989100 31.02154922 669.50061035
v -1.46904504 30.94945908 667.50061035
v -1.41989100 31.02154922 669.50061035
v -1.36720502 31.09111023 667.50061035
v -1.36720502 31.09111023 669.50061035
v -1.41989100 31.02154922 667.50061035
v -1.36720502 31.09111023 669.50061035
v -1.31111705 31.15794945 667.50061035
v -1.31111705 31.15794945 669.50061035
v -1.36720502 31.09111023 667.50061035
v -1.31111705 31.15794945 669.50061035
v -1.25176704 31.22192001 667.50061035
v -1.25176704 31.22192001 669.50061035
v -1.31111705 31.15794945 667.50061035
v -1.25176704 31.22192001 669.50061035
v -1.18930197 31.28284073 667.50061035
v -1.18930197 31.28284073 669.50061035
v -1.25176704 31.22192001 667.50061035
v -1.18930197 31.28284073 667.50061035
v -1.12387800 31.34057999 667.50061035
v -1.18930197 31.28284073 669.50061035
v -1.12387800 31.34057999 669.50061035
v -1.12387800 31.34057999 667.50061035
v -1.05565798 31.39497948 667.50061035
v -1.12387800 31.34057999 669.50061035
v -1.05565798 31.39497948 669.50061035
v -1.05565798 31.39497948 667.50061035
v -0.98481011 31.44592094 667.50061035
v -1.05565798 31.39497948 669.50061035
v -0.98481011 31.44592094 669.50061035
v -0.98481011 31.44592094 667.50061035
v -0.91151160 31.49325943 667.50061035
v -0.98481011 31.44592094 669.50061035
v -0.91151160 31.49325943 669.50061035
v -0.91151160 31.49325943 667.50061035
v -0.83594447 31.53689003 667.50061035
v -0.91151160 31.49325943 669.50061035
v -0.83594447 31.53689003 669.50061035
v -0.83594447 31.53689003 667.50061035
v -0.75829661 31.57670021 667.50061035
v -0.83594447 31.53689003 669.50061035
v -0.75829661 31.57670021 669.50061035
v -0.75829661 31.57670021 667.50061035
v -0.67876089 31.61257935 667.50061035
v -0.75829661 31.57670021 669.50061035
v -0.67876089 31.61257935 669.50061035
v -0.67876089 31.61257935 667.50061035
v -0.59753531 31.64446068 667.50061035
v -0.67876089 31.61257935 669.50061035
v -0.59753531 31.64446068 669.50061035
v -0.59753531 31.64446068 667.50061035
v -0.51482153 31.67225075 667.50061035
v -0.59753531 31.64446068 669.50061035
v -0.51482153 31.67225075 669.50061035
v -0.51482153 31.67225075 667.50061035
v -0.43082541 31.69589043 667.50061035
v -0.51482153 31.67225075 669.50061035
v -0.43082541 31.69589043 669.50061035
v -0.43082541 31.69589043 667.50061035
v -0.34575579 31.71529961 667.50061035
v -0.43082541 31.69589043 669.50061035
v -0.34575579 31.71529961 669.50061035
v -0.34575579 31.71529961 667.50061035
v -0.25982401 31.73044968 667.50061035
v -0.34575579 31.71529961 669.50061035
v -0.25982401 31.73044968 669.50061035
v -0.25982401 31.73044968 667.50061035
v -0.17324370 31.74131012 667.50061035
v -0.25982401 31.73044968 669.50061035
v -0.17324370 31.74131012 669.50061035
v -0.17324370 31.74131012 667.50061035
v -0.08623027 31.74781990 667.50061035
v -0.17324370 31.74131012 669.50061035
v -0.08623027 31.74781990 669.50061035
v -0.08623027 31.74781990 669.50061035
v 0.00099999 31.75000000 667.50061035
v 0.00099999 31.75000000 669.50061035
v -0.08623027 31.74781990 667.50061035
v 0.00099999 11.75000000 667.50061035
v 0.08823031 11.74781990 667.50061035
v 0.00099999 11.75000000 669.50061035
v 0.08823031 11.74781990 669.50061035
v 0.08823031 11.74781990 669.50061035
v 0.17524371 11.74129963 667.50061035
v 0.17524371 11.74129963 669.50061035
v 0.08823031 11.74781990 667.50061035
v 0.17524371 11.74129963 669.50061035
v 0.26182401 11.73044968 667.50061035
v 0.26182401 11.73044968 669.50061035
v 0.17524371 11.74129963 667.50061035
v 0.26182401 11.73044968 669.50061035
v 0.34775570 11.71529961 667.50061035
v 0.34775570 11.71529961 669.50061035
v 0.26182401 11.73044968 667.50061035
v 0.34775570 11.71529961 669.50061035
v 0.43282551 11.69589043 667.50061035
v 0.43282551 11.69589043 669.50061035
v 0.34775570 11.71529961 667.50061035
v 0.43282551 11.69589043 669.50061035
v 0.51682162 11.67224979 667.50061035
v 0.51682162 11.67224979 669.50061035
v 0.43282551 11.69589043 667.50061035
v 0.51682162 11.67224979 669.50061035
v 0.59953523 11.64445972 667.50061035
v 0.59953523 11.64445972 669.50061035
v 0.51682162 11.67224979 667.50061035
v 0.59953523 11.64445972 669.50061035
v 0.68076098 11.61258030 667.50061035
v 0.68076098 11.61258030 669.50061035
v 0.68076098 11.61258030 669.50061035
v 0.68076098 11.61258030 667.50061035
v 0.76029652 11.57670021 669.50061035
v 0.59953523 11.64445972 667.50061035
v 0.76029652 11.57670021 667.50061035
v 0.76029652 11.57670021 669.50061035
v 0.83794451 11.53689003 667.50061035
v 0.83794451 11.53689003 669.50061035
v 0.76029652 11.57670021 667.50061035
v 0.83794451 11.53689003 667.50061035
v 0.91351157 11.49326038 667.50061035
v 0.83794451 11.53689003 669.50061035
v 0.91351157 11.49326038 669.50061035
v 0.91351157 11.49326038 667.50061035
v 0.98681009 11.44591999 667.50061035
v 0.91351157 11.49326038 669.50061035
v 0.98681009 11.44591999 669.50061035
v 0.98681009 11.44591999 667.50061035
v 1.05765796 11.39498043 667.50061035
v 0.98681009 11.44591999 669.50061035
v 1.05765796 11.39498043 669.50061035
v 1.05765796 11.39498043 667.50061035
v 1.12587798 11.34057999 667.50061035
v 1.05765796 11.39498043 669.50061035
v 1.12587798 11.34057999 669.50061035
v 1.12587798 11.34057999 667.50061035
v 1.19130194 11.28283978 667.50061035
v 1.12587798 11.34057999 669.50061035
v 1.19130194 11.28283978 669.50061035
v 1.19130194 11.28283978 667.50061035
v 1.25376701 11.22192001 667.50061035
v 1.19130194 11.28283978 669.50061035
v 1.25376701 11.22192001 669.50061035
v 1.25376701 11.22192001 667.50061035
v 1.31311703 11.15795040 667.50061035
v 1.25376701 11.22192001 669.50061035
v 1.31311703 11.15795040 669.50061035
v 1.31311703 11.15795040 667.50061035
v 1.36920500 11.09111023 667.50061035
v 1.31311703 11.15795040 669.50061035
v 1.36920500 11.09111023 669.50061035
v 1.36920500 11.09111023 667.50061035
v 1.42189205 11.02155018 667.50061035
v 1.36920500 11.09111023 669.50061035
v 1.42189205 11.02155018 669.50061035
v 1.42189205 11.02155018 667.50061035
v 1.47104502 10.94946003 667.50061035
v 1.42189205 11.02155018 669.50061035
v 1.47104502 10.94946003 669.50061035
v 1.47104502 10.94946003 667.50061035
v 1.51654398 10.87500000 667.50061035
v 1.47104502 10.94946003 669.50061035
v 1.51654398 10.87500000 669.50061035
v 1.51654398 10.87500000 667.50061035
v 1.55827606 10.79837036 667.50061035
v 1.51654398 10.87500000 669.50061035
v 1.55827606 10.79837036 669.50061035
v 1.55827606 10.79837036 669.50061035
v 1.59613502 10.71975040 667.50061035
v 1.59613502 10.71975040 669.50061035
v 1.55827606 10.79837036 667.50061035
v 1.59613502 10.71975040 669.50061035
v 1.63002896 10.63934994 667.50061035
v 1.63002896 10.63934994 669.50061035
v 1.59613502 10.71975040 667.50061035
v 1.63002896 10.63934994 669.50061035
v 1.65987301 10.55735016 667.50061035
v 1.65987301 10.55735016 669.50061035
v 1.63002896 10.63934994 667.50061035
v 1.65987301 10.55735016 669.50061035
v 1.68559206 10.47397041 667.50061035
v 1.68559206 10.47397041 669.50061035
v 1.65987301 10.55735016 667.50061035
v 1.68559206 10.47397041 669.50061035
v 1.70712399 10.38941002 667.50061035
v 1.70712399 10.38941002 669.50061035
v 1.68559206 10.47397041 667.50061035
v 1.70712399 10.38941002 669.50061035
v 1.72441304 10.30387974 667.50061035
v 1.72441304 10.30387974 669.50061035
v 1.72441304 10.30387974 669.50061035
v 1.72441304 10.30387974 667.50061035
v 1.73741901 10.21759987 669.50061035
v 1.70712399 10.38941002 667.50061035
v 1.73741901 10.21759987 667.50061035
v 1.73741901 10.21759987 669.50061035
v 1.74610603 10.13078022 667.50061035
v 1.74610603 10.13078022 669.50061035
v 1.73741901 10.21759987 667.50061035
v 1.74610603 10.13078022 669.50061035
v 1.75045598 10.04362965 667.50061035
v 1.75045598 10.04362965 669.50061035
v 1.74610603 10.13078022 667.50061035
v 1.75045598 10.04362965 669.50061035
v 1.75045598 9.95637226 667.50061035
v 1.75045598 9.95637226 669.50061035
v 1.75045598 10.04362965 667.50061035
v 1.75045598 9.95637226 669.50061035
v 1.74610603 9.86922264 667.50061035
v 1.74610603 9.86922264 669.50061035
v 1.75045598 9.95637226 667.50061035
v 1.74610603 9.86922264 669.50061035
v 1.73741901 9.78239918 667.50061035
v 1.73741901 9.78239918 669.50061035
v 1.74610603 9.86922264 667.50061035
v 1.73741901 9.78239918 669.50061035
v 1.72441304 9.69611645 667.50061035
v 1.72441304 9.69611645 669.50061035
v 1.73741901 9.78239918 667.50061035
v 1.72441304 9.69611645 669.50061035
v 1.70712399 9.61058903 667.50061035
v 1.70712399 9.61058903 669.50061035
v 1.72441304 9.69611645 667.50061035
v 1.70712399 9.61058903 667.50061035
v 1.68559206 9.52602959 667.50061035
v 1.70712399 9.61058903 669.50061035
v 1.68559206 9.52602959 669.50061035
v 1.68559206 9.52602959 667.50061035
v 1.65987301 9.44264793 667.50061035
v 1.68559206 9.52602959 669.50061035
v 1.65987301 9.44264793 669.50061035
v 1.65987301 9.44264793 667.50061035
v 1.63002896 9.36065292 667.50061035
v 1.65987301 9.44264793 669.50061035
v 1.63002896 9.36065292 669.50061035
v 1.63002896 9.36065292 667.50061035
v 1.59613502 9.28024769 667.50061035
v 1.63002896 9.36065292 669.50061035
v 1.59613502 9.28024769 669.50061035
v 1.59613502 9.28024769 667.50061035
v 1.55827606 9.20163155 667.50061035
v 1.59613502 9.28024769 669.50061035
v 1.55827606 9.20163155 669.50061035
v 1.55827606 9.20163155 667.50061035
v 1.51654398 9.12500000 667.50061035
v 1.55827606 9.20163155 669.50061035
v 1.51654398 9.12500000 669.50061035
v 1.51654398 9.12500000 667.50061035
v 1.47104502 9.05054379 667.50061035
v 1.51654398 9.12500000 669.50061035
v 1.47104502 9.05054379 669.50061035
v 1.47104502 9.05054379 669.50061035
v 1.47104502 9.05054379 667.50061035
v 1.42189205 8.97844887 669.50061035
v 1.42189205 8.97844887 667.50061035
v 1.42189205 8.97844887 667.50061035
v 1.36920500 8.90889263 667.50061035
v 1.42189205 8.97844887 669.50061035
v 1.36920500 8.90889263 669.50061035
v 1.36920500 8.90889263 667.50061035
v 1.31311703 8.84204960 667.50061035
v 1.36920500 8.90889263 669.50061035
v 1.31311703 8.84204960 669.50061035
v 1.31311703 8.84204960 667.50061035
v 1.25376701 8.77808571 667.50061035
v 1.31311703 8.84204960 669.50061035
v 1.25376701 8.77808571 669.50061035
v 1.25376701 8.77808571 667.50061035
v 1.19130194 8.71716022 667.50061035
v 1.25376701 8.77808571 669.50061035
v 1.19130194 8.71716022 669.50061035
v 1.19130194 8.71716022 667.50061035
v 1.12587798 8.65942192 667.50061035
v 1.19130194 8.71716022 669.50061035
v 1.12587798 8.65942192 669.50061035
v 1.12587798 8.65942192 667.50061035
v 1.05765796 8.60501766 667.50061035
v 1.12587798 8.65942192 669.50061035
v 1.05765796 8.60501766 669.50061035
v 1.05765796 8.60501766 667.50061035
v 0.98681009 8.55408192 667.50061035
v 1.05765796 8.60501766 669.50061035
v 0.98681009 8.55408192 669.50061035
v 0.98681009 8.55408192 667.50061035
v 0.91351157 8.50674057 667.50061035
v 0.98681009 8.55408192 669.50061035
v 0.91351157 8.50674057 669.50061035
v 0.91351157 8.50674057 667.50061035
v 0.83794451 8.46311188 667.50061035
v 0.91351157 8.50674057 669.50061035
v 0.83794451 8.46311188 669.50061035
v 0.83794451 8.46311188 667.50061035
v 0.76029652 8.42330456 667.50061035
v 0.83794451 8.46311188 669.50061035
v 0.76029652 8.42330456 669.50061035
v 0.76029652 8.42330456 667.50061035
v 0.68076098 8.38741684 667.50061035
v 0.76029652 8.42330456 669.50061035
v 0.68076098 8.38741684 669.50061035
v 0.68076098 8.38741684 667.50061035
v 0.59953523 8.35553932 667.50061035
v 0.68076098 8.38741684 669.50061035
v 0.59953523 8.35553932 669.50061035
v 0.59953523 8.35553932 667.50061035
v 0.51682162 8.32774830 667.50061035
v 0.59953523 8.35553932 669.50061035
v 0.51682162 8.32774830 669.50061035
v 0.51682162 8.32774830 669.50061035
v 0.43282551 8.30411530 667.50061035
v 0.43282551 8.30411530 669.50061035
v 0.51682162 8.32774830 667.50061035
v 0.43282551 8.30411530 669.50061035
v 0.34775570 8.28469944 667.50061035
v 0.34775570 8.28469944 669.50061035
v 0.43282551 8.30411530 667.50061035
v 0.34775570 8.28469944 669.50061035
v 0.26182401 8.26954746 667.50061035
v 0.26182401 8.26954746 669.50061035
v 0.34775570 8.28469944 667.50061035
v 0.26182401 8.26954746 669.50061035
v 0.17524371 8.25869656 667.50061035
v 0.17524371 8.25869656 669.50061035
v 0.26182401 8.26954746 667.50061035
v 0.17524371 8.25869656 667.50061035
v 0.08823031 8.25217628 667.50061035
v 0.17524371 8.25869656 669.50061035
v 0.08823031 8.25217628 669.50061035
v 0.08823031 8.25217628 667.50061035
v 0.00099999 8.25000000 667.50061035
v 0.08823031 8.25217628 669.50061035
v 0.00099999 8.25000000 669.50061035
v 0.00099999 8.25000000 667.50061035
v -0.08623027 8.25217628 667.50061035
v 0.00099999 8.25000000 669.50061035
v -0.08623027 8.25217628 669.50061035
v -0.08623027 8.25217628 667.50061035
v -0.17324370 8.25869656 667.50061035
v -0.08623027 8.25217628 669.50061035
v -0.17324370 8.25869656 669.50061035
v -0.17324370 8.25869656 667.50061035
v -0.25982401 8.26954746 667.50061035
v -0.17324370 8.25869656 669.50061035
v -0.25982401 8.26954746 669.50061035
v -0.25982401 8.26954746 667.50061035
v -0.34575579 8.28469944 667.50061035
v -0.25982401 8.26954746 669.50061035
v -0.34575579 8.28469944 669.50061035
v -0.34575579 8.28469944 667.50061035
v -0.43082541 8.30411530 667.50061035
v -0.34575579 8.28469944 669.50061035
v -0.43082541 8.30411530 669.50061035
v -0.43082541 8.30411530 667.50061035
v -0.51482153 8.32774830 667.50061035
v -0.43082541 8.30411530 669.50061035
v -0.51482153 8.32774830 669.50061035
v -0.51482153 8.32774830 667.50061035
v -0.59753531 8.35553932 667.50061035
v -0.51482153 8.32774830 669.50061035
v -0.59753531 8.35553932 669.50061035
v -0.59753531 8.35553932 667.50061035
v -0.67876089 8.38741684 667.50061035
v -0.59753531 8.35553932 669.50061035
v -0.67876089 8.38741684 669.50061035
v -0.67876089 8.38741684 667.50061035
v -0.75829661 8.42330456 667.50061035
v -0.67876089 8.38741684 669.50061035
v -0.75829661 8.42330456 669.50061035
v -0.75829661 8.42330456 667.50061035
v -0.83594447 8.46311188 667.50061035
v -0.75829661 8.42330456 669.50061035
v -0.83594447 8.46311188 669.50061035
v -0.83594447 8.46311188 669.50061035
v -0.91151160 8.50674057 667.50061035
v -0.91151160 8.50674057 669.50061035
v -0.83594447 8.46311188 667.50061035
v -0.91151160 8.50674057 669.50061035
v -0.98481011 8.55408192 667.50061035
v -0.98481011 8.55408192 669.50061035
v -0.91151160 8.50674057 667.50061035
v -0.98481011 8.55408192 669.50061035
v -1.05565798 8.60501766 667.50061035
v -1.05565798 8.60501766 669.50061035
v -0.98481011 8.55408192 667.50061035
v -1.05565798 8.60501766 669.50061035
v -1.12387800 8.65942192 667.50061035
v -1.12387800 8.65942192 669.50061035
v -1.05565798 8.60501766 667.50061035
v -1.12387800 8.65942192 669.50061035
v -1.18930197 8.71716022 667.50061035
v -1.18930197 8.71716022 669.50061035
v -1.12387800 8.65942192 667.50061035
v -1.18930197 8.71716022 669.50061035
v -1.25176704 8.77808571 667.50061035
v -1.25176704 8.77808571 669.50061035
v -1.18930197 8.71716022 667.50061035
v -1.25176704 8.77808571 669.50061035
v -1.31111705 8.84204960 667.50061035
v -1.31111705 8.84204960 669.50061035
v -1.25176704 8.77808571 667.50061035
v -1.31111705 8.84204960 669.50061035
v -1.36720502 8.90889263 667.50061035
v -1.36720502 8.90889263 669.50061035
v -1.31111705 8.84204960 667.50061035
v -1.36720502 8.90889263 669.50061035
v -1.41989100 8.97844887 667.50061035
v -1.41989100 8.97844887 669.50061035
v -1.36720502 8.90889263 667.50061035
v -1.41989100 8.97844887 669.50061035
v -1.46904504 9.05054379 667.50061035
v -1.46904504 9.05054379 669.50061035
v -1.41989100 8.97844887 667.50061035
v -1.46904504 9.05054379 669.50061035
v -1.51454401 9.12500000 667.50061035
v -1.51454401 9.12500000 669.50061035
v -1.46904504 9.05054379 667.50061035
v -1.51454401 9.12500000 669.50061035
v -1.55627596 9.20163155 667.50061035
v -1.55627596 9.20163155 669.50061035
v -1.51454401 9.12500000 667.50061035
v -1.55627596 9.20163155 669.50061035
v -1.59413505 9.28024769 667.50061035
v -1.59413505 9.28024769 669.50061035
v -1.55627596 9.20163155 667.50061035
v -1.59413505 9.28024769 669.50061035
v -1.62802899 9.36065292 667.50061035
v -1.62802899 9.36065292 669.50061035
v -1.59413505 9.28024769 667.50061035
v -1.62802899 9.36065292 667.50061035
v -1.65787303 9.44264793 667.50061035
v -1.62802899 9.36065292 669.50061035
v -1.65787303 9.44264793 669.50061035
v -1.65787303 9.44264793 667.50061035
v -1.68359196 9.52602959 667.50061035
v -1.65787303 9.44264793 669.50061035
v -1.68359196 9.52602959 669.50061035
v -1.68359196 9.52602959 667.50061035
v -1.70512402 9.61058903 667.50061035
v -1.68359196 9.52602959 669.50061035
v -1.70512402 9.61058903 669.50061035
v -1.70512402 9.61058903 667.50061035
v -1.72241402 9.69611645 667.50061035
v -1.70512402 9.61058903 669.50061035
v -1.72241402 9.69611645 669.50061035
v -1.72241402 9.69611645 669.50061035
v -1.73541903 9.78239918 667.50061035
v -1.73541903 9.78239918 669.50061035
v -1.72241402 9.69611645 667.50061035
v -1.73541903 9.78239918 669.50061035
v -1.74410701 9.86922264 667.50061035
v -1.74410701 9.86922264 669.50061035
v -1.73541903 9.78239918 667.50061035
v -1.74410701 9.86922264 669.50061035
v -1.74845600 9.95637226 667.50061035
v -1.74845600 9.95637226 669.50061035
v -1.74410701 9.86922264 667.50061035
v -1.74845600 9.95637226 669.50061035
v -1.74845600 10.04362965 667.50061035
v -1.74845600 10.04362965 669.50061035
v -1.74845600 9.95637226 667.50061035
v -1.74845600 10.04362965 669.50061035
v -1.74410701 10.13078022 667.50061035
v -1.74410701 10.13078022 669.50061035
v -1.74845600 10.04362965 667.50061035
v -1.74410701 10.13078022 669.50061035
v -1.73541903 10.21759987 667.50061035
v -1.73541903 10.21759987 669.50061035
v -1.74410701 10.13078022 667.50061035
v -1.73541903 10.21759987 669.50061035
v -1.72241402 10.30387974 667.50061035
v -1.72241402 10.30387974 669.50061035
v -1.73541903 10.21759987 667.50061035
v -1.72241402 10.30387974 669.50061035
v -1.70512402 10.38941002 667.50061035
v -1.70512402 10.38941002 669.50061035
v -1.72241402 10.30387974 667.50061035
v -1.70512402 10.38941002 669.50061035
v -1.68359196 10.47397041 667.50061035
v -1.68359196 10.47397041 669.50061035
v -1.70512402 10.38941002 667.50061035
v -1.68359196 10.47397041 669.50061035
v -1.65787303 10.55735016 667.50061035
v -1.65787303 10.55735016 669.50061035
v -1.68359196 10.47397041 667.50061035
v -1.65787303 10.55735016 669.50061035
v -1.62802899 10.63934994 667.50061035
v -1.62802899 10.63934994 669.50061035
v -1.65787303 10.55735016 667.50061035
v -1.62802899 10.63934994 669.50061035
v -1.59413505 10.71975040 667.50061035
v -1.59413505 10.71975040 669.50061035
v -1.62802899 10.63934994 667.50061035
v -1.59413505 10.71975040 669.50061035
v -1.55627596 10.79837036 667.50061035
v -1.55627596 10.79837036 669.50061035
v -1.59413505 10.71975040 667.50061035
v -1.55627596 10.79837036 669.50061035
v -1.51454401 10.87500000 667.50061035
v -1.51454401 10.87500000 669.50061035
v -1.55627596 10.79837036 667.50061035
v -1.51454401 10.87500000 669.50061035
v -1.46904504 10.94946003 667.50061035
v -1.46904504 10.94946003 669.50061035
v -1.51454401 10.87500000 667.50061035
v -1.46904504 10.94946003 669.50061035
v -1.41989100 11.02155018 667.50061035
v -1.41989100 11.02155018 669.50061035
v -1.46904504 10.94946003 667.50061035
v -1.41989100 11.02155018 669.50061035
v -1.36720502 11.09111023 667.50061035
v -1.36720502 11.09111023 669.50061035
v -1.41989100 11.02155018 667.50061035
v -1.36720502 11.09111023 669.50061035
v -1.31111705 11.15795040 667.50061035
v -1.31111705 11.15795040 669.50061035
v -1.36720502 11.09111023 667.50061035
v -1.31111705 11.15795040 669.50061035
v -1.25176704 11.22192001 667.50061035
v -1.25176704 11.22192001 669.50061035
v -1.31111705 11.15795040 667.50061035
v -1.25176704 11.22192001 669.50061035
v -1.18930197 11.28283978 667.50061035
v -1.18930197 11.28283978 669.50061035
v -1.25176704 11.22192001 667.50061035
v -1.18930197 11.28283978 667.50061035
v -1.12387800 11.34057999 667.50061035
v -1.18930197 11.28283978 669.50061035
v -1.12387800 11.34057999 669.50061035
v -1.12387800 11.34057999 667.50061035
v -1.05565798 11.39498043 667.50061035
v -1.12387800 11.34057999 669.50061035
v -1.05565798 11.39498043 669.50061035
v -1.05565798 11.39498043 667.50061035
v -0.98481011 11.44591999 667.50061035
v -1.05565798 11.39498043 669.50061035
v -0.98481011 11.44591999 669.50061035
v -0.98481011 11.44591999 667.50061035
v -0.91151160 11.49326038 667.50061035
v -0.98481011 11.44591999 669.50061035
v -0.91151160 11.49326038 669.50061035
v -0.91151160 11.49326038 667.50061035
v -0.83594447 11.53689003 667.50061035
v -0.91151160 11.49326038 669.50061035
v -0.83594447 11.53689003 669.50061035
v -0.83594447 11.53689003 667.50061035
v -0.75829661 11.57670021 667.50061035
v -0.83594447 11.53689003 669.50061035
v -0.75829661 11.57670021 669.50061035
v -0.75829661 11.57670021 667.50061035
v -0.67876089 11.61258030 667.50061035
v -0.75829661 11.57670021 669.50061035
v -0.67876089 11.61258030 669.50061035
v -0.67876089 11.61258030 667.50061035
v -0.59753531 11.64445972 667.50061035
v -0.67876089 11.61258030 669.50061035
v -0.59753531 11.64445972 669.50061035
v -0.59753531 11.64445972 667.50061035
v -0.51482153 11.67224979 667.50061035
v -0.59753531 11.64445972 669.50061035
v -0.51482153 11.67224979 669.50061035
v -0.51482153 11.67224979 667.50061035
v -0.43082541 11.69589043 667.50061035
v -0.51482153 11.67224979 669.50061035
v -0.43082541 11.69589043 669.50061035
v -0.43082541 11.69589043 667.50061035
v -0.34575579 11.71529961 667.50061035
v -0.43082541 11.69589043 669.50061035
v -0.34575579 11.71529961 669.50061035
v -0.34575579 11.71529961 667.50061035
v -0.25982401 11.73044968 667.50061035
v -0.34575579 11.71529961 669.50061035
v -0.25982401 11.73044968 669.50061035
v -0.25982401 11.73044968 667.50061035
v -0.17324370 11.74129963 667.50061035
v -0.25982401 11.73044968 669.50061035
v -0.17324370 11.74129963 669.50061035
v -0.17324370 11.74129963 667.50061035
v -0.08623027 11.74781990 667.50061035
v -0.17324370 11.74129963 669.50061035
v -0.08623027 11.74781990 669.50061035
v -0.08623027 11.74781990 669.50061035
v 0.00099999 11.75000000 667.50061035
v 0.00099999 11.75000000 669.50061035
v -0.08623027 11.74781990 667.50061035
v 0.00099999 -8.25000000 667.50061035
v 0.08823031 -8.25217628 667.50061035
v 0.00099999 -8.25000000 669.50061035
v 0.08823031 -8.25217628 669.50061035
v 0.08823031 -8.25217628 669.50061035
v 0.17524371 -8.25869656 667.50061035
v 0.17524371 -8.25869656 669.50061035
v 0.08823031 -8.25217628 667.50061035
v 0.17524371 -8.25869656 669.50061035
v 0.26182401 -8.26954746 667.50061035
v 0.26182401 -8.26954746 669.50061035
v 0.17524371 -8.25869656 667.50061035
v 0.26182401 -8.26954746 669.50061035
v 0.34775570 -8.28469944 667.50061035
v 0.34775570 -8.28469944 669.50061035
v 0.26182401 -8.26954746 667.50061035
v 0.34775570 -8.28469944 669.50061035
v 0.43282551 -8.30411530 667.50061035
v 0.43282551 -8.30411530 669.50061035
v 0.34775570 -8.28469944 667.50061035
v 0.43282551 -8.30411530 669.50061035
v 0.51682162 -8.32774830 667.50061035
v 0.51682162 -8.32774830 669.50061035
v 0.43282551 -8.30411530 667.50061035
v 0.51682162 -8.32774830 669.50061035
v 0.59953523 -8.35553932 667.50061035
v 0.59953523 -8.35553932 669.50061035
v 0.51682162 -8.32774830 667.50061035
v 0.59953523 -8.35553932 669.50061035
v 0.68076098 -8.38741684 667.50061035
v 0.68076098 -8.38741684 669.50061035
v 0.68076098 -8.38741684 669.50061035
v 0.68076098 -8.38741684 667.50061035
v 0.76029652 -8.42330456 669.50061035
v 0.59953523 -8.35553932 667.50061035
v 0.76029652 -8.42330456 667.50061035
v 0.76029652 -8.42330456 669.50061035
v 0.83794451 -8.46311188 667.50061035
v 0.83794451 -8.46311188 669.50061035
v 0.76029652 -8.42330456 667.50061035
v 0.83794451 -8.46311188 667.50061035
v 0.91351157 -8.50674057 667.50061035
v 0.83794451 -8.46311188 669.50061035
v 0.91351157 -8.50674057 669.50061035
v 0.91351157 -8.50674057 667.50061035
v 0.98681009 -8.55408192 667.50061035
v 0.91351157 -8.50674057 669.50061035
v 0.98681009 -8.55408192 669.50061035
v 0.98681009 -8.55408192 667.50061035
v 1.05765796 -8.60501766 667.50061035
v 0.98681009 -8.55408192 669.50061035
v 1.05765796 -8.60501766 669.50061035
v 1.05765796 -8.60501766 667.50061035
v 1.12587798 -8.65942192 667.50061035
v 1.05765796 -8.60501766 669.50061035
v 1.12587798 -8.65942192 669.50061035
v 1.12587798 -8.65942192 667.50061035
v 1.19130194 -8.71716022 667.50061035
v 1.12587798 -8.65942192 669.50061035
v 1.19130194 -8.71716022 669.50061035
v 1.19130194 -8.71716022 667.50061035
v 1.25376701 -8.77808571 667.50061035
v 1.19130194 -8.71716022 669.50061035
v 1.25376701 -8.77808571 669.50061035
v 1.25376701 -8.77808571 667.50061035
v 1.31311703 -8.84204960 667.50061035
v 1.25376701 -8.77808571 669.50061035
v 1.31311703 -8.84204960 669.50061035
v 1.31311703 -8.84204960 667.50061035
v 1.36920500 -8.90889263 667.50061035
v 1.31311703 -8.84204960 669.50061035
v 1.36920500 -8.90889263 669.50061035
v 1.36920500 -8.90889263 667.50061035
v 1.42189205 -8.97844887 667.50061035
v 1.36920500 -8.90889263 669.50061035
v 1.42189205 -8.97844887 669.50061035
v 1.42189205 -8.97844887 667.50061035
v 1.47104502 -9.05054379 667.50061035
v 1.42189205 -8.97844887 669.50061035
v 1.47104502 -9.05054379 669.50061035
v 1.47104502 -9.05054379 667.50061035
v 1.51654398 -9.12500000 667.50061035
v 1.47104502 -9.05054379 669.50061035
v 1.51654398 -9.12500000 669.50061035
v 1.51654398 -9.12500000 667.50061035
v 1.55827606 -9.20163155 667.50061035
v 1.51654398 -9.12500000 669.50061035
v 1.55827606 -9.20163155 669.50061035
v 1.55827606 -9.20163155 669.50061035
v 1.59613502 -9.28024769 667.50061035
v 1.59613502 -9.28024769 669.50061035
v 1.55827606 -9.20163155 667.50061035
v 1.59613502 -9.28024769 669.50061035
v 1.63002896 -9.36065292 667.50061035
v 1.63002896 -9.36065292 669.50061035
v 1.59613502 -9.28024769 667.50061035
v 1.63002896 -9.36065292 669.50061035
v 1.65987301 -9.44264793 667.50061035
v 1.65987301 -9.44264793 669.50061035
v 1.63002896 -9.36065292 667.50061035
v 1.65987301 -9.44264793 669.50061035
v 1.68559206 -9.52602959 667.50061035
v 1.68559206 -9.52602959 669.50061035
v 1.65987301 -9.44264793 667.50061035
v 1.68559206 -9.52602959 669.50061035
v 1.70712399 -9.61058903 667.50061035
v 1.70712399 -9.61058903 669.50061035
v 1.68559206 -9.52602959 667.50061035
v 1.70712399 -9.61058903 669.50061035
v 1.72441304 -9.69611645 667.50061035
v 1.72441304 -9.69611645 669.50061035
v 1.72441304 -9.69611645 669.50061035
v 1.72441304 -9.69611645 667.50061035
v 1.73741901 -9.78239918 669.50061035
v 1.70712399 -9.61058903 667.50061035
v 1.73741901 -9.78239918 667.50061035
v 1.73741901 -9.78239918 669.50061035
v 1.74610603 -9.86922264 667.50061035
v 1.74610603 -9.86922264 669.50061035
v 1.73741901 -9.78239918 667.50061035
v 1.74610603 -9.86922264 669.50061035
v 1.75045598 -9.95637226 667.50061035
v 1.75045598 -9.95637226 669.50061035
v 1.74610603 -9.86922264 667.50061035
v 1.75045598 -9.95637226 669.50061035
v 1.75045598 -10.04362965 667.50061035
v 1.75045598 -10.04362965 669.50061035
v 1.75045598 -9.95637226 667.50061035
v 1.75045598 -10.04362965 669.50061035
v 1.74610603 -10.13078022 667.50061035
v 1.74610603 -10.13078022 669.50061035
v 1.75045598 -10.04362965 667.50061035
v 1.74610603 -10.13078022 669.50061035
v 1.73741901 -10.21759987 667.50061035
v 1.73741901 -10.21759987 669.50061035
v 1.74610603 -10.13078022 667.50061035
v 1.73741901 -10.21759987 669.50061035
v 1.72441304 -10.30387974 667.50061035
v 1.72441304 -10.30387974 669.50061035
v 1.73741901 -10.21759987 667.50061035
v 1.72441304 -10.30387974 669.50061035
v 1.70712399 -10.38941002 667.50061035
v 1.70712399 -10.38941002 669.50061035
v 1.72441304 -10.30387974 667.50061035
v 1.70712399 -10.38941002 667.50061035
v 1.68559206 -10.47397041 667.50061035
v 1.70712399 -10.38941002 669.50061035
v 1.68559206 -10.47397041 669.50061035
v 1.68559206 -10.47397041 667.50061035
v 1.65987301 -10.55735016 667.50061035
v 1.68559206 -10.47397041 669.50061035
v 1.65987301 -10.55735016 669.50061035
v 1.65987301 -10.55735016 667.50061035
v 1.63002896 -10.63934994 667.50061035
v 1.65987301 -10.55735016 669.50061035
v 1.63002896 -10.63934994 669.50061035
v 1.63002896 -10.63934994 667.50061035
v 1.59613502 -10.71975040 667.50061035
v 1.63002896 -10.63934994 669.50061035
v 1.59613502 -10.71975040 669.50061035
v 1.59613502 -10.71975040 667.50061035
v 1.55827606 -10.79837036 667.50061035
v 1.59613502 -10.71975040 669.50061035
v 1.55827606 -10.79837036 669.50061035
v 1.55827606 -10.79837036 667.50061035
v 1.51654398 -10.87500000 667.50061035
v 1.55827606 -10.79837036 669.50061035
v 1.51654398 -10.87500000 669.50061035
v 1.51654398 -10.87500000 667.50061035
v 1.47104502 -10.94946003 667.50061035
v 1.51654398 -10.87500000 669.50061035
v 1.47104502 -10.94946003 669.50061035
v 1.47104502 -10.94946003 669.50061035
v 1.47104502 -10.94946003 667.50061035
v 1.42189205 -11.02155018 669.50061035
v 1.42189205 -11.02155018 667.50061035
v 1.42189205 -11.02155018 667.50061035
v 1.36920500 -11.09111023 667.50061035
v 1.42189205 -11.02155018 669.50061035
v 1.36920500 -11.09111023 669.50061035
v 1.36920500 -11.09111023 667.50061035
v 1.31311703 -11.15795040 667.50061035
v 1.36920500 -11.09111023 669.50061035
v 1.31311703 -11.15795040 669.50061035
v 1.31311703 -11.15795040 667.50061035
v 1.25376701 -11.22192001 667.50061035
v 1.31311703 -11.15795040 669.50061035
v 1.25376701 -11.22192001 669.50061035
v 1.25376701 -11.22192001 667.50061035
v 1.19130194 -11.28283978 667.50061035
v 1.25376701 -11.22192001 669.50061035
v 1.19130194 -11.28283978 669.50061035
v 1.19130194 -11.28283978 667.50061035
v 1.12587798 -11.34057999 667.50061035
v 1.19130194 -11.28283978 669.50061035
v 1.12587798 -11.34057999 669.50061035
v 1.12587798 -11.34057999 667.50061035
v 1.05765796 -11.39498043 667.50061035
v 1.12587798 -11.34057999 669.50061035
v 1.05765796 -11.39498043 669.50061035
v 1.05765796 -11.39498043 667.50061035
v 0.98681009 -11.44591999 667.50061035
v 1.05765796 -11.39498043 669.50061035
v 0.98681009 -11.44591999 669.50061035
v 0.98681009 -11.44591999 667.50061035
v 0.91351157 -11.49326038 667.50061035
v 0.98681009 -11.44591999 669.50061035
v 0.91351157 -11.49326038 669.50061035
v 0.91351157 -11.49326038 667.50061035
v 0.83794451 -11.53689003 667.50061035
v 0.91351157 -11.49326038 669.50061035
v 0.83794451 -11.53689003 669.50061035
v 0.83794451 -11.53689003 667.50061035
v 0.76029652 -11.57670021 667.50061035
v 0.83794451 -11.53689003 669.50061035
v 0.76029652 -11.57670021 669.50061035
v 0.76029652 -11.57670021 667.50061035
v 0.68076098 -11.61258030 667.50061035
v 0.76029652 -11.57670021 669.50061035
v 0.68076098 -11.61258030 669.50061035
v 0.68076098 -11.61258030 667.50061035
v 0.59953523 -11.64445972 667.50061035
v 0.68076098 -11.61258030 669.50061035
v 0.59953523 -11.64445972 669.50061035
v 0.59953523 -11.64445972 667.50061035
v 0.51682162 -11.67224979 667.50061035
v 0.59953523 -11.64445972 669.50061035
v 0.51682162 -11.67224979 669.50061035
v 0.51682162 -11.67224979 669.50061035
v 0.43282551 -11.69589043 667.50061035
v 0.43282551 -11.69589043 669.50061035
v 0.51682162 -11.67224979 667.50061035
v 0.43282551 -11.69589043 669.50061035
v 0.34775570 -11.71529961 667.50061035
v 0.34775570 -11.71529961 669.50061035
v 0.43282551 -11.69589043 667.50061035
v 0.34775570 -11.71529961 669.50061035
v 0.26182401 -11.73044968 667.50061035
v 0.26182401 -11.73044968 669.50061035
v 0.34775570 -11.71529961 667.50061035
v 0.26182401 -11.73044968 669.50061035
v 0.17524371 -11.74129963 667.50061035
v 0.17524371 -11.74129963 669.50061035
v 0.26182401 -11.73044968 667.50061035
v 0.17524371 -11.74129963 667.50061035
v 0.08823031 -11.74781990 667.50061035
v 0.17524371 -11.74129963 669.50061035
v 0.08823031 -11.74781990 669.50061035
v 0.08823031 -11.74781990 667.50061035
v 0.00099999 -11.75000000 667.50061035
v 0.08823031 -11.74781990 669.50061035
v 0.00099999 -11.75000000 669.50061035
v 0.00099999 -11.75000000 667.50061035
v -0.08623027 -11.74781990 667.50061035
v 0.00099999 -11.75000000 669.50061035
v -0.08623027 -11.74781990 669.50061035
v -0.08623027 -11.74781990 667.50061035
v -0.17324370 -11.74129963 667.50061035
v -0.08623027 -11.74781990 669.50061035
v -0.17324370 -11.74129963 669.50061035
v -0.17324370 -11.74129963 667.50061035
v -0.25982401 -11.73044968 667.50061035
v -0.17324370 -11.74129963 669.50061035
v -0.25982401 -11.73044968 669.50061035
v -0.25982401 -11.73044968 667.50061035
v -0.34575579 -11.71529961 667.50061035
v -0.25982401 -11.73044968 669.50061035
v -0.34575579 -11.71529961 669.50061035
v -0.34575579 -11.71529961 667.50061035
v -0.43082541 -11.69589043 667.50061035
v -0.34575579 -11.71529961 669.50061035
v -0.43082541 -11.69589043 669.50061035
v -0.43082541 -11.69589043 667.50061035
v -0.51482153 -11.67224979 667.50061035
v -0.43082541 -11.69589043 669.50061035
v -0.51482153 -11.67224979 669.50061035
v -0.51482153 -11.67224979 667.50061035
v -0.59753531 -11.64445972 667.50061035
v -0.51482153 -11.67224979 669.50061035
v -0.59753531 -11.64445972 669.50061035
v -0.59753531 -11.64445972 667.50061035
v -0.67876089 -11.61258030 667.50061035
v -0.59753531 -11.64445972 669.50061035
v -0.67876089 -11.61258030 669.50061035
v -0.67876089 -11.61258030 667.50061035
v -0.75829661 -11.57670021 667.50061035
v -0.67876089 -11.61258030 669.50061035
v -0.75829661 -11.57670021 669.50061035
v -0.75829661 -11.57670021 667.50061035
v -0.83594447 -11.53689003 667.50061035
v -0.75829661 -11.57670021 669.50061035
v -0.83594447 -11.53689003 669.50061035
v -0.83594447 -11.53689003 669.50061035
v -0.91151160 -11.49326038 667.50061035
v -0.91151160 -11.49326038 669.50061035
v -0.83594447 -11.53689003 667.50061035
v -0.91151160 -11.49326038 669.50061035
v -0.98481011 -11.44591999 667.50061035
v -0.98481011 -11.44591999 669.50061035
v -0.91151160 -11.49326038 667.50061035
v -0.98481011 -11.44591999 669.50061035
v -1.05565798 -11.39498043 667.50061035
v -1.05565798 -11.39498043 669.50061035
v -0.98481011 -11.44591999 667.50061035
v -1.05565798 -11.39498043 669.50061035
v -1.12387800 -11.34057999 667.50061035
v -1.12387800 -11.34057999 669.50061035
v -1.05565798 -11.39498043 667.50061035
v -1.12387800 -11.34057999 669.50061035
v -1.18930197 -11.28283978 667.50061035
v -1.18930197 -11.28283978 669.50061035
v -1.12387800 -11.34057999 667.50061035
v -1.18930197 -11.28283978 669.50061035
v -1.25176704 -11.22192001 667.50061035
v -1.25176704 -11.22192001 669.50061035
v -1.18930197 -11.28283978 667.50061035
v -1.25176704 -11.22192001 669.50061035
v -1.31111705 -11.15795040 667.50061035
v -1.31111705 -11.15795040 669.50061035
v -1.25176704 -11.22192001 667.50061035
v -1.31111705 -11.15795040 669.50061035
v -1.36720502 -11.09111023 667.50061035
v -1.36720502 -11.09111023 669.50061035
v -1.31111705 -11.15795040 667.50061035
v -1.36720502 -11.09111023 669.50061035
v -1.41989100 -11.02155018 667.50061035
v -1.41989100 -11.02155018 669.50061035
v -1.36720502 -11.09111023 667.50061035
v -1.41989100 -11.02155018 669.50061035
v -1.46904504 -10.94946003 667.50061035
v -1.46904504 -10.94946003 669.50061035
v -1.41989100 -11.02155018 667.50061035
v -1.46904504 -10.94946003 669.50061035
v -1.51454401 -10.87500000 667.50061035
v -1.51454401 -10.87500000 669.50061035
v -1.46904504 -10.94946003 667.50061035
v -1.51454401 -10.87500000 669.50061035
v -1.55627596 -10.79837036 667.50061035
v -1.55627596 -10.79837036 669.50061035
v -1.51454401 -10.87500000 667.50061035
v -1.55627596 -10.79837036 669.50061035
v -1.59413505 -10.71975040 667.50061035
v -1.59413505 -10.71975040 669.50061035
v -1.55627596 -10.79837036 667.50061035
v -1.59413505 -10.71975040 669.50061035
v -1.62802899 -10.63934994 667.50061035
v -1.62802899 -10.63934994 669.50061035
v -1.59413505 -10.71975040 667.50061035
v -1.62802899 -10.63934994 667.50061035
v -1.65787303 -10.55735016 667.50061035
v -1.62802899 -10.63934994 669.50061035
v -1.65787303 -10.55735016 669.50061035
v -1.65787303 -10.55735016 667.50061035
v -1.68359196 -10.47397041 667.50061035
v -1.65787303 -10.55735016 669.50061035
v -1.68359196 -10.47397041 669.50061035
v -1.68359196 -10.47397041 667.50061035
v -1.70512402 -10.38941002 667.50061035
v -1.68359196 -10.47397041 669.50061035
v -1.70512402 -10.38941002 669.50061035
v -1.70512402 -10.38941002 667.50061035
v -1.72241402 -10.30387974 667.50061035
v -1.70512402 -10.38941002 669.50061035
v -1.72241402 -10.30387974 669.50061035
v -1.72241402 -10.30387974 669.50061035
v -1.73541903 -10.21759987 667.50061035
v -1.73541903 -10.21759987 669.50061035
v -1.72241402 -10.30387974 667.50061035
v -1.73541903 -10.21759987 669.50061035
v -1.74410701 -10.13078022 667.50061035
v -1.74410701 -10.13078022 669.50061035
v -1.73541903 -10.21759987 667.50061035
v -1.74410701 -10.13078022 669.50061035
v -1.74845600 -10.04362965 667.50061035
v -1.74845600 -10.04362965 669.50061035
v -1.74410701 -10.13078022 667.50061035
v -1.74845600 -10.04362965 669.50061035
v -1.74845600 -9.95637226 667.50061035
v -1.74845600 -9.95637226 669.50061035
v -1.74845600 -10.04362965 667.50061035
v -1.74845600 -9.95637226 669.50061035
v -1.74410701 -9.86922264 667.50061035
v -1.74410701 -9.86922264 669.50061035
v -1.74845600 -9.95637226 667.50061035
v -1.74410701 -9.86922264 669.50061035
v -1.73541903 -9.78239918 667.50061035
v -1.73541903 -9.78239918 669.50061035
v -1.74410701 -9.86922264 667.50061035
v -1.73541903 -9.78239918 669.50061035
v -1.72241402 -9.69611645 667.50061035
v -1.72241402 -9.69611645 669.50061035
v -1.73541903 -9.78239918 667.50061035
v -1.72241402 -9.69611645 669.50061035
v -1.70512402 -9.61058903 667.50061035
v -1.70512402 -9.61058903 669.50061035
v -1.72241402 -9.69611645 667.50061035
v -1.70512402 -9.61058903 669.50061035
v -1.68359196 -9.52602959 667.50061035
v -1.68359196 -9.52602959 669.50061035
v -1.70512402 -9.61058903 667.50061035
v -1.68359196 -9.52602959 669.50061035
v -1.65787303 -9.44264793 667.50061035
v -1.65787303 -9.44264793 669.50061035
v -1.68359196 -9.52602959 667.50061035
v -1.65787303 -9.44264793 669.50061035
v -1.62802899 -9.36065292 667.50061035
v -1.62802899 -9.36065292 669.50061035
v -1.65787303 -9.44264793 667.50061035
v -1.62802899 -9.36065292 669.50061035
v -1.59413505 -9.28024769 667.50061035
v -1.59413505 -9.28024769 669.50061035
v -1.62802899 -9.36065292 667.50061035
v -1.59413505 -9.28024769 669.50061035
v -1.55627596 -9.20163155 667.50061035
v -1.55627596 -9.20163155 669.50061035
v -1.59413505 -9.28024769 667.50061035
v -1.55627596 -9.20163155 669.50061035
v -1.51454401 -9.12500000 667.50061035
v -1.51454401 -9.12500000 669.50061035
v -1.55627596 -9.20163155 667.50061035
v -1.51454401 -9.12500000 669.50061035
v -1.46904504 -9.05054379 667.50061035
v -1.46904504 -9.05054379 669.50061035
v -1.51454401 -9.12500000 667.50061035
v -1.46904504 -9.05054379 669.50061035
v -1.41989100 -8.97844887 667.50061035
v -1.41989100 -8.97844887 669.50061035
v -1.46904504 -9.05054379 667.50061035
v -1.41989100 -8.97844887 669.50061035
v -1.36720502 -8.90889263 667.50061035
v -1.36720502 -8.90889263 669.50061035
v -1.41989100 -8.97844887 667.50061035
v -1.36720502 -8.90889263 669.50061035
v -1.31111705 -8.84204960 667.50061035
v -1.31111705 -8.84204960 669.50061035
v -1.36720502 -8.90889263 667.50061035
v -1.31111705 -8.84204960 669.50061035
v -1.25176704 -8.77808571 667.50061035
v -1.25176704 -8.77808571 669.50061035
v -1.31111705 -8.84204960 667.50061035
v -1.25176704 -8.77808571 669.50061035
v -1.18930197 -8.71716022 667.50061035
v -1.18930197 -8.71716022 669.50061035
v -1.25176704 -8.77808571 667.50061035
v -1.18930197 -8.71716022 667.50061035
v -1.12387800 -8.65942192 667.50061035
v -1.18930197 -8.71716022 669.50061035
v -1.12387800 -8.65942192 669.50061035
v -1.12387800 -8.65942192 667.50061035
v -1.05565798 -8.60501766 667.50061035
v -1.12387800 -8.65942192 669.50061035
v -1.05565798 -8.60501766 669.50061035
v -1.05565798 -8.60501766 667.50061035
v -0.98481011 -8.55408192 667.50061035
v -1.05565798 -8.60501766 669.50061035
v -0.98481011 -8.55408192 669.50061035
v -0.98481011 -8.55408192 667.50061035
v -0.91151160 -8.50674057 667.50061035
v -0.98481011 -8.55408192 669.50061035
v -0.91151160 -8.50674057 669.50061035
v -0.91151160 -8.50674057 667.50061035
v -0.83594447 -8.46311188 667.50061035
v -0.91151160 -8.50674057 669.50061035
v -0.83594447 -8.46311188 669.50061035
v -0.83594447 -8.46311188 667.50061035
v -0.75829661 -8.42330456 667.50061035
v -0.83594447 -8.46311188 669.50061035
v -0.75829661 -8.42330456 669.50061035
v -0.75829661 -8.42330456 667.50061035
v -0.67876089 -8.38741684 667.50061035
v -0.75829661 -8.42330456 669.50061035
v -0.67876089 -8.38741684 669.50061035
v -0.67876089 -8.38741684 667.50061035
v -0.59753531 -8.35553932 667.50061035
v -0.67876089 -8.38741684 669.50061035
v -0.59753531 -8.35553932 669.50061035
v -0.59753531 -8.35553932 667.50061035
v -0.51482153 -8.32774830 667.50061035
v -0.59753531 -8.35553932 669.50061035
v -0.51482153 -8.32774830 669.50061035
v -0.51482153 -8.32774830 667.50061035
v -0.43082541 -8.30411530 667.50061035
v -0.51482153 -8.32774830 669.50061035
v -0.43082541 -8.30411530 669.50061035
v -0.43082541 -8.30411530 667.50061035
v -0.34575579 -8.28469944 667.50061035
v -0.43082541 -8.30411530 669.50061035
v -0.34575579 -8.28469944 669.50061035
v -0.34575579 -8.28469944 667.50061035
v -0.25982401 -8.26954746 667.50061035
v -0.34575579 -8.28469944 669.50061035
v -0.25982401 -8.26954746 669.50061035
v -0.25982401 -8.26954746 667.50061035
v -0.17324370 -8.25869656 667.50061035
v -0.25982401 -8.26954746 669.50061035
v -0.17324370 -8.25869656 669.50061035
v -0.17324370 -8.25869656 667.50061035
v -0.08623027 -8.25217628 667.50061035
v -0.17324370 -8.25869656 669.50061035
v -0.08623027 -8.25217628 669.50061035
v -0.08623027 -8.25217628 669.50061035
v 0.00099999 -8.25000000 667.50061035
v 0.00099999 -8.25000000 669.50061035
v -0.08623027 -8.25217628 667.50061035
v 0.00099999 -28.25000000 667.50061035
v 0.08823031 -28.25218010 667.50061035
v 0.00099999 -28.25000000 669.50061035
v 0.08823031 -28.25218010 669.50061035
v 0.08823031 -28.25218010 669.50061035
v 0.17524371 -28.25869942 667.50061035
v 0.17524371 -28.25869942 669.50061035
v 0.08823031 -28.25218010 667.50061035
v 0.17524371 -28.25869942 669.50061035
v 0.26182401 -28.26955032 667.50061035
v 0.26182401 -28.26955032 669.50061035
v 0.17524371 -28.25869942 667.50061035
v 0.26182401 -28.26955032 669.50061035
v 0.34775570 -28.28470039 667.50061035
v 0.34775570 -28.28470039 669.50061035
v 0.26182401 -28.26955032 667.50061035
v 0.34775570 -28.28470039 669.50061035
v 0.43282551 -28.30411911 667.50061035
v 0.43282551 -28.30411911 669.50061035
v 0.34775570 -28.28470039 667.50061035
v 0.43282551 -28.30411911 669.50061035
v 0.51682162 -28.32774925 667.50061035
v 0.51682162 -28.32774925 669.50061035
v 0.43282551 -28.30411911 667.50061035
v 0.51682162 -28.32774925 669.50061035
v 0.59953523 -28.35553932 667.50061035
v 0.59953523 -28.35553932 669.50061035
v 0.51682162 -28.32774925 667.50061035
v 0.59953523 -28.35553932 669.50061035
v 0.68076098 -28.38742065 667.50061035
v 0.68076098 -28.38742065 669.50061035
v 0.68076098 -28.38742065 669.50061035
v 0.68076098 -28.38742065 667.50061035
v 0.76029652 -28.42329979 669.50061035
v 0.59953523 -28.35553932 667.50061035
v 0.76029652 -28.42329979 667.50061035
v 0.76029652 -28.42329979 669.50061035
v 0.83794451 -28.46310997 667.50061035
v 0.83794451 -28.46310997 669.50061035
v 0.76029652 -28.42329979 667.50061035
v 0.83794451 -28.46310997 667.50061035
v 0.91351157 -28.50674057 667.50061035
v 0.83794451 -28.46310997 669.50061035
v 0.91351157 -28.50674057 669.50061035
v 0.91351157 -28.50674057 667.50061035
v 0.98681009 -28.55407906 667.50061035
v 0.91351157 -28.50674057 669.50061035
v 0.98681009 -28.55407906 669.50061035
v 0.98681009 -28.55407906 667.50061035
v 1.05765796 -28.60502052 667.50061035
v 0.98681009 -28.55407906 669.50061035
v 1.05765796 -28.60502052 669.50061035
v 1.05765796 -28.60502052 667.50061035
v 1.12587798 -28.65942001 667.50061035
v 1.05765796 -28.60502052 669.50061035
v 1.12587798 -28.65942001 669.50061035
v 1.12587798 -28.65942001 667.50061035
v 1.19130194 -28.71715927 667.50061035
v 1.12587798 -28.65942001 669.50061035
v 1.19130194 -28.71715927 669.50061035
v 1.19130194 -28.71715927 667.50061035
v 1.25376701 -28.77808952 667.50061035
v 1.19130194 -28.71715927 669.50061035
v 1.25376701 -28.77808952 669.50061035
v 1.25376701 -28.77808952 667.50061035
v 1.31311703 -28.84205055 667.50061035
v 1.25376701 -28.77808952 669.50061035
v 1.31311703 -28.84205055 669.50061035
v 1.31311703 -28.84205055 667.50061035
v 1.36920500 -28.90889931 667.50061035
v 1.31311703 -28.84205055 669.50061035
v 1.36920500 -28.90889931 669.50061035
v 1.36920500 -28.90889931 667.50061035
v 1.42189205 -28.97845078 667.50061035
v 1.36920500 -28.90889931 669.50061035
v 1.42189205 -28.97845078 669.50061035
v 1.42189205 -28.97845078 667.50061035
v 1.47104502 -29.05055046 667.50061035
v 1.42189205 -28.97845078 669.50061035
v 1.47104502 -29.05055046 669.50061035
v 1.47104502 -29.05055046 667.50061035
v 1.51654398 -29.12500000 667.50061035
v 1.47104502 -29.05055046 669.50061035
v 1.51654398 -29.12500000 669.50061035
v 1.51654398 -29.12500000 667.50061035
v 1.55827606 -29.20162964 667.50061035
v 1.51654398 -29.12500000 669.50061035
v 1.55827606 -29.20162964 669.50061035
v 1.55827606 -29.20162964 669.50061035
v 1.59613502 -29.28025055 667.50061035
v 1.59613502 -29.28025055 669.50061035
v 1.55827606 -29.20162964 667.50061035
v 1.59613502 -29.28025055 669.50061035
v 1.63002896 -29.36064911 667.50061035
v 1.63002896 -29.36064911 669.50061035
v 1.59613502 -29.28025055 667.50061035
v 1.63002896 -29.36064911 669.50061035
v 1.65987301 -29.44264984 667.50061035
v 1.65987301 -29.44264984 669.50061035
v 1.63002896 -29.36064911 667.50061035
v 1.65987301 -29.44264984 669.50061035
v 1.68559206 -29.52602959 667.50061035
v 1.68559206 -29.52602959 669.50061035
v 1.65987301 -29.44264984 667.50061035
v 1.68559206 -29.52602959 669.50061035
v 1.70712399 -29.61058998 667.50061035
v 1.70712399 -29.61058998 669.50061035
v 1.68559206 -29.52602959 667.50061035
v 1.70712399 -29.61058998 669.50061035
v 1.72441304 -29.69611931 667.50061035
v 1.72441304 -29.69611931 669.50061035
v 1.72441304 -29.69611931 669.50061035
v 1.72441304 -29.69611931 667.50061035
v 1.73741901 -29.78240013 669.50061035
v 1.70712399 -29.61058998 667.50061035
v 1.73741901 -29.78240013 667.50061035
v 1.73741901 -29.78240013 669.50061035
v 1.74610603 -29.86922073 667.50061035
v 1.74610603 -29.86922073 669.50061035
v 1.73741901 -29.78240013 667.50061035
v 1.74610603 -29.86922073 669.50061035
v 1.75045598 -29.95636940 667.50061035
v 1.75045598 -29.95636940 669.50061035
v 1.74610603 -29.86922073 667.50061035
v 1.75045598 -29.95636940 669.50061035
v 1.75045598 -30.04363060 667.50061035
v 1.75045598 -30.04363060 669.50061035
v 1.75045598 -29.95636940 667.50061035
v 1.75045598 -30.04363060 669.50061035
v 1.74610603 -30.13077927 667.50061035
v 1.74610603 -30.13077927 669.50061035
v 1.75045598 -30.04363060 667.50061035
v 1.74610603 -30.13077927 669.50061035
v 1.73741901 -30.21759987 667.50061035
v 1.73741901 -30.21759987 669.50061035
v 1.74610603 -30.13077927 667.50061035
v 1.73741901 -30.21759987 669.50061035
v 1.72441304 -30.30389023 667.50061035
v 1.72441304 -30.30389023 669.50061035
v 1.73741901 -30.21759987 667.50061035
v 1.72441304 -30.30389023 669.50061035
v 1.70712399 -30.38941002 667.50061035
v 1.70712399 -30.38941002 669.50061035
v 1.72441304 -30.30389023 667.50061035
v 1.70712399 -30.38941002 667.50061035
v 1.68559206 -30.47397041 667.50061035
v 1.70712399 -30.38941002 669.50061035
v 1.68559206 -30.47397041 669.50061035
v 1.68559206 -30.47397041 667.50061035
v 1.65987301 -30.55735016 667.50061035
v 1.68559206 -30.47397041 669.50061035
v 1.65987301 -30.55735016 669.50061035
v 1.65987301 -30.55735016 667.50061035
v 1.63002896 -30.63935089 667.50061035
v 1.65987301 -30.55735016 669.50061035
v 1.63002896 -30.63935089 669.50061035
v 1.63002896 -30.63935089 667.50061035
v 1.59613502 -30.71974945 667.50061035
v 1.63002896 -30.63935089 669.50061035
v 1.59613502 -30.71974945 669.50061035
v 1.59613502 -30.71974945 667.50061035
v 1.55827606 -30.79837036 667.50061035
v 1.59613502 -30.71974945 669.50061035
v 1.55827606 -30.79837036 669.50061035
v 1.55827606 -30.79837036 667.50061035
v 1.51654398 -30.87500000 667.50061035
v 1.55827606 -30.79837036 669.50061035
v 1.51654398 -30.87500000 669.50061035
v 1.51654398 -30.87500000 667.50061035
v 1.47104502 -30.94945908 667.50061035
v 1.51654398 -30.87500000 669.50061035
v 1.47104502 -30.94945908 669.50061035
v 1.47104502 -30.94945908 669.50061035
v 1.47104502 -30.94945908 667.50061035
v 1.42189205 -31.02154922 669.50061035
v 1.42189205 -31.02154922 667.50061035
v 1.42189205 -31.02154922 667.50061035
v 1.36920500 -31.09111023 667.50061035
v 1.42189205 -31.02154922 669.50061035
v 1.36920500 -31.09111023 669.50061035
v 1.36920500 -31.09111023 667.50061035
v 1.31311703 -31.15794945 667.50061035
v 1.36920500 -31.09111023 669.50061035
v 1.31311703 -31.15794945 669.50061035
v 1.31311703 -31.15794945 667.50061035
v 1.25376701 -31.22192001 667.50061035
v 1.31311703 -31.15794945 669.50061035
v 1.25376701 -31.22192001 669.50061035
v 1.25376701 -31.22192001 667.50061035
v 1.19130194 -31.28284073 667.50061035
v 1.25376701 -31.22192001 669.50061035
v 1.19130194 -31.28284073 669.50061035
v 1.19130194 -31.28284073 667.50061035
v 1.12587798 -31.34057999 667.50061035
v 1.19130194 -31.28284073 669.50061035
v 1.12587798 -31.34057999 669.50061035
v 1.12587798 -31.34057999 667.50061035
v 1.05765796 -31.39497948 667.50061035
v 1.12587798 -31.34057999 669.50061035
v 1.05765796 -31.39497948 669.50061035
v 1.05765796 -31.39497948 667.50061035
v 0.98681009 -31.44592094 667.50061035
v 1.05765796 -31.39497948 669.50061035
v 0.98681009 -31.44592094 669.50061035
v 0.98681009 -31.44592094 667.50061035
v 0.91351157 -31.49325943 667.50061035
v 0.98681009 -31.44592094 669.50061035
v 0.91351157 -31.49325943 669.50061035
v 0.91351157 -31.49325943 667.50061035
v 0.83794451 -31.53689003 667.50061035
v 0.91351157 -31.49325943 669.50061035
v 0.83794451 -31.53689003 669.50061035
v 0.83794451 -31.53689003 667.50061035
v 0.76029652 -31.57670021 667.50061035
v 0.83794451 -31.53689003 669.50061035
v 0.76029652 -31.57670021 669.50061035
v 0.76029652 -31.57670021 667.50061035
v 0.68076098 -31.61257935 667.50061035
v 0.76029652 -31.57670021 669.50061035
v 0.68076098 -31.61257935 669.50061035
v 0.68076098 -31.61257935 667.50061035
v 0.59953523 -31.64446068 667.50061035
v 0.68076098 -31.61257935 669.50061035
v 0.59953523 -31.64446068 669.50061035
v 0.59953523 -31.64446068 667.50061035
v 0.51682162 -31.67225075 667.50061035
v 0.59953523 -31.64446068 669.50061035
v 0.51682162 -31.67225075 669.50061035
v 0.51682162 -31.67225075 669.50061035
v 0.43282551 -31.69589043 667.50061035
v 0.43282551 -31.69589043 669.50061035
v 0.51682162 -31.67225075 667.50061035
v 0.43282551 -31.69589043 669.50061035
v 0.34775570 -31.71529961 667.50061035
v 0.34775570 -31.71529961 669.50061035
v 0.43282551 -31.69589043 667.50061035
v 0.34775570 -31.71529961 669.50061035
v 0.26182401 -31.73044968 667.50061035
v 0.26182401 -31.73044968 669.50061035
v 0.34775570 -31.71529961 667.50061035
v 0.26182401 -31.73044968 669.50061035
v 0.17524371 -31.74131012 667.50061035
v 0.17524371 -31.74131012 669.50061035
v 0.26182401 -31.73044968 667.50061035
v 0.17524371 -31.74131012 667.50061035
v 0.08823031 -31.74781990 667.50061035
v 0.17524371 -31.74131012 669.50061035
v 0.08823031 -31.74781990 669.50061035
v 0.08823031 -31.74781990 667.50061035
v 0.00099999 -31.75000000 667.50061035
v 0.08823031 -31.74781990 669.50061035
v 0.00099999 -31.75000000 669.50061035
v 0.00099999 -31.75000000 667.50061035
v -0.08623027 -31.74781990 667.50061035
v 0.00099999 -31.75000000 669.50061035
v -0.08623027 -31.74781990 669.50061035
v -0.08623027 -31.74781990 667.50061035
v -0.17324370 -31.74131012 667.50061035
v -0.08623027 -31.74781990 669.50061035
v -0.17324370 -31.74131012 669.50061035
v -0.17324370 -31.74131012 667.50061035
v -0.25982401 -31.73044968 667.50061035
v -0.17324370 -31.74131012 669.50061035
v -0.25982401 -31.73044968 669.50061035
v -0.25982401 -31.73044968 667.50061035
v -0.34575579 -31.71529961 667.50061035
v -0.25982401 -31.73044968 669.50061035
v -0.34575579 -31.71529961 669.50061035
v -0.34575579 -31.71529961 667.50061035
v -0.43082541 -31.69589043 667.50061035
v -0.34575579 -31.71529961 669.50061035
v -0.43082541 -31.69589043 669.50061035
v -0.43082541 -31.69589043 667.50061035
v -0.51482153 -31.67225075 667.50061035
v -0.43082541 -31.69589043 669.50061035
v -0.51482153 -31.67225075 669.50061035
v -0.51482153 -31.67225075 667.50061035
v -0.59753531 -31.64446068 667.50061035
v -0.51482153 -31.67225075 669.50061035
v -0.59753531 -31.64446068 669.50061035
v -0.59753531 -31.64446068 667.50061035
v -0.67876089 -31.61257935 667.50061035
v -0.59753531 -31.64446068 669.50061035
v -0.67876089 -31.61257935 669.50061035
v -0.67876089 -31.61257935 667.50061035
v -0.75829661 -31.57670021 667.50061035
v -0.67876089 -31.61257935 669.50061035
v -0.75829661 -31.57670021 669.50061035
v -0.75829661 -31.57670021 667.50061035
v -0.83594447 -31.53689003 667.50061035
v -0.75829661 -31.57670021 669.50061035
v -0.83594447 -31.53689003 669.50061035
v -0.83594447 -31.53689003 669.50061035
v -0.91151160 -31.49325943 667.50061035
v -0.91151160 -31.49325943 669.50061035
v -0.83594447 -31.53689003 667.50061035
v -0.91151160 -31.49325943 669.50061035
v -0.98481011 -31.44592094 667.50061035
v -0.98481011 -31.44592094 669.50061035
v -0.91151160 -31.49325943 667.50061035
v -0.98481011 -31.44592094 669.50061035
v -1.05565798 -31.39497948 667.50061035
v -1.05565798 -31.39497948 669.50061035
v -0.98481011 -31.44592094 667.50061035
v -1.05565798 -31.39497948 669.50061035
v -1.12387800 -31.34057999 667.50061035
v -1.12387800 -31.34057999 669.50061035
v -1.05565798 -31.39497948 667.50061035
v -1.12387800 -31.34057999 669.50061035
v -1.18930197 -31.28284073 667.50061035
v -1.18930197 -31.28284073 669.50061035
v -1.12387800 -31.34057999 667.50061035
v -1.18930197 -31.28284073 669.50061035
v -1.25176704 -31.22192001 667.50061035
v -1.25176704 -31.22192001 669.50061035
v -1.18930197 -31.28284073 667.50061035
v -1.25176704 -31.22192001 669.50061035
v -1.31111705 -31.15794945 667.50061035
v -1.31111705 -31.15794945 669.50061035
v -1.25176704 -31.22192001 667.50061035
v -1.31111705 -31.15794945 669.50061035
v -1.36720502 -31.09111023 667.50061035
v -1.36720502 -31.09111023 669.50061035
v -1.31111705 -31.15794945 667.50061035
v -1.36720502 -31.09111023 669.50061035
v -1.41989100 -31.02154922 667.50061035
v -1.41989100 -31.02154922 669.50061035
v -1.36720502 -31.09111023 667.50061035
v -1.41989100 -31.02154922 669.50061035
v -1.46904504 -30.94945908 667.50061035
v -1.46904504 -30.94945908 669.50061035
v -1.41989100 -31.02154922 667.50061035
v -1.46904504 -30.94945908 669.50061035
v -1.51454401 -30.87500000 667.50061035
v -1.51454401 -30.87500000 669.50061035
v -1.46904504 -30.94945908 667.50061035
v -1.51454401 -30.87500000 669.50061035
v -1.55627596 -30.79837036 667.50061035
v -1.55627596 -30.79837036 669.50061035
v -1.51454401 -30.87500000 667.50061035
v -1.55627596 -30.79837036 669.50061035
v -1.59413505 -30.71974945 667.50061035
v -1.59413505 -30.71974945 669.50061035
v -1.55627596 -30.79837036 667.50061035
v -1.59413505 -30.71974945 669.50061035
v -1.62802899 -30.63935089 667.50061035
v -1.62802899 -30.63935089 669.50061035
v -1.59413505 -30.71974945 667.50061035
v -1.62802899 -30.63935089 667.50061035
v -1.65787303 -30.55735016 667.50061035
v -1.62802899 -30.63935089 669.50061035
v -1.65787303 -30.55735016 669.50061035
v -1.65787303 -30.55735016 667.50061035
v -1.68359196 -30.47397041 667.50061035
v -1.65787303 -30.55735016 669.50061035
v -1.68359196 -30.47397041 669.50061035
v -1.68359196 -30.47397041 667.50061035
v -1.70512402 -30.38941002 667.50061035
v -1.68359196 -30.47397041 669.50061035
v -1.70512402 -30.38941002 669.50061035
v -1.70512402 -30.38941002 667.50061035
v -1.72241402 -30.30389023 667.50061035
v -1.70512402 -30.38941002 669.50061035
v -1.72241402 -30.30389023 669.50061035
v -1.72241402 -30.30389023 669.50061035
v -1.73541903 -30.21759987 667.50061035
v -1.73541903 -30.21759987 669.50061035
v -1.72241402 -30.30389023 667.50061035
v -1.73541903 -30.21759987 669.50061035
v -1.74410701 -30.13077927 667.50061035
v -1.74410701 -30.13077927 669.50061035
v -1.73541903 -30.21759987 667.50061035
v -1.74410701 -30.13077927 669.50061035
v -1.74845600 -30.04363060 667.50061035
v -1.74845600 -30.04363060 669.50061035
v -1.74410701 -30.13077927 667.50061035
v -1.74845600 -30.04363060 669.50061035
v -1.74845600 -29.95636940 667.50061035
v -1.74845600 -29.95636940 669.50061035
v -1.74845600 -30.04363060 667.50061035
v -1.74845600 -29.95636940 669.50061035
v -1.74410701 -29.86922073 667.50061035
v -1.74410701 -29.86922073 669.50061035
v -1.74845600 -29.95636940 667.50061035
v -1.74410701 -29.86922073 669.50061035
v -1.73541903 -29.78240013 667.50061035
v -1.73541903 -29.78240013 669.50061035
v -1.74410701 -29.86922073 667.50061035
v -1.73541903 -29.78240013 669.50061035
v -1.72241402 -29.69611931 667.50061035
v -1.72241402 -29.69611931 669.50061035
v -1.73541903 -29.78240013 667.50061035
v -1.72241402 -29.69611931 669.50061035
v -1.70512402 -29.61058998 667.50061035
v -1.70512402 -29.61058998 669.50061035
v -1.72241402 -29.69611931 667.50061035
v -1.70512402 -29.61058998 669.50061035
v -1.68359196 -29.52602959 667.50061035
v -1.68359196 -29.52602959 669.50061035
v -1.70512402 -29.61058998 667.50061035
v -1.68359196 -29.52602959 669.50061035
v -1.65787303 -29.44264984 667.50061035
v -1.65787303 -29.44264984 669.50061035
v -1.68359196 -29.52602959 667.50061035
v -1.65787303 -29.44264984 669.50061035
v -1.62802899 -29.36064911 667.50061035
v -1.62802899 -29.36064911 669.50061035
v -1.65787303 -29.44264984 667.50061035
v -1.62802899 -29.36064911 669.50061035
v -1.59413505 -29.28025055 667.50061035
v -1.59413505 -29.28025055 669.50061035
v -1.62802899 -29.36064911 667.50061035
v -1.59413505 -29.28025055 669.50061035
v -1.55627596 -29.20162964 667.50061035
v -1.55627596 -29.20162964 669.50061035
v -1.59413505 -29.28025055 667.50061035
v -1.55627596 -29.20162964 669.50061035
v -1.51454401 -29.12500000 667.50061035
v -1.51454401 -29.12500000 669.50061035
v -1.55627596 -29.20162964 667.50061035
v -1.51454401 -29.12500000 669.50061035
v -1.46904504 -29.05055046 667.50061035
v -1.46904504 -29.05055046 669.50061035
v -1.51454401 -29.12500000 667.50061035
v -1.46904504 -29.05055046 669.50061035
v -1.41989100 -28.97845078 667.50061035
v -1.41989100 -28.97845078 669.50061035
v -1.46904504 -29.05055046 667.50061035
v -1.41989100 -28.97845078 669.50061035
v -1.36720502 -28.90889931 667.50061035
v -1.36720502 -28.90889931 669.50061035
v -1.41989100 -28.97845078 667.50061035
v -1.36720502 -28.90889931 669.50061035
v -1.31111705 -28.84205055 667.50061035
v -1.31111705 -28.84205055 669.50061035
v -1.36720502 -28.90889931 667.50061035
v -1.31111705 -28.84205055 669.50061035
v -1.25176704 -28.77808952 667.50061035
v -1.25176704 -28.77808952 669.50061035
v -1.31111705 -28.84205055 667.50061035
v -1.25176704 -28.77808952 669.50061035
v -1.18930197 -28.71715927 667.50061035
v -1.18930197 -28.71715927 669.50061035
v -1.25176704 -28.77808952 667.50061035
v -1.18930197 -28.71715927 667.50061035
v -1.12387800 -28.65942001 667.50061035
v -1.18930197 -28.71715927 669.50061035
v -1.12387800 -28.65942001 669.50061035
v -1.12387800 -28.65942001 667.50061035
v -1.05565798 -28.60502052 667.50061035
v -1.12387800 -28.65942001 669.50061035
v -1.05565798 -28.60502052 669.50061035
v -1.05565798 -28.60502052 667.50061035
v -0.98481011 -28.55407906 667.50061035
v -1.05565798 -28.60502052 669.50061035
v -0.98481011 -28.55407906 669.50061035
v -0.98481011 -28.55407906 667.50061035
v -0.91151160 -28.50674057 667.50061035
v -0.98481011 -28.55407906 669.50061035
v -0.91151160 -28.50674057 669.50061035
v -0.91151160 -28.50674057 667.50061035
v -0.83594447 -28.46310997 667.50061035
v -0.91151160 -28.50674057 669.50061035
v -0.83594447 -28.46310997 669.50061035
v -0.83594447 -28.46310997 667.50061035
v -0.75829661 -28.42329979 667.50061035
v -0.83594447 -28.46310997 669.50061035
v -0.75829661 -28.42329979 669.50061035
v -0.75829661 -28.42329979 667.50061035
v -0.67876089 -28.38742065 667.50061035
v -0.75829661 -28.42329979 669.50061035
v -0.67876089 -28.38742065 669.50061035
v -0.67876089 -28.38742065 667.50061035
v -0.59753531 -28.35553932 667.50061035
v -0.67876089 -28.38742065 669.50061035
v -0.59753531 -28.35553932 669.50061035
v -0.59753531 -28.35553932 667.50061035
v -0.51482153 -28.32774925 667.50061035
v -0.59753531 -28.35553932 669.50061035
v -0.51482153 -28.32774925 669.50061035
v -0.51482153 -28.32774925 667.50061035
v -0.43082541 -28.30411911 667.50061035
v -0.51482153 -28.32774925 669.50061035
v -0.43082541 -28.30411911 669.50061035
v -0.43082541 -28.30411911 667.50061035
v -0.34575579 -28.28470039 667.50061035
v -0.43082541 -28.30411911 669.50061035
v -0.34575579 -28.28470039 669.50061035
v -0.34575579 -28.28470039 667.50061035
v -0.25982401 -28.26955032 667.50061035
v -0.34575579 -28.28470039 669.50061035
v -0.25982401 -28.26955032 669.50061035
v -0.25982401 -28.26955032 667.50061035
v -0.17324370 -28.25869942 667.50061035
v -0.25982401 -28.26955032 669.50061035
v -0.17324370 -28.25869942 669.50061035
v -0.17324370 -28.25869942 667.50061035
v -0.08623027 -28.25218010 667.50061035
v -0.17324370 -28.25869942 669.50061035
v -0.08623027 -28.25218010 669.50061035
v -0.08623027 -28.25218010 669.50061035
v 0.00099999 -28.25000000 667.50061035
v 0.00099999 -28.25000000 669.50061035
v -0.08623027 -28.25218010 667.50061035
v 0.00099999 -48.25000000 667.50061035
v 0.08823031 -48.25217056 667.50061035
v 0.00099999 -48.25000000 669.50061035
v 0.08823031 -48.25217056 669.50061035
v 0.08823031 -48.25217056 669.50061035
v 0.17524371 -48.25870132 667.50061035
v 0.17524371 -48.25870132 669.50061035
v 0.08823031 -48.25217056 667.50061035
v 0.17524371 -48.25870132 669.50061035
v 0.26182401 -48.26955032 667.50061035
v 0.26182401 -48.26955032 669.50061035
v 0.17524371 -48.25870132 667.50061035
v 0.26182401 -48.26955032 669.50061035
v 0.34775570 -48.28469849 667.50061035
v 0.34775570 -48.28469849 669.50061035
v 0.26182401 -48.26955032 667.50061035
v 0.34775570 -48.28469849 669.50061035
v 0.43282551 -48.30411148 667.50061035
v 0.43282551 -48.30411148 669.50061035
v 0.34775570 -48.28469849 667.50061035
v 0.43282551 -48.30411148 669.50061035
v 0.51682162 -48.32775116 667.50061035
v 0.51682162 -48.32775116 669.50061035
v 0.43282551 -48.30411148 667.50061035
v 0.51682162 -48.32775116 669.50061035
v 0.59953523 -48.35554123 667.50061035
v 0.59953523 -48.35554123 669.50061035
v 0.51682162 -48.32775116 667.50061035
v 0.59953523 -48.35554123 669.50061035
v 0.68076098 -48.38740921 667.50061035
v 0.68076098 -48.38740921 669.50061035
v 0.68076098 -48.38740921 669.50061035
v 0.68076098 -48.38740921 667.50061035
v 0.76029652 -48.42330170 669.50061035
v 0.59953523 -48.35554123 667.50061035
v 0.76029652 -48.42330170 667.50061035
v 0.76029652 -48.42330170 669.50061035
v 0.83794451 -48.46311188 667.50061035
v 0.83794451 -48.46311188 669.50061035
v 0.76029652 -48.42330170 667.50061035
v 0.83794451 -48.46311188 667.50061035
v 0.91351157 -48.50674057 667.50061035
v 0.83794451 -48.46311188 669.50061035
v 0.91351157 -48.50674057 669.50061035
v 0.91351157 -48.50674057 667.50061035
v 0.98681009 -48.55408096 667.50061035
v 0.91351157 -48.50674057 669.50061035
v 0.98681009 -48.55408096 669.50061035
v 0.98681009 -48.55408096 667.50061035
v 1.05765796 -48.60501862 667.50061035
v 0.98681009 -48.55408096 669.50061035
v 1.05765796 -48.60501862 669.50061035
v 1.05765796 -48.60501862 667.50061035
v 1.12587798 -48.65942001 667.50061035
v 1.05765796 -48.60501862 669.50061035
v 1.12587798 -48.65942001 669.50061035
v 1.12587798 -48.65942001 667.50061035
v 1.19130194 -48.71715927 667.50061035
v 1.12587798 -48.65942001 669.50061035
v 1.19130194 -48.71715927 669.50061035
v 1.19130194 -48.71715927 667.50061035
v 1.25376701 -48.77807999 667.50061035
v 1.19130194 -48.71715927 669.50061035
v 1.25376701 -48.77807999 669.50061035
v 1.25376701 -48.77807999 667.50061035
v 1.31311703 -48.84204865 667.50061035
v 1.25376701 -48.77807999 669.50061035
v 1.31311703 -48.84204865 669.50061035
v 1.31311703 -48.84204865 667.50061035
v 1.36920500 -48.90888977 667.50061035
v 1.31311703 -48.84204865 669.50061035
v 1.36920500 -48.90888977 669.50061035
v 1.36920500 -48.90888977 667.50061035
v 1.42189205 -48.97845078 667.50061035
v 1.36920500 -48.90888977 669.50061035
v 1.42189205 -48.97845078 669.50061035
v 1.42189205 -48.97845078 667.50061035
v 1.47104502 -49.05054855 667.50061035
v 1.42189205 -48.97845078 669.50061035
v 1.47104502 -49.05054855 669.50061035
v 1.47104502 -49.05054855 667.50061035
v 1.51654398 -49.12500000 667.50061035
v 1.47104502 -49.05054855 669.50061035
v 1.51654398 -49.12500000 669.50061035
v 1.51654398 -49.12500000 667.50061035
v 1.55827606 -49.20162964 667.50061035
v 1.51654398 -49.12500000 669.50061035
v 1.55827606 -49.20162964 669.50061035
v 1.55827606 -49.20162964 669.50061035
v 1.59613502 -49.28025055 667.50061035
v 1.59613502 -49.28025055 669.50061035
v 1.55827606 -49.20162964 667.50061035
v 1.59613502 -49.28025055 669.50061035
v 1.63002896 -49.36066055 667.50061035
v 1.63002896 -49.36066055 669.50061035
v 1.59613502 -49.28025055 667.50061035
v 1.63002896 -49.36066055 669.50061035
v 1.65987301 -49.44264984 667.50061035
v 1.65987301 -49.44264984 669.50061035
v 1.63002896 -49.36066055 667.50061035
v 1.65987301 -49.44264984 669.50061035
v 1.68559206 -49.52603149 667.50061035
v 1.68559206 -49.52603149 669.50061035
v 1.65987301 -49.44264984 667.50061035
v 1.68559206 -49.52603149 669.50061035
v 1.70712399 -49.61059189 667.50061035
v 1.70712399 -49.61059189 669.50061035
v 1.68559206 -49.52603149 667.50061035
v 1.70712399 -49.61059189 669.50061035
v 1.72441304 -49.69612122 667.50061035
v 1.72441304 -49.69612122 669.50061035
v 1.72441304 -49.69612122 669.50061035
v 1.72441304 -49.69612122 667.50061035
v 1.73741901 -49.78239822 669.50061035
v 1.70712399 -49.61059189 667.50061035
v 1.73741901 -49.78239822 667.50061035
v 1.73741901 -49.78239822 669.50061035
v 1.74610603 -49.86922073 667.50061035
v 1.74610603 -49.86922073 669.50061035
v 1.73741901 -49.78239822 667.50061035
v 1.74610603 -49.86922073 669.50061035
v 1.75045598 -49.95637131 667.50061035
v 1.75045598 -49.95637131 669.50061035
v 1.74610603 -49.86922073 667.50061035
v 1.75045598 -49.95637131 669.50061035
v 1.75045598 -50.04362869 667.50061035
v 1.75045598 -50.04362869 669.50061035
v 1.75045598 -49.95637131 667.50061035
v 1.75045598 -50.04362869 669.50061035
v 1.74610603 -50.13077927 667.50061035
v 1.74610603 -50.13077927 669.50061035
v 1.75045598 -50.04362869 667.50061035
v 1.74610603 -50.13077927 669.50061035
v 1.73741901 -50.21760178 667.50061035
v 1.73741901 -50.21760178 669.50061035
v 1.74610603 -50.13077927 667.50061035
v 1.73741901 -50.21760178 669.50061035
v 1.72441304 -50.30387878 667.50061035
v 1.72441304 -50.30387878 669.50061035
v 1.73741901 -50.21760178 667.50061035
v 1.72441304 -50.30387878 669.50061035
v 1.70712399 -50.38940811 667.50061035
v 1.70712399 -50.38940811 669.50061035
v 1.72441304 -50.30387878 667.50061035
v 1.70712399 -50.38940811 667.50061035
v 1.68559206 -50.47396851 667.50061035
v 1.70712399 -50.38940811 669.50061035
v 1.68559206 -50.47396851 669.50061035
v 1.68559206 -50.47396851 667.50061035
v 1.65987301 -50.55735016 667.50061035
v 1.68559206 -50.47396851 669.50061035
v 1.65987301 -50.55735016 669.50061035
v 1.65987301 -50.55735016 667.50061035
v 1.63002896 -50.63933945 667.50061035
v 1.65987301 -50.55735016 669.50061035
v 1.63002896 -50.63933945 669.50061035
v 1.63002896 -50.63933945 667.50061035
v 1.59613502 -50.71974945 667.50061035
v 1.63002896 -50.63933945 669.50061035
v 1.59613502 -50.71974945 669.50061035
v 1.59613502 -50.71974945 667.50061035
v 1.55827606 -50.79837036 667.50061035
v 1.59613502 -50.71974945 669.50061035
v 1.55827606 -50.79837036 669.50061035
v 1.55827606 -50.79837036 667.50061035
v 1.51654398 -50.87500000 667.50061035
v 1.55827606 -50.79837036 669.50061035
v 1.51654398 -50.87500000 669.50061035
v 1.51654398 -50.87500000 667.50061035
v 1.47104502 -50.94945145 667.50061035
v 1.51654398 -50.87500000 669.50061035
v 1.47104502 -50.94945145 669.50061035
v 1.47104502 -50.94945145 669.50061035
v 1.47104502 -50.94945145 667.50061035
v 1.42189205 -51.02154922 669.50061035
v 1.42189205 -51.02154922 667.50061035
v 1.42189205 -51.02154922 667.50061035
v 1.36920500 -51.09111023 667.50061035
v 1.42189205 -51.02154922 669.50061035
v 1.36920500 -51.09111023 669.50061035
v 1.36920500 -51.09111023 667.50061035
v 1.31311703 -51.15795135 667.50061035
v 1.36920500 -51.09111023 669.50061035
v 1.31311703 -51.15795135 669.50061035
v 1.31311703 -51.15795135 667.50061035
v 1.25376701 -51.22192001 667.50061035
v 1.31311703 -51.15795135 669.50061035
v 1.25376701 -51.22192001 669.50061035
v 1.25376701 -51.22192001 667.50061035
v 1.19130194 -51.28284073 667.50061035
v 1.25376701 -51.22192001 669.50061035
v 1.19130194 -51.28284073 669.50061035
v 1.19130194 -51.28284073 667.50061035
v 1.12587798 -51.34056854 667.50061035
v 1.19130194 -51.28284073 669.50061035
v 1.12587798 -51.34056854 669.50061035
v 1.12587798 -51.34056854 667.50061035
v 1.05765796 -51.39498138 667.50061035
v 1.12587798 -51.34056854 669.50061035
v 1.05765796 -51.39498138 669.50061035
v 1.05765796 -51.39498138 667.50061035
v 0.98681009 -51.44591904 667.50061035
v 1.05765796 -51.39498138 669.50061035
v 0.98681009 -51.44591904 669.50061035
v 0.98681009 -51.44591904 667.50061035
v 0.91351157 -51.49325943 667.50061035
v 0.98681009 -51.44591904 669.50061035
v 0.91351157 -51.49325943 669.50061035
v 0.91351157 -51.49325943 667.50061035
v 0.83794451 -51.53688049 667.50061035
v 0.91351157 -51.49325943 669.50061035
v 0.83794451 -51.53688049 669.50061035
v 0.83794451 -51.53688049 667.50061035
v 0.76029652 -51.57669067 667.50061035
v 0.83794451 -51.53688049 669.50061035
v 0.76029652 -51.57669067 669.50061035
v 0.76029652 -51.57669067 667.50061035
v 0.68076098 -51.61257935 667.50061035
v 0.76029652 -51.57669067 669.50061035
v 0.68076098 -51.61257935 669.50061035
v 0.68076098 -51.61257935 667.50061035
v 0.59953523 -51.64445877 667.50061035
v 0.68076098 -51.61257935 669.50061035
v 0.59953523 -51.64445877 669.50061035
v 0.59953523 -51.64445877 667.50061035
v 0.51682162 -51.67224884 667.50061035
v 0.59953523 -51.64445877 669.50061035
v 0.51682162 -51.67224884 669.50061035
v 0.51682162 -51.67224884 669.50061035
v 0.43282551 -51.69588089 667.50061035
v 0.43282551 -51.69588089 669.50061035
v 0.51682162 -51.67224884 667.50061035
v 0.43282551 -51.69588089 669.50061035
v 0.34775570 -51.71530151 667.50061035
v 0.34775570 -51.71530151 669.50061035
v 0.43282551 -51.69588089 667.50061035
v 0.34775570 -51.71530151 669.50061035
v 0.26182401 -51.73044968 667.50061035
v 0.26182401 -51.73044968 669.50061035
v 0.34775570 -51.71530151 667.50061035
v 0.26182401 -51.73044968 669.50061035
v 0.17524371 -51.74129868 667.50061035
v 0.17524371 -51.74129868 669.50061035
v 0.26182401 -51.73044968 667.50061035
v 0.17524371 -51.74129868 667.50061035
v 0.08823031 -51.74782181 667.50061035
v 0.17524371 -51.74129868 669.50061035
v 0.08823031 -51.74782181 669.50061035
v 0.08823031 -51.74782181 667.50061035
v 0.00099999 -51.75000000 667.50061035
v 0.08823031 -51.74782181 669.50061035
v 0.00099999 -51.75000000 669.50061035
v 0.00099999 -51.75000000 667.50061035
v -0.08623027 -51.74782181 667.50061035
v 0.00099999 -51.75000000 669.50061035
v -0.08623027 -51.74782181 669.50061035
v -0.08623027 -51.74782181 667.50061035
v -0.17324370 -51.74129868 667.50061035
v -0.08623027 -51.74782181 669.50061035
v -0.17324370 -51.74129868 669.50061035
v -0.17324370 -51.74129868 667.50061035
v -0.25982401 -51.73044968 667.50061035
v -0.17324370 -51.74129868 669.50061035
v -0.25982401 -51.73044968 669.50061035
v -0.25982401 -51.73044968 667.50061035
v -0.34575579 -51.71530151 667.50061035
v -0.25982401 -51.73044968 669.50061035
v -0.34575579 -51.71530151 669.50061035
v -0.34575579 -51.71530151 667.50061035
v -0.43082541 -51.69588089 667.50061035
v -0.34575579 -51.71530151 669.50061035
v -0.43082541 -51.69588089 669.50061035
v -0.43082541 -51.69588089 667.50061035
v -0.51482153 -51.67224884 667.50061035
v -0.43082541 -51.69588089 669.50061035
v -0.51482153 -51.67224884 669.50061035
v -0.51482153 -51.67224884 667.50061035
v -0.59753531 -51.64445877 667.50061035
v -0.51482153 -51.67224884 669.50061035
v -0.59753531 -51.64445877 669.50061035
v -0.59753531 -51.64445877 667.50061035
v -0.67876089 -51.61257935 667.50061035
v -0.59753531 -51.64445877 669.50061035
v -0.67876089 -51.61257935 669.50061035
v -0.67876089 -51.61257935 667.50061035
v -0.75829661 -51.57669067 667.50061035
v -0.67876089 -51.61257935 669.50061035
v -0.75829661 -51.57669067 669.50061035
v -0.75829661 -51.57669067 667.50061035
v -0.83594447 -51.53688049 667.50061035
v -0.75829661 -51.57669067 669.50061035
v -0.83594447 -51.53688049 669.50061035
v -0.83594447 -51.53688049 669.50061035
v -0.91151160 -51.49325943 667.50061035
v -0.91151160 -51.49325943 669.50061035
v -0.83594447 -51.53688049 667.50061035
v -0.91151160 -51.49325943 669.50061035
v -0.98481011 -51.44591904 667.50061035
v -0.98481011 -51.44591904 669.50061035
v -0.91151160 -51.49325943 667.50061035
v -0.98481011 -51.44591904 669.50061035
v -1.05565798 -51.39498138 667.50061035
v -1.05565798 -51.39498138 669.50061035
v -0.98481011 -51.44591904 667.50061035
v -1.05565798 -51.39498138 669.50061035
v -1.12387800 -51.34056854 667.50061035
v -1.12387800 -51.34056854 669.50061035
v -1.05565798 -51.39498138 667.50061035
v -1.12387800 -51.34056854 669.50061035
v -1.18930197 -51.28284073 667.50061035
v -1.18930197 -51.28284073 669.50061035
v -1.12387800 -51.34056854 667.50061035
v -1.18930197 -51.28284073 669.50061035
v -1.25176704 -51.22192001 667.50061035
v -1.25176704 -51.22192001 669.50061035
v -1.18930197 -51.28284073 667.50061035
v -1.25176704 -51.22192001 669.50061035
v -1.31111705 -51.15795135 667.50061035
v -1.31111705 -51.15795135 669.50061035
v -1.25176704 -51.22192001 667.50061035
v -1.31111705 -51.15795135 669.50061035
v -1.36720502 -51.09111023 667.50061035
v -1.36720502 -51.09111023 669.50061035
v -1.31111705 -51.15795135 667.50061035
v -1.36720502 -51.09111023 669.50061035
v -1.41989100 -51.02154922 667.50061035
v -1.41989100 -51.02154922 669.50061035
v -1.36720502 -51.09111023 667.50061035
v -1.41989100 -51.02154922 669.50061035
v -1.46904504 -50.94945145 667.50061035
v -1.46904504 -50.94945145 669.50061035
v -1.41989100 -51.02154922 667.50061035
v -1.46904504 -50.94945145 669.50061035
v -1.51454401 -50.87500000 667.50061035
v -1.51454401 -50.87500000 669.50061035
v -1.46904504 -50.94945145 667.50061035
v -1.51454401 -50.87500000 669.50061035
v -1.55627596 -50.79837036 667.50061035
v -1.55627596 -50.79837036 669.50061035
v -1.51454401 -50.87500000 667.50061035
v -1.55627596 -50.79837036 669.50061035
v -1.59413505 -50.71974945 667.50061035
v -1.59413505 -50.71974945 669.50061035
v -1.55627596 -50.79837036 667.50061035
v -1.59413505 -50.71974945 669.50061035
v -1.62802899 -50.63933945 667.50061035
v -1.62802899 -50.63933945 669.50061035
v -1.59413505 -50.71974945 667.50061035
v -1.62802899 -50.63933945 667.50061035
v -1.65787303 -50.55735016 667.50061035
v -1.62802899 -50.63933945 669.50061035
v -1.65787303 -50.55735016 669.50061035
v -1.65787303 -50.55735016 667.50061035
v -1.68359196 -50.47396851 667.50061035
v -1.65787303 -50.55735016 669.50061035
v -1.68359196 -50.47396851 669.50061035
v -1.68359196 -50.47396851 667.50061035
v -1.70512402 -50.38940811 667.50061035
v -1.68359196 -50.47396851 669.50061035
v -1.70512402 -50.38940811 669.50061035
v -1.70512402 -50.38940811 667.50061035
v -1.72241402 -50.30387878 667.50061035
v -1.70512402 -50.38940811 669.50061035
v -1.72241402 -50.30387878 669.50061035
v -1.72241402 -50.30387878 669.50061035
v -1.73541903 -50.21760178 667.50061035
v -1.73541903 -50.21760178 669.50061035
v -1.72241402 -50.30387878 667.50061035
v -1.73541903 -50.21760178 669.50061035
v -1.74410701 -50.13077927 667.50061035
v -1.74410701 -50.13077927 669.50061035
v -1.73541903 -50.21760178 667.50061035
v -1.74410701 -50.13077927 669.50061035
v -1.74845600 -50.04362869 667.50061035
v -1.74845600 -50.04362869 669.50061035
v -1.74410701 -50.13077927 667.50061035
v -1.74845600 -50.04362869 669.50061035
v -1.74845600 -49.95637131 667.50061035
v -1.74845600 -49.95637131 669.50061035
v -1.74845600 -50.04362869 667.50061035
v -1.74845600 -49.95637131 669.50061035
v -1.74410701 -49.86922073 667.50061035
v -1.74410701 -49.86922073 669.50061035
v -1.74845600 -49.95637131 667.50061035
v -1.74410701 -49.86922073 669.50061035
v -1.73541903 -49.78239822 667.50061035
v -1.73541903 -49.78239822 669.50061035
v -1.74410701 -49.86922073 667.50061035
v -1.73541903 -49.78239822 669.50061035
v -1.72241402 -49.69612122 667.50061035
v -1.72241402 -49.69612122 669.50061035
v -1.73541903 -49.78239822 667.50061035
v -1.72241402 -49.69612122 669.50061035
v -1.70512402 -49.61059189 667.50061035
v -1.70512402 -49.61059189 669.50061035
v -1.72241402 -49.69612122 667.50061035
v -1.70512402 -49.61059189 669.50061035
v -1.68359196 -49.52603149 667.50061035
v -1.68359196 -49.52603149 669.50061035
v -1.70512402 -49.61059189 667.50061035
v -1.68359196 -49.52603149 669.50061035
v -1.65787303 -49.44264984 667.50061035
v -1.65787303 -49.44264984 669.50061035
v -1.68359196 -49.52603149 667.50061035
v -1.65787303 -49.44264984 669.50061035
v -1.62802899 -49.36066055 667.50061035
v -1.62802899 -49.36066055 669.50061035
v -1.65787303 -49.44264984 667.50061035
v -1.62802899 -49.36066055 669.50061035
v -1.59413505 -49.28025055 667.50061035
v -1.59413505 -49.28025055 669.50061035
v -1.62802899 -49.36066055 667.50061035
v -1.59413505 -49.28025055 669.50061035
v -1.55627596 -49.20162964 667.50061035
v -1.55627596 -49.20162964 669.50061035
v -1.59413505 -49.28025055 667.50061035
v -1.55627596 -49.20162964 669.50061035
v -1.51454401 -49.12500000 667.50061035
v -1.51454401 -49.12500000 669.50061035
v -1.55627596 -49.20162964 667.50061035
v -1.51454401 -49.12500000 669.50061035
v -1.46904504 -49.05054855 667.50061035
v -1.46904504 -49.05054855 669.50061035
v -1.51454401 -49.12500000 667.50061035
v -1.46904504 -49.05054855 669.50061035
v -1.41989100 -48.97845078 667.50061035
v -1.41989100 -48.97845078 669.50061035
v -1.46904504 -49.05054855 667.50061035
v -1.41989100 -48.97845078 669.50061035
v -1.36720502 -48.90888977 667.50061035
v -1.36720502 -48.90888977 669.50061035
v -1.41989100 -48.97845078 667.50061035
v -1.36720502 -48.90888977 669.50061035
v -1.31111705 -48.84204865 667.50061035
v -1.31111705 -48.84204865 669.50061035
v -1.36720502 -48.90888977 667.50061035
v -1.31111705 -48.84204865 669.50061035
v -1.25176704 -48.77807999 667.50061035
v -1.25176704 -48.77807999 669.50061035
v -1.31111705 -48.84204865 667.50061035
v -1.25176704 -48.77807999 669.50061035
v -1.18930197 -48.71715927 667.50061035
v -1.18930197 -48.71715927 669.50061035
v -1.25176704 -48.77807999 667.50061035
v -1.18930197 -48.71715927 667.50061035
v -1.12387800 -48.65942001 667.50061035
v -1.18930197 -48.71715927 669.50061035
v -1.12387800 -48.65942001 669.50061035
v -1.12387800 -48.65942001 667.50061035
v -1.05565798 -48.60501862 667.50061035
v -1.12387800 -48.65942001 669.50061035
v -1.05565798 -48.60501862 669.50061035
v -1.05565798 -48.60501862 667.50061035
v -0.98481011 -48.55408096 667.50061035
v -1.05565798 -48.60501862 669.50061035
v -0.98481011 -48.55408096 669.50061035
v -0.98481011 -48.55408096 667.50061035
v -0.91151160 -48.50674057 667.50061035
v -0.98481011 -48.55408096 669.50061035
v -0.91151160 -48.50674057 669.50061035
v -0.91151160 -48.50674057 667.50061035
v -0.83594447 -48.46311188 667.50061035
v -0.91151160 -48.50674057 669.50061035
v -0.83594447 -48.46311188 669.50061035
v -0.83594447 -48.46311188 667.50061035
v -0.75829661 -48.42330170 667.50061035
v -0.83594447 -48.46311188 669.50061035
v -0.75829661 -48.42330170 669.50061035
v -0.75829661 -48.42330170 667.50061035
v -0.67876089 -48.38740921 667.50061035
v -0.75829661 -48.42330170 669.50061035
v -0.67876089 -48.38740921 669.50061035
v -0.67876089 -48.38740921 667.50061035
v -0.59753531 -48.35554123 667.50061035
v -0.67876089 -48.38740921 669.50061035
v -0.59753531 -48.35554123 669.50061035
v -0.59753531 -48.35554123 667.50061035
v -0.51482153 -48.32775116 667.50061035
v -0.59753531 -48.35554123 669.50061035
v -0.51482153 -48.32775116 669.50061035
v -0.51482153 -48.32775116 667.50061035
v -0.43082541 -48.30411148 667.50061035
v -0.51482153 -48.32775116 669.50061035
v -0.43082541 -48.30411148 669.50061035
v -0.43082541 -48.30411148 667.50061035
v -0.34575579 -48.28469849 667.50061035
v -0.43082541 -48.30411148 669.50061035
v -0.34575579 -48.28469849 669.50061035
v -0.34575579 -48.28469849 667.50061035
v -0.25982401 -48.26955032 667.50061035
v -0.34575579 -48.28469849 669.50061035
v -0.25982401 -48.26955032 669.50061035
v -0.25982401 -48.26955032 667.50061035
v -0.17324370 -48.25870132 667.50061035
v -0.25982401 -48.26955032 669.50061035
v -0.17324370 -48.25870132 669.50061035
v -0.17324370 -48.25870132 667.50061035
v -0.08623027 -48.25217056 667.50061035
v -0.17324370 -48.25870132 669.50061035
v -0.08623027 -48.25217056 669.50061035
v -0.08623027 -48.25217056 669.50061035
v 0.00099999 -48.25000000 667.50061035
v 0.00099999 -48.25000000 669.50061035
v -0.08623027 -48.25217056 667.50061035
v 0.00099999 -67.00000000 669.50061035
v 0.15053760 -67.00373077 669.50061035
v 0.00099999 -67.00000000 673.00061035
v 0.15053760 -67.00373077 673.00061035
v 0.15053760 -67.00373077 673.00061035
v 0.29970351 -67.01490784 669.50061035
v 0.29970351 -67.01490784 673.00061035
v 0.15053760 -67.00373077 669.50061035
v 0.29970351 -67.01490784 673.00061035
v 0.44812679 -67.03350830 669.50061035
v 0.44812679 -67.03350830 673.00061035
v 0.29970351 -67.01490784 669.50061035
v 0.44812679 -67.03350830 673.00061035
v 0.59543842 -67.05947876 669.50061035
v 0.59543842 -67.05947876 673.00061035
v 0.44812679 -67.03350830 669.50061035
v 0.59543842 -67.05947876 673.00061035
v 0.74127221 -67.09277344 669.50061035
v 0.74127221 -67.09277344 673.00061035
v 0.59543842 -67.05947876 669.50061035
v 0.74127221 -67.09277344 673.00061035
v 0.88526553 -67.13327789 669.50061035
v 0.88526553 -67.13327789 673.00061035
v 0.74127221 -67.09277344 669.50061035
v 0.88526553 -67.13327789 673.00061035
v 1.02706003 -67.18093109 669.50061035
v 1.02706003 -67.18093109 673.00061035
v 0.88526553 -67.13327789 669.50061035
v 1.02706003 -67.18093109 673.00061035
v 1.16630399 -67.23558044 669.50061035
v 1.16630399 -67.23558044 673.00061035
v 1.02706003 -67.18093109 669.50061035
v 1.16630399 -67.23558044 673.00061035
v 1.30265105 -67.29709625 669.50061035
v 1.30265105 -67.29709625 673.00061035
v 1.30265105 -67.29709625 673.00061035
v 1.30265105 -67.29709625 669.50061035
v 1.43576205 -67.36534119 673.00061035
v 1.16630399 -67.23558044 669.50061035
v 1.43576205 -67.36534119 673.00061035
v 1.43576205 -67.36534119 669.50061035
v 1.56530595 -67.44013214 673.00061035
v 1.43576205 -67.36534119 669.50061035
v 1.56530595 -67.44013214 669.50061035
v 1.56530595 -67.44013214 669.50061035
v 1.69096005 -67.52129364 669.50061035
v 1.56530595 -67.44013214 673.00061035
v 1.69096005 -67.52129364 673.00061035
v 1.69096005 -67.52129364 673.00061035
v 1.69096005 -67.52129364 669.50061035
v 1.81241298 -67.60861206 673.00061035
v 1.81241298 -67.60861206 669.50061035
v 1.81241298 -67.60861206 669.50061035
v 1.92936301 -67.70187378 669.50061035
v 1.81241298 -67.60861206 673.00061035
v 1.92936301 -67.70187378 673.00061035
v 1.92936301 -67.70187378 673.00061035
v 1.92936301 -67.70187378 669.50061035
v 2.04151797 -67.80084229 673.00061035
v 2.04151797 -67.80084229 669.50061035
v 2.04151797 -67.80084229 669.50061035
v 2.14860106 -67.90528870 669.50061035
v 2.04151797 -67.80084229 673.00061035
v 2.14860106 -67.90528870 673.00061035
v 2.14860106 -67.90528870 669.50061035
v 2.25034404 -68.01495361 669.50061035
v 2.14860106 -67.90528870 673.00061035
v 2.25034404 -68.01495361 673.00061035
v 2.25034404 -68.01495361 669.50061035
v 2.34649396 -68.12953186 669.50061035
v 2.25034404 -68.01495361 673.00061035
v 2.34649396 -68.12953186 673.00061035
v 2.34649396 -68.12953186 669.50061035
v 2.43681407 -68.24877167 669.50061035
v 2.34649396 -68.12953186 673.00061035
v 2.43681407 -68.24877167 673.00061035
v 2.43681407 -68.24877167 673.00061035
v 2.43681407 -68.24877167 669.50061035
v 2.52107811 -68.37236023 673.00061035
v 2.52107811 -68.37236023 669.50061035
v 2.52107811 -68.37236023 673.00061035
v 2.52107811 -68.37236023 669.50061035
v 2.59907603 -68.50000000 673.00061035
v 2.59907603 -68.50000000 669.50061035
v 2.59907603 -68.50000000 669.50061035
v 2.67061496 -68.63137054 669.50061035
v 2.59907603 -68.50000000 673.00061035
v 2.67061496 -68.63137054 673.00061035
v 2.67061496 -68.63137054 673.00061035
v 2.73551798 -68.76614380 669.50061035
v 2.73551798 -68.76614380 673.00061035
v 2.67061496 -68.63137054 669.50061035
v 2.73551798 -68.76614380 673.00061035
v 2.79362106 -68.90397644 669.50061035
v 2.79362106 -68.90397644 673.00061035
v 2.73551798 -68.76614380 669.50061035
v 2.79362106 -68.90397644 673.00061035
v 2.84478211 -69.04454041 669.50061035
v 2.84478211 -69.04454041 673.00061035
v 2.79362106 -68.90397644 669.50061035
v 2.84478211 -69.04454041 673.00061035
v 2.88887310 -69.18747711 669.50061035
v 2.88887310 -69.18747711 673.00061035
v 2.84478211 -69.04454041 669.50061035
v 2.88887310 -69.18747711 673.00061035
v 2.92578411 -69.33244324 669.50061035
v 2.92578411 -69.33244324 673.00061035
v 2.92578411 -69.33244324 673.00061035
v 2.92578411 -69.33244324 669.50061035
v 2.95542312 -69.47905731 673.00061035
v 2.88887310 -69.18747711 669.50061035
v 2.95542312 -69.47905731 669.50061035
v 2.95542312 -69.47905731 673.00061035
v 2.97771811 -69.62696838 669.50061035
v 2.97771811 -69.62696838 673.00061035
v 2.95542312 -69.47905731 669.50061035
v 2.97771811 -69.62696838 673.00061035
v 2.99261093 -69.77581024 669.50061035
v 2.99261093 -69.77581024 673.00061035
v 2.97771811 -69.62696838 669.50061035
v 2.99261093 -69.77581024 673.00061035
v 3.00006700 -69.92520905 669.50061035
v 3.00006700 -69.92520905 673.00061035
v 3.00006700 -69.92520905 673.00061035
v 3.00006700 -69.92520905 669.50061035
v 3.00006700 -70.07479095 673.00061035
v 2.99261093 -69.77581024 669.50061035
v 3.00006700 -70.07479095 669.50061035
v 3.00006700 -70.07479095 673.00061035
v 2.99261093 -70.22418976 669.50061035
v 2.99261093 -70.22418976 673.00061035
v 2.99261093 -70.22418976 673.00061035
v 2.99261093 -70.22418976 669.50061035
v 2.97771811 -70.37303162 673.00061035
v 3.00006700 -70.07479095 669.50061035
v 2.97771811 -70.37303162 669.50061035
v 2.97771811 -70.37303162 673.00061035
v 2.95542312 -70.52095032 669.50061035
v 2.95542312 -70.52095032 673.00061035
v 2.97771811 -70.37303162 669.50061035
v 2.95542312 -70.52095032 673.00061035
v 2.92578411 -70.66757202 669.50061035
v 2.92578411 -70.66757202 673.00061035
v 2.95542312 -70.52095032 669.50061035
v 2.92578411 -70.66757202 669.50061035
v 2.88887310 -70.81253052 669.50061035
v 2.92578411 -70.66757202 673.00061035
v 2.88887310 -70.81253052 673.00061035
v 2.88887310 -70.81253052 669.50061035
v 2.84478211 -70.95545959 669.50061035
v 2.88887310 -70.81253052 673.00061035
v 2.84478211 -70.95545959 673.00061035
v 2.84478211 -70.95545959 669.50061035
v 2.79362106 -71.09603119 669.50061035
v 2.84478211 -70.95545959 673.00061035
v 2.79362106 -71.09603119 673.00061035
v 2.79362106 -71.09603119 669.50061035
v 2.73551798 -71.23387146 669.50061035
v 2.79362106 -71.09603119 673.00061035
v 2.73551798 -71.23387146 673.00061035
v 2.73551798 -71.23387146 669.50061035
v 2.67061496 -71.36862946 669.50061035
v 2.73551798 -71.23387146 673.00061035
v 2.67061496 -71.36862946 673.00061035
v 2.67061496 -71.36862946 673.00061035
v 2.67061496 -71.36862946 669.50061035
v 2.59907603 -71.50000000 673.00061035
v 2.59907603 -71.50000000 669.50061035
v 2.59907603 -71.50000000 669.50061035
v 2.52107811 -71.62763977 669.50061035
v 2.59907603 -71.50000000 673.00061035
v 2.52107811 -71.62763977 673.00061035
v 2.52107811 -71.62763977 669.50061035
v 2.43681407 -71.75122833 669.50061035
v 2.52107811 -71.62763977 673.00061035
v 2.43681407 -71.75122833 673.00061035
v 2.43681407 -71.75122833 669.50061035
v 2.34649396 -71.87046814 669.50061035
v 2.43681407 -71.75122833 673.00061035
v 2.34649396 -71.87046814 673.00061035
v 2.34649396 -71.87046814 669.50061035
v 2.25034404 -71.98506165 669.50061035
v 2.34649396 -71.87046814 673.00061035
v 2.25034404 -71.98506165 673.00061035
v 2.25034404 -71.98506165 669.50061035
v 2.14860106 -72.09471130 669.50061035
v 2.25034404 -71.98506165 673.00061035
v 2.14860106 -72.09471130 673.00061035
v 2.14860106 -72.09471130 669.50061035
v 2.04151797 -72.19915771 669.50061035
v 2.14860106 -72.09471130 673.00061035
v 2.04151797 -72.19915771 673.00061035
v 2.04151797 -72.19915771 669.50061035
v 1.92936301 -72.29814148 669.50061035
v 2.04151797 -72.19915771 673.00061035
v 1.92936301 -72.29814148 673.00061035
v 1.92936301 -72.29814148 673.00061035
v 1.92936301 -72.29814148 669.50061035
v 1.81241298 -72.39140320 673.00061035
v 1.81241298 -72.39140320 669.50061035
v 1.81241298 -72.39140320 669.50061035
v 1.69096005 -72.47872162 669.50061035
v 1.81241298 -72.39140320 673.00061035
v 1.69096005 -72.47872162 673.00061035
v 1.69096005 -72.47872162 669.50061035
v 1.56530595 -72.55988312 669.50061035
v 1.69096005 -72.47872162 673.00061035
v 1.56530595 -72.55988312 673.00061035
v 1.56530595 -72.55988312 669.50061035
v 1.43576205 -72.63466644 669.50061035
v 1.56530595 -72.55988312 673.00061035
v 1.43576205 -72.63466644 673.00061035
v 1.43576205 -72.63466644 673.00061035
v 1.43576205 -72.63466644 669.50061035
v 1.30265105 -72.70291138 673.00061035
v 1.30265105 -72.70291138 669.50061035
v 1.30265105 -72.70291138 669.50061035
v 1.16630399 -72.76442719 669.50061035
v 1.30265105 -72.70291138 673.00061035
v 1.16630399 -72.76442719 673.00061035
v 1.16630399 -72.76442719 669.50061035
v 1.02706003 -72.81907654 669.50061035
v 1.16630399 -72.76442719 673.00061035
v 1.02706003 -72.81907654 673.00061035
v 1.02706003 -72.81907654 673.00061035
v 1.02706003 -72.81907654 669.50061035
v 0.88526553 -72.86672211 673.00061035
v 0.88526553 -72.86672211 669.50061035
v 0.88526553 -72.86672211 673.00061035
v 0.74127221 -72.90724182 669.50061035
v 0.74127221 -72.90724182 673.00061035
v 0.88526553 -72.86672211 669.50061035
v 0.74127221 -72.90724182 673.00061035
v 0.74127221 -72.90724182 669.50061035
v 0.59543842 -72.94052124 673.00061035
v 0.59543842 -72.94052124 669.50061035
v 0.59543842 -72.94052124 673.00061035
v 0.44812679 -72.96649170 669.50061035
v 0.44812679 -72.96649170 673.00061035
v 0.59543842 -72.94052124 669.50061035
v 0.44812679 -72.96649170 673.00061035
v 0.29970351 -72.98509216 669.50061035
v 0.29970351 -72.98509216 673.00061035
v 0.44812679 -72.96649170 669.50061035
v 0.29970351 -72.98509216 669.50061035
v 0.15053760 -72.99626923 669.50061035
v 0.29970351 -72.98509216 673.00061035
v 0.15053760 -72.99626923 673.00061035
v 0.15053760 -72.99626923 673.00061035
v 0.15053760 -72.99626923 669.50061035
v 0.00099999 -73.00000000 673.00061035
v 0.00099999 -73.00000000 669.50061035
v 0.00099999 -73.00000000 673.00061035
v 0.00099999 -73.00000000 669.50061035
v -0.14853761 -72.99626923 673.00061035
v -0.14853761 -72.99626923 669.50061035
v -0.14853761 -72.99626923 673.00061035
v -0.14853761 -72.99626923 669.50061035
v -0.29770350 -72.98509216 673.00061035
v -0.29770350 -72.98509216 669.50061035
v -0.29770350 -72.98509216 669.50061035
v -0.44612679 -72.96649170 669.50061035
v -0.29770350 -72.98509216 673.00061035
v -0.44612679 -72.96649170 673.00061035
v -0.44612679 -72.96649170 673.00061035
v -0.44612679 -72.96649170 669.50061035
v -0.59343851 -72.94052124 673.00061035
v -0.59343851 -72.94052124 669.50061035
v -0.59343851 -72.94052124 669.50061035
v -0.73927218 -72.90724182 669.50061035
v -0.59343851 -72.94052124 673.00061035
v -0.73927218 -72.90724182 673.00061035
v -0.73927218 -72.90724182 669.50061035
v -0.88326550 -72.86672211 669.50061035
v -0.73927218 -72.90724182 673.00061035
v -0.88326550 -72.86672211 673.00061035
v -0.88326550 -72.86672211 669.50061035
v -1.02506006 -72.81907654 669.50061035
v -0.88326550 -72.86672211 673.00061035
v -1.02506006 -72.81907654 673.00061035
v -1.02506006 -72.81907654 673.00061035
v -1.02506006 -72.81907654 669.50061035
v -1.16430402 -72.76442719 673.00061035
v -1.16430402 -72.76442719 669.50061035
v -1.16430402 -72.76442719 669.50061035
v -1.30065095 -72.70291138 669.50061035
v -1.16430402 -72.76442719 673.00061035
v -1.30065095 -72.70291138 673.00061035
v -1.30065095 -72.70291138 669.50061035
v -1.43376195 -72.63466644 669.50061035
v -1.30065095 -72.70291138 673.00061035
v -1.43376195 -72.63466644 673.00061035
v -1.43376195 -72.63466644 673.00061035
v -1.56330597 -72.55988312 669.50061035
v -1.56330597 -72.55988312 673.00061035
v -1.43376195 -72.63466644 669.50061035
v -1.56330597 -72.55988312 673.00061035
v -1.68895996 -72.47872162 669.50061035
v -1.68895996 -72.47872162 673.00061035
v -1.56330597 -72.55988312 669.50061035
v -1.68895996 -72.47872162 673.00061035
v -1.81041300 -72.39140320 669.50061035
v -1.81041300 -72.39140320 673.00061035
v -1.81041300 -72.39140320 673.00061035
v -1.81041300 -72.39140320 669.50061035
v -1.92736304 -72.29814148 673.00061035
v -1.68895996 -72.47872162 669.50061035
v -1.92736304 -72.29814148 669.50061035
v -1.92736304 -72.29814148 673.00061035
v -2.03951812 -72.19915771 669.50061035
v -2.03951812 -72.19915771 673.00061035
v -1.92736304 -72.29814148 669.50061035
v -2.03951812 -72.19915771 673.00061035
v -2.14660001 -72.09471130 669.50061035
v -2.14660001 -72.09471130 673.00061035
v -2.03951812 -72.19915771 669.50061035
v -2.14660001 -72.09471130 673.00061035
v -2.24834394 -71.98506165 669.50061035
v -2.24834394 -71.98506165 673.00061035
v -2.14660001 -72.09471130 669.50061035
v -2.24834394 -71.98506165 673.00061035
v -2.34449410 -71.87046814 669.50061035
v -2.34449410 -71.87046814 673.00061035
v -2.24834394 -71.98506165 669.50061035
v -2.34449410 -71.87046814 673.00061035
v -2.43481398 -71.75122833 669.50061035
v -2.43481398 -71.75122833 673.00061035
v -2.43481398 -71.75122833 673.00061035
v -2.43481398 -71.75122833 669.50061035
v -2.51907802 -71.62763977 673.00061035
v -2.34449410 -71.87046814 669.50061035
v -2.51907802 -71.62763977 669.50061035
v -2.51907802 -71.62763977 673.00061035
v -2.59707594 -71.50000000 669.50061035
v -2.59707594 -71.50000000 673.00061035
v -2.51907802 -71.62763977 669.50061035
v -2.59707594 -71.50000000 673.00061035
v -2.66861510 -71.36862946 669.50061035
v -2.66861510 -71.36862946 673.00061035
v -2.59707594 -71.50000000 669.50061035
v -2.66861510 -71.36862946 673.00061035
v -2.73351789 -71.23387146 669.50061035
v -2.73351789 -71.23387146 673.00061035
v -2.66861510 -71.36862946 669.50061035
v -2.73351789 -71.23387146 673.00061035
v -2.79162097 -71.09603119 669.50061035
v -2.79162097 -71.09603119 673.00061035
v -2.79162097 -71.09603119 673.00061035
v -2.79162097 -71.09603119 669.50061035
v -2.84278202 -70.95545959 673.00061035
v -2.73351789 -71.23387146 669.50061035
v -2.84278202 -70.95545959 669.50061035
v -2.84278202 -70.95545959 669.50061035
v -2.88687301 -70.81253052 669.50061035
v -2.84278202 -70.95545959 673.00061035
v -2.88687301 -70.81253052 673.00061035
v -2.88687301 -70.81253052 669.50061035
v -2.92378402 -70.66757202 669.50061035
v -2.88687301 -70.81253052 673.00061035
v -2.92378402 -70.66757202 673.00061035
v -2.92378402 -70.66757202 669.50061035
v -2.95342302 -70.52095032 669.50061035
v -2.92378402 -70.66757202 673.00061035
v -2.95342302 -70.52095032 673.00061035
v -2.95342302 -70.52095032 673.00061035
v -2.95342302 -70.52095032 669.50061035
v -2.97571707 -70.37303162 673.00061035
v -2.97571707 -70.37303162 669.50061035
v -2.97571707 -70.37303162 673.00061035
v -2.99061108 -70.22418976 669.50061035
v -2.99061108 -70.22418976 673.00061035
v -2.97571707 -70.37303162 669.50061035
v -2.99061108 -70.22418976 673.00061035
v -2.99806809 -70.07479095 669.50061035
v -2.99806809 -70.07479095 673.00061035
v -2.99806809 -70.07479095 673.00061035
v -2.99806809 -70.07479095 669.50061035
v -2.99806809 -69.92520905 673.00061035
v -2.99061108 -70.22418976 669.50061035
v -2.99806809 -69.92520905 669.50061035
v -2.99806809 -69.92520905 673.00061035
v -2.99061108 -69.77581024 669.50061035
v -2.99061108 -69.77581024 673.00061035
v -2.99061108 -69.77581024 673.00061035
v -2.99061108 -69.77581024 669.50061035
v -2.97571707 -69.62696838 673.00061035
v -2.99806809 -69.92520905 669.50061035
v -2.97571707 -69.62696838 669.50061035
v -2.97571707 -69.62696838 673.00061035
v -2.95342302 -69.47905731 669.50061035
v -2.95342302 -69.47905731 673.00061035
v -2.95342302 -69.47905731 673.00061035
v -2.95342302 -69.47905731 669.50061035
v -2.92378402 -69.33244324 673.00061035
v -2.97571707 -69.62696838 669.50061035
v -2.92378402 -69.33244324 669.50061035
v -2.92378402 -69.33244324 673.00061035
v -2.88687301 -69.18747711 669.50061035
v -2.88687301 -69.18747711 673.00061035
v -2.92378402 -69.33244324 669.50061035
v -2.88687301 -69.18747711 673.00061035
v -2.84278202 -69.04454041 669.50061035
v -2.84278202 -69.04454041 673.00061035
v -2.88687301 -69.18747711 669.50061035
v -2.84278202 -69.04454041 673.00061035
v -2.79162097 -68.90397644 669.50061035
v -2.79162097 -68.90397644 673.00061035
v -2.84278202 -69.04454041 669.50061035
v -2.79162097 -68.90397644 673.00061035
v -2.73351789 -68.76614380 669.50061035
v -2.73351789 -68.76614380 673.00061035
v -2.79162097 -68.90397644 669.50061035
v -2.73351789 -68.76614380 673.00061035
v -2.66861510 -68.63137054 669.50061035
v -2.66861510 -68.63137054 673.00061035
v -2.73351789 -68.76614380 669.50061035
v -2.66861510 -68.63137054 673.00061035
v -2.59707594 -68.50000000 669.50061035
v -2.59707594 -68.50000000 673.00061035
v -2.66861510 -68.63137054 669.50061035
v -2.59707594 -68.50000000 673.00061035
v -2.51907802 -68.37236023 669.50061035
v -2.51907802 -68.37236023 673.00061035
v -2.59707594 -68.50000000 669.50061035
v -2.51907802 -68.37236023 673.00061035
v -2.43481398 -68.24877167 669.50061035
v -2.43481398 -68.24877167 673.00061035
v -2.51907802 -68.37236023 669.50061035
v -2.43481398 -68.24877167 673.00061035
v -2.34449410 -68.12953186 669.50061035
v -2.34449410 -68.12953186 673.00061035
v -2.43481398 -68.24877167 669.50061035
v -2.34449410 -68.12953186 673.00061035
v -2.24834394 -68.01495361 669.50061035
v -2.24834394 -68.01495361 673.00061035
v -2.34449410 -68.12953186 669.50061035
v -2.24834394 -68.01495361 673.00061035
v -2.14660001 -67.90528870 669.50061035
v -2.14660001 -67.90528870 673.00061035
v -2.24834394 -68.01495361 669.50061035
v -2.14660001 -67.90528870 673.00061035
v -2.03951812 -67.80084229 669.50061035
v -2.03951812 -67.80084229 673.00061035
v -2.14660001 -67.90528870 669.50061035
v -2.03951812 -67.80084229 673.00061035
v -1.92736304 -67.70187378 669.50061035
v -1.92736304 -67.70187378 673.00061035
v -2.03951812 -67.80084229 669.50061035
v -1.92736304 -67.70187378 669.50061035
v -1.81041300 -67.60861206 669.50061035
v -1.92736304 -67.70187378 673.00061035
v -1.81041300 -67.60861206 673.00061035
v -1.81041300 -67.60861206 669.50061035
v -1.68895996 -67.52129364 669.50061035
v -1.81041300 -67.60861206 673.00061035
v -1.68895996 -67.52129364 673.00061035
v -1.68895996 -67.52129364 669.50061035
v -1.56330597 -67.44013214 669.50061035
v -1.68895996 -67.52129364 673.00061035
v -1.56330597 -67.44013214 673.00061035
v -1.56330597 -67.44013214 669.50061035
v -1.43376195 -67.36534119 669.50061035
v -1.56330597 -67.44013214 673.00061035
v -1.43376195 -67.36534119 673.00061035
v -1.43376195 -67.36534119 673.00061035
v -1.43376195 -67.36534119 669.50061035
v -1.30065095 -67.29709625 673.00061035
v -1.30065095 -67.29709625 669.50061035
v -1.30065095 -67.29709625 669.50061035
v -1.16430402 -67.23558044 669.50061035
v -1.30065095 -67.29709625 673.00061035
v -1.16430402 -67.23558044 673.00061035
v -1.16430402 -67.23558044 669.50061035
v -1.02506006 -67.18093109 669.50061035
v -1.16430402 -67.23558044 673.00061035
v -1.02506006 -67.18093109 673.00061035
v -1.02506006 -67.18093109 669.50061035
v -0.88326550 -67.13327789 669.50061035
v -1.02506006 -67.18093109 673.00061035
v -0.88326550 -67.13327789 673.00061035
v -0.88326550 -67.13327789 669.50061035
v -0.73927218 -67.09277344 669.50061035
v -0.88326550 -67.13327789 673.00061035
v -0.73927218 -67.09277344 673.00061035
v -0.73927218 -67.09277344 673.00061035
v -0.73927218 -67.09277344 669.50061035
v -0.59343851 -67.05947876 673.00061035
v -0.59343851 -67.05947876 669.50061035
v -0.59343851 -67.05947876 669.50061035
v -0.44612679 -67.03350830 669.50061035
v -0.59343851 -67.05947876 673.00061035
v -0.44612679 -67.03350830 673.00061035
v -0.44612679 -67.03350830 669.50061035
v -0.29770350 -67.01490784 669.50061035
v -0.44612679 -67.03350830 673.00061035
v -0.29770350 -67.01490784 673.00061035
v -0.29770350 -67.01490784 669.50061035
v -0.14853761 -67.00373077 669.50061035
v -0.29770350 -67.01490784 673.00061035
v -0.14853761 -67.00373077 673.00061035
v -0.14853761 -67.00373077 673.00061035
v -0.14853761 -67.00373077 669.50061035
v 0.00099999 -67.00000000 673.00061035
v 0.00099999 -67.00000000 669.50061035
v 0.00099999 73.00000000 669.50061035
v 0.15053760 72.99626923 669.50061035
v 0.00099999 73.00000000 673.00061035
v 0.15053760 72.99626923 673.00061035
v 0.15053760 72.99626923 673.00061035
v 0.29970351 72.98509216 669.50061035
v 0.29970351 72.98509216 673.00061035
v 0.15053760 72.99626923 669.50061035
v 0.29970351 72.98509216 673.00061035
v 0.44812679 72.96649170 669.50061035
v 0.44812679 72.96649170 673.00061035
v 0.29970351 72.98509216 669.50061035
v 0.44812679 72.96649170 673.00061035
v 0.59543842 72.94052124 669.50061035
v 0.59543842 72.94052124 673.00061035
v 0.44812679 72.96649170 669.50061035
v 0.59543842 72.94052124 673.00061035
v 0.74127221 72.90724182 669.50061035
v 0.74127221 72.90724182 673.00061035
v 0.59543842 72.94052124 669.50061035
v 0.74127221 72.90724182 673.00061035
v 0.88526553 72.86672211 669.50061035
v 0.88526553 72.86672211 673.00061035
v 0.74127221 72.90724182 669.50061035
v 0.88526553 72.86672211 673.00061035
v 1.02706003 72.81907654 669.50061035
v 1.02706003 72.81907654 673.00061035
v 0.88526553 72.86672211 669.50061035
v 1.02706003 72.81907654 673.00061035
v 1.16630399 72.76442719 669.50061035
v 1.16630399 72.76442719 673.00061035
v 1.02706003 72.81907654 669.50061035
v 1.16630399 72.76442719 673.00061035
v 1.30265105 72.70291138 669.50061035
v 1.30265105 72.70291138 673.00061035
v 1.30265105 72.70291138 673.00061035
v 1.30265105 72.70291138 669.50061035
v 1.43576205 72.63466644 673.00061035
v 1.16630399 72.76442719 669.50061035
v 1.43576205 72.63466644 673.00061035
v 1.43576205 72.63466644 669.50061035
v 1.56530595 72.55988312 673.00061035
v 1.43576205 72.63466644 669.50061035
v 1.56530595 72.55988312 669.50061035
v 1.56530595 72.55988312 669.50061035
v 1.69096005 72.47872162 669.50061035
v 1.56530595 72.55988312 673.00061035
v 1.69096005 72.47872162 673.00061035
v 1.69096005 72.47872162 673.00061035
v 1.69096005 72.47872162 669.50061035
v 1.81241298 72.39140320 673.00061035
v 1.81241298 72.39140320 669.50061035
v 1.81241298 72.39140320 669.50061035
v 1.92936301 72.29814148 669.50061035
v 1.81241298 72.39140320 673.00061035
v 1.92936301 72.29814148 673.00061035
v 1.92936301 72.29814148 673.00061035
v 1.92936301 72.29814148 669.50061035
v 2.04151797 72.19915771 673.00061035
v 2.04151797 72.19915771 669.50061035
v 2.04151797 72.19915771 669.50061035
v 2.14860106 72.09471130 669.50061035
v 2.04151797 72.19915771 673.00061035
v 2.14860106 72.09471130 673.00061035
v 2.14860106 72.09471130 669.50061035
v 2.25034404 71.98506165 669.50061035
v 2.14860106 72.09471130 673.00061035
v 2.25034404 71.98506165 673.00061035
v 2.25034404 71.98506165 669.50061035
v 2.34649396 71.87046814 669.50061035
v 2.25034404 71.98506165 673.00061035
v 2.34649396 71.87046814 673.00061035
v 2.34649396 71.87046814 669.50061035
v 2.43681407 71.75122833 669.50061035
v 2.34649396 71.87046814 673.00061035
v 2.43681407 71.75122833 673.00061035
v 2.43681407 71.75122833 673.00061035
v 2.43681407 71.75122833 669.50061035
v 2.52107811 71.62763977 673.00061035
v 2.52107811 71.62763977 669.50061035
v 2.52107811 71.62763977 673.00061035
v 2.52107811 71.62763977 669.50061035
v 2.59907603 71.50000000 673.00061035
v 2.59907603 71.50000000 669.50061035
v 2.59907603 71.50000000 669.50061035
v 2.67061496 71.36862946 669.50061035
v 2.59907603 71.50000000 673.00061035
v 2.67061496 71.36862946 673.00061035
v 2.67061496 71.36862946 673.00061035
v 2.73551798 71.23387146 669.50061035
v 2.73551798 71.23387146 673.00061035
v 2.67061496 71.36862946 669.50061035
v 2.73551798 71.23387146 673.00061035
v 2.79362106 71.09603119 669.50061035
v 2.79362106 71.09603119 673.00061035
v 2.73551798 71.23387146 669.50061035
v 2.79362106 71.09603119 673.00061035
v 2.84478211 70.95545959 669.50061035
v 2.84478211 70.95545959 673.00061035
v 2.79362106 71.09603119 669.50061035
v 2.84478211 70.95545959 673.00061035
v 2.88887310 70.81253052 669.50061035
v 2.88887310 70.81253052 673.00061035
v 2.84478211 70.95545959 669.50061035
v 2.88887310 70.81253052 673.00061035
v 2.92578411 70.66757202 669.50061035
v 2.92578411 70.66757202 673.00061035
v 2.92578411 70.66757202 673.00061035
v 2.92578411 70.66757202 669.50061035
v 2.95542312 70.52095032 673.00061035
v 2.88887310 70.81253052 669.50061035
v 2.95542312 70.52095032 669.50061035
v 2.95542312 70.52095032 673.00061035
v 2.97771811 70.37303162 669.50061035
v 2.97771811 70.37303162 673.00061035
v 2.95542312 70.52095032 669.50061035
v 2.97771811 70.37303162 673.00061035
v 2.99261093 70.22418976 669.50061035
v 2.99261093 70.22418976 673.00061035
v 2.97771811 70.37303162 669.50061035
v 2.99261093 70.22418976 673.00061035
v 3.00006700 70.07479095 669.50061035
v 3.00006700 70.07479095 673.00061035
v 3.00006700 70.07479095 673.00061035
v 3.00006700 70.07479095 669.50061035
v 3.00006700 69.92520905 673.00061035
v 2.99261093 70.22418976 669.50061035
v 3.00006700 69.92520905 669.50061035
v 3.00006700 69.92520905 673.00061035
v 2.99261093 69.77581024 669.50061035
v 2.99261093 69.77581024 673.00061035
v 2.99261093 69.77581024 673.00061035
v 2.99261093 69.77581024 669.50061035
v 2.97771811 69.62696838 673.00061035
v 3.00006700 69.92520905 669.50061035
v 2.97771811 69.62696838 669.50061035
v 2.97771811 69.62696838 673.00061035
v 2.95542312 69.47905731 669.50061035
v 2.95542312 69.47905731 673.00061035
v 2.97771811 69.62696838 669.50061035
v 2.95542312 69.47905731 673.00061035
v 2.92578411 69.33244324 669.50061035
v 2.92578411 69.33244324 673.00061035
v 2.95542312 69.47905731 669.50061035
v 2.92578411 69.33244324 669.50061035
v 2.88887310 69.18747711 669.50061035
v 2.92578411 69.33244324 673.00061035
v 2.88887310 69.18747711 673.00061035
v 2.88887310 69.18747711 669.50061035
v 2.84478211 69.04454041 669.50061035
v 2.88887310 69.18747711 673.00061035
v 2.84478211 69.04454041 673.00061035
v 2.84478211 69.04454041 669.50061035
v 2.79362106 68.90397644 669.50061035
v 2.84478211 69.04454041 673.00061035
v 2.79362106 68.90397644 673.00061035
v 2.79362106 68.90397644 669.50061035
v 2.73551798 68.76614380 669.50061035
v 2.79362106 68.90397644 673.00061035
v 2.73551798 68.76614380 673.00061035
v 2.73551798 68.76614380 669.50061035
v 2.67061496 68.63137054 669.50061035
v 2.73551798 68.76614380 673.00061035
v 2.67061496 68.63137054 673.00061035
v 2.67061496 68.63137054 673.00061035
v 2.67061496 68.63137054 669.50061035
v 2.59907603 68.50000000 673.00061035
v 2.59907603 68.50000000 669.50061035
v 2.59907603 68.50000000 669.50061035
v 2.52107811 68.37236023 669.50061035
v 2.59907603 68.50000000 673.00061035
v 2.52107811 68.37236023 673.00061035
v 2.52107811 68.37236023 669.50061035
v 2.43681407 68.24877167 669.50061035
v 2.52107811 68.37236023 673.00061035
v 2.43681407 68.24877167 673.00061035
v 2.43681407 68.24877167 669.50061035
v 2.34649396 68.12953186 669.50061035
v 2.43681407 68.24877167 673.00061035
v 2.34649396 68.12953186 673.00061035
v 2.34649396 68.12953186 669.50061035
v 2.25034404 68.01495361 669.50061035
v 2.34649396 68.12953186 673.00061035
v 2.25034404 68.01495361 673.00061035
v 2.25034404 68.01495361 669.50061035
v 2.14860106 67.90528870 669.50061035
v 2.25034404 68.01495361 673.00061035
v 2.14860106 67.90528870 673.00061035
v 2.14860106 67.90528870 669.50061035
v 2.04151797 67.80084229 669.50061035
v 2.14860106 67.90528870 673.00061035
v 2.04151797 67.80084229 673.00061035
v 2.04151797 67.80084229 669.50061035
v 1.92936301 67.70187378 669.50061035
v 2.04151797 67.80084229 673.00061035
v 1.92936301 67.70187378 673.00061035
v 1.92936301 67.70187378 673.00061035
v 1.92936301 67.70187378 669.50061035
v 1.81241298 67.60861206 673.00061035
v 1.81241298 67.60861206 669.50061035
v 1.81241298 67.60861206 669.50061035
v 1.69096005 67.52129364 669.50061035
v 1.81241298 67.60861206 673.00061035
v 1.69096005 67.52129364 673.00061035
v 1.69096005 67.52129364 669.50061035
v 1.56530595 67.44013214 669.50061035
v 1.69096005 67.52129364 673.00061035
v 1.56530595 67.44013214 673.00061035
v 1.56530595 67.44013214 669.50061035
v 1.43576205 67.36534119 669.50061035
v 1.56530595 67.44013214 673.00061035
v 1.43576205 67.36534119 673.00061035
v 1.43576205 67.36534119 673.00061035
v 1.43576205 67.36534119 669.50061035
v 1.30265105 67.29709625 673.00061035
v 1.30265105 67.29709625 669.50061035
v 1.30265105 67.29709625 669.50061035
v 1.16630399 67.23558044 669.50061035
v 1.30265105 67.29709625 673.00061035
v 1.16630399 67.23558044 673.00061035
v 1.16630399 67.23558044 669.50061035
v 1.02706003 67.18093109 669.50061035
v 1.16630399 67.23558044 673.00061035
v 1.02706003 67.18093109 673.00061035
v 1.02706003 67.18093109 673.00061035
v 1.02706003 67.18093109 669.50061035
v 0.88526553 67.13327789 673.00061035
v 0.88526553 67.13327789 669.50061035
v 0.88526553 67.13327789 673.00061035
v 0.74127221 67.09277344 669.50061035
v 0.74127221 67.09277344 673.00061035
v 0.88526553 67.13327789 669.50061035
v 0.74127221 67.09277344 673.00061035
v 0.74127221 67.09277344 669.50061035
v 0.59543842 67.05947876 673.00061035
v 0.59543842 67.05947876 669.50061035
v 0.59543842 67.05947876 673.00061035
v 0.44812679 67.03350830 669.50061035
v 0.44812679 67.03350830 673.00061035
v 0.59543842 67.05947876 669.50061035
v 0.44812679 67.03350830 673.00061035
v 0.29970351 67.01490784 669.50061035
v 0.29970351 67.01490784 673.00061035
v 0.44812679 67.03350830 669.50061035
v 0.29970351 67.01490784 669.50061035
v 0.15053760 67.00373077 669.50061035
v 0.29970351 67.01490784 673.00061035
v 0.15053760 67.00373077 673.00061035
v 0.15053760 67.00373077 673.00061035
v 0.15053760 67.00373077 669.50061035
v 0.00099999 67.00000000 673.00061035
v 0.00099999 67.00000000 669.50061035
v 0.00099999 67.00000000 673.00061035
v 0.00099999 67.00000000 669.50061035
v -0.14853761 67.00373077 673.00061035
v -0.14853761 67.00373077 669.50061035
v -0.14853761 67.00373077 673.00061035
v -0.14853761 67.00373077 669.50061035
v -0.29770350 67.01490784 673.00061035
v -0.29770350 67.01490784 669.50061035
v -0.29770350 67.01490784 669.50061035
v -0.44612679 67.03350830 669.50061035
v -0.29770350 67.01490784 673.00061035
v -0.44612679 67.03350830 673.00061035
v -0.44612679 67.03350830 673.00061035
v -0.44612679 67.03350830 669.50061035
v -0.59343851 67.05947876 673.00061035
v -0.59343851 67.05947876 669.50061035
v -0.59343851 67.05947876 669.50061035
v -0.73927218 67.09277344 669.50061035
v -0.59343851 67.05947876 673.00061035
v -0.73927218 67.09277344 673.00061035
v -0.73927218 67.09277344 669.50061035
v -0.88326550 67.13327789 669.50061035
v -0.73927218 67.09277344 673.00061035
v -0.88326550 67.13327789 673.00061035
v -0.88326550 67.13327789 669.50061035
v -1.02506006 67.18093109 669.50061035
v -0.88326550 67.13327789 673.00061035
v -1.02506006 67.18093109 673.00061035
v -1.02506006 67.18093109 673.00061035
v -1.02506006 67.18093109 669.50061035
v -1.16430402 67.23558044 673.00061035
v -1.16430402 67.23558044 669.50061035
v -1.16430402 67.23558044 669.50061035
v -1.30065095 67.29709625 669.50061035
v -1.16430402 67.23558044 673.00061035
v -1.30065095 67.29709625 673.00061035
v -1.30065095 67.29709625 669.50061035
v -1.43376195 67.36534119 669.50061035
v -1.30065095 67.29709625 673.00061035
v -1.43376195 67.36534119 673.00061035
v -1.43376195 67.36534119 673.00061035
v -1.56330597 67.44013214 669.50061035
v -1.56330597 67.44013214 673.00061035
v -1.43376195 67.36534119 669.50061035
v -1.56330597 67.44013214 673.00061035
v -1.68895996 67.52129364 669.50061035
v -1.68895996 67.52129364 673.00061035
v -1.56330597 67.44013214 669.50061035
v -1.68895996 67.52129364 673.00061035
v -1.81041300 67.60861206 669.50061035
v -1.81041300 67.60861206 673.00061035
v -1.81041300 67.60861206 673.00061035
v -1.81041300 67.60861206 669.50061035
v -1.92736304 67.70187378 673.00061035
v -1.68895996 67.52129364 669.50061035
v -1.92736304 67.70187378 669.50061035
v -1.92736304 67.70187378 673.00061035
v -2.03951812 67.80084229 669.50061035
v -2.03951812 67.80084229 673.00061035
v -1.92736304 67.70187378 669.50061035
v -2.03951812 67.80084229 673.00061035
v -2.14660001 67.90528870 669.50061035
v -2.14660001 67.90528870 673.00061035
v -2.03951812 67.80084229 669.50061035
v -2.14660001 67.90528870 673.00061035
v -2.24834394 68.01495361 669.50061035
v -2.24834394 68.01495361 673.00061035
v -2.14660001 67.90528870 669.50061035
v -2.24834394 68.01495361 673.00061035
v -2.34449410 68.12953186 669.50061035
v -2.34449410 68.12953186 673.00061035
v -2.24834394 68.01495361 669.50061035
v -2.34449410 68.12953186 673.00061035
v -2.43481398 68.24877167 669.50061035
v -2.43481398 68.24877167 673.00061035
v -2.43481398 68.24877167 673.00061035
v -2.43481398 68.24877167 669.50061035
v -2.51907802 68.37236023 673.00061035
v -2.34449410 68.12953186 669.50061035
v -2.51907802 68.37236023 669.50061035
v -2.51907802 68.37236023 673.00061035
v -2.59707594 68.50000000 669.50061035
v -2.59707594 68.50000000 673.00061035
v -2.51907802 68.37236023 669.50061035
v -2.59707594 68.50000000 673.00061035
v -2.66861510 68.63137054 669.50061035
v -2.66861510 68.63137054 673.00061035
v -2.59707594 68.50000000 669.50061035
v -2.66861510 68.63137054 673.00061035
v -2.73351789 68.76614380 669.50061035
v -2.73351789 68.76614380 673.00061035
v -2.66861510 68.63137054 669.50061035
v -2.73351789 68.76614380 673.00061035
v -2.79162097 68.90397644 669.50061035
v -2.79162097 68.90397644 673.00061035
v -2.79162097 68.90397644 673.00061035
v -2.79162097 68.90397644 669.50061035
v -2.84278202 69.04454041 673.00061035
v -2.73351789 68.76614380 669.50061035
v -2.84278202 69.04454041 669.50061035
v -2.84278202 69.04454041 669.50061035
v -2.88687301 69.18747711 669.50061035
v -2.84278202 69.04454041 673.00061035
v -2.88687301 69.18747711 673.00061035
v -2.88687301 69.18747711 669.50061035
v -2.92378402 69.33244324 669.50061035
v -2.88687301 69.18747711 673.00061035
v -2.92378402 69.33244324 673.00061035
v -2.92378402 69.33244324 669.50061035
v -2.95342302 69.47905731 669.50061035
v -2.92378402 69.33244324 673.00061035
v -2.95342302 69.47905731 673.00061035
v -2.95342302 69.47905731 673.00061035
v -2.95342302 69.47905731 669.50061035
v -2.97571707 69.62696838 673.00061035
v -2.97571707 69.62696838 669.50061035
v -2.97571707 69.62696838 673.00061035
v -2.99061108 69.77581024 669.50061035
v -2.99061108 69.77581024 673.00061035
v -2.97571707 69.62696838 669.50061035
v -2.99061108 69.77581024 673.00061035
v -2.99806809 69.92520905 669.50061035
v -2.99806809 69.92520905 673.00061035
v -2.99806809 69.92520905 673.00061035
v -2.99806809 69.92520905 669.50061035
v -2.99806809 70.07479095 673.00061035
v -2.99061108 69.77581024 669.50061035
v -2.99806809 70.07479095 669.50061035
v -2.99806809 70.07479095 673.00061035
v -2.99061108 70.22418976 669.50061035
v -2.99061108 70.22418976 673.00061035
v -2.99061108 70.22418976 673.00061035
v -2.99061108 70.22418976 669.50061035
v -2.97571707 70.37303162 673.00061035
v -2.99806809 70.07479095 669.50061035
v -2.97571707 70.37303162 669.50061035
v -2.97571707 70.37303162 673.00061035
v -2.95342302 70.52095032 669.50061035
v -2.95342302 70.52095032 673.00061035
v -2.95342302 70.52095032 673.00061035
v -2.95342302 70.52095032 669.50061035
v -2.92378402 70.66757202 673.00061035
v -2.97571707 70.37303162 669.50061035
v -2.92378402 70.66757202 669.50061035
v -2.92378402 70.66757202 673.00061035
v -2.88687301 70.81253052 669.50061035
v -2.88687301 70.81253052 673.00061035
v -2.92378402 70.66757202 669.50061035
v -2.88687301 70.81253052 673.00061035
v -2.84278202 70.95545959 669.50061035
v -2.84278202 70.95545959 673.00061035
v -2.88687301 70.81253052 669.50061035
v -2.84278202 70.95545959 673.00061035
v -2.79162097 71.09603119 669.50061035
v -2.79162097 71.09603119 673.00061035
v -2.84278202 70.95545959 669.50061035
v -2.79162097 71.09603119 673.00061035
v -2.73351789 71.23387146 669.50061035
v -2.73351789 71.23387146 673.00061035
v -2.79162097 71.09603119 669.50061035
v -2.73351789 71.23387146 673.00061035
v -2.66861510 71.36862946 669.50061035
v -2.66861510 71.36862946 673.00061035
v -2.73351789 71.23387146 669.50061035
v -2.66861510 71.36862946 673.00061035
v -2.59707594 71.50000000 669.50061035
v -2.59707594 71.50000000 673.00061035
v -2.66861510 71.36862946 669.50061035
v -2.59707594 71.50000000 673.00061035
v -2.51907802 71.62763977 669.50061035
v -2.51907802 71.62763977 673.00061035
v -2.59707594 71.50000000 669.50061035
v -2.51907802 71.62763977 673.00061035
v -2.43481398 71.75122833 669.50061035
v -2.43481398 71.75122833 673.00061035
v -2.51907802 71.62763977 669.50061035
v -2.43481398 71.75122833 673.00061035
v -2.34449410 71.87046814 669.50061035
v -2.34449410 71.87046814 673.00061035
v -2.43481398 71.75122833 669.50061035
v -2.34449410 71.87046814 673.00061035
v -2.24834394 71.98506165 669.50061035
v -2.24834394 71.98506165 673.00061035
v -2.34449410 71.87046814 669.50061035
v -2.24834394 71.98506165 673.00061035
v -2.14660001 72.09471130 669.50061035
v -2.14660001 72.09471130 673.00061035
v -2.24834394 71.98506165 669.50061035
v -2.14660001 72.09471130 673.00061035
v -2.03951812 72.19915771 669.50061035
v -2.03951812 72.19915771 673.00061035
v -2.14660001 72.09471130 669.50061035
v -2.03951812 72.19915771 673.00061035
v -1.92736304 72.29814148 669.50061035
v -1.92736304 72.29814148 673.00061035
v -2.03951812 72.19915771 669.50061035
v -1.92736304 72.29814148 669.50061035
v -1.81041300 72.39140320 669.50061035
v -1.92736304 72.29814148 673.00061035
v -1.81041300 72.39140320 673.00061035
v -1.81041300 72.39140320 669.50061035
v -1.68895996 72.47872162 669.50061035
v -1.81041300 72.39140320 673.00061035
v -1.68895996 72.47872162 673.00061035
v -1.68895996 72.47872162 669.50061035
v -1.56330597 72.55988312 669.50061035
v -1.68895996 72.47872162 673.00061035
v -1.56330597 72.55988312 673.00061035
v -1.56330597 72.55988312 669.50061035
v -1.43376195 72.63466644 669.50061035
v -1.56330597 72.55988312 673.00061035
v -1.43376195 72.63466644 673.00061035
v -1.43376195 72.63466644 673.00061035
v -1.43376195 72.63466644 669.50061035
v -1.30065095 72.70291138 673.00061035
v -1.30065095 72.70291138 669.50061035
v -1.30065095 72.70291138 669.50061035
v -1.16430402 72.76442719 669.50061035
v -1.30065095 72.70291138 673.00061035
v -1.16430402 72.76442719 673.00061035
v -1.16430402 72.76442719 669.50061035
v -1.02506006 72.81907654 669.50061035
v -1.16430402 72.76442719 673.00061035
v -1.02506006 72.81907654 673.00061035
v -1.02506006 72.81907654 669.50061035
v -0.88326550 72.86672211 669.50061035
v -1.02506006 72.81907654 673.00061035
v -0.88326550 72.86672211 673.00061035
v -0.88326550 72.86672211 669.50061035
v -0.73927218 72.90724182 669.50061035
v -0.88326550 72.86672211 673.00061035
v -0.73927218 72.90724182 673.00061035
v -0.73927218 72.90724182 673.00061035
v -0.73927218 72.90724182 669.50061035
v -0.59343851 72.94052124 673.00061035
v -0.59343851 72.94052124 669.50061035
v -0.59343851 72.94052124 669.50061035
v -0.44612679 72.96649170 669.50061035
v -0.59343851 72.94052124 673.00061035
v -0.44612679 72.96649170 673.00061035
v -0.44612679 72.96649170 669.50061035
v -0.29770350 72.98509216 669.50061035
v -0.44612679 72.96649170 673.00061035
v -0.29770350 72.98509216 673.00061035
v -0.29770350 72.98509216 669.50061035
v -0.14853761 72.99626923 669.50061035
v -0.29770350 72.98509216 673.00061035
v -0.14853761 72.99626923 673.00061035
v -0.14853761 72.99626923 673.00061035
v -0.14853761 72.99626923 669.50061035
v 0.00099999 73.00000000 673.00061035
v 0.00099999 73.00000000 669.50061035
v 0.00099999 53.00000000 669.50061035
v 0.15053760 52.99626923 669.50061035
v 0.00099999 53.00000000 673.00061035
v 0.15053760 52.99626923 673.00061035
v 0.15053760 52.99626923 673.00061035
v 0.29970351 52.98508835 669.50061035
v 0.29970351 52.98508835 673.00061035
v 0.15053760 52.99626923 669.50061035
v 0.29970351 52.98508835 673.00061035
v 0.44812679 52.96649170 669.50061035
v 0.44812679 52.96649170 673.00061035
v 0.29970351 52.98508835 669.50061035
v 0.44812679 52.96649170 673.00061035
v 0.59543842 52.94052124 669.50061035
v 0.59543842 52.94052124 673.00061035
v 0.44812679 52.96649170 669.50061035
v 0.59543842 52.94052124 673.00061035
v 0.74127221 52.90723038 669.50061035
v 0.74127221 52.90723038 673.00061035
v 0.59543842 52.94052124 669.50061035
v 0.74127221 52.90723038 673.00061035
v 0.88526553 52.86671829 669.50061035
v 0.88526553 52.86671829 673.00061035
v 0.74127221 52.90723038 669.50061035
v 0.88526553 52.86671829 673.00061035
v 1.02706003 52.81908035 669.50061035
v 1.02706003 52.81908035 673.00061035
v 0.88526553 52.86671829 669.50061035
v 1.02706003 52.81908035 673.00061035
v 1.16630399 52.76443100 669.50061035
v 1.16630399 52.76443100 673.00061035
v 1.02706003 52.81908035 669.50061035
v 1.16630399 52.76443100 673.00061035
v 1.30265105 52.70291138 669.50061035
v 1.30265105 52.70291138 673.00061035
v 1.30265105 52.70291138 673.00061035
v 1.30265105 52.70291138 669.50061035
v 1.43576205 52.63467026 673.00061035
v 1.16630399 52.76443100 669.50061035
v 1.43576205 52.63467026 673.00061035
v 1.43576205 52.63467026 669.50061035
v 1.56530595 52.55987167 673.00061035
v 1.43576205 52.63467026 669.50061035
v 1.56530595 52.55987167 669.50061035
v 1.56530595 52.55987167 669.50061035
v 1.69096005 52.47872162 669.50061035
v 1.56530595 52.55987167 673.00061035
v 1.69096005 52.47872162 673.00061035
v 1.69096005 52.47872162 673.00061035
v 1.69096005 52.47872162 669.50061035
v 1.81241298 52.39139938 673.00061035
v 1.81241298 52.39139938 669.50061035
v 1.81241298 52.39139938 669.50061035
v 1.92936301 52.29813004 669.50061035
v 1.81241298 52.39139938 673.00061035
v 1.92936301 52.29813004 673.00061035
v 1.92936301 52.29813004 673.00061035
v 1.92936301 52.29813004 669.50061035
v 2.04151797 52.19916153 673.00061035
v 2.04151797 52.19916153 669.50061035
v 2.04151797 52.19916153 669.50061035
v 2.14860106 52.09471130 669.50061035
v 2.04151797 52.19916153 673.00061035
v 2.14860106 52.09471130 673.00061035
v 2.14860106 52.09471130 669.50061035
v 2.25034404 51.98506165 669.50061035
v 2.14860106 52.09471130 673.00061035
v 2.25034404 51.98506165 673.00061035
v 2.25034404 51.98506165 669.50061035
v 2.34649396 51.87046814 669.50061035
v 2.25034404 51.98506165 673.00061035
v 2.34649396 51.87046814 673.00061035
v 2.34649396 51.87046814 669.50061035
v 2.43681407 51.75122833 669.50061035
v 2.34649396 51.87046814 673.00061035
v 2.43681407 51.75122833 673.00061035
v 2.43681407 51.75122833 673.00061035
v 2.43681407 51.75122833 669.50061035
v 2.52107811 51.62762833 673.00061035
v 2.52107811 51.62762833 669.50061035
v 2.52107811 51.62762833 673.00061035
v 2.52107811 51.62762833 669.50061035
v 2.59907603 51.50000000 673.00061035
v 2.59907603 51.50000000 669.50061035
v 2.59907603 51.50000000 669.50061035
v 2.67061496 51.36862946 669.50061035
v 2.59907603 51.50000000 673.00061035
v 2.67061496 51.36862946 673.00061035
v 2.67061496 51.36862946 673.00061035
v 2.73551798 51.23386002 669.50061035
v 2.73551798 51.23386002 673.00061035
v 2.67061496 51.36862946 669.50061035
v 2.73551798 51.23386002 673.00061035
v 2.79362106 51.09601974 669.50061035
v 2.79362106 51.09601974 673.00061035
v 2.73551798 51.23386002 669.50061035
v 2.79362106 51.09601974 673.00061035
v 2.84478211 50.95545959 669.50061035
v 2.84478211 50.95545959 673.00061035
v 2.79362106 51.09601974 669.50061035
v 2.84478211 50.95545959 673.00061035
v 2.88887310 50.81251907 669.50061035
v 2.88887310 50.81251907 673.00061035
v 2.84478211 50.95545959 669.50061035
v 2.88887310 50.81251907 673.00061035
v 2.92578411 50.66756058 669.50061035
v 2.92578411 50.66756058 673.00061035
v 2.92578411 50.66756058 673.00061035
v 2.92578411 50.66756058 669.50061035
v 2.95542312 50.52093887 673.00061035
v 2.88887310 50.81251907 669.50061035
v 2.95542312 50.52093887 669.50061035
v 2.95542312 50.52093887 673.00061035
v 2.97771811 50.37303162 669.50061035
v 2.97771811 50.37303162 673.00061035
v 2.95542312 50.52093887 669.50061035
v 2.97771811 50.37303162 673.00061035
v 2.99261093 50.22418976 669.50061035
v 2.99261093 50.22418976 673.00061035
v 2.97771811 50.37303162 669.50061035
v 2.99261093 50.22418976 673.00061035
v 3.00006700 50.07479095 669.50061035
v 3.00006700 50.07479095 673.00061035
v 3.00006700 50.07479095 673.00061035
v 3.00006700 50.07479095 669.50061035
v 3.00006700 49.92520142 673.00061035
v 2.99261093 50.22418976 669.50061035
v 3.00006700 49.92520142 669.50061035
v 3.00006700 49.92520142 673.00061035
v 2.99261093 49.77581024 669.50061035
v 2.99261093 49.77581024 673.00061035
v 2.99261093 49.77581024 673.00061035
v 2.99261093 49.77581024 669.50061035
v 2.97771811 49.62696838 673.00061035
v 3.00006700 49.92520142 669.50061035
v 2.97771811 49.62696838 669.50061035
v 2.97771811 49.62696838 673.00061035
v 2.95542312 49.47904968 669.50061035
v 2.95542312 49.47904968 673.00061035
v 2.97771811 49.62696838 669.50061035
v 2.95542312 49.47904968 673.00061035
v 2.92578411 49.33243179 669.50061035
v 2.92578411 49.33243179 673.00061035
v 2.95542312 49.47904968 669.50061035
v 2.92578411 49.33243179 669.50061035
v 2.88887310 49.18748093 669.50061035
v 2.92578411 49.33243179 673.00061035
v 2.88887310 49.18748093 673.00061035
v 2.88887310 49.18748093 669.50061035
v 2.84478211 49.04454041 669.50061035
v 2.88887310 49.18748093 673.00061035
v 2.84478211 49.04454041 673.00061035
v 2.84478211 49.04454041 669.50061035
v 2.79362106 48.90398026 669.50061035
v 2.84478211 49.04454041 673.00061035
v 2.79362106 48.90398026 673.00061035
v 2.79362106 48.90398026 669.50061035
v 2.73551798 48.76613998 669.50061035
v 2.79362106 48.90398026 673.00061035
v 2.73551798 48.76613998 673.00061035
v 2.73551798 48.76613998 669.50061035
v 2.67061496 48.63137054 669.50061035
v 2.73551798 48.76613998 673.00061035
v 2.67061496 48.63137054 673.00061035
v 2.67061496 48.63137054 673.00061035
v 2.67061496 48.63137054 669.50061035
v 2.59907603 48.50000000 673.00061035
v 2.59907603 48.50000000 669.50061035
v 2.59907603 48.50000000 669.50061035
v 2.52107811 48.37236023 669.50061035
v 2.59907603 48.50000000 673.00061035
v 2.52107811 48.37236023 673.00061035
v 2.52107811 48.37236023 669.50061035
v 2.43681407 48.24876022 669.50061035
v 2.52107811 48.37236023 673.00061035
v 2.43681407 48.24876022 673.00061035
v 2.43681407 48.24876022 669.50061035
v 2.34649396 48.12953186 669.50061035
v 2.43681407 48.24876022 673.00061035
v 2.34649396 48.12953186 673.00061035
v 2.34649396 48.12953186 669.50061035
v 2.25034404 48.01493835 669.50061035
v 2.34649396 48.12953186 673.00061035
v 2.25034404 48.01493835 673.00061035
v 2.25034404 48.01493835 669.50061035
v 2.14860106 47.90528870 669.50061035
v 2.25034404 48.01493835 673.00061035
v 2.14860106 47.90528870 673.00061035
v 2.14860106 47.90528870 669.50061035
v 2.04151797 47.80083847 669.50061035
v 2.14860106 47.90528870 673.00061035
v 2.04151797 47.80083847 673.00061035
v 2.04151797 47.80083847 669.50061035
v 1.92936301 47.70185852 669.50061035
v 2.04151797 47.80083847 673.00061035
v 1.92936301 47.70185852 673.00061035
v 1.92936301 47.70185852 673.00061035
v 1.92936301 47.70185852 669.50061035
v 1.81241298 47.60860062 673.00061035
v 1.81241298 47.60860062 669.50061035
v 1.81241298 47.60860062 669.50061035
v 1.69096005 47.52127838 669.50061035
v 1.81241298 47.60860062 673.00061035
v 1.69096005 47.52127838 673.00061035
v 1.69096005 47.52127838 669.50061035
v 1.56530595 47.44012833 669.50061035
v 1.69096005 47.52127838 673.00061035
v 1.56530595 47.44012833 673.00061035
v 1.56530595 47.44012833 669.50061035
v 1.43576205 47.36532974 669.50061035
v 1.56530595 47.44012833 673.00061035
v 1.43576205 47.36532974 673.00061035
v 1.43576205 47.36532974 673.00061035
v 1.43576205 47.36532974 669.50061035
v 1.30265105 47.29708862 673.00061035
v 1.30265105 47.29708862 669.50061035
v 1.30265105 47.29708862 669.50061035
v 1.16630399 47.23556900 669.50061035
v 1.30265105 47.29708862 673.00061035
v 1.16630399 47.23556900 673.00061035
v 1.16630399 47.23556900 669.50061035
v 1.02706003 47.18091965 669.50061035
v 1.16630399 47.23556900 673.00061035
v 1.02706003 47.18091965 673.00061035
v 1.02706003 47.18091965 673.00061035
v 1.02706003 47.18091965 669.50061035
v 0.88526553 47.13328171 673.00061035
v 0.88526553 47.13328171 669.50061035
v 0.88526553 47.13328171 673.00061035
v 0.74127221 47.09276962 669.50061035
v 0.74127221 47.09276962 673.00061035
v 0.88526553 47.13328171 669.50061035
v 0.74127221 47.09276962 673.00061035
v 0.74127221 47.09276962 669.50061035
v 0.59543842 47.05947876 673.00061035
v 0.59543842 47.05947876 669.50061035
v 0.59543842 47.05947876 673.00061035
v 0.44812679 47.03350830 669.50061035
v 0.44812679 47.03350830 673.00061035
v 0.59543842 47.05947876 669.50061035
v 0.44812679 47.03350830 673.00061035
v 0.29970351 47.01491165 669.50061035
v 0.29970351 47.01491165 673.00061035
v 0.44812679 47.03350830 669.50061035
v 0.29970351 47.01491165 669.50061035
v 0.15053760 47.00373077 669.50061035
v 0.29970351 47.01491165 673.00061035
v 0.15053760 47.00373077 673.00061035
v 0.15053760 47.00373077 673.00061035
v 0.15053760 47.00373077 669.50061035
v 0.00099999 47.00000000 673.00061035
v 0.00099999 47.00000000 669.50061035
v 0.00099999 47.00000000 673.00061035
v 0.00099999 47.00000000 669.50061035
v -0.14853761 47.00373077 673.00061035
v -0.14853761 47.00373077 669.50061035
v -0.14853761 47.00373077 673.00061035
v -0.14853761 47.00373077 669.50061035
v -0.29770350 47.01491165 673.00061035
v -0.29770350 47.01491165 669.50061035
v -0.29770350 47.01491165 669.50061035
v -0.44612679 47.03350830 669.50061035
v -0.29770350 47.01491165 673.00061035
v -0.44612679 47.03350830 673.00061035
v -0.44612679 47.03350830 673.00061035
v -0.44612679 47.03350830 669.50061035
v -0.59343851 47.05947876 673.00061035
v -0.59343851 47.05947876 669.50061035
v -0.59343851 47.05947876 669.50061035
v -0.73927218 47.09276962 669.50061035
v -0.59343851 47.05947876 673.00061035
v -0.73927218 47.09276962 673.00061035
v -0.73927218 47.09276962 669.50061035
v -0.88326550 47.13328171 669.50061035
v -0.73927218 47.09276962 673.00061035
v -0.88326550 47.13328171 673.00061035
v -0.88326550 47.13328171 669.50061035
v -1.02506006 47.18091965 669.50061035
v -0.88326550 47.13328171 673.00061035
v -1.02506006 47.18091965 673.00061035
v -1.02506006 47.18091965 673.00061035
v -1.02506006 47.18091965 669.50061035
v -1.16430402 47.23556900 673.00061035
v -1.16430402 47.23556900 669.50061035
v -1.16430402 47.23556900 669.50061035
v -1.30065095 47.29708862 669.50061035
v -1.16430402 47.23556900 673.00061035
v -1.30065095 47.29708862 673.00061035
v -1.30065095 47.29708862 669.50061035
v -1.43376195 47.36532974 669.50061035
v -1.30065095 47.29708862 673.00061035
v -1.43376195 47.36532974 673.00061035
v -1.43376195 47.36532974 673.00061035
v -1.56330597 47.44012833 669.50061035
v -1.56330597 47.44012833 673.00061035
v -1.43376195 47.36532974 669.50061035
v -1.56330597 47.44012833 673.00061035
v -1.68895996 47.52127838 669.50061035
v -1.68895996 47.52127838 673.00061035
v -1.56330597 47.44012833 669.50061035
v -1.68895996 47.52127838 673.00061035
v -1.81041300 47.60860062 669.50061035
v -1.81041300 47.60860062 673.00061035
v -1.81041300 47.60860062 673.00061035
v -1.81041300 47.60860062 669.50061035
v -1.92736304 47.70185852 673.00061035
v -1.68895996 47.52127838 669.50061035
v -1.92736304 47.70185852 669.50061035
v -1.92736304 47.70185852 673.00061035
v -2.03951812 47.80083847 669.50061035
v -2.03951812 47.80083847 673.00061035
v -1.92736304 47.70185852 669.50061035
v -2.03951812 47.80083847 673.00061035
v -2.14660001 47.90528870 669.50061035
v -2.14660001 47.90528870 673.00061035
v -2.03951812 47.80083847 669.50061035
v -2.14660001 47.90528870 673.00061035
v -2.24834394 48.01493835 669.50061035
v -2.24834394 48.01493835 673.00061035
v -2.14660001 47.90528870 669.50061035
v -2.24834394 48.01493835 673.00061035
v -2.34449410 48.12953186 669.50061035
v -2.34449410 48.12953186 673.00061035
v -2.24834394 48.01493835 669.50061035
v -2.34449410 48.12953186 673.00061035
v -2.43481398 48.24876022 669.50061035
v -2.43481398 48.24876022 673.00061035
v -2.43481398 48.24876022 673.00061035
v -2.43481398 48.24876022 669.50061035
v -2.51907802 48.37236023 673.00061035
v -2.34449410 48.12953186 669.50061035
v -2.51907802 48.37236023 669.50061035
v -2.51907802 48.37236023 673.00061035
v -2.59707594 48.50000000 669.50061035
v -2.59707594 48.50000000 673.00061035
v -2.51907802 48.37236023 669.50061035
v -2.59707594 48.50000000 673.00061035
v -2.66861510 48.63137054 669.50061035
v -2.66861510 48.63137054 673.00061035
v -2.59707594 48.50000000 669.50061035
v -2.66861510 48.63137054 673.00061035
v -2.73351789 48.76613998 669.50061035
v -2.73351789 48.76613998 673.00061035
v -2.66861510 48.63137054 669.50061035
v -2.73351789 48.76613998 673.00061035
v -2.79162097 48.90398026 669.50061035
v -2.79162097 48.90398026 673.00061035
v -2.79162097 48.90398026 673.00061035
v -2.79162097 48.90398026 669.50061035
v -2.84278202 49.04454041 673.00061035
v -2.73351789 48.76613998 669.50061035
v -2.84278202 49.04454041 669.50061035
v -2.84278202 49.04454041 669.50061035
v -2.88687301 49.18748093 669.50061035
v -2.84278202 49.04454041 673.00061035
v -2.88687301 49.18748093 673.00061035
v -2.88687301 49.18748093 669.50061035
v -2.92378402 49.33243179 669.50061035
v -2.88687301 49.18748093 673.00061035
v -2.92378402 49.33243179 673.00061035
v -2.92378402 49.33243179 669.50061035
v -2.95342302 49.47904968 669.50061035
v -2.92378402 49.33243179 673.00061035
v -2.95342302 49.47904968 673.00061035
v -2.95342302 49.47904968 673.00061035
v -2.95342302 49.47904968 669.50061035
v -2.97571707 49.62696838 673.00061035
v -2.97571707 49.62696838 669.50061035
v -2.97571707 49.62696838 673.00061035
v -2.99061108 49.77581024 669.50061035
v -2.99061108 49.77581024 673.00061035
v -2.97571707 49.62696838 669.50061035
v -2.99061108 49.77581024 673.00061035
v -2.99806809 49.92520142 669.50061035
v -2.99806809 49.92520142 673.00061035
v -2.99806809 49.92520142 673.00061035
v -2.99806809 49.92520142 669.50061035
v -2.99806809 50.07479095 673.00061035
v -2.99061108 49.77581024 669.50061035
v -2.99806809 50.07479095 669.50061035
v -2.99806809 50.07479095 673.00061035
v -2.99061108 50.22418976 669.50061035
v -2.99061108 50.22418976 673.00061035
v -2.99061108 50.22418976 673.00061035
v -2.99061108 50.22418976 669.50061035
v -2.97571707 50.37303162 673.00061035
v -2.99806809 50.07479095 669.50061035
v -2.97571707 50.37303162 669.50061035
v -2.97571707 50.37303162 673.00061035
v -2.95342302 50.52093887 669.50061035
v -2.95342302 50.52093887 673.00061035
v -2.95342302 50.52093887 673.00061035
v -2.95342302 50.52093887 669.50061035
v -2.92378402 50.66756058 673.00061035
v -2.97571707 50.37303162 669.50061035
v -2.92378402 50.66756058 669.50061035
v -2.92378402 50.66756058 673.00061035
v -2.88687301 50.81251907 669.50061035
v -2.88687301 50.81251907 673.00061035
v -2.92378402 50.66756058 669.50061035
v -2.88687301 50.81251907 673.00061035
v -2.84278202 50.95545959 669.50061035
v -2.84278202 50.95545959 673.00061035
v -2.88687301 50.81251907 669.50061035
v -2.84278202 50.95545959 673.00061035
v -2.79162097 51.09601974 669.50061035
v -2.79162097 51.09601974 673.00061035
v -2.84278202 50.95545959 669.50061035
v -2.79162097 51.09601974 673.00061035
v -2.73351789 51.23386002 669.50061035
v -2.73351789 51.23386002 673.00061035
v -2.79162097 51.09601974 669.50061035
v -2.73351789 51.23386002 673.00061035
v -2.66861510 51.36862946 669.50061035
v -2.66861510 51.36862946 673.00061035
v -2.73351789 51.23386002 669.50061035
v -2.66861510 51.36862946 673.00061035
v -2.59707594 51.50000000 669.50061035
v -2.59707594 51.50000000 673.00061035
v -2.66861510 51.36862946 669.50061035
v -2.59707594 51.50000000 673.00061035
v -2.51907802 51.62762833 669.50061035
v -2.51907802 51.62762833 673.00061035
v -2.59707594 51.50000000 669.50061035
v -2.51907802 51.62762833 673.00061035
v -2.43481398 51.75122833 669.50061035
v -2.43481398 51.75122833 673.00061035
v -2.51907802 51.62762833 669.50061035
v -2.43481398 51.75122833 673.00061035
v -2.34449410 51.87046814 669.50061035
v -2.34449410 51.87046814 673.00061035
v -2.43481398 51.75122833 669.50061035
v -2.34449410 51.87046814 673.00061035
v -2.24834394 51.98506165 669.50061035
v -2.24834394 51.98506165 673.00061035
v -2.34449410 51.87046814 669.50061035
v -2.24834394 51.98506165 673.00061035
v -2.14660001 52.09471130 669.50061035
v -2.14660001 52.09471130 673.00061035
v -2.24834394 51.98506165 669.50061035
v -2.14660001 52.09471130 673.00061035
v -2.03951812 52.19916153 669.50061035
v -2.03951812 52.19916153 673.00061035
v -2.14660001 52.09471130 669.50061035
v -2.03951812 52.19916153 673.00061035
v -1.92736304 52.29813004 669.50061035
v -1.92736304 52.29813004 673.00061035
v -2.03951812 52.19916153 669.50061035
v -1.92736304 52.29813004 669.50061035
v -1.81041300 52.39139938 669.50061035
v -1.92736304 52.29813004 673.00061035
v -1.81041300 52.39139938 673.00061035
v -1.81041300 52.39139938 669.50061035
v -1.68895996 52.47872162 669.50061035
v -1.81041300 52.39139938 673.00061035
v -1.68895996 52.47872162 673.00061035
v -1.68895996 52.47872162 669.50061035
v -1.56330597 52.55987167 669.50061035
v -1.68895996 52.47872162 673.00061035
v -1.56330597 52.55987167 673.00061035
v -1.56330597 52.55987167 669.50061035
v -1.43376195 52.63467026 669.50061035
v -1.56330597 52.55987167 673.00061035
v -1.43376195 52.63467026 673.00061035
v -1.43376195 52.63467026 673.00061035
v -1.43376195 52.63467026 669.50061035
v -1.30065095 52.70291138 673.00061035
v -1.30065095 52.70291138 669.50061035
v -1.30065095 52.70291138 669.50061035
v -1.16430402 52.76443100 669.50061035
v -1.30065095 52.70291138 673.00061035
v -1.16430402 52.76443100 673.00061035
v -1.16430402 52.76443100 669.50061035
v -1.02506006 52.81908035 669.50061035
v -1.16430402 52.76443100 673.00061035
v -1.02506006 52.81908035 673.00061035
v -1.02506006 52.81908035 669.50061035
v -0.88326550 52.86671829 669.50061035
v -1.02506006 52.81908035 673.00061035
v -0.88326550 52.86671829 673.00061035
v -0.88326550 52.86671829 669.50061035
v -0.73927218 52.90723038 669.50061035
v -0.88326550 52.86671829 673.00061035
v -0.73927218 52.90723038 673.00061035
v -0.73927218 52.90723038 673.00061035
v -0.73927218 52.90723038 669.50061035
v -0.59343851 52.94052124 673.00061035
v -0.59343851 52.94052124 669.50061035
v -0.59343851 52.94052124 669.50061035
v -0.44612679 52.96649170 669.50061035
v -0.59343851 52.94052124 673.00061035
v -0.44612679 52.96649170 673.00061035
v -0.44612679 52.96649170 669.50061035
v -0.29770350 52.98508835 669.50061035
v -0.44612679 52.96649170 673.00061035
v -0.29770350 52.98508835 673.00061035
v -0.29770350 52.98508835 669.50061035
v -0.14853761 52.99626923 669.50061035
v -0.29770350 52.98508835 673.00061035
v -0.14853761 52.99626923 673.00061035
v -0.14853761 52.99626923 673.00061035
v -0.14853761 52.99626923 669.50061035
v 0.00099999 53.00000000 673.00061035
v 0.00099999 53.00000000 669.50061035
v 0.00099999 33.00000000 669.50061035
v 0.15053760 32.99626923 669.50061035
v 0.00099999 33.00000000 673.00061035
v 0.15053760 32.99626923 673.00061035
v 0.15053760 32.99626923 673.00061035
v 0.29970351 32.98508835 669.50061035
v 0.29970351 32.98508835 673.00061035
v 0.15053760 32.99626923 669.50061035
v 0.29970351 32.98508835 673.00061035
v 0.44812679 32.96649170 669.50061035
v 0.44812679 32.96649170 673.00061035
v 0.29970351 32.98508835 669.50061035
v 0.44812679 32.96649170 673.00061035
v 0.59543842 32.94052124 669.50061035
v 0.59543842 32.94052124 673.00061035
v 0.44812679 32.96649170 669.50061035
v 0.59543842 32.94052124 673.00061035
v 0.74127221 32.90723038 669.50061035
v 0.74127221 32.90723038 673.00061035
v 0.59543842 32.94052124 669.50061035
v 0.74127221 32.90723038 673.00061035
v 0.88526553 32.86671829 669.50061035
v 0.88526553 32.86671829 673.00061035
v 0.74127221 32.90723038 669.50061035
v 0.88526553 32.86671829 673.00061035
v 1.02706003 32.81908035 669.50061035
v 1.02706003 32.81908035 673.00061035
v 0.88526553 32.86671829 669.50061035
v 1.02706003 32.81908035 673.00061035
v 1.16630399 32.76443100 669.50061035
v 1.16630399 32.76443100 673.00061035
v 1.02706003 32.81908035 669.50061035
v 1.16630399 32.76443100 673.00061035
v 1.30265105 32.70291138 669.50061035
v 1.30265105 32.70291138 673.00061035
v 1.30265105 32.70291138 673.00061035
v 1.30265105 32.70291138 669.50061035
v 1.43576205 32.63467026 673.00061035
v 1.16630399 32.76443100 669.50061035
v 1.43576205 32.63467026 673.00061035
v 1.43576205 32.63467026 669.50061035
v 1.56530595 32.55987167 673.00061035
v 1.43576205 32.63467026 669.50061035
v 1.56530595 32.55987167 669.50061035
v 1.56530595 32.55987167 669.50061035
v 1.69096005 32.47872162 669.50061035
v 1.56530595 32.55987167 673.00061035
v 1.69096005 32.47872162 673.00061035
v 1.69096005 32.47872162 673.00061035
v 1.69096005 32.47872162 669.50061035
v 1.81241298 32.39139938 673.00061035
v 1.81241298 32.39139938 669.50061035
v 1.81241298 32.39139938 669.50061035
v 1.92936301 32.29813004 669.50061035
v 1.81241298 32.39139938 673.00061035
v 1.92936301 32.29813004 673.00061035
v 1.92936301 32.29813004 673.00061035
v 1.92936301 32.29813004 669.50061035
v 2.04151797 32.19915009 673.00061035
v 2.04151797 32.19915009 669.50061035
v 2.04151797 32.19915009 669.50061035
v 2.14860106 32.09471130 669.50061035
v 2.04151797 32.19915009 673.00061035
v 2.14860106 32.09471130 673.00061035
v 2.14860106 32.09471130 669.50061035
v 2.25034404 31.98505974 669.50061035
v 2.14860106 32.09471130 673.00061035
v 2.25034404 31.98505974 673.00061035
v 2.25034404 31.98505974 669.50061035
v 2.34649396 31.87047005 669.50061035
v 2.25034404 31.98505974 673.00061035
v 2.34649396 31.87047005 673.00061035
v 2.34649396 31.87047005 669.50061035
v 2.43681407 31.75123024 669.50061035
v 2.34649396 31.87047005 673.00061035
v 2.43681407 31.75123024 673.00061035
v 2.43681407 31.75123024 673.00061035
v 2.43681407 31.75123024 669.50061035
v 2.52107811 31.62763977 673.00061035
v 2.52107811 31.62763977 669.50061035
v 2.52107811 31.62763977 673.00061035
v 2.52107811 31.62763977 669.50061035
v 2.59907603 31.50000000 673.00061035
v 2.59907603 31.50000000 669.50061035
v 2.59907603 31.50000000 669.50061035
v 2.67061496 31.36862946 669.50061035
v 2.59907603 31.50000000 673.00061035
v 2.67061496 31.36862946 673.00061035
v 2.67061496 31.36862946 673.00061035
v 2.73551798 31.23386002 669.50061035
v 2.73551798 31.23386002 673.00061035
v 2.67061496 31.36862946 669.50061035
v 2.73551798 31.23386002 673.00061035
v 2.79362106 31.09601974 669.50061035
v 2.79362106 31.09601974 673.00061035
v 2.73551798 31.23386002 669.50061035
v 2.79362106 31.09601974 673.00061035
v 2.84478211 30.95545959 669.50061035
v 2.84478211 30.95545959 673.00061035
v 2.79362106 31.09601974 669.50061035
v 2.84478211 30.95545959 673.00061035
v 2.88887310 30.81251907 669.50061035
v 2.88887310 30.81251907 673.00061035
v 2.84478211 30.95545959 669.50061035
v 2.88887310 30.81251907 673.00061035
v 2.92578411 30.66756058 669.50061035
v 2.92578411 30.66756058 673.00061035
v 2.92578411 30.66756058 673.00061035
v 2.92578411 30.66756058 669.50061035
v 2.95542312 30.52095032 673.00061035
v 2.88887310 30.81251907 669.50061035
v 2.95542312 30.52095032 669.50061035
v 2.95542312 30.52095032 673.00061035
v 2.97771811 30.37302971 669.50061035
v 2.97771811 30.37302971 673.00061035
v 2.95542312 30.52095032 669.50061035
v 2.97771811 30.37302971 673.00061035
v 2.99261093 30.22418976 669.50061035
v 2.99261093 30.22418976 673.00061035
v 2.97771811 30.37302971 669.50061035
v 2.99261093 30.22418976 673.00061035
v 3.00006700 30.07478905 669.50061035
v 3.00006700 30.07478905 673.00061035
v 3.00006700 30.07478905 673.00061035
v 3.00006700 30.07478905 669.50061035
v 3.00006700 29.92521095 673.00061035
v 2.99261093 30.22418976 669.50061035
v 3.00006700 29.92521095 669.50061035
v 3.00006700 29.92521095 673.00061035
v 2.99261093 29.77581024 669.50061035
v 2.99261093 29.77581024 673.00061035
v 2.99261093 29.77581024 673.00061035
v 2.99261093 29.77581024 669.50061035
v 2.97771811 29.62697029 673.00061035
v 3.00006700 29.92521095 669.50061035
v 2.97771811 29.62697029 669.50061035
v 2.97771811 29.62697029 673.00061035
v 2.95542312 29.47905922 669.50061035
v 2.95542312 29.47905922 673.00061035
v 2.97771811 29.62697029 669.50061035
v 2.95542312 29.47905922 673.00061035
v 2.92578411 29.33243942 669.50061035
v 2.92578411 29.33243942 673.00061035
v 2.95542312 29.47905922 669.50061035
v 2.92578411 29.33243942 669.50061035
v 2.88887310 29.18748093 669.50061035
v 2.92578411 29.33243942 673.00061035
v 2.88887310 29.18748093 673.00061035
v 2.88887310 29.18748093 669.50061035
v 2.84478211 29.04454041 669.50061035
v 2.88887310 29.18748093 673.00061035
v 2.84478211 29.04454041 673.00061035
v 2.84478211 29.04454041 669.50061035
v 2.79362106 28.90398026 669.50061035
v 2.84478211 29.04454041 673.00061035
v 2.79362106 28.90398026 673.00061035
v 2.79362106 28.90398026 669.50061035
v 2.73551798 28.76613998 669.50061035
v 2.79362106 28.90398026 673.00061035
v 2.73551798 28.76613998 673.00061035
v 2.73551798 28.76613998 669.50061035
v 2.67061496 28.63137054 669.50061035
v 2.73551798 28.76613998 673.00061035
v 2.67061496 28.63137054 673.00061035
v 2.67061496 28.63137054 673.00061035
v 2.67061496 28.63137054 669.50061035
v 2.59907603 28.50000000 673.00061035
v 2.59907603 28.50000000 669.50061035
v 2.59907603 28.50000000 669.50061035
v 2.52107811 28.37236023 669.50061035
v 2.59907603 28.50000000 673.00061035
v 2.52107811 28.37236023 673.00061035
v 2.52107811 28.37236023 669.50061035
v 2.43681407 28.24876976 669.50061035
v 2.52107811 28.37236023 673.00061035
v 2.43681407 28.24876976 673.00061035
v 2.43681407 28.24876976 669.50061035
v 2.34649396 28.12952995 669.50061035
v 2.43681407 28.24876976 673.00061035
v 2.34649396 28.12952995 673.00061035
v 2.34649396 28.12952995 669.50061035
v 2.25034404 28.01494026 669.50061035
v 2.34649396 28.12952995 673.00061035
v 2.25034404 28.01494026 673.00061035
v 2.25034404 28.01494026 669.50061035
v 2.14860106 27.90529060 669.50061035
v 2.25034404 28.01494026 673.00061035
v 2.14860106 27.90529060 673.00061035
v 2.14860106 27.90529060 669.50061035
v 2.04151797 27.80084038 669.50061035
v 2.14860106 27.90529060 673.00061035
v 2.04151797 27.80084038 673.00061035
v 2.04151797 27.80084038 669.50061035
v 1.92936301 27.70186043 669.50061035
v 2.04151797 27.80084038 673.00061035
v 1.92936301 27.70186043 673.00061035
v 1.92936301 27.70186043 673.00061035
v 1.92936301 27.70186043 669.50061035
v 1.81241298 27.60860062 673.00061035
v 1.81241298 27.60860062 669.50061035
v 1.81241298 27.60860062 669.50061035
v 1.69096005 27.52128029 669.50061035
v 1.81241298 27.60860062 673.00061035
v 1.69096005 27.52128029 673.00061035
v 1.69096005 27.52128029 669.50061035
v 1.56530595 27.44013023 669.50061035
v 1.69096005 27.52128029 673.00061035
v 1.56530595 27.44013023 673.00061035
v 1.56530595 27.44013023 669.50061035
v 1.43576205 27.36533928 669.50061035
v 1.56530595 27.44013023 673.00061035
v 1.43576205 27.36533928 673.00061035
v 1.43576205 27.36533928 673.00061035
v 1.43576205 27.36533928 669.50061035
v 1.30265105 27.29709053 673.00061035
v 1.30265105 27.29709053 669.50061035
v 1.30265105 27.29709053 669.50061035
v 1.16630399 27.23557091 669.50061035
v 1.30265105 27.29709053 673.00061035
v 1.16630399 27.23557091 673.00061035
v 1.16630399 27.23557091 669.50061035
v 1.02706003 27.18091965 669.50061035
v 1.16630399 27.23557091 673.00061035
v 1.02706003 27.18091965 673.00061035
v 1.02706003 27.18091965 673.00061035
v 1.02706003 27.18091965 669.50061035
v 0.88526553 27.13327980 673.00061035
v 0.88526553 27.13327980 669.50061035
v 0.88526553 27.13327980 673.00061035
v 0.74127221 27.09276962 669.50061035
v 0.74127221 27.09276962 673.00061035
v 0.88526553 27.13327980 669.50061035
v 0.74127221 27.09276962 673.00061035
v 0.74127221 27.09276962 669.50061035
v 0.59543842 27.05948067 673.00061035
v 0.59543842 27.05948067 669.50061035
v 0.59543842 27.05948067 673.00061035
v 0.44812679 27.03351021 669.50061035
v 0.44812679 27.03351021 673.00061035
v 0.59543842 27.05948067 669.50061035
v 0.44812679 27.03351021 673.00061035
v 0.29970351 27.01490974 669.50061035
v 0.29970351 27.01490974 673.00061035
v 0.44812679 27.03351021 669.50061035
v 0.29970351 27.01490974 669.50061035
v 0.15053760 27.00373077 669.50061035
v 0.29970351 27.01490974 673.00061035
v 0.15053760 27.00373077 673.00061035
v 0.15053760 27.00373077 673.00061035
v 0.15053760 27.00373077 669.50061035
v 0.00099999 27.00000000 673.00061035
v 0.00099999 27.00000000 669.50061035
v 0.00099999 27.00000000 673.00061035
v 0.00099999 27.00000000 669.50061035
v -0.14853761 27.00373077 673.00061035
v -0.14853761 27.00373077 669.50061035
v -0.14853761 27.00373077 673.00061035
v -0.14853761 27.00373077 669.50061035
v -0.29770350 27.01490974 673.00061035
v -0.29770350 27.01490974 669.50061035
v -0.29770350 27.01490974 669.50061035
v -0.44612679 27.03351021 669.50061035
v -0.29770350 27.01490974 673.00061035
v -0.44612679 27.03351021 673.00061035
v -0.44612679 27.03351021 673.00061035
v -0.44612679 27.03351021 669.50061035
v -0.59343851 27.05948067 673.00061035
v -0.59343851 27.05948067 669.50061035
v -0.59343851 27.05948067 669.50061035
v -0.73927218 27.09276962 669.50061035
v -0.59343851 27.05948067 673.00061035
v -0.73927218 27.09276962 673.00061035
v -0.73927218 27.09276962 669.50061035
v -0.88326550 27.13327980 669.50061035
v -0.73927218 27.09276962 673.00061035
v -0.88326550 27.13327980 673.00061035
v -0.88326550 27.13327980 669.50061035
v -1.02506006 27.18091965 669.50061035
v -0.88326550 27.13327980 673.00061035
v -1.02506006 27.18091965 673.00061035
v -1.02506006 27.18091965 673.00061035
v -1.02506006 27.18091965 669.50061035
v -1.16430402 27.23557091 673.00061035
v -1.16430402 27.23557091 669.50061035
v -1.16430402 27.23557091 669.50061035
v -1.30065095 27.29709053 669.50061035
v -1.16430402 27.23557091 673.00061035
v -1.30065095 27.29709053 673.00061035
v -1.30065095 27.29709053 669.50061035
v -1.43376195 27.36533928 669.50061035
v -1.30065095 27.29709053 673.00061035
v -1.43376195 27.36533928 673.00061035
v -1.43376195 27.36533928 673.00061035
v -1.56330597 27.44013023 669.50061035
v -1.56330597 27.44013023 673.00061035
v -1.43376195 27.36533928 669.50061035
v -1.56330597 27.44013023 673.00061035
v -1.68895996 27.52128029 669.50061035
v -1.68895996 27.52128029 673.00061035
v -1.56330597 27.44013023 669.50061035
v -1.68895996 27.52128029 673.00061035
v -1.81041300 27.60860062 669.50061035
v -1.81041300 27.60860062 673.00061035
v -1.81041300 27.60860062 673.00061035
v -1.81041300 27.60860062 669.50061035
v -1.92736304 27.70186043 673.00061035
v -1.68895996 27.52128029 669.50061035
v -1.92736304 27.70186043 669.50061035
v -1.92736304 27.70186043 673.00061035
v -2.03951812 27.80084038 669.50061035
v -2.03951812 27.80084038 673.00061035
v -1.92736304 27.70186043 669.50061035
v -2.03951812 27.80084038 673.00061035
v -2.14660001 27.90529060 669.50061035
v -2.14660001 27.90529060 673.00061035
v -2.03951812 27.80084038 669.50061035
v -2.14660001 27.90529060 673.00061035
v -2.24834394 28.01494026 669.50061035
v -2.24834394 28.01494026 673.00061035
v -2.14660001 27.90529060 669.50061035
v -2.24834394 28.01494026 673.00061035
v -2.34449410 28.12952995 669.50061035
v -2.34449410 28.12952995 673.00061035
v -2.24834394 28.01494026 669.50061035
v -2.34449410 28.12952995 673.00061035
v -2.43481398 28.24876976 669.50061035
v -2.43481398 28.24876976 673.00061035
v -2.43481398 28.24876976 673.00061035
v -2.43481398 28.24876976 669.50061035
v -2.51907802 28.37236023 673.00061035
v -2.34449410 28.12952995 669.50061035
v -2.51907802 28.37236023 669.50061035
v -2.51907802 28.37236023 673.00061035
v -2.59707594 28.50000000 669.50061035
v -2.59707594 28.50000000 673.00061035
v -2.51907802 28.37236023 669.50061035
v -2.59707594 28.50000000 673.00061035
v -2.66861510 28.63137054 669.50061035
v -2.66861510 28.63137054 673.00061035
v -2.59707594 28.50000000 669.50061035
v -2.66861510 28.63137054 673.00061035
v -2.73351789 28.76613998 669.50061035
v -2.73351789 28.76613998 673.00061035
v -2.66861510 28.63137054 669.50061035
v -2.73351789 28.76613998 673.00061035
v -2.79162097 28.90398026 669.50061035
v -2.79162097 28.90398026 673.00061035
v -2.79162097 28.90398026 673.00061035
v -2.79162097 28.90398026 669.50061035
v -2.84278202 29.04454041 673.00061035
v -2.73351789 28.76613998 669.50061035
v -2.84278202 29.04454041 669.50061035
v -2.84278202 29.04454041 669.50061035
v -2.88687301 29.18748093 669.50061035
v -2.84278202 29.04454041 673.00061035
v -2.88687301 29.18748093 673.00061035
v -2.88687301 29.18748093 669.50061035
v -2.92378402 29.33243942 669.50061035
v -2.88687301 29.18748093 673.00061035
v -2.92378402 29.33243942 673.00061035
v -2.92378402 29.33243942 669.50061035
v -2.95342302 29.47905922 669.50061035
v -2.92378402 29.33243942 673.00061035
v -2.95342302 29.47905922 673.00061035
v -2.95342302 29.47905922 673.00061035
v -2.95342302 29.47905922 669.50061035
v -2.97571707 29.62697029 673.00061035
v -2.97571707 29.62697029 669.50061035
v -2.97571707 29.62697029 673.00061035
v -2.99061108 29.77581024 669.50061035
v -2.99061108 29.77581024 673.00061035
v -2.97571707 29.62697029 669.50061035
v -2.99061108 29.77581024 673.00061035
v -2.99806809 29.92521095 669.50061035
v -2.99806809 29.92521095 673.00061035
v -2.99806809 29.92521095 673.00061035
v -2.99806809 29.92521095 669.50061035
v -2.99806809 30.07478905 673.00061035
v -2.99061108 29.77581024 669.50061035
v -2.99806809 30.07478905 669.50061035
v -2.99806809 30.07478905 673.00061035
v -2.99061108 30.22418976 669.50061035
v -2.99061108 30.22418976 673.00061035
v -2.99061108 30.22418976 673.00061035
v -2.99061108 30.22418976 669.50061035
v -2.97571707 30.37302971 673.00061035
v -2.99806809 30.07478905 669.50061035
v -2.97571707 30.37302971 669.50061035
v -2.97571707 30.37302971 673.00061035
v -2.95342302 30.52095032 669.50061035
v -2.95342302 30.52095032 673.00061035
v -2.95342302 30.52095032 673.00061035
v -2.95342302 30.52095032 669.50061035
v -2.92378402 30.66756058 673.00061035
v -2.97571707 30.37302971 669.50061035
v -2.92378402 30.66756058 669.50061035
v -2.92378402 30.66756058 673.00061035
v -2.88687301 30.81251907 669.50061035
v -2.88687301 30.81251907 673.00061035
v -2.92378402 30.66756058 669.50061035
v -2.88687301 30.81251907 673.00061035
v -2.84278202 30.95545959 669.50061035
v -2.84278202 30.95545959 673.00061035
v -2.88687301 30.81251907 669.50061035
v -2.84278202 30.95545959 673.00061035
v -2.79162097 31.09601974 669.50061035
v -2.79162097 31.09601974 673.00061035
v -2.84278202 30.95545959 669.50061035
v -2.79162097 31.09601974 673.00061035
v -2.73351789 31.23386002 669.50061035
v -2.73351789 31.23386002 673.00061035
v -2.79162097 31.09601974 669.50061035
v -2.73351789 31.23386002 673.00061035
v -2.66861510 31.36862946 669.50061035
v -2.66861510 31.36862946 673.00061035
v -2.73351789 31.23386002 669.50061035
v -2.66861510 31.36862946 673.00061035
v -2.59707594 31.50000000 669.50061035
v -2.59707594 31.50000000 673.00061035
v -2.66861510 31.36862946 669.50061035
v -2.59707594 31.50000000 673.00061035
v -2.51907802 31.62763977 669.50061035
v -2.51907802 31.62763977 673.00061035
v -2.59707594 31.50000000 669.50061035
v -2.51907802 31.62763977 673.00061035
v -2.43481398 31.75123024 669.50061035
v -2.43481398 31.75123024 673.00061035
v -2.51907802 31.62763977 669.50061035
v -2.43481398 31.75123024 673.00061035
v -2.34449410 31.87047005 669.50061035
v -2.34449410 31.87047005 673.00061035
v -2.43481398 31.75123024 669.50061035
v -2.34449410 31.87047005 673.00061035
v -2.24834394 31.98505974 669.50061035
v -2.24834394 31.98505974 673.00061035
v -2.34449410 31.87047005 669.50061035
v -2.24834394 31.98505974 673.00061035
v -2.14660001 32.09471130 669.50061035
v -2.14660001 32.09471130 673.00061035
v -2.24834394 31.98505974 669.50061035
v -2.14660001 32.09471130 673.00061035
v -2.03951812 32.19915009 669.50061035
v -2.03951812 32.19915009 673.00061035
v -2.14660001 32.09471130 669.50061035
v -2.03951812 32.19915009 673.00061035
v -1.92736304 32.29813004 669.50061035
v -1.92736304 32.29813004 673.00061035
v -2.03951812 32.19915009 669.50061035
v -1.92736304 32.29813004 669.50061035
v -1.81041300 32.39139938 669.50061035
v -1.92736304 32.29813004 673.00061035
v -1.81041300 32.39139938 673.00061035
v -1.81041300 32.39139938 669.50061035
v -1.68895996 32.47872162 669.50061035
v -1.81041300 32.39139938 673.00061035
v -1.68895996 32.47872162 673.00061035
v -1.68895996 32.47872162 669.50061035
v -1.56330597 32.55987167 669.50061035
v -1.68895996 32.47872162 673.00061035
v -1.56330597 32.55987167 673.00061035
v -1.56330597 32.55987167 669.50061035
v -1.43376195 32.63467026 669.50061035
v -1.56330597 32.55987167 673.00061035
v -1.43376195 32.63467026 673.00061035
v -1.43376195 32.63467026 673.00061035
v -1.43376195 32.63467026 669.50061035
v -1.30065095 32.70291138 673.00061035
v -1.30065095 32.70291138 669.50061035
v -1.30065095 32.70291138 669.50061035
v -1.16430402 32.76443100 669.50061035
v -1.30065095 32.70291138 673.00061035
v -1.16430402 32.76443100 673.00061035
v -1.16430402 32.76443100 669.50061035
v -1.02506006 32.81908035 669.50061035
v -1.16430402 32.76443100 673.00061035
v -1.02506006 32.81908035 673.00061035
v -1.02506006 32.81908035 669.50061035
v -0.88326550 32.86671829 669.50061035
v -1.02506006 32.81908035 673.00061035
v -0.88326550 32.86671829 673.00061035
v -0.88326550 32.86671829 669.50061035
v -0.73927218 32.90723038 669.50061035
v -0.88326550 32.86671829 673.00061035
v -0.73927218 32.90723038 673.00061035
v -0.73927218 32.90723038 673.00061035
v -0.73927218 32.90723038 669.50061035
v -0.59343851 32.94052124 673.00061035
v -0.59343851 32.94052124 669.50061035
v -0.59343851 32.94052124 669.50061035
v -0.44612679 32.96649170 669.50061035
v -0.59343851 32.94052124 673.00061035
v -0.44612679 32.96649170 673.00061035
v -0.44612679 32.96649170 669.50061035
v -0.29770350 32.98508835 669.50061035
v -0.44612679 32.96649170 673.00061035
v -0.29770350 32.98508835 673.00061035
v -0.29770350 32.98508835 669.50061035
v -0.14853761 32.99626923 669.50061035
v -0.29770350 32.98508835 673.00061035
v -0.14853761 32.99626923 673.00061035
v -0.14853761 32.99626923 673.00061035
v -0.14853761 32.99626923 669.50061035
v 0.00099999 33.00000000 673.00061035
v 0.00099999 33.00000000 669.50061035
v 0.00099999 13.00000000 669.50061035
v 0.15053760 12.99627018 669.50061035
v 0.00099999 13.00000000 673.00061035
v 0.15053760 12.99627018 673.00061035
v 0.15053760 12.99627018 673.00061035
v 0.29970351 12.98509026 669.50061035
v 0.29970351 12.98509026 673.00061035
v 0.15053760 12.99627018 669.50061035
v 0.29970351 12.98509026 673.00061035
v 0.44812679 12.96648979 669.50061035
v 0.44812679 12.96648979 673.00061035
v 0.29970351 12.98509026 669.50061035
v 0.44812679 12.96648979 673.00061035
v 0.59543842 12.94052029 669.50061035
v 0.59543842 12.94052029 673.00061035
v 0.44812679 12.96648979 669.50061035
v 0.59543842 12.94052029 673.00061035
v 0.74127221 12.90723038 669.50061035
v 0.74127221 12.90723038 673.00061035
v 0.59543842 12.94052029 669.50061035
v 0.74127221 12.90723038 673.00061035
v 0.88526553 12.86672020 669.50061035
v 0.88526553 12.86672020 673.00061035
v 0.74127221 12.90723038 669.50061035
v 0.88526553 12.86672020 673.00061035
v 1.02706003 12.81908035 669.50061035
v 1.02706003 12.81908035 673.00061035
v 0.88526553 12.86672020 669.50061035
v 1.02706003 12.81908035 673.00061035
v 1.16630399 12.76443005 669.50061035
v 1.16630399 12.76443005 673.00061035
v 1.02706003 12.81908035 669.50061035
v 1.16630399 12.76443005 673.00061035
v 1.30265105 12.70291042 669.50061035
v 1.30265105 12.70291042 673.00061035
v 1.30265105 12.70291042 673.00061035
v 1.30265105 12.70291042 669.50061035
v 1.43576205 12.63465977 673.00061035
v 1.16630399 12.76443005 669.50061035
v 1.43576205 12.63465977 673.00061035
v 1.43576205 12.63465977 669.50061035
v 1.56530595 12.55986977 673.00061035
v 1.43576205 12.63465977 669.50061035
v 1.56530595 12.55986977 669.50061035
v 1.56530595 12.55986977 669.50061035
v 1.69096005 12.47871971 669.50061035
v 1.56530595 12.55986977 673.00061035
v 1.69096005 12.47871971 673.00061035
v 1.69096005 12.47871971 673.00061035
v 1.69096005 12.47871971 669.50061035
v 1.81241298 12.39140034 673.00061035
v 1.81241298 12.39140034 669.50061035
v 1.81241298 12.39140034 669.50061035
v 1.92936301 12.29813004 669.50061035
v 1.81241298 12.39140034 673.00061035
v 1.92936301 12.29813004 673.00061035
v 1.92936301 12.29813004 673.00061035
v 1.92936301 12.29813004 669.50061035
v 2.04151797 12.19915009 673.00061035
v 2.04151797 12.19915009 669.50061035
v 2.04151797 12.19915009 669.50061035
v 2.14860106 12.09471035 669.50061035
v 2.04151797 12.19915009 673.00061035
v 2.14860106 12.09471035 673.00061035
v 2.14860106 12.09471035 669.50061035
v 2.25034404 11.98505974 669.50061035
v 2.14860106 12.09471035 673.00061035
v 2.25034404 11.98505974 673.00061035
v 2.25034404 11.98505974 669.50061035
v 2.34649396 11.87047005 669.50061035
v 2.25034404 11.98505974 673.00061035
v 2.34649396 11.87047005 673.00061035
v 2.34649396 11.87047005 669.50061035
v 2.43681407 11.75123024 669.50061035
v 2.34649396 11.87047005 673.00061035
v 2.43681407 11.75123024 673.00061035
v 2.43681407 11.75123024 673.00061035
v 2.43681407 11.75123024 669.50061035
v 2.52107811 11.62763977 673.00061035
v 2.52107811 11.62763977 669.50061035
v 2.52107811 11.62763977 673.00061035
v 2.52107811 11.62763977 669.50061035
v 2.59907603 11.50000000 673.00061035
v 2.59907603 11.50000000 669.50061035
v 2.59907603 11.50000000 669.50061035
v 2.67061496 11.36863041 669.50061035
v 2.59907603 11.50000000 673.00061035
v 2.67061496 11.36863041 673.00061035
v 2.67061496 11.36863041 673.00061035
v 2.73551798 11.23386002 669.50061035
v 2.73551798 11.23386002 673.00061035
v 2.67061496 11.36863041 669.50061035
v 2.73551798 11.23386002 673.00061035
v 2.79362106 11.09601974 669.50061035
v 2.79362106 11.09601974 673.00061035
v 2.73551798 11.23386002 669.50061035
v 2.79362106 11.09601974 673.00061035
v 2.84478211 10.95545959 669.50061035
v 2.84478211 10.95545959 673.00061035
v 2.79362106 11.09601974 669.50061035
v 2.84478211 10.95545959 673.00061035
v 2.88887310 10.81252003 669.50061035
v 2.88887310 10.81252003 673.00061035
v 2.84478211 10.95545959 669.50061035
v 2.88887310 10.81252003 673.00061035
v 2.92578411 10.66755962 669.50061035
v 2.92578411 10.66755962 673.00061035
v 2.92578411 10.66755962 673.00061035
v 2.92578411 10.66755962 669.50061035
v 2.95542312 10.52093983 673.00061035
v 2.88887310 10.81252003 669.50061035
v 2.95542312 10.52093983 669.50061035
v 2.95542312 10.52093983 673.00061035
v 2.97771811 10.37302971 669.50061035
v 2.97771811 10.37302971 673.00061035
v 2.95542312 10.52093983 669.50061035
v 2.97771811 10.37302971 673.00061035
v 2.99261093 10.22418976 669.50061035
v 2.99261093 10.22418976 673.00061035
v 2.97771811 10.37302971 669.50061035
v 2.99261093 10.22418976 673.00061035
v 3.00006700 10.07479000 669.50061035
v 3.00006700 10.07479000 673.00061035
v 3.00006700 10.07479000 673.00061035
v 3.00006700 10.07479000 669.50061035
v 3.00006700 9.92520905 673.00061035
v 2.99261093 10.22418976 669.50061035
v 3.00006700 9.92520905 669.50061035
v 3.00006700 9.92520905 673.00061035
v 2.99261093 9.77581024 669.50061035
v 2.99261093 9.77581024 673.00061035
v 2.99261093 9.77581024 673.00061035
v 2.99261093 9.77581024 669.50061035
v 2.97771811 9.62697029 673.00061035
v 3.00006700 9.92520905 669.50061035
v 2.97771811 9.62697029 669.50061035
v 2.97771811 9.62697029 673.00061035
v 2.95542312 9.47905636 669.50061035
v 2.95542312 9.47905636 673.00061035
v 2.97771811 9.62697029 669.50061035
v 2.95542312 9.47905636 673.00061035
v 2.92578411 9.33243847 669.50061035
v 2.92578411 9.33243847 673.00061035
v 2.95542312 9.47905636 669.50061035
v 2.92578411 9.33243847 669.50061035
v 2.88887310 9.18747902 669.50061035
v 2.92578411 9.33243847 673.00061035
v 2.88887310 9.18747902 673.00061035
v 2.88887310 9.18747902 669.50061035
v 2.84478211 9.04454136 669.50061035
v 2.88887310 9.18747902 673.00061035
v 2.84478211 9.04454136 673.00061035
v 2.84478211 9.04454136 669.50061035
v 2.79362106 8.90397835 669.50061035
v 2.84478211 9.04454136 673.00061035
v 2.79362106 8.90397835 673.00061035
v 2.79362106 8.90397835 669.50061035
v 2.73551798 8.76613903 669.50061035
v 2.79362106 8.90397835 673.00061035
v 2.73551798 8.76613903 673.00061035
v 2.73551798 8.76613903 669.50061035
v 2.67061496 8.63136768 669.50061035
v 2.73551798 8.76613903 673.00061035
v 2.67061496 8.63136768 673.00061035
v 2.67061496 8.63136768 673.00061035
v 2.67061496 8.63136768 669.50061035
v 2.59907603 8.50000000 673.00061035
v 2.59907603 8.50000000 669.50061035
v 2.59907603 8.50000000 669.50061035
v 2.52107811 8.37236214 669.50061035
v 2.59907603 8.50000000 673.00061035
v 2.52107811 8.37236214 673.00061035
v 2.52107811 8.37236214 669.50061035
v 2.43681407 8.24876881 669.50061035
v 2.52107811 8.37236214 673.00061035
v 2.43681407 8.24876881 673.00061035
v 2.43681407 8.24876881 669.50061035
v 2.34649396 8.12953091 669.50061035
v 2.43681407 8.24876881 673.00061035
v 2.34649396 8.12953091 673.00061035
v 2.34649396 8.12953091 669.50061035
v 2.25034404 8.01494312 669.50061035
v 2.34649396 8.12953091 673.00061035
v 2.25034404 8.01494312 673.00061035
v 2.25034404 8.01494312 669.50061035
v 2.14860106 7.90529013 669.50061035
v 2.25034404 8.01494312 673.00061035
v 2.14860106 7.90529013 673.00061035
v 2.14860106 7.90529013 669.50061035
v 2.04151797 7.80084419 669.50061035
v 2.14860106 7.90529013 673.00061035
v 2.04151797 7.80084419 673.00061035
v 2.04151797 7.80084419 669.50061035
v 1.92936301 7.70186710 669.50061035
v 2.04151797 7.80084419 673.00061035
v 1.92936301 7.70186710 673.00061035
v 1.92936301 7.70186710 673.00061035
v 1.92936301 7.70186710 669.50061035
v 1.81241298 7.60860205 673.00061035
v 1.81241298 7.60860205 669.50061035
v 1.81241298 7.60860205 669.50061035
v 1.69096005 7.52128410 669.50061035
v 1.81241298 7.60860205 673.00061035
v 1.69096005 7.52128410 673.00061035
v 1.69096005 7.52128410 669.50061035
v 1.56530595 7.44012690 669.50061035
v 1.69096005 7.52128410 673.00061035
v 1.56530595 7.44012690 673.00061035
v 1.56530595 7.44012690 669.50061035
v 1.43576205 7.36533499 669.50061035
v 1.56530595 7.44012690 673.00061035
v 1.43576205 7.36533499 673.00061035
v 1.43576205 7.36533499 673.00061035
v 1.43576205 7.36533499 669.50061035
v 1.30265105 7.29709291 673.00061035
v 1.30265105 7.29709291 669.50061035
v 1.30265105 7.29709291 669.50061035
v 1.16630399 7.23557091 669.50061035
v 1.30265105 7.29709291 673.00061035
v 1.16630399 7.23557091 673.00061035
v 1.16630399 7.23557091 669.50061035
v 1.02706003 7.18092203 669.50061035
v 1.16630399 7.23557091 673.00061035
v 1.02706003 7.18092203 673.00061035
v 1.02706003 7.18092203 673.00061035
v 1.02706003 7.18092203 669.50061035
v 0.88526553 7.13328218 673.00061035
v 0.88526553 7.13328218 669.50061035
v 0.88526553 7.13328218 673.00061035
v 0.74127221 7.09276819 669.50061035
v 0.74127221 7.09276819 673.00061035
v 0.88526553 7.13328218 669.50061035
v 0.74127221 7.09276819 673.00061035
v 0.74127221 7.09276819 669.50061035
v 0.59543842 7.05948305 673.00061035
v 0.59543842 7.05948305 669.50061035
v 0.59543842 7.05948305 673.00061035
v 0.44812679 7.03350687 669.50061035
v 0.44812679 7.03350687 673.00061035
v 0.59543842 7.05948305 669.50061035
v 0.44812679 7.03350687 673.00061035
v 0.29970351 7.01490784 669.50061035
v 0.29970351 7.01490784 673.00061035
v 0.44812679 7.03350687 669.50061035
v 0.29970351 7.01490784 669.50061035
v 0.15053760 7.00372887 669.50061035
v 0.29970351 7.01490784 673.00061035
v 0.15053760 7.00372887 673.00061035
v 0.15053760 7.00372887 673.00061035
v 0.15053760 7.00372887 669.50061035
v 0.00099999 7.00000000 673.00061035
v 0.00099999 7.00000000 669.50061035
v 0.00099999 7.00000000 673.00061035
v 0.00099999 7.00000000 669.50061035
v -0.14853761 7.00372887 673.00061035
v -0.14853761 7.00372887 669.50061035
v -0.14853761 7.00372887 673.00061035
v -0.14853761 7.00372887 669.50061035
v -0.29770350 7.01490784 673.00061035
v -0.29770350 7.01490784 669.50061035
v -0.29770350 7.01490784 669.50061035
v -0.44612679 7.03350687 669.50061035
v -0.29770350 7.01490784 673.00061035
v -0.44612679 7.03350687 673.00061035
v -0.44612679 7.03350687 673.00061035
v -0.44612679 7.03350687 669.50061035
v -0.59343851 7.05948305 673.00061035
v -0.59343851 7.05948305 669.50061035
v -0.59343851 7.05948305 669.50061035
v -0.73927218 7.09276819 669.50061035
v -0.59343851 7.05948305 673.00061035
v -0.73927218 7.09276819 673.00061035
v -0.73927218 7.09276819 669.50061035
v -0.88326550 7.13328218 669.50061035
v -0.73927218 7.09276819 673.00061035
v -0.88326550 7.13328218 673.00061035
v -0.88326550 7.13328218 669.50061035
v -1.02506006 7.18092203 669.50061035
v -0.88326550 7.13328218 673.00061035
v -1.02506006 7.18092203 673.00061035
v -1.02506006 7.18092203 673.00061035
v -1.02506006 7.18092203 669.50061035
v -1.16430402 7.23557091 673.00061035
v -1.16430402 7.23557091 669.50061035
v -1.16430402 7.23557091 669.50061035
v -1.30065095 7.29709291 669.50061035
v -1.16430402 7.23557091 673.00061035
v -1.30065095 7.29709291 673.00061035
v -1.30065095 7.29709291 669.50061035
v -1.43376195 7.36533499 669.50061035
v -1.30065095 7.29709291 673.00061035
v -1.43376195 7.36533499 673.00061035
v -1.43376195 7.36533499 673.00061035
v -1.56330597 7.44012690 669.50061035
v -1.56330597 7.44012690 673.00061035
v -1.43376195 7.36533499 669.50061035
v -1.56330597 7.44012690 673.00061035
v -1.68895996 7.52128410 669.50061035
v -1.68895996 7.52128410 673.00061035
v -1.56330597 7.44012690 669.50061035
v -1.68895996 7.52128410 673.00061035
v -1.81041300 7.60860205 669.50061035
v -1.81041300 7.60860205 673.00061035
v -1.81041300 7.60860205 673.00061035
v -1.81041300 7.60860205 669.50061035
v -1.92736304 7.70186710 673.00061035
v -1.68895996 7.52128410 669.50061035
v -1.92736304 7.70186710 669.50061035
v -1.92736304 7.70186710 673.00061035
v -2.03951812 7.80084419 669.50061035
v -2.03951812 7.80084419 673.00061035
v -1.92736304 7.70186710 669.50061035
v -2.03951812 7.80084419 673.00061035
v -2.14660001 7.90529013 669.50061035
v -2.14660001 7.90529013 673.00061035
v -2.03951812 7.80084419 669.50061035
v -2.14660001 7.90529013 673.00061035
v -2.24834394 8.01494312 669.50061035
v -2.24834394 8.01494312 673.00061035
v -2.14660001 7.90529013 669.50061035
v -2.24834394 8.01494312 673.00061035
v -2.34449410 8.12953091 669.50061035
v -2.34449410 8.12953091 673.00061035
v -2.24834394 8.01494312 669.50061035
v -2.34449410 8.12953091 673.00061035
v -2.43481398 8.24876881 669.50061035
v -2.43481398 8.24876881 673.00061035
v -2.43481398 8.24876881 673.00061035
v -2.43481398 8.24876881 669.50061035
v -2.51907802 8.37236214 673.00061035
v -2.34449410 8.12953091 669.50061035
v -2.51907802 8.37236214 669.50061035
v -2.51907802 8.37236214 673.00061035
v -2.59707594 8.50000000 669.50061035
v -2.59707594 8.50000000 673.00061035
v -2.51907802 8.37236214 669.50061035
v -2.59707594 8.50000000 673.00061035
v -2.66861510 8.63136768 669.50061035
v -2.66861510 8.63136768 673.00061035
v -2.59707594 8.50000000 669.50061035
v -2.66861510 8.63136768 673.00061035
v -2.73351789 8.76613903 669.50061035
v -2.73351789 8.76613903 673.00061035
v -2.66861510 8.63136768 669.50061035
v -2.73351789 8.76613903 673.00061035
v -2.79162097 8.90397835 669.50061035
v -2.79162097 8.90397835 673.00061035
v -2.79162097 8.90397835 673.00061035
v -2.79162097 8.90397835 669.50061035
v -2.84278202 9.04454136 673.00061035
v -2.73351789 8.76613903 669.50061035
v -2.84278202 9.04454136 669.50061035
v -2.84278202 9.04454136 669.50061035
v -2.88687301 9.18747902 669.50061035
v -2.84278202 9.04454136 673.00061035
v -2.88687301 9.18747902 673.00061035
v -2.88687301 9.18747902 669.50061035
v -2.92378402 9.33243847 669.50061035
v -2.88687301 9.18747902 673.00061035
v -2.92378402 9.33243847 673.00061035
v -2.92378402 9.33243847 669.50061035
v -2.95342302 9.47905636 669.50061035
v -2.92378402 9.33243847 673.00061035
v -2.95342302 9.47905636 673.00061035
v -2.95342302 9.47905636 673.00061035
v -2.95342302 9.47905636 669.50061035
v -2.97571707 9.62697029 673.00061035
v -2.97571707 9.62697029 669.50061035
v -2.97571707 9.62697029 673.00061035
v -2.99061108 9.77581024 669.50061035
v -2.99061108 9.77581024 673.00061035
v -2.97571707 9.62697029 669.50061035
v -2.99061108 9.77581024 673.00061035
v -2.99806809 9.92520905 669.50061035
v -2.99806809 9.92520905 673.00061035
v -2.99806809 9.92520905 673.00061035
v -2.99806809 9.92520905 669.50061035
v -2.99806809 10.07479000 673.00061035
v -2.99061108 9.77581024 669.50061035
v -2.99806809 10.07479000 669.50061035
v -2.99806809 10.07479000 673.00061035
v -2.99061108 10.22418976 669.50061035
v -2.99061108 10.22418976 673.00061035
v -2.99061108 10.22418976 673.00061035
v -2.99061108 10.22418976 669.50061035
v -2.97571707 10.37302971 673.00061035
v -2.99806809 10.07479000 669.50061035
v -2.97571707 10.37302971 669.50061035
v -2.97571707 10.37302971 673.00061035
v -2.95342302 10.52093983 669.50061035
v -2.95342302 10.52093983 673.00061035
v -2.95342302 10.52093983 673.00061035
v -2.95342302 10.52093983 669.50061035
v -2.92378402 10.66755962 673.00061035
v -2.97571707 10.37302971 669.50061035
v -2.92378402 10.66755962 669.50061035
v -2.92378402 10.66755962 673.00061035
v -2.88687301 10.81252003 669.50061035
v -2.88687301 10.81252003 673.00061035
v -2.92378402 10.66755962 669.50061035
v -2.88687301 10.81252003 673.00061035
v -2.84278202 10.95545959 669.50061035
v -2.84278202 10.95545959 673.00061035
v -2.88687301 10.81252003 669.50061035
v -2.84278202 10.95545959 673.00061035
v -2.79162097 11.09601974 669.50061035
v -2.79162097 11.09601974 673.00061035
v -2.84278202 10.95545959 669.50061035
v -2.79162097 11.09601974 673.00061035
v -2.73351789 11.23386002 669.50061035
v -2.73351789 11.23386002 673.00061035
v -2.79162097 11.09601974 669.50061035
v -2.73351789 11.23386002 673.00061035
v -2.66861510 11.36863041 669.50061035
v -2.66861510 11.36863041 673.00061035
v -2.73351789 11.23386002 669.50061035
v -2.66861510 11.36863041 673.00061035
v -2.59707594 11.50000000 669.50061035
v -2.59707594 11.50000000 673.00061035
v -2.66861510 11.36863041 669.50061035
v -2.59707594 11.50000000 673.00061035
v -2.51907802 11.62763977 669.50061035
v -2.51907802 11.62763977 673.00061035
v -2.59707594 11.50000000 669.50061035
v -2.51907802 11.62763977 673.00061035
v -2.43481398 11.75123024 669.50061035
v -2.43481398 11.75123024 673.00061035
v -2.51907802 11.62763977 669.50061035
v -2.43481398 11.75123024 673.00061035
v -2.34449410 11.87047005 669.50061035
v -2.34449410 11.87047005 673.00061035
v -2.43481398 11.75123024 669.50061035
v -2.34449410 11.87047005 673.00061035
v -2.24834394 11.98505974 669.50061035
v -2.24834394 11.98505974 673.00061035
v -2.34449410 11.87047005 669.50061035
v -2.24834394 11.98505974 673.00061035
v -2.14660001 12.09471035 669.50061035
v -2.14660001 12.09471035 673.00061035
v -2.24834394 11.98505974 669.50061035
v -2.14660001 12.09471035 673.00061035
v -2.03951812 12.19915009 669.50061035
v -2.03951812 12.19915009 673.00061035
v -2.14660001 12.09471035 669.50061035
v -2.03951812 12.19915009 673.00061035
v -1.92736304 12.29813004 669.50061035
v -1.92736304 12.29813004 673.00061035
v -2.03951812 12.19915009 669.50061035
v -1.92736304 12.29813004 669.50061035
v -1.81041300 12.39140034 669.50061035
v -1.92736304 12.29813004 673.00061035
v -1.81041300 12.39140034 673.00061035
v -1.81041300 12.39140034 669.50061035
v -1.68895996 12.47871971 669.50061035
v -1.81041300 12.39140034 673.00061035
v -1.68895996 12.47871971 673.00061035
v -1.68895996 12.47871971 669.50061035
v -1.56330597 12.55986977 669.50061035
v -1.68895996 12.47871971 673.00061035
v -1.56330597 12.55986977 673.00061035
v -1.56330597 12.55986977 669.50061035
v -1.43376195 12.63465977 669.50061035
v -1.56330597 12.55986977 673.00061035
v -1.43376195 12.63465977 673.00061035
v -1.43376195 12.63465977 673.00061035
v -1.43376195 12.63465977 669.50061035
v -1.30065095 12.70291042 673.00061035
v -1.30065095 12.70291042 669.50061035
v -1.30065095 12.70291042 669.50061035
v -1.16430402 12.76443005 669.50061035
v -1.30065095 12.70291042 673.00061035
v -1.16430402 12.76443005 673.00061035
v -1.16430402 12.76443005 669.50061035
v -1.02506006 12.81908035 669.50061035
v -1.16430402 12.76443005 673.00061035
v -1.02506006 12.81908035 673.00061035
v -1.02506006 12.81908035 669.50061035
v -0.88326550 12.86672020 669.50061035
v -1.02506006 12.81908035 673.00061035
v -0.88326550 12.86672020 673.00061035
v -0.88326550 12.86672020 669.50061035
v -0.73927218 12.90723038 669.50061035
v -0.88326550 12.86672020 673.00061035
v -0.73927218 12.90723038 673.00061035
v -0.73927218 12.90723038 673.00061035
v -0.73927218 12.90723038 669.50061035
v -0.59343851 12.94052029 673.00061035
v -0.59343851 12.94052029 669.50061035
v -0.59343851 12.94052029 669.50061035
v -0.44612679 12.96648979 669.50061035
v -0.59343851 12.94052029 673.00061035
v -0.44612679 12.96648979 673.00061035
v -0.44612679 12.96648979 669.50061035
v -0.29770350 12.98509026 669.50061035
v -0.44612679 12.96648979 673.00061035
v -0.29770350 12.98509026 673.00061035
v -0.29770350 12.98509026 669.50061035
v -0.14853761 12.99627018 669.50061035
v -0.29770350 12.98509026 673.00061035
v -0.14853761 12.99627018 673.00061035
v -0.14853761 12.99627018 673.00061035
v -0.14853761 12.99627018 669.50061035
v 0.00099999 13.00000000 673.00061035
v 0.00099999 13.00000000 669.50061035
v 0.00099999 -7.00000000 669.50061035
v 0.15053760 -7.00372887 669.50061035
v 0.00099999 -7.00000000 673.00061035
v 0.15053760 -7.00372887 673.00061035
v 0.15053760 -7.00372887 673.00061035
v 0.29970351 -7.01490784 669.50061035
v 0.29970351 -7.01490784 673.00061035
v 0.15053760 -7.00372887 669.50061035
v 0.29970351 -7.01490784 673.00061035
v 0.44812679 -7.03350687 669.50061035
v 0.44812679 -7.03350687 673.00061035
v 0.29970351 -7.01490784 669.50061035
v 0.44812679 -7.03350687 673.00061035
v 0.59543842 -7.05948305 669.50061035
v 0.59543842 -7.05948305 673.00061035
v 0.44812679 -7.03350687 669.50061035
v 0.59543842 -7.05948305 673.00061035
v 0.74127221 -7.09276819 669.50061035
v 0.74127221 -7.09276819 673.00061035
v 0.59543842 -7.05948305 669.50061035
v 0.74127221 -7.09276819 673.00061035
v 0.88526553 -7.13328218 669.50061035
v 0.88526553 -7.13328218 673.00061035
v 0.74127221 -7.09276819 669.50061035
v 0.88526553 -7.13328218 673.00061035
v 1.02706003 -7.18092203 669.50061035
v 1.02706003 -7.18092203 673.00061035
v 0.88526553 -7.13328218 669.50061035
v 1.02706003 -7.18092203 673.00061035
v 1.16630399 -7.23557091 669.50061035
v 1.16630399 -7.23557091 673.00061035
v 1.02706003 -7.18092203 669.50061035
v 1.16630399 -7.23557091 673.00061035
v 1.30265105 -7.29709291 669.50061035
v 1.30265105 -7.29709291 673.00061035
v 1.30265105 -7.29709291 673.00061035
v 1.30265105 -7.29709291 669.50061035
v 1.43576205 -7.36533499 673.00061035
v 1.16630399 -7.23557091 669.50061035
v 1.43576205 -7.36533499 673.00061035
v 1.43576205 -7.36533499 669.50061035
v 1.56530595 -7.44012690 673.00061035
v 1.43576205 -7.36533499 669.50061035
v 1.56530595 -7.44012690 669.50061035
v 1.56530595 -7.44012690 669.50061035
v 1.69096005 -7.52128410 669.50061035
v 1.56530595 -7.44012690 673.00061035
v 1.69096005 -7.52128410 673.00061035
v 1.69096005 -7.52128410 673.00061035
v 1.69096005 -7.52128410 669.50061035
v 1.81241298 -7.60860205 673.00061035
v 1.81241298 -7.60860205 669.50061035
v 1.81241298 -7.60860205 669.50061035
v 1.92936301 -7.70186710 669.50061035
v 1.81241298 -7.60860205 673.00061035
v 1.92936301 -7.70186710 673.00061035
v 1.92936301 -7.70186710 673.00061035
v 1.92936301 -7.70186710 669.50061035
v 2.04151797 -7.80084419 673.00061035
v 2.04151797 -7.80084419 669.50061035
v 2.04151797 -7.80084419 669.50061035
v 2.14860106 -7.90529013 669.50061035
v 2.04151797 -7.80084419 673.00061035
v 2.14860106 -7.90529013 673.00061035
v 2.14860106 -7.90529013 669.50061035
v 2.25034404 -8.01494312 669.50061035
v 2.14860106 -7.90529013 673.00061035
v 2.25034404 -8.01494312 673.00061035
v 2.25034404 -8.01494312 669.50061035
v 2.34649396 -8.12953091 669.50061035
v 2.25034404 -8.01494312 673.00061035
v 2.34649396 -8.12953091 673.00061035
v 2.34649396 -8.12953091 669.50061035
v 2.43681407 -8.24876881 669.50061035
v 2.34649396 -8.12953091 673.00061035
v 2.43681407 -8.24876881 673.00061035
v 2.43681407 -8.24876881 673.00061035
v 2.43681407 -8.24876881 669.50061035
v 2.52107811 -8.37236214 673.00061035
v 2.52107811 -8.37236214 669.50061035
v 2.52107811 -8.37236214 673.00061035
v 2.52107811 -8.37236214 669.50061035
v 2.59907603 -8.50000000 673.00061035
v 2.59907603 -8.50000000 669.50061035
v 2.59907603 -8.50000000 669.50061035
v 2.67061496 -8.63136768 669.50061035
v 2.59907603 -8.50000000 673.00061035
v 2.67061496 -8.63136768 673.00061035
v 2.67061496 -8.63136768 673.00061035
v 2.73551798 -8.76613903 669.50061035
v 2.73551798 -8.76613903 673.00061035
v 2.67061496 -8.63136768 669.50061035
v 2.73551798 -8.76613903 673.00061035
v 2.79362106 -8.90397835 669.50061035
v 2.79362106 -8.90397835 673.00061035
v 2.73551798 -8.76613903 669.50061035
v 2.79362106 -8.90397835 673.00061035
v 2.84478211 -9.04454136 669.50061035
v 2.84478211 -9.04454136 673.00061035
v 2.79362106 -8.90397835 669.50061035
v 2.84478211 -9.04454136 673.00061035
v 2.88887310 -9.18747902 669.50061035
v 2.88887310 -9.18747902 673.00061035
v 2.84478211 -9.04454136 669.50061035
v 2.88887310 -9.18747902 673.00061035
v 2.92578411 -9.33243847 669.50061035
v 2.92578411 -9.33243847 673.00061035
v 2.92578411 -9.33243847 673.00061035
v 2.92578411 -9.33243847 669.50061035
v 2.95542312 -9.47905636 673.00061035
v 2.88887310 -9.18747902 669.50061035
v 2.95542312 -9.47905636 669.50061035
v 2.95542312 -9.47905636 673.00061035
v 2.97771811 -9.62697029 669.50061035
v 2.97771811 -9.62697029 673.00061035
v 2.95542312 -9.47905636 669.50061035
v 2.97771811 -9.62697029 673.00061035
v 2.99261093 -9.77581024 669.50061035
v 2.99261093 -9.77581024 673.00061035
v 2.97771811 -9.62697029 669.50061035
v 2.99261093 -9.77581024 673.00061035
v 3.00006700 -9.92520905 669.50061035
v 3.00006700 -9.92520905 673.00061035
v 3.00006700 -9.92520905 673.00061035
v 3.00006700 -9.92520905 669.50061035
v 3.00006700 -10.07479000 673.00061035
v 2.99261093 -9.77581024 669.50061035
v 3.00006700 -10.07479000 669.50061035
v 3.00006700 -10.07479000 673.00061035
v 2.99261093 -10.22418976 669.50061035
v 2.99261093 -10.22418976 673.00061035
v 2.99261093 -10.22418976 673.00061035
v 2.99261093 -10.22418976 669.50061035
v 2.97771811 -10.37302971 673.00061035
v 3.00006700 -10.07479000 669.50061035
v 2.97771811 -10.37302971 669.50061035
v 2.97771811 -10.37302971 673.00061035
v 2.95542312 -10.52093983 669.50061035
v 2.95542312 -10.52093983 673.00061035
v 2.97771811 -10.37302971 669.50061035
v 2.95542312 -10.52093983 673.00061035
v 2.92578411 -10.66755962 669.50061035
v 2.92578411 -10.66755962 673.00061035
v 2.95542312 -10.52093983 669.50061035
v 2.92578411 -10.66755962 669.50061035
v 2.88887310 -10.81252003 669.50061035
v 2.92578411 -10.66755962 673.00061035
v 2.88887310 -10.81252003 673.00061035
v 2.88887310 -10.81252003 669.50061035
v 2.84478211 -10.95545959 669.50061035
v 2.88887310 -10.81252003 673.00061035
v 2.84478211 -10.95545959 673.00061035
v 2.84478211 -10.95545959 669.50061035
v 2.79362106 -11.09601974 669.50061035
v 2.84478211 -10.95545959 673.00061035
v 2.79362106 -11.09601974 673.00061035
v 2.79362106 -11.09601974 669.50061035
v 2.73551798 -11.23386002 669.50061035
v 2.79362106 -11.09601974 673.00061035
v 2.73551798 -11.23386002 673.00061035
v 2.73551798 -11.23386002 669.50061035
v 2.67061496 -11.36863041 669.50061035
v 2.73551798 -11.23386002 673.00061035
v 2.67061496 -11.36863041 673.00061035
v 2.67061496 -11.36863041 673.00061035
v 2.67061496 -11.36863041 669.50061035
v 2.59907603 -11.50000000 673.00061035
v 2.59907603 -11.50000000 669.50061035
v 2.59907603 -11.50000000 669.50061035
v 2.52107811 -11.62763977 669.50061035
v 2.59907603 -11.50000000 673.00061035
v 2.52107811 -11.62763977 673.00061035
v 2.52107811 -11.62763977 669.50061035
v 2.43681407 -11.75123024 669.50061035
v 2.52107811 -11.62763977 673.00061035
v 2.43681407 -11.75123024 673.00061035
v 2.43681407 -11.75123024 669.50061035
v 2.34649396 -11.87047005 669.50061035
v 2.43681407 -11.75123024 673.00061035
v 2.34649396 -11.87047005 673.00061035
v 2.34649396 -11.87047005 669.50061035
v 2.25034404 -11.98505974 669.50061035
v 2.34649396 -11.87047005 673.00061035
v 2.25034404 -11.98505974 673.00061035
v 2.25034404 -11.98505974 669.50061035
v 2.14860106 -12.09471035 669.50061035
v 2.25034404 -11.98505974 673.00061035
v 2.14860106 -12.09471035 673.00061035
v 2.14860106 -12.09471035 669.50061035
v 2.04151797 -12.19915009 669.50061035
v 2.14860106 -12.09471035 673.00061035
v 2.04151797 -12.19915009 673.00061035
v 2.04151797 -12.19915009 669.50061035
v 1.92936301 -12.29813004 669.50061035
v 2.04151797 -12.19915009 673.00061035
v 1.92936301 -12.29813004 673.00061035
v 1.92936301 -12.29813004 673.00061035
v 1.92936301 -12.29813004 669.50061035
v 1.81241298 -12.39140034 673.00061035
v 1.81241298 -12.39140034 669.50061035
v 1.81241298 -12.39140034 669.50061035
v 1.69096005 -12.47871971 669.50061035
v 1.81241298 -12.39140034 673.00061035
v 1.69096005 -12.47871971 673.00061035
v 1.69096005 -12.47871971 669.50061035
v 1.56530595 -12.55986977 669.50061035
v 1.69096005 -12.47871971 673.00061035
v 1.56530595 -12.55986977 673.00061035
v 1.56530595 -12.55986977 669.50061035
v 1.43576205 -12.63465977 669.50061035
v 1.56530595 -12.55986977 673.00061035
v 1.43576205 -12.63465977 673.00061035
v 1.43576205 -12.63465977 673.00061035
v 1.43576205 -12.63465977 669.50061035
v 1.30265105 -12.70291042 673.00061035
v 1.30265105 -12.70291042 669.50061035
v 1.30265105 -12.70291042 669.50061035
v 1.16630399 -12.76443005 669.50061035
v 1.30265105 -12.70291042 673.00061035
v 1.16630399 -12.76443005 673.00061035
v 1.16630399 -12.76443005 669.50061035
v 1.02706003 -12.81908035 669.50061035
v 1.16630399 -12.76443005 673.00061035
v 1.02706003 -12.81908035 673.00061035
v 1.02706003 -12.81908035 673.00061035
v 1.02706003 -12.81908035 669.50061035
v 0.88526553 -12.86672020 673.00061035
v 0.88526553 -12.86672020 669.50061035
v 0.88526553 -12.86672020 673.00061035
v 0.74127221 -12.90723038 669.50061035
v 0.74127221 -12.90723038 673.00061035
v 0.88526553 -12.86672020 669.50061035
v 0.74127221 -12.90723038 673.00061035
v 0.74127221 -12.90723038 669.50061035
v 0.59543842 -12.94052029 673.00061035
v 0.59543842 -12.94052029 669.50061035
v 0.59543842 -12.94052029 673.00061035
v 0.44812679 -12.96648979 669.50061035
v 0.44812679 -12.96648979 673.00061035
v 0.59543842 -12.94052029 669.50061035
v 0.44812679 -12.96648979 673.00061035
v 0.29970351 -12.98509026 669.50061035
v 0.29970351 -12.98509026 673.00061035
v 0.44812679 -12.96648979 669.50061035
v 0.29970351 -12.98509026 669.50061035
v 0.15053760 -12.99627018 669.50061035
v 0.29970351 -12.98509026 673.00061035
v 0.15053760 -12.99627018 673.00061035
v 0.15053760 -12.99627018 673.00061035
v 0.15053760 -12.99627018 669.50061035
v 0.00099999 -13.00000000 673.00061035
v 0.00099999 -13.00000000 669.50061035
v 0.00099999 -13.00000000 673.00061035
v 0.00099999 -13.00000000 669.50061035
v -0.14853761 -12.99627018 673.00061035
v -0.14853761 -12.99627018 669.50061035
v -0.14853761 -12.99627018 673.00061035
v -0.14853761 -12.99627018 669.50061035
v -0.29770350 -12.98509026 673.00061035
v -0.29770350 -12.98509026 669.50061035
v -0.29770350 -12.98509026 669.50061035
v -0.44612679 -12.96648979 669.50061035
v -0.29770350 -12.98509026 673.00061035
v -0.44612679 -12.96648979 673.00061035
v -0.44612679 -12.96648979 673.00061035
v -0.44612679 -12.96648979 669.50061035
v -0.59343851 -12.94052029 673.00061035
v -0.59343851 -12.94052029 669.50061035
v -0.59343851 -12.94052029 669.50061035
v -0.73927218 -12.90723038 669.50061035
v -0.59343851 -12.94052029 673.00061035
v -0.73927218 -12.90723038 673.00061035
v -0.73927218 -12.90723038 669.50061035
v -0.88326550 -12.86672020 669.50061035
v -0.73927218 -12.90723038 673.00061035
v -0.88326550 -12.86672020 673.00061035
v -0.88326550 -12.86672020 669.50061035
v -1.02506006 -12.81908035 669.50061035
v -0.88326550 -12.86672020 673.00061035
v -1.02506006 -12.81908035 673.00061035
v -1.02506006 -12.81908035 673.00061035
v -1.02506006 -12.81908035 669.50061035
v -1.16430402 -12.76443005 673.00061035
v -1.16430402 -12.76443005 669.50061035
v -1.16430402 -12.76443005 669.50061035
v -1.30065095 -12.70291042 669.50061035
v -1.16430402 -12.76443005 673.00061035
v -1.30065095 -12.70291042 673.00061035
v -1.30065095 -12.70291042 669.50061035
v -1.43376195 -12.63465977 669.50061035
v -1.30065095 -12.70291042 673.00061035
v -1.43376195 -12.63465977 673.00061035
v -1.43376195 -12.63465977 673.00061035
v -1.56330597 -12.55986977 669.50061035
v -1.56330597 -12.55986977 673.00061035
v -1.43376195 -12.63465977 669.50061035
v -1.56330597 -12.55986977 673.00061035
v -1.68895996 -12.47871971 669.50061035
v -1.68895996 -12.47871971 673.00061035
v -1.56330597 -12.55986977 669.50061035
v -1.68895996 -12.47871971 673.00061035
v -1.81041300 -12.39140034 669.50061035
v -1.81041300 -12.39140034 673.00061035
v -1.81041300 -12.39140034 673.00061035
v -1.81041300 -12.39140034 669.50061035
v -1.92736304 -12.29813004 673.00061035
v -1.68895996 -12.47871971 669.50061035
v -1.92736304 -12.29813004 669.50061035
v -1.92736304 -12.29813004 673.00061035
v -2.03951812 -12.19915009 669.50061035
v -2.03951812 -12.19915009 673.00061035
v -1.92736304 -12.29813004 669.50061035
v -2.03951812 -12.19915009 673.00061035
v -2.14660001 -12.09471035 669.50061035
v -2.14660001 -12.09471035 673.00061035
v -2.03951812 -12.19915009 669.50061035
v -2.14660001 -12.09471035 673.00061035
v -2.24834394 -11.98505974 669.50061035
v -2.24834394 -11.98505974 673.00061035
v -2.14660001 -12.09471035 669.50061035
v -2.24834394 -11.98505974 673.00061035
v -2.34449410 -11.87047005 669.50061035
v -2.34449410 -11.87047005 673.00061035
v -2.24834394 -11.98505974 669.50061035
v -2.34449410 -11.87047005 673.00061035
v -2.43481398 -11.75123024 669.50061035
v -2.43481398 -11.75123024 673.00061035
v -2.43481398 -11.75123024 673.00061035
v -2.43481398 -11.75123024 669.50061035
v -2.51907802 -11.62763977 673.00061035
v -2.34449410 -11.87047005 669.50061035
v -2.51907802 -11.62763977 669.50061035
v -2.51907802 -11.62763977 673.00061035
v -2.59707594 -11.50000000 669.50061035
v -2.59707594 -11.50000000 673.00061035
v -2.51907802 -11.62763977 669.50061035
v -2.59707594 -11.50000000 673.00061035
v -2.66861510 -11.36863041 669.50061035
v -2.66861510 -11.36863041 673.00061035
v -2.59707594 -11.50000000 669.50061035
v -2.66861510 -11.36863041 673.00061035
v -2.73351789 -11.23386002 669.50061035
v -2.73351789 -11.23386002 673.00061035
v -2.66861510 -11.36863041 669.50061035
v -2.73351789 -11.23386002 673.00061035
v -2.79162097 -11.09601974 669.50061035
v -2.79162097 -11.09601974 673.00061035
v -2.79162097 -11.09601974 673.00061035
v -2.79162097 -11.09601974 669.50061035
v -2.84278202 -10.95545959 673.00061035
v -2.73351789 -11.23386002 669.50061035
v -2.84278202 -10.95545959 669.50061035
v -2.84278202 -10.95545959 669.50061035
v -2.88687301 -10.81252003 669.50061035
v -2.84278202 -10.95545959 673.00061035
v -2.88687301 -10.81252003 673.00061035
v -2.88687301 -10.81252003 669.50061035
v -2.92378402 -10.66755962 669.50061035
v -2.88687301 -10.81252003 673.00061035
v -2.92378402 -10.66755962 673.00061035
v -2.92378402 -10.66755962 669.50061035
v -2.95342302 -10.52093983 669.50061035
v -2.92378402 -10.66755962 673.00061035
v -2.95342302 -10.52093983 673.00061035
v -2.95342302 -10.52093983 673.00061035
v -2.95342302 -10.52093983 669.50061035
v -2.97571707 -10.37302971 673.00061035
v -2.97571707 -10.37302971 669.50061035
v -2.97571707 -10.37302971 673.00061035
v -2.99061108 -10.22418976 669.50061035
v -2.99061108 -10.22418976 673.00061035
v -2.97571707 -10.37302971 669.50061035
v -2.99061108 -10.22418976 673.00061035
v -2.99806809 -10.07479000 669.50061035
v -2.99806809 -10.07479000 673.00061035
v -2.99806809 -10.07479000 673.00061035
v -2.99806809 -10.07479000 669.50061035
v -2.99806809 -9.92520905 673.00061035
v -2.99061108 -10.22418976 669.50061035
v -2.99806809 -9.92520905 669.50061035
v -2.99806809 -9.92520905 673.00061035
v -2.99061108 -9.77581024 669.50061035
v -2.99061108 -9.77581024 673.00061035
v -2.99061108 -9.77581024 673.00061035
v -2.99061108 -9.77581024 669.50061035
v -2.97571707 -9.62697029 673.00061035
v -2.99806809 -9.92520905 669.50061035
v -2.97571707 -9.62697029 669.50061035
v -2.97571707 -9.62697029 673.00061035
v -2.95342302 -9.47905636 669.50061035
v -2.95342302 -9.47905636 673.00061035
v -2.95342302 -9.47905636 673.00061035
v -2.95342302 -9.47905636 669.50061035
v -2.92378402 -9.33243847 673.00061035
v -2.97571707 -9.62697029 669.50061035
v -2.92378402 -9.33243847 669.50061035
v -2.92378402 -9.33243847 673.00061035
v -2.88687301 -9.18747902 669.50061035
v -2.88687301 -9.18747902 673.00061035
v -2.92378402 -9.33243847 669.50061035
v -2.88687301 -9.18747902 673.00061035
v -2.84278202 -9.04454136 669.50061035
v -2.84278202 -9.04454136 673.00061035
v -2.88687301 -9.18747902 669.50061035
v -2.84278202 -9.04454136 673.00061035
v -2.79162097 -8.90397835 669.50061035
v -2.79162097 -8.90397835 673.00061035
v -2.84278202 -9.04454136 669.50061035
v -2.79162097 -8.90397835 673.00061035
v -2.73351789 -8.76613903 669.50061035
v -2.73351789 -8.76613903 673.00061035
v -2.79162097 -8.90397835 669.50061035
v -2.73351789 -8.76613903 673.00061035
v -2.66861510 -8.63136768 669.50061035
v -2.66861510 -8.63136768 673.00061035
v -2.73351789 -8.76613903 669.50061035
v -2.66861510 -8.63136768 673.00061035
v -2.59707594 -8.50000000 669.50061035
v -2.59707594 -8.50000000 673.00061035
v -2.66861510 -8.63136768 669.50061035
v -2.59707594 -8.50000000 673.00061035
v -2.51907802 -8.37236214 669.50061035
v -2.51907802 -8.37236214 673.00061035
v -2.59707594 -8.50000000 669.50061035
v -2.51907802 -8.37236214 673.00061035
v -2.43481398 -8.24876881 669.50061035
v -2.43481398 -8.24876881 673.00061035
v -2.51907802 -8.37236214 669.50061035
v -2.43481398 -8.24876881 673.00061035
v -2.34449410 -8.12953091 669.50061035
v -2.34449410 -8.12953091 673.00061035
v -2.43481398 -8.24876881 669.50061035
v -2.34449410 -8.12953091 673.00061035
v -2.24834394 -8.01494312 669.50061035
v -2.24834394 -8.01494312 673.00061035
v -2.34449410 -8.12953091 669.50061035
v -2.24834394 -8.01494312 673.00061035
v -2.14660001 -7.90529013 669.50061035
v -2.14660001 -7.90529013 673.00061035
v -2.24834394 -8.01494312 669.50061035
v -2.14660001 -7.90529013 673.00061035
v -2.03951812 -7.80084419 669.50061035
v -2.03951812 -7.80084419 673.00061035
v -2.14660001 -7.90529013 669.50061035
v -2.03951812 -7.80084419 673.00061035
v -1.92736304 -7.70186710 669.50061035
v -1.92736304 -7.70186710 673.00061035
v -2.03951812 -7.80084419 669.50061035
v -1.92736304 -7.70186710 669.50061035
v -1.81041300 -7.60860205 669.50061035
v -1.92736304 -7.70186710 673.00061035
v -1.81041300 -7.60860205 673.00061035
v -1.81041300 -7.60860205 669.50061035
v -1.68895996 -7.52128410 669.50061035
v -1.81041300 -7.60860205 673.00061035
v -1.68895996 -7.52128410 673.00061035
v -1.68895996 -7.52128410 669.50061035
v -1.56330597 -7.44012690 669.50061035
v -1.68895996 -7.52128410 673.00061035
v -1.56330597 -7.44012690 673.00061035
v -1.56330597 -7.44012690 669.50061035
v -1.43376195 -7.36533499 669.50061035
v -1.56330597 -7.44012690 673.00061035
v -1.43376195 -7.36533499 673.00061035
v -1.43376195 -7.36533499 673.00061035
v -1.43376195 -7.36533499 669.50061035
v -1.30065095 -7.29709291 673.00061035
v -1.30065095 -7.29709291 669.50061035
v -1.30065095 -7.29709291 669.50061035
v -1.16430402 -7.23557091 669.50061035
v -1.30065095 -7.29709291 673.00061035
v -1.16430402 -7.23557091 673.00061035
v -1.16430402 -7.23557091 669.50061035
v -1.02506006 -7.18092203 669.50061035
v -1.16430402 -7.23557091 673.00061035
v -1.02506006 -7.18092203 673.00061035
v -1.02506006 -7.18092203 669.50061035
v -0.88326550 -7.13328218 669.50061035
v -1.02506006 -7.18092203 673.00061035
v -0.88326550 -7.13328218 673.00061035
v -0.88326550 -7.13328218 669.50061035
v -0.73927218 -7.09276819 669.50061035
v -0.88326550 -7.13328218 673.00061035
v -0.73927218 -7.09276819 673.00061035
v -0.73927218 -7.09276819 673.00061035
v -0.73927218 -7.09276819 669.50061035
v -0.59343851 -7.05948305 673.00061035
v -0.59343851 -7.05948305 669.50061035
v -0.59343851 -7.05948305 669.50061035
v -0.44612679 -7.03350687 669.50061035
v -0.59343851 -7.05948305 673.00061035
v -0.44612679 -7.03350687 673.00061035
v -0.44612679 -7.03350687 669.50061035
v -0.29770350 -7.01490784 669.50061035
v -0.44612679 -7.03350687 673.00061035
v -0.29770350 -7.01490784 673.00061035
v -0.29770350 -7.01490784 669.50061035
v -0.14853761 -7.00372887 669.50061035
v -0.29770350 -7.01490784 673.00061035
v -0.14853761 -7.00372887 673.00061035
v -0.14853761 -7.00372887 673.00061035
v -0.14853761 -7.00372887 669.50061035
v 0.00099999 -7.00000000 673.00061035
v 0.00099999 -7.00000000 669.50061035
v 0.00099999 -27.00000000 669.50061035
v 0.15053760 -27.00373077 669.50061035
v 0.00099999 -27.00000000 673.00061035
v 0.15053760 -27.00373077 673.00061035
v 0.15053760 -27.00373077 673.00061035
v 0.29970351 -27.01490974 669.50061035
v 0.29970351 -27.01490974 673.00061035
v 0.15053760 -27.00373077 669.50061035
v 0.29970351 -27.01490974 673.00061035
v 0.44812679 -27.03351021 669.50061035
v 0.44812679 -27.03351021 673.00061035
v 0.29970351 -27.01490974 669.50061035
v 0.44812679 -27.03351021 673.00061035
v 0.59543842 -27.05948067 669.50061035
v 0.59543842 -27.05948067 673.00061035
v 0.44812679 -27.03351021 669.50061035
v 0.59543842 -27.05948067 673.00061035
v 0.74127221 -27.09276962 669.50061035
v 0.74127221 -27.09276962 673.00061035
v 0.59543842 -27.05948067 669.50061035
v 0.74127221 -27.09276962 673.00061035
v 0.88526553 -27.13327980 669.50061035
v 0.88526553 -27.13327980 673.00061035
v 0.74127221 -27.09276962 669.50061035
v 0.88526553 -27.13327980 673.00061035
v 1.02706003 -27.18091965 669.50061035
v 1.02706003 -27.18091965 673.00061035
v 0.88526553 -27.13327980 669.50061035
v 1.02706003 -27.18091965 673.00061035
v 1.16630399 -27.23557091 669.50061035
v 1.16630399 -27.23557091 673.00061035
v 1.02706003 -27.18091965 669.50061035
v 1.16630399 -27.23557091 673.00061035
v 1.30265105 -27.29709053 669.50061035
v 1.30265105 -27.29709053 673.00061035
v 1.30265105 -27.29709053 673.00061035
v 1.30265105 -27.29709053 669.50061035
v 1.43576205 -27.36533928 673.00061035
v 1.16630399 -27.23557091 669.50061035
v 1.43576205 -27.36533928 673.00061035
v 1.43576205 -27.36533928 669.50061035
v 1.56530595 -27.44013023 673.00061035
v 1.43576205 -27.36533928 669.50061035
v 1.56530595 -27.44013023 669.50061035
v 1.56530595 -27.44013023 669.50061035
v 1.69096005 -27.52128029 669.50061035
v 1.56530595 -27.44013023 673.00061035
v 1.69096005 -27.52128029 673.00061035
v 1.69096005 -27.52128029 673.00061035
v 1.69096005 -27.52128029 669.50061035
v 1.81241298 -27.60860062 673.00061035
v 1.81241298 -27.60860062 669.50061035
v 1.81241298 -27.60860062 669.50061035
v 1.92936301 -27.70186043 669.50061035
v 1.81241298 -27.60860062 673.00061035
v 1.92936301 -27.70186043 673.00061035
v 1.92936301 -27.70186043 673.00061035
v 1.92936301 -27.70186043 669.50061035
v 2.04151797 -27.80084038 673.00061035
v 2.04151797 -27.80084038 669.50061035
v 2.04151797 -27.80084038 669.50061035
v 2.14860106 -27.90529060 669.50061035
v 2.04151797 -27.80084038 673.00061035
v 2.14860106 -27.90529060 673.00061035
v 2.14860106 -27.90529060 669.50061035
v 2.25034404 -28.01494026 669.50061035
v 2.14860106 -27.90529060 673.00061035
v 2.25034404 -28.01494026 673.00061035
v 2.25034404 -28.01494026 669.50061035
v 2.34649396 -28.12952995 669.50061035
v 2.25034404 -28.01494026 673.00061035
v 2.34649396 -28.12952995 673.00061035
v 2.34649396 -28.12952995 669.50061035
v 2.43681407 -28.24876976 669.50061035
v 2.34649396 -28.12952995 673.00061035
v 2.43681407 -28.24876976 673.00061035
v 2.43681407 -28.24876976 673.00061035
v 2.43681407 -28.24876976 669.50061035
v 2.52107811 -28.37236023 673.00061035
v 2.52107811 -28.37236023 669.50061035
v 2.52107811 -28.37236023 673.00061035
v 2.52107811 -28.37236023 669.50061035
v 2.59907603 -28.50000000 673.00061035
v 2.59907603 -28.50000000 669.50061035
v 2.59907603 -28.50000000 669.50061035
v 2.67061496 -28.63137054 669.50061035
v 2.59907603 -28.50000000 673.00061035
v 2.67061496 -28.63137054 673.00061035
v 2.67061496 -28.63137054 673.00061035
v 2.73551798 -28.76613998 669.50061035
v 2.73551798 -28.76613998 673.00061035
v 2.67061496 -28.63137054 669.50061035
v 2.73551798 -28.76613998 673.00061035
v 2.79362106 -28.90398026 669.50061035
v 2.79362106 -28.90398026 673.00061035
v 2.73551798 -28.76613998 669.50061035
v 2.79362106 -28.90398026 673.00061035
v 2.84478211 -29.04454041 669.50061035
v 2.84478211 -29.04454041 673.00061035
v 2.79362106 -28.90398026 669.50061035
v 2.84478211 -29.04454041 673.00061035
v 2.88887310 -29.18748093 669.50061035
v 2.88887310 -29.18748093 673.00061035
v 2.84478211 -29.04454041 669.50061035
v 2.88887310 -29.18748093 673.00061035
v 2.92578411 -29.33243942 669.50061035
v 2.92578411 -29.33243942 673.00061035
v 2.92578411 -29.33243942 673.00061035
v 2.92578411 -29.33243942 669.50061035
v 2.95542312 -29.47905922 673.00061035
v 2.88887310 -29.18748093 669.50061035
v 2.95542312 -29.47905922 669.50061035
v 2.95542312 -29.47905922 673.00061035
v 2.97771811 -29.62697029 669.50061035
v 2.97771811 -29.62697029 673.00061035
v 2.95542312 -29.47905922 669.50061035
v 2.97771811 -29.62697029 673.00061035
v 2.99261093 -29.77581024 669.50061035
v 2.99261093 -29.77581024 673.00061035
v 2.97771811 -29.62697029 669.50061035
v 2.99261093 -29.77581024 673.00061035
v 3.00006700 -29.92521095 669.50061035
v 3.00006700 -29.92521095 673.00061035
v 3.00006700 -29.92521095 673.00061035
v 3.00006700 -29.92521095 669.50061035
v 3.00006700 -30.07478905 673.00061035
v 2.99261093 -29.77581024 669.50061035
v 3.00006700 -30.07478905 669.50061035
v 3.00006700 -30.07478905 673.00061035
v 2.99261093 -30.22418976 669.50061035
v 2.99261093 -30.22418976 673.00061035
v 2.99261093 -30.22418976 673.00061035
v 2.99261093 -30.22418976 669.50061035
v 2.97771811 -30.37302971 673.00061035
v 3.00006700 -30.07478905 669.50061035
v 2.97771811 -30.37302971 669.50061035
v 2.97771811 -30.37302971 673.00061035
v 2.95542312 -30.52095032 669.50061035
v 2.95542312 -30.52095032 673.00061035
v 2.97771811 -30.37302971 669.50061035
v 2.95542312 -30.52095032 673.00061035
v 2.92578411 -30.66756058 669.50061035
v 2.92578411 -30.66756058 673.00061035
v 2.95542312 -30.52095032 669.50061035
v 2.92578411 -30.66756058 669.50061035
v 2.88887310 -30.81251907 669.50061035
v 2.92578411 -30.66756058 673.00061035
v 2.88887310 -30.81251907 673.00061035
v 2.88887310 -30.81251907 669.50061035
v 2.84478211 -30.95545959 669.50061035
v 2.88887310 -30.81251907 673.00061035
v 2.84478211 -30.95545959 673.00061035
v 2.84478211 -30.95545959 669.50061035
v 2.79362106 -31.09601974 669.50061035
v 2.84478211 -30.95545959 673.00061035
v 2.79362106 -31.09601974 673.00061035
v 2.79362106 -31.09601974 669.50061035
v 2.73551798 -31.23386002 669.50061035
v 2.79362106 -31.09601974 673.00061035
v 2.73551798 -31.23386002 673.00061035
v 2.73551798 -31.23386002 669.50061035
v 2.67061496 -31.36862946 669.50061035
v 2.73551798 -31.23386002 673.00061035
v 2.67061496 -31.36862946 673.00061035
v 2.67061496 -31.36862946 673.00061035
v 2.67061496 -31.36862946 669.50061035
v 2.59907603 -31.50000000 673.00061035
v 2.59907603 -31.50000000 669.50061035
v 2.59907603 -31.50000000 669.50061035
v 2.52107811 -31.62763977 669.50061035
v 2.59907603 -31.50000000 673.00061035
v 2.52107811 -31.62763977 673.00061035
v 2.52107811 -31.62763977 669.50061035
v 2.43681407 -31.75123024 669.50061035
v 2.52107811 -31.62763977 673.00061035
v 2.43681407 -31.75123024 673.00061035
v 2.43681407 -31.75123024 669.50061035
v 2.34649396 -31.87047005 669.50061035
v 2.43681407 -31.75123024 673.00061035
v 2.34649396 -31.87047005 673.00061035
v 2.34649396 -31.87047005 669.50061035
v 2.25034404 -31.98505974 669.50061035
v 2.34649396 -31.87047005 673.00061035
v 2.25034404 -31.98505974 673.00061035
v 2.25034404 -31.98505974 669.50061035
v 2.14860106 -32.09471130 669.50061035
v 2.25034404 -31.98505974 673.00061035
v 2.14860106 -32.09471130 673.00061035
v 2.14860106 -32.09471130 669.50061035
v 2.04151797 -32.19915009 669.50061035
v 2.14860106 -32.09471130 673.00061035
v 2.04151797 -32.19915009 673.00061035
v 2.04151797 -32.19915009 669.50061035
v 1.92936301 -32.29813004 669.50061035
v 2.04151797 -32.19915009 673.00061035
v 1.92936301 -32.29813004 673.00061035
v 1.92936301 -32.29813004 673.00061035
v 1.92936301 -32.29813004 669.50061035
v 1.81241298 -32.39139938 673.00061035
v 1.81241298 -32.39139938 669.50061035
v 1.81241298 -32.39139938 669.50061035
v 1.69096005 -32.47872162 669.50061035
v 1.81241298 -32.39139938 673.00061035
v 1.69096005 -32.47872162 673.00061035
v 1.69096005 -32.47872162 669.50061035
v 1.56530595 -32.55987167 669.50061035
v 1.69096005 -32.47872162 673.00061035
v 1.56530595 -32.55987167 673.00061035
v 1.56530595 -32.55987167 669.50061035
v 1.43576205 -32.63467026 669.50061035
v 1.56530595 -32.55987167 673.00061035
v 1.43576205 -32.63467026 673.00061035
v 1.43576205 -32.63467026 673.00061035
v 1.43576205 -32.63467026 669.50061035
v 1.30265105 -32.70291138 673.00061035
v 1.30265105 -32.70291138 669.50061035
v 1.30265105 -32.70291138 669.50061035
v 1.16630399 -32.76443100 669.50061035
v 1.30265105 -32.70291138 673.00061035
v 1.16630399 -32.76443100 673.00061035
v 1.16630399 -32.76443100 669.50061035
v 1.02706003 -32.81908035 669.50061035
v 1.16630399 -32.76443100 673.00061035
v 1.02706003 -32.81908035 673.00061035
v 1.02706003 -32.81908035 673.00061035
v 1.02706003 -32.81908035 669.50061035
v 0.88526553 -32.86671829 673.00061035
v 0.88526553 -32.86671829 669.50061035
v 0.88526553 -32.86671829 673.00061035
v 0.74127221 -32.90723038 669.50061035
v 0.74127221 -32.90723038 673.00061035
v 0.88526553 -32.86671829 669.50061035
v 0.74127221 -32.90723038 673.00061035
v 0.74127221 -32.90723038 669.50061035
v 0.59543842 -32.94052124 673.00061035
v 0.59543842 -32.94052124 669.50061035
v 0.59543842 -32.94052124 673.00061035
v 0.44812679 -32.96649170 669.50061035
v 0.44812679 -32.96649170 673.00061035
v 0.59543842 -32.94052124 669.50061035
v 0.44812679 -32.96649170 673.00061035
v 0.29970351 -32.98508835 669.50061035
v 0.29970351 -32.98508835 673.00061035
v 0.44812679 -32.96649170 669.50061035
v 0.29970351 -32.98508835 669.50061035
v 0.15053760 -32.99626923 669.50061035
v 0.29970351 -32.98508835 673.00061035
v 0.15053760 -32.99626923 673.00061035
v 0.15053760 -32.99626923 673.00061035
v 0.15053760 -32.99626923 669.50061035
v 0.00099999 -33.00000000 673.00061035
v 0.00099999 -33.00000000 669.50061035
v 0.00099999 -33.00000000 673.00061035
v 0.00099999 -33.00000000 669.50061035
v -0.14853761 -32.99626923 673.00061035
v -0.14853761 -32.99626923 669.50061035
v -0.14853761 -32.99626923 673.00061035
v -0.14853761 -32.99626923 669.50061035
v -0.29770350 -32.98508835 673.00061035
v -0.29770350 -32.98508835 669.50061035
v -0.29770350 -32.98508835 669.50061035
v -0.44612679 -32.96649170 669.50061035
v -0.29770350 -32.98508835 673.00061035
v -0.44612679 -32.96649170 673.00061035
v -0.44612679 -32.96649170 673.00061035
v -0.44612679 -32.96649170 669.50061035
v -0.59343851 -32.94052124 673.00061035
v -0.59343851 -32.94052124 669.50061035
v -0.59343851 -32.94052124 669.50061035
v -0.73927218 -32.90723038 669.50061035
v -0.59343851 -32.94052124 673.00061035
v -0.73927218 -32.90723038 673.00061035
v -0.73927218 -32.90723038 669.50061035
v -0.88326550 -32.86671829 669.50061035
v -0.73927218 -32.90723038 673.00061035
v -0.88326550 -32.86671829 673.00061035
v -0.88326550 -32.86671829 669.50061035
v -1.02506006 -32.81908035 669.50061035
v -0.88326550 -32.86671829 673.00061035
v -1.02506006 -32.81908035 673.00061035
v -1.02506006 -32.81908035 673.00061035
v -1.02506006 -32.81908035 669.50061035
v -1.16430402 -32.76443100 673.00061035
v -1.16430402 -32.76443100 669.50061035
v -1.16430402 -32.76443100 669.50061035
v -1.30065095 -32.70291138 669.50061035
v -1.16430402 -32.76443100 673.00061035
v -1.30065095 -32.70291138 673.00061035
v -1.30065095 -32.70291138 669.50061035
v -1.43376195 -32.63467026 669.50061035
v -1.30065095 -32.70291138 673.00061035
v -1.43376195 -32.63467026 673.00061035
v -1.43376195 -32.63467026 673.00061035
v -1.56330597 -32.55987167 669.50061035
v -1.56330597 -32.55987167 673.00061035
v -1.43376195 -32.63467026 669.50061035
v -1.56330597 -32.55987167 673.00061035
v -1.68895996 -32.47872162 669.50061035
v -1.68895996 -32.47872162 673.00061035
v -1.56330597 -32.55987167 669.50061035
v -1.68895996 -32.47872162 673.00061035
v -1.81041300 -32.39139938 669.50061035
v -1.81041300 -32.39139938 673.00061035
v -1.81041300 -32.39139938 673.00061035
v -1.81041300 -32.39139938 669.50061035
v -1.92736304 -32.29813004 673.00061035
v -1.68895996 -32.47872162 669.50061035
v -1.92736304 -32.29813004 669.50061035
v -1.92736304 -32.29813004 673.00061035
v -2.03951812 -32.19915009 669.50061035
v -2.03951812 -32.19915009 673.00061035
v -1.92736304 -32.29813004 669.50061035
v -2.03951812 -32.19915009 673.00061035
v -2.14660001 -32.09471130 669.50061035
v -2.14660001 -32.09471130 673.00061035
v -2.03951812 -32.19915009 669.50061035
v -2.14660001 -32.09471130 673.00061035
v -2.24834394 -31.98505974 669.50061035
v -2.24834394 -31.98505974 673.00061035
v -2.14660001 -32.09471130 669.50061035
v -2.24834394 -31.98505974 673.00061035
v -2.34449410 -31.87047005 669.50061035
v -2.34449410 -31.87047005 673.00061035
v -2.24834394 -31.98505974 669.50061035
v -2.34449410 -31.87047005 673.00061035
v -2.43481398 -31.75123024 669.50061035
v -2.43481398 -31.75123024 673.00061035
v -2.43481398 -31.75123024 673.00061035
v -2.43481398 -31.75123024 669.50061035
v -2.51907802 -31.62763977 673.00061035
v -2.34449410 -31.87047005 669.50061035
v -2.51907802 -31.62763977 669.50061035
v -2.51907802 -31.62763977 673.00061035
v -2.59707594 -31.50000000 669.50061035
v -2.59707594 -31.50000000 673.00061035
v -2.51907802 -31.62763977 669.50061035
v -2.59707594 -31.50000000 673.00061035
v -2.66861510 -31.36862946 669.50061035
v -2.66861510 -31.36862946 673.00061035
v -2.59707594 -31.50000000 669.50061035
v -2.66861510 -31.36862946 673.00061035
v -2.73351789 -31.23386002 669.50061035
v -2.73351789 -31.23386002 673.00061035
v -2.66861510 -31.36862946 669.50061035
v -2.73351789 -31.23386002 673.00061035
v -2.79162097 -31.09601974 669.50061035
v -2.79162097 -31.09601974 673.00061035
v -2.79162097 -31.09601974 673.00061035
v -2.79162097 -31.09601974 669.50061035
v -2.84278202 -30.95545959 673.00061035
v -2.73351789 -31.23386002 669.50061035
v -2.84278202 -30.95545959 669.50061035
v -2.84278202 -30.95545959 669.50061035
v -2.88687301 -30.81251907 669.50061035
v -2.84278202 -30.95545959 673.00061035
v -2.88687301 -30.81251907 673.00061035
v -2.88687301 -30.81251907 669.50061035
v -2.92378402 -30.66756058 669.50061035
v -2.88687301 -30.81251907 673.00061035
v -2.92378402 -30.66756058 673.00061035
v -2.92378402 -30.66756058 669.50061035
v -2.95342302 -30.52095032 669.50061035
v -2.92378402 -30.66756058 673.00061035
v -2.95342302 -30.52095032 673.00061035
v -2.95342302 -30.52095032 673.00061035
v -2.95342302 -30.52095032 669.50061035
v -2.97571707 -30.37302971 673.00061035
v -2.97571707 -30.37302971 669.50061035
v -2.97571707 -30.37302971 673.00061035
v -2.99061108 -30.22418976 669.50061035
v -2.99061108 -30.22418976 673.00061035
v -2.97571707 -30.37302971 669.50061035
v -2.99061108 -30.22418976 673.00061035
v -2.99806809 -30.07478905 669.50061035
v -2.99806809 -30.07478905 673.00061035
v -2.99806809 -30.07478905 673.00061035
v -2.99806809 -30.07478905 669.50061035
v -2.99806809 -29.92521095 673.00061035
v -2.99061108 -30.22418976 669.50061035
v -2.99806809 -29.92521095 669.50061035
v -2.99806809 -29.92521095 673.00061035
v -2.99061108 -29.77581024 669.50061035
v -2.99061108 -29.77581024 673.00061035
v -2.99061108 -29.77581024 673.00061035
v -2.99061108 -29.77581024 669.50061035
v -2.97571707 -29.62697029 673.00061035
v -2.99806809 -29.92521095 669.50061035
v -2.97571707 -29.62697029 669.50061035
v -2.97571707 -29.62697029 673.00061035
v -2.95342302 -29.47905922 669.50061035
v -2.95342302 -29.47905922 673.00061035
v -2.95342302 -29.47905922 673.00061035
v -2.95342302 -29.47905922 669.50061035
v -2.92378402 -29.33243942 673.00061035
v -2.97571707 -29.62697029 669.50061035
v -2.92378402 -29.33243942 669.50061035
v -2.92378402 -29.33243942 673.00061035
v -2.88687301 -29.18748093 669.50061035
v -2.88687301 -29.18748093 673.00061035
v -2.92378402 -29.33243942 669.50061035
v -2.88687301 -29.18748093 673.00061035
v -2.84278202 -29.04454041 669.50061035
v -2.84278202 -29.04454041 673.00061035
v -2.88687301 -29.18748093 669.50061035
v -2.84278202 -29.04454041 673.00061035
v -2.79162097 -28.90398026 669.50061035
v -2.79162097 -28.90398026 673.00061035
v -2.84278202 -29.04454041 669.50061035
v -2.79162097 -28.90398026 673.00061035
v -2.73351789 -28.76613998 669.50061035
v -2.73351789 -28.76613998 673.00061035
v -2.79162097 -28.90398026 669.50061035
v -2.73351789 -28.76613998 673.00061035
v -2.66861510 -28.63137054 669.50061035
v -2.66861510 -28.63137054 673.00061035
v -2.73351789 -28.76613998 669.50061035
v -2.66861510 -28.63137054 673.00061035
v -2.59707594 -28.50000000 669.50061035
v -2.59707594 -28.50000000 673.00061035
v -2.66861510 -28.63137054 669.50061035
v -2.59707594 -28.50000000 673.00061035
v -2.51907802 -28.37236023 669.50061035
v -2.51907802 -28.37236023 673.00061035
v -2.59707594 -28.50000000 669.50061035
v -2.51907802 -28.37236023 673.00061035
v -2.43481398 -28.24876976 669.50061035
v -2.43481398 -28.24876976 673.00061035
v -2.51907802 -28.37236023 669.50061035
v -2.43481398 -28.24876976 673.00061035
v -2.34449410 -28.12952995 669.50061035
v -2.34449410 -28.12952995 673.00061035
v -2.43481398 -28.24876976 669.50061035
v -2.34449410 -28.12952995 673.00061035
v -2.24834394 -28.01494026 669.50061035
v -2.24834394 -28.01494026 673.00061035
v -2.34449410 -28.12952995 669.50061035
v -2.24834394 -28.01494026 673.00061035
v -2.14660001 -27.90529060 669.50061035
v -2.14660001 -27.90529060 673.00061035
v -2.24834394 -28.01494026 669.50061035
v -2.14660001 -27.90529060 673.00061035
v -2.03951812 -27.80084038 669.50061035
v -2.03951812 -27.80084038 673.00061035
v -2.14660001 -27.90529060 669.50061035
v -2.03951812 -27.80084038 673.00061035
v -1.92736304 -27.70186043 669.50061035
v -1.92736304 -27.70186043 673.00061035
v -2.03951812 -27.80084038 669.50061035
v -1.92736304 -27.70186043 669.50061035
v -1.81041300 -27.60860062 669.50061035
v -1.92736304 -27.70186043 673.00061035
v -1.81041300 -27.60860062 673.00061035
v -1.81041300 -27.60860062 669.50061035
v -1.68895996 -27.52128029 669.50061035
v -1.81041300 -27.60860062 673.00061035
v -1.68895996 -27.52128029 673.00061035
v -1.68895996 -27.52128029 669.50061035
v -1.56330597 -27.44013023 669.50061035
v -1.68895996 -27.52128029 673.00061035
v -1.56330597 -27.44013023 673.00061035
v -1.56330597 -27.44013023 669.50061035
v -1.43376195 -27.36533928 669.50061035
v -1.56330597 -27.44013023 673.00061035
v -1.43376195 -27.36533928 673.00061035
v -1.43376195 -27.36533928 673.00061035
v -1.43376195 -27.36533928 669.50061035
v -1.30065095 -27.29709053 673.00061035
v -1.30065095 -27.29709053 669.50061035
v -1.30065095 -27.29709053 669.50061035
v -1.16430402 -27.23557091 669.50061035
v -1.30065095 -27.29709053 673.00061035
v -1.16430402 -27.23557091 673.00061035
v -1.16430402 -27.23557091 669.50061035
v -1.02506006 -27.18091965 669.50061035
v -1.16430402 -27.23557091 673.00061035
v -1.02506006 -27.18091965 673.00061035
v -1.02506006 -27.18091965 669.50061035
v -0.88326550 -27.13327980 669.50061035
v -1.02506006 -27.18091965 673.00061035
v -0.88326550 -27.13327980 673.00061035
v -0.88326550 -27.13327980 669.50061035
v -0.73927218 -27.09276962 669.50061035
v -0.88326550 -27.13327980 673.00061035
v -0.73927218 -27.09276962 673.00061035
v -0.73927218 -27.09276962 673.00061035
v -0.73927218 -27.09276962 669.50061035
v -0.59343851 -27.05948067 673.00061035
v -0.59343851 -27.05948067 669.50061035
v -0.59343851 -27.05948067 669.50061035
v -0.44612679 -27.03351021 669.50061035
v -0.59343851 -27.05948067 673.00061035
v -0.44612679 -27.03351021 673.00061035
v -0.44612679 -27.03351021 669.50061035
v -0.29770350 -27.01490974 669.50061035
v -0.44612679 -27.03351021 673.00061035
v -0.29770350 -27.01490974 673.00061035
v -0.29770350 -27.01490974 669.50061035
v -0.14853761 -27.00373077 669.50061035
v -0.29770350 -27.01490974 673.00061035
v -0.14853761 -27.00373077 673.00061035
v -0.14853761 -27.00373077 673.00061035
v -0.14853761 -27.00373077 669.50061035
v 0.00099999 -27.00000000 673.00061035
v 0.00099999 -27.00000000 669.50061035
v 0.00099999 -47.00000000 669.50061035
v 0.15053760 -47.00373077 669.50061035
v 0.00099999 -47.00000000 673.00061035
v 0.15053760 -47.00373077 673.00061035
v 0.15053760 -47.00373077 673.00061035
v 0.29970351 -47.01491165 669.50061035
v 0.29970351 -47.01491165 673.00061035
v 0.15053760 -47.00373077 669.50061035
v 0.29970351 -47.01491165 673.00061035
v 0.44812679 -47.03350830 669.50061035
v 0.44812679 -47.03350830 673.00061035
v 0.29970351 -47.01491165 669.50061035
v 0.44812679 -47.03350830 673.00061035
v 0.59543842 -47.05947876 669.50061035
v 0.59543842 -47.05947876 673.00061035
v 0.44812679 -47.03350830 669.50061035
v 0.59543842 -47.05947876 673.00061035
v 0.74127221 -47.09276962 669.50061035
v 0.74127221 -47.09276962 673.00061035
v 0.59543842 -47.05947876 669.50061035
v 0.74127221 -47.09276962 673.00061035
v 0.88526553 -47.13328171 669.50061035
v 0.88526553 -47.13328171 673.00061035
v 0.74127221 -47.09276962 669.50061035
v 0.88526553 -47.13328171 673.00061035
v 1.02706003 -47.18091965 669.50061035
v 1.02706003 -47.18091965 673.00061035
v 0.88526553 -47.13328171 669.50061035
v 1.02706003 -47.18091965 673.00061035
v 1.16630399 -47.23556900 669.50061035
v 1.16630399 -47.23556900 673.00061035
v 1.02706003 -47.18091965 669.50061035
v 1.16630399 -47.23556900 673.00061035
v 1.30265105 -47.29708862 669.50061035
v 1.30265105 -47.29708862 673.00061035
v 1.30265105 -47.29708862 673.00061035
v 1.30265105 -47.29708862 669.50061035
v 1.43576205 -47.36532974 673.00061035
v 1.16630399 -47.23556900 669.50061035
v 1.43576205 -47.36532974 673.00061035
v 1.43576205 -47.36532974 669.50061035
v 1.56530595 -47.44012833 673.00061035
v 1.43576205 -47.36532974 669.50061035
v 1.56530595 -47.44012833 669.50061035
v 1.56530595 -47.44012833 669.50061035
v 1.69096005 -47.52127838 669.50061035
v 1.56530595 -47.44012833 673.00061035
v 1.69096005 -47.52127838 673.00061035
v 1.69096005 -47.52127838 673.00061035
v 1.69096005 -47.52127838 669.50061035
v 1.81241298 -47.60860062 673.00061035
v 1.81241298 -47.60860062 669.50061035
v 1.81241298 -47.60860062 669.50061035
v 1.92936301 -47.70185852 669.50061035
v 1.81241298 -47.60860062 673.00061035
v 1.92936301 -47.70185852 673.00061035
v 1.92936301 -47.70185852 673.00061035
v 1.92936301 -47.70185852 669.50061035
v 2.04151797 -47.80083847 673.00061035
v 2.04151797 -47.80083847 669.50061035
v 2.04151797 -47.80083847 669.50061035
v 2.14860106 -47.90528870 669.50061035
v 2.04151797 -47.80083847 673.00061035
v 2.14860106 -47.90528870 673.00061035
v 2.14860106 -47.90528870 669.50061035
v 2.25034404 -48.01493835 669.50061035
v 2.14860106 -47.90528870 673.00061035
v 2.25034404 -48.01493835 673.00061035
v 2.25034404 -48.01493835 669.50061035
v 2.34649396 -48.12953186 669.50061035
v 2.25034404 -48.01493835 673.00061035
v 2.34649396 -48.12953186 673.00061035
v 2.34649396 -48.12953186 669.50061035
v 2.43681407 -48.24876022 669.50061035
v 2.34649396 -48.12953186 673.00061035
v 2.43681407 -48.24876022 673.00061035
v 2.43681407 -48.24876022 673.00061035
v 2.43681407 -48.24876022 669.50061035
v 2.52107811 -48.37236023 673.00061035
v 2.52107811 -48.37236023 669.50061035
v 2.52107811 -48.37236023 673.00061035
v 2.52107811 -48.37236023 669.50061035
v 2.59907603 -48.50000000 673.00061035
v 2.59907603 -48.50000000 669.50061035
v 2.59907603 -48.50000000 669.50061035
v 2.67061496 -48.63137054 669.50061035
v 2.59907603 -48.50000000 673.00061035
v 2.67061496 -48.63137054 673.00061035
v 2.67061496 -48.63137054 673.00061035
v 2.73551798 -48.76613998 669.50061035
v 2.73551798 -48.76613998 673.00061035
v 2.67061496 -48.63137054 669.50061035
v 2.73551798 -48.76613998 673.00061035
v 2.79362106 -48.90398026 669.50061035
v 2.79362106 -48.90398026 673.00061035
v 2.73551798 -48.76613998 669.50061035
v 2.79362106 -48.90398026 673.00061035
v 2.84478211 -49.04454041 669.50061035
v 2.84478211 -49.04454041 673.00061035
v 2.79362106 -48.90398026 669.50061035
v 2.84478211 -49.04454041 673.00061035
v 2.88887310 -49.18748093 669.50061035
v 2.88887310 -49.18748093 673.00061035
v 2.84478211 -49.04454041 669.50061035
v 2.88887310 -49.18748093 673.00061035
v 2.92578411 -49.33243179 669.50061035
v 2.92578411 -49.33243179 673.00061035
v 2.92578411 -49.33243179 673.00061035
v 2.92578411 -49.33243179 669.50061035
v 2.95542312 -49.47904968 673.00061035
v 2.88887310 -49.18748093 669.50061035
v 2.95542312 -49.47904968 669.50061035
v 2.95542312 -49.47904968 673.00061035
v 2.97771811 -49.62696838 669.50061035
v 2.97771811 -49.62696838 673.00061035
v 2.95542312 -49.47904968 669.50061035
v 2.97771811 -49.62696838 673.00061035
v 2.99261093 -49.77581024 669.50061035
v 2.99261093 -49.77581024 673.00061035
v 2.97771811 -49.62696838 669.50061035
v 2.99261093 -49.77581024 673.00061035
v 3.00006700 -49.92520142 669.50061035
v 3.00006700 -49.92520142 673.00061035
v 3.00006700 -49.92520142 673.00061035
v 3.00006700 -49.92520142 669.50061035
v 3.00006700 -50.07479095 673.00061035
v 2.99261093 -49.77581024 669.50061035
v 3.00006700 -50.07479095 669.50061035
v 3.00006700 -50.07479095 673.00061035
v 2.99261093 -50.22418976 669.50061035
v 2.99261093 -50.22418976 673.00061035
v 2.99261093 -50.22418976 673.00061035
v 2.99261093 -50.22418976 669.50061035
v 2.97771811 -50.37303162 673.00061035
v 3.00006700 -50.07479095 669.50061035
v 2.97771811 -50.37303162 669.50061035
v 2.97771811 -50.37303162 673.00061035
v 2.95542312 -50.52093887 669.50061035
v 2.95542312 -50.52093887 673.00061035
v 2.97771811 -50.37303162 669.50061035
v 2.95542312 -50.52093887 673.00061035
v 2.92578411 -50.66756058 669.50061035
v 2.92578411 -50.66756058 673.00061035
v 2.95542312 -50.52093887 669.50061035
v 2.92578411 -50.66756058 669.50061035
v 2.88887310 -50.81251907 669.50061035
v 2.92578411 -50.66756058 673.00061035
v 2.88887310 -50.81251907 673.00061035
v 2.88887310 -50.81251907 669.50061035
v 2.84478211 -50.95545959 669.50061035
v 2.88887310 -50.81251907 673.00061035
v 2.84478211 -50.95545959 673.00061035
v 2.84478211 -50.95545959 669.50061035
v 2.79362106 -51.09601974 669.50061035
v 2.84478211 -50.95545959 673.00061035
v 2.79362106 -51.09601974 673.00061035
v 2.79362106 -51.09601974 669.50061035
v 2.73551798 -51.23386002 669.50061035
v 2.79362106 -51.09601974 673.00061035
v 2.73551798 -51.23386002 673.00061035
v 2.73551798 -51.23386002 669.50061035
v 2.67061496 -51.36862946 669.50061035
v 2.73551798 -51.23386002 673.00061035
v 2.67061496 -51.36862946 673.00061035
v 2.67061496 -51.36862946 673.00061035
v 2.67061496 -51.36862946 669.50061035
v 2.59907603 -51.50000000 673.00061035
v 2.59907603 -51.50000000 669.50061035
v 2.59907603 -51.50000000 669.50061035
v 2.52107811 -51.62762833 669.50061035
v 2.59907603 -51.50000000 673.00061035
v 2.52107811 -51.62762833 673.00061035
v 2.52107811 -51.62762833 669.50061035
v 2.43681407 -51.75122833 669.50061035
v 2.52107811 -51.62762833 673.00061035
v 2.43681407 -51.75122833 673.00061035
v 2.43681407 -51.75122833 669.50061035
v 2.34649396 -51.87046814 669.50061035
v 2.43681407 -51.75122833 673.00061035
v 2.34649396 -51.87046814 673.00061035
v 2.34649396 -51.87046814 669.50061035
v 2.25034404 -51.98506165 669.50061035
v 2.34649396 -51.87046814 673.00061035
v 2.25034404 -51.98506165 673.00061035
v 2.25034404 -51.98506165 669.50061035
v 2.14860106 -52.09471130 669.50061035
v 2.25034404 -51.98506165 673.00061035
v 2.14860106 -52.09471130 673.00061035
v 2.14860106 -52.09471130 669.50061035
v 2.04151797 -52.19916153 669.50061035
v 2.14860106 -52.09471130 673.00061035
v 2.04151797 -52.19916153 673.00061035
v 2.04151797 -52.19916153 669.50061035
v 1.92936301 -52.29813004 669.50061035
v 2.04151797 -52.19916153 673.00061035
v 1.92936301 -52.29813004 673.00061035
v 1.92936301 -52.29813004 673.00061035
v 1.92936301 -52.29813004 669.50061035
v 1.81241298 -52.39139938 673.00061035
v 1.81241298 -52.39139938 669.50061035
v 1.81241298 -52.39139938 669.50061035
v 1.69096005 -52.47872162 669.50061035
v 1.81241298 -52.39139938 673.00061035
v 1.69096005 -52.47872162 673.00061035
v 1.69096005 -52.47872162 669.50061035
v 1.56530595 -52.55987167 669.50061035
v 1.69096005 -52.47872162 673.00061035
v 1.56530595 -52.55987167 673.00061035
v 1.56530595 -52.55987167 669.50061035
v 1.43576205 -52.63467026 669.50061035
v 1.56530595 -52.55987167 673.00061035
v 1.43576205 -52.63467026 673.00061035
v 1.43576205 -52.63467026 673.00061035
v 1.43576205 -52.63467026 669.50061035
v 1.30265105 -52.70291138 673.00061035
v 1.30265105 -52.70291138 669.50061035
v 1.30265105 -52.70291138 669.50061035
v 1.16630399 -52.76443100 669.50061035
v 1.30265105 -52.70291138 673.00061035
v 1.16630399 -52.76443100 673.00061035
v 1.16630399 -52.76443100 669.50061035
v 1.02706003 -52.81908035 669.50061035
v 1.16630399 -52.76443100 673.00061035
v 1.02706003 -52.81908035 673.00061035
v 1.02706003 -52.81908035 673.00061035
v 1.02706003 -52.81908035 669.50061035
v 0.88526553 -52.86671829 673.00061035
v 0.88526553 -52.86671829 669.50061035
v 0.88526553 -52.86671829 673.00061035
v 0.74127221 -52.90723038 669.50061035
v 0.74127221 -52.90723038 673.00061035
v 0.88526553 -52.86671829 669.50061035
v 0.74127221 -52.90723038 673.00061035
v 0.74127221 -52.90723038 669.50061035
v 0.59543842 -52.94052124 673.00061035
v 0.59543842 -52.94052124 669.50061035
v 0.59543842 -52.94052124 673.00061035
v 0.44812679 -52.96649170 669.50061035
v 0.44812679 -52.96649170 673.00061035
v 0.59543842 -52.94052124 669.50061035
v 0.44812679 -52.96649170 673.00061035
v 0.29970351 -52.98508835 669.50061035
v 0.29970351 -52.98508835 673.00061035
v 0.44812679 -52.96649170 669.50061035
v 0.29970351 -52.98508835 669.50061035
v 0.15053760 -52.99626923 669.50061035
v 0.29970351 -52.98508835 673.00061035
v 0.15053760 -52.99626923 673.00061035
v 0.15053760 -52.99626923 673.00061035
v 0.15053760 -52.99626923 669.50061035
v 0.00099999 -53.00000000 673.00061035
v 0.00099999 -53.00000000 669.50061035
v 0.00099999 -53.00000000 673.00061035
v 0.00099999 -53.00000000 669.50061035
v -0.14853761 -52.99626923 673.00061035
v -0.14853761 -52.99626923 669.50061035
v -0.14853761 -52.99626923 673.00061035
v -0.14853761 -52.99626923 669.50061035
v -0.29770350 -52.98508835 673.00061035
v -0.29770350 -52.98508835 669.50061035
v -0.29770350 -52.98508835 669.50061035
v -0.44612679 -52.96649170 669.50061035
v -0.29770350 -52.98508835 673.00061035
v -0.44612679 -52.96649170 673.00061035
v -0.44612679 -52.96649170 673.00061035
v -0.44612679 -52.96649170 669.50061035
v -0.59343851 -52.94052124 673.00061035
v -0.59343851 -52.94052124 669.50061035
v -0.59343851 -52.94052124 669.50061035
v -0.73927218 -52.90723038 669.50061035
v -0.59343851 -52.94052124 673.00061035
v -0.73927218 -52.90723038 673.00061035
v -0.73927218 -52.90723038 669.50061035
v -0.88326550 -52.86671829 669.50061035
v -0.73927218 -52.90723038 673.00061035
v -0.88326550 -52.86671829 673.00061035
v -0.88326550 -52.86671829 669.50061035
v -1.02506006 -52.81908035 669.50061035
v -0.88326550 -52.86671829 673.00061035
v -1.02506006 -52.81908035 673.00061035
v -1.02506006 -52.81908035 673.00061035
v -1.02506006 -52.81908035 669.50061035
v -1.16430402 -52.76443100 673.00061035
v -1.16430402 -52.76443100 669.50061035
v -1.16430402 -52.76443100 669.50061035
v -1.30065095 -52.70291138 669.50061035
v -1.16430402 -52.76443100 673.00061035
v -1.30065095 -52.70291138 673.00061035
v -1.30065095 -52.70291138 669.50061035
v -1.43376195 -52.63467026 669.50061035
v -1.30065095 -52.70291138 673.00061035
v -1.43376195 -52.63467026 673.00061035
v -1.43376195 -52.63467026 673.00061035
v -1.56330597 -52.55987167 669.50061035
v -1.56330597 -52.55987167 673.00061035
v -1.43376195 -52.63467026 669.50061035
v -1.56330597 -52.55987167 673.00061035
v -1.68895996 -52.47872162 669.50061035
v -1.68895996 -52.47872162 673.00061035
v -1.56330597 -52.55987167 669.50061035
v -1.68895996 -52.47872162 673.00061035
v -1.81041300 -52.39139938 669.50061035
v -1.81041300 -52.39139938 673.00061035
v -1.81041300 -52.39139938 673.00061035
v -1.81041300 -52.39139938 669.50061035
v -1.92736304 -52.29813004 673.00061035
v -1.68895996 -52.47872162 669.50061035
v -1.92736304 -52.29813004 669.50061035
v -1.92736304 -52.29813004 673.00061035
v -2.03951812 -52.19916153 669.50061035
v -2.03951812 -52.19916153 673.00061035
v -1.92736304 -52.29813004 669.50061035
v -2.03951812 -52.19916153 673.00061035
v -2.14660001 -52.09471130 669.50061035
v -2.14660001 -52.09471130 673.00061035
v -2.03951812 -52.19916153 669.50061035
v -2.14660001 -52.09471130 673.00061035
v -2.24834394 -51.98506165 669.50061035
v -2.24834394 -51.98506165 673.00061035
v -2.14660001 -52.09471130 669.50061035
v -2.24834394 -51.98506165 673.00061035
v -2.34449410 -51.87046814 669.50061035
v -2.34449410 -51.87046814 673.00061035
v -2.24834394 -51.98506165 669.50061035
v -2.34449410 -51.87046814 673.00061035
v -2.43481398 -51.75122833 669.50061035
v -2.43481398 -51.75122833 673.00061035
v -2.43481398 -51.75122833 673.00061035
v -2.43481398 -51.75122833 669.50061035
v -2.51907802 -51.62762833 673.00061035
v -2.34449410 -51.87046814 669.50061035
v -2.51907802 -51.62762833 669.50061035
v -2.51907802 -51.62762833 673.00061035
v -2.59707594 -51.50000000 669.50061035
v -2.59707594 -51.50000000 673.00061035
v -2.51907802 -51.62762833 669.50061035
v -2.59707594 -51.50000000 673.00061035
v -2.66861510 -51.36862946 669.50061035
v -2.66861510 -51.36862946 673.00061035
v -2.59707594 -51.50000000 669.50061035
v -2.66861510 -51.36862946 673.00061035
v -2.73351789 -51.23386002 669.50061035
v -2.73351789 -51.23386002 673.00061035
v -2.66861510 -51.36862946 669.50061035
v -2.73351789 -51.23386002 673.00061035
v -2.79162097 -51.09601974 669.50061035
v -2.79162097 -51.09601974 673.00061035
v -2.79162097 -51.09601974 673.00061035
v -2.79162097 -51.09601974 669.50061035
v -2.84278202 -50.95545959 673.00061035
v -2.73351789 -51.23386002 669.50061035
v -2.84278202 -50.95545959 669.50061035
v -2.84278202 -50.95545959 669.50061035
v -2.88687301 -50.81251907 669.50061035
v -2.84278202 -50.95545959 673.00061035
v -2.88687301 -50.81251907 673.00061035
v -2.88687301 -50.81251907 669.50061035
v -2.92378402 -50.66756058 669.50061035
v -2.88687301 -50.81251907 673.00061035
v -2.92378402 -50.66756058 673.00061035
v -2.92378402 -50.66756058 669.50061035
v -2.95342302 -50.52093887 669.50061035
v -2.92378402 -50.66756058 673.00061035
v -2.95342302 -50.52093887 673.00061035
v -2.95342302 -50.52093887 673.00061035
v -2.95342302 -50.52093887 669.50061035
v -2.97571707 -50.37303162 673.00061035
v -2.97571707 -50.37303162 669.50061035
v -2.97571707 -50.37303162 673.00061035
v -2.99061108 -50.22418976 669.50061035
v -2.99061108 -50.22418976 673.00061035
v -2.97571707 -50.37303162 669.50061035
v -2.99061108 -50.22418976 673.00061035
v -2.99806809 -50.07479095 669.50061035
v -2.99806809 -50.07479095 673.00061035
v -2.99806809 -50.07479095 673.00061035
v -2.99806809 -50.07479095 669.50061035
v -2.99806809 -49.92520142 673.00061035
v -2.99061108 -50.22418976 669.50061035
v -2.99806809 -49.92520142 669.50061035
v -2.99806809 -49.92520142 673.00061035
v -2.99061108 -49.77581024 669.50061035
v -2.99061108 -49.77581024 673.00061035
v -2.99061108 -49.77581024 673.00061035
v -2.99061108 -49.77581024 669.50061035
v -2.97571707 -49.62696838 673.00061035
v -2.99806809 -49.92520142 669.50061035
v -2.97571707 -49.62696838 669.50061035
v -2.97571707 -49.62696838 673.00061035
v -2.95342302 -49.47904968 669.50061035
v -2.95342302 -49.47904968 673.00061035
v -2.95342302 -49.47904968 673.00061035
v -2.95342302 -49.47904968 669.50061035
v -2.92378402 -49.33243179 673.00061035
v -2.97571707 -49.62696838 669.50061035
v -2.92378402 -49.33243179 669.50061035
v -2.92378402 -49.33243179 673.00061035
v -2.88687301 -49.18748093 669.50061035
v -2.88687301 -49.18748093 673.00061035
v -2.92378402 -49.33243179 669.50061035
v -2.88687301 -49.18748093 673.00061035
v -2.84278202 -49.04454041 669.50061035
v -2.84278202 -49.04454041 673.00061035
v -2.88687301 -49.18748093 669.50061035
v -2.84278202 -49.04454041 673.00061035
v -2.79162097 -48.90398026 669.50061035
v -2.79162097 -48.90398026 673.00061035
v -2.84278202 -49.04454041 669.50061035
v -2.79162097 -48.90398026 673.00061035
v -2.73351789 -48.76613998 669.50061035
v -2.73351789 -48.76613998 673.00061035
v -2.79162097 -48.90398026 669.50061035
v -2.73351789 -48.76613998 673.00061035
v -2.66861510 -48.63137054 669.50061035
v -2.66861510 -48.63137054 673.00061035
v -2.73351789 -48.76613998 669.50061035
v -2.66861510 -48.63137054 673.00061035
v -2.59707594 -48.50000000 669.50061035
v -2.59707594 -48.50000000 673.00061035
v -2.66861510 -48.63137054 669.50061035
v -2.59707594 -48.50000000 673.00061035
v -2.51907802 -48.37236023 669.50061035
v -2.51907802 -48.37236023 673.00061035
v -2.59707594 -48.50000000 669.50061035
v -2.51907802 -48.37236023 673.00061035
v -2.43481398 -48.24876022 669.50061035
v -2.43481398 -48.24876022 673.00061035
v -2.51907802 -48.37236023 669.50061035
v -2.43481398 -48.24876022 673.00061035
v -2.34449410 -48.12953186 669.50061035
v -2.34449410 -48.12953186 673.00061035
v -2.43481398 -48.24876022 669.50061035
v -2.34449410 -48.12953186 673.00061035
v -2.24834394 -48.01493835 669.50061035
v -2.24834394 -48.01493835 673.00061035
v -2.34449410 -48.12953186 669.50061035
v -2.24834394 -48.01493835 673.00061035
v -2.14660001 -47.90528870 669.50061035
v -2.14660001 -47.90528870 673.00061035
v -2.24834394 -48.01493835 669.50061035
v -2.14660001 -47.90528870 673.00061035
v -2.03951812 -47.80083847 669.50061035
v -2.03951812 -47.80083847 673.00061035
v -2.14660001 -47.90528870 669.50061035
v -2.03951812 -47.80083847 673.00061035
v -1.92736304 -47.70185852 669.50061035
v -1.92736304 -47.70185852 673.00061035
v -2.03951812 -47.80083847 669.50061035
v -1.92736304 -47.70185852 669.50061035
v -1.81041300 -47.60860062 669.50061035
v -1.92736304 -47.70185852 673.00061035
v -1.81041300 -47.60860062 673.00061035
v -1.81041300 -47.60860062 669.50061035
v -1.68895996 -47.52127838 669.50061035
v -1.81041300 -47.60860062 673.00061035
v -1.68895996 -47.52127838 673.00061035
v -1.68895996 -47.52127838 669.50061035
v -1.56330597 -47.44012833 669.50061035
v -1.68895996 -47.52127838 673.00061035
v -1.56330597 -47.44012833 673.00061035
v -1.56330597 -47.44012833 669.50061035
v -1.43376195 -47.36532974 669.50061035
v -1.56330597 -47.44012833 673.00061035
v -1.43376195 -47.36532974 673.00061035
v -1.43376195 -47.36532974 673.00061035
v -1.43376195 -47.36532974 669.50061035
v -1.30065095 -47.29708862 673.00061035
v -1.30065095 -47.29708862 669.50061035
v -1.30065095 -47.29708862 669.50061035
v -1.16430402 -47.23556900 669.50061035
v -1.30065095 -47.29708862 673.00061035
v -1.16430402 -47.23556900 673.00061035
v -1.16430402 -47.23556900 669.50061035
v -1.02506006 -47.18091965 669.50061035
v -1.16430402 -47.23556900 673.00061035
v -1.02506006 -47.18091965 673.00061035
v -1.02506006 -47.18091965 669.50061035
v -0.88326550 -47.13328171 669.50061035
v -1.02506006 -47.18091965 673.00061035
v -0.88326550 -47.13328171 673.00061035
v -0.88326550 -47.13328171 669.50061035
v -0.73927218 -47.09276962 669.50061035
v -0.88326550 -47.13328171 673.00061035
v -0.73927218 -47.09276962 673.00061035
v -0.73927218 -47.09276962 673.00061035
v -0.73927218 -47.09276962 669.50061035
v -0.59343851 -47.05947876 673.00061035
v -0.59343851 -47.05947876 669.50061035
v -0.59343851 -47.05947876 669.50061035
v -0.44612679 -47.03350830 669.50061035
v -0.59343851 -47.05947876 673.00061035
v -0.44612679 -47.03350830 673.00061035
v -0.44612679 -47.03350830 669.50061035
v -0.29770350 -47.01491165 669.50061035
v -0.44612679 -47.03350830 673.00061035
v -0.29770350 -47.01491165 673.00061035
v -0.29770350 -47.01491165 669.50061035
v -0.14853761 -47.00373077 669.50061035
v -0.29770350 -47.01491165 673.00061035
v -0.14853761 -47.00373077 673.00061035
v -0.14853761 -47.00373077 673.00061035
v -0.14853761 -47.00373077 669.50061035
v 0.00099999 -47.00000000 673.00061035
v 0.00099999 -47.00000000 669.50061035
v 4.50099993 77.50000000 672.80047607
v 4.30100012 77.50000000 673.00061035
v 4.50099993 -77.50000000 672.80047607
v 4.30100012 -77.50000000 673.00061035
v 4.50099993 -77.50000000 670.45721436
v 4.22255087 -77.50000000 670.61791992
v 4.50099993 -77.50000000 667.80047607
v 4.17856598 -77.50000000 670.64471436
v 4.13588285 -77.50000000 670.67352295
v 4.20100021 -77.50000000 667.50061035
v 4.09459496 -77.50000000 670.70422363
v 4.05479288 -77.50000000 670.73687744
v 3.10100007 -77.50000000 671.15051270
v 4.01656389 -77.50000000 670.77142334
v 3.97999096 -77.50000000 670.80767822
v 3.94515705 -77.50000000 670.84558105
v 3.91213393 -77.50000000 670.88507080
v 3.88099790 -77.50000000 670.92620850
v 3.85181594 -77.50000000 670.96862793
v 3.82465196 -77.50000000 671.01239014
v 3.79956508 -77.50000000 671.05731201
v 3.77660990 -77.50000000 671.10339355
v 3.75583911 -77.50000000 671.15051270
v 4.50099993 -77.50000000 672.54400635
v 4.50099993 -77.50000000 672.80047607
v 4.22255087 -77.50000000 672.38317871
v 4.30100012 -77.50000000 673.00061035
v 4.01656389 -77.50000000 672.22961426
v 3.97999096 -77.50000000 672.19342041
v 4.05479288 -77.50000000 672.26422119
v 4.09459496 -77.50000000 672.29681396
v 4.13588285 -77.50000000 672.32757568
v 4.17856598 -77.50000000 672.35638428
v 3.77660990 -77.50000000 671.89770508
v 3.10100007 -77.50000000 671.85052490
v 3.75583911 -77.50000000 671.85052490
v 3.79956508 -77.50000000 671.94372559
v 3.82465196 -77.50000000 671.98870850
v 3.85181594 -77.50000000 672.03247070
v 3.88099790 -77.50000000 672.07489014
v 3.91213393 -77.50000000 672.11590576
v 3.94515705 -77.50000000 672.15551758
v -3.09899998 -77.50000000 671.15051270
v -4.19899988 -77.50000000 667.50061035
v -3.97799206 -77.50000000 670.80767822
v -4.01456404 -77.50000000 670.77142334
v -3.94315600 -77.50000000 670.84558105
v -4.05279303 -77.50000000 670.73687744
v -3.91013408 -77.50000000 670.88507080
v -4.09259510 -77.50000000 670.70422363
v -3.87899804 -77.50000000 670.92620850
v -4.13388300 -77.50000000 670.67352295
v -4.49900007 -77.50000000 667.80047607
v -3.84981608 -77.50000000 670.96862793
v -4.17656612 -77.50000000 670.64471436
v -3.82265091 -77.50000000 671.01239014
v -4.22055101 -77.50000000 670.61791992
v -3.79756498 -77.50000000 671.05731201
v -3.77461004 -77.50000000 671.10339355
v -3.75383902 -77.50000000 671.15051270
v -3.09899998 -77.50000000 671.85052490
v -4.49900007 -77.50000000 670.45721436
v -3.77461004 -77.50000000 671.89770508
v -3.75383902 -77.50000000 671.85052490
v -3.79756498 -77.50000000 671.94372559
v -3.82265091 -77.50000000 671.98870850
v -3.84981608 -77.50000000 672.03247070
v -3.87899804 -77.50000000 672.07489014
v -3.91013408 -77.50000000 672.11590576
v -3.94315600 -77.50000000 672.15551758
v -3.97799206 -77.50000000 672.19342041
v -4.22055101 -77.50000000 672.38317871
v -4.49900007 -77.50000000 672.80047607
v -4.49900007 -77.50000000 672.54400635
v -4.29899979 -77.50000000 673.00061035
v -4.17656612 -77.50000000 672.35638428
v -4.13388300 -77.50000000 672.32757568
v -4.09259510 -77.50000000 672.29681396
v -4.05279303 -77.50000000 672.26422119
v -4.01456404 -77.50000000 672.22961426
v 4.50099993 77.50000000 672.80047607
v 4.50099993 -77.50000000 672.80047607
v 4.50099993 77.50000000 672.54400635
v 4.50099993 -77.50000000 672.54400635
v 4.22255087 77.50000000 670.61791992
v 4.50099993 77.50000000 670.45721436
v 4.50099993 77.50000000 667.80047607
v 4.17856598 77.50000000 670.64471436
v 4.13588285 77.50000000 670.67352295
v 4.20100021 77.50000000 667.50061035
v 4.09459496 77.50000000 670.70422363
v 3.10100007 77.50000000 671.15051270
v 4.05479288 77.50000000 670.73687744
v 4.01656389 77.50000000 670.77142334
v 3.97999096 77.50000000 670.80767822
v 3.94515705 77.50000000 670.84558105
v 3.91213393 77.50000000 670.88507080
v 3.88099790 77.50000000 670.92620850
v 3.85181594 77.50000000 670.96862793
v 3.82465196 77.50000000 671.01239014
v 3.79956508 77.50000000 671.05731201
v 3.77660990 77.50000000 671.10339355
v 3.75583911 77.50000000 671.15051270
v 4.50099993 77.50000000 672.80047607
v 4.50099993 77.50000000 672.54400635
v 4.22255087 77.50000000 672.38317871
v 4.30100012 77.50000000 673.00061035
v 4.01656389 77.50000000 672.22961426
v 3.97999096 77.50000000 672.19342041
v 4.05479288 77.50000000 672.26422119
v 4.09459496 77.50000000 672.29681396
v 4.13588285 77.50000000 672.32757568
v 4.17856598 77.50000000 672.35638428
v 3.10100007 77.50000000 671.85052490
v 3.77660990 77.50000000 671.89770508
v 3.75583911 77.50000000 671.85052490
v 3.79956508 77.50000000 671.94372559
v 3.82465196 77.50000000 671.98870850
v 3.85181594 77.50000000 672.03247070
v 3.88099790 77.50000000 672.07489014
v 3.91213393 77.50000000 672.11590576
v 3.94515705 77.50000000 672.15551758
v -3.09899998 77.50000000 671.15051270
v -4.19899988 77.50000000 667.50061035
v -4.01456404 77.50000000 670.77142334
v -3.97799206 77.50000000 670.80767822
v -3.94315600 77.50000000 670.84558105
v -4.05279303 77.50000000 670.73687744
v -3.91013408 77.50000000 670.88507080
v -4.09259510 77.50000000 670.70422363
v -3.87899804 77.50000000 670.92620850
v -4.13388300 77.50000000 670.67352295
v -4.49900007 77.50000000 667.80047607
v -3.84981608 77.50000000 670.96862793
v -4.17656612 77.50000000 670.64471436
v -3.82265091 77.50000000 671.01239014
v -4.22055101 77.50000000 670.61791992
v -3.79756498 77.50000000 671.05731201
v -3.77461004 77.50000000 671.10339355
v -3.75383902 77.50000000 671.15051270
v -3.09899998 77.50000000 671.85052490
v -4.49900007 77.50000000 670.45721436
v -3.77461004 77.50000000 671.89770508
v -3.75383902 77.50000000 671.85052490
v -3.79756498 77.50000000 671.94372559
v -3.82265091 77.50000000 671.98870850
v -3.84981608 77.50000000 672.03247070
v -3.87899804 77.50000000 672.07489014
v -3.91013408 77.50000000 672.11590576
v -3.94315600 77.50000000 672.15551758
v -3.97799206 77.50000000 672.19342041
v -4.49900007 77.50000000 672.80047607
v -4.22055101 77.50000000 672.38317871
v -4.49900007 77.50000000 672.54400635
v -4.29899979 77.50000000 673.00061035
v -4.17656612 77.50000000 672.35638428
v -4.13388300 77.50000000 672.32757568
v -4.09259510 77.50000000 672.29681396
v -4.05279303 77.50000000 672.26422119
v -4.01456404 77.50000000 672.22961426
v 4.30100012 77.50000000 673.00061035
v 2.04151797 72.19915771 673.00061035
v 2.14860106 72.09471130 673.00061035
v 2.25034404 71.98506165 673.00061035
v 1.92936301 72.29814148 673.00061035
v 2.34649396 71.87046814 673.00061035
v 1.81241298 72.39140320 673.00061035
v 2.43681407 71.75122833 673.00061035
v 1.69096005 72.47872162 673.00061035
v 2.52107811 71.62763977 673.00061035
v 1.56530595 72.55988312 673.00061035
v 2.59907603 71.50000000 673.00061035
v 1.43576205 72.63466644 673.00061035
v 2.67061496 71.36862946 673.00061035
v 1.30265105 72.70291138 673.00061035
v 2.73551798 71.23387146 673.00061035
v 1.16630399 72.76442719 673.00061035
v 2.79362106 71.09603119 673.00061035
v 1.02706003 72.81907654 673.00061035
v 2.84478211 70.95545959 673.00061035
v 0.88526553 72.86672211 673.00061035
v 2.88887310 70.81253052 673.00061035
v 0.74127221 72.90724182 673.00061035
v 2.92578411 70.66757202 673.00061035
v 0.59543842 72.94052124 673.00061035
v 2.95542312 70.52095032 673.00061035
v 0.44812679 72.96649170 673.00061035
v 2.97771811 70.37303162 673.00061035
v 0.29970351 72.98509216 673.00061035
v 2.99261093 70.22418976 673.00061035
v 0.15053760 72.99626923 673.00061035
v 3.00006700 70.07479095 673.00061035
v -4.29899979 77.50000000 673.00061035
v 0.00099999 73.00000000 673.00061035
v 3.00006700 70.07479095 673.00061035
v 3.00006700 69.92520905 673.00061035
v 4.30100012 77.50000000 673.00061035
v -0.14853761 72.99626923 673.00061035
v 3.00006700 69.92520905 673.00061035
v 2.99261093 69.77581024 673.00061035
v -0.29770350 72.98509216 673.00061035
v 2.97771811 69.62696838 673.00061035
v -0.44612679 72.96649170 673.00061035
v -0.59343851 72.94052124 673.00061035
v -0.73927218 72.90724182 673.00061035
v -0.88326550 72.86672211 673.00061035
v -1.02506006 72.81907654 673.00061035
v -1.16430402 72.76442719 673.00061035
v -1.30065095 72.70291138 673.00061035
v -1.43376195 72.63466644 673.00061035
v -1.56330597 72.55988312 673.00061035
v -1.68895996 72.47872162 673.00061035
v -1.81041300 72.39140320 673.00061035
v -1.92736304 72.29814148 673.00061035
v -2.03951812 72.19915771 673.00061035
v -2.14660001 72.09471130 673.00061035
v -2.24834394 71.98506165 673.00061035
v -2.34449410 71.87046814 673.00061035
v -2.43481398 71.75122833 673.00061035
v -2.51907802 71.62763977 673.00061035
v -2.59707594 71.50000000 673.00061035
v -2.66861510 71.36862946 673.00061035
v -2.73351789 71.23387146 673.00061035
v -2.79162097 71.09603119 673.00061035
v -2.84278202 70.95545959 673.00061035
v -2.88687301 70.81253052 673.00061035
v -2.92378402 70.66757202 673.00061035
v -2.95342302 70.52095032 673.00061035
v -2.97571707 70.37303162 673.00061035
v -2.99061108 70.22418976 673.00061035
v -2.99806809 70.07479095 673.00061035
v -2.99806809 69.92520905 673.00061035
v -2.99061108 69.77581024 673.00061035
v -4.29899979 77.50000000 673.00061035
v -2.97571707 69.62696838 673.00061035
v -2.99061108 69.77581024 673.00061035
v 2.14860106 67.90528870 673.00061035
v 2.14860106 52.09471130 673.00061035
v 2.25034404 68.01495361 673.00061035
v 2.04151797 67.80084229 673.00061035
v 2.04151797 52.19916153 673.00061035
v 2.25034404 51.98506165 673.00061035
v 2.34649396 68.12953186 673.00061035
v 1.92936301 67.70187378 673.00061035
v 1.92936301 52.29813004 673.00061035
v 2.34649396 51.87046814 673.00061035
v 1.81241298 52.39139938 673.00061035
v 1.81241298 67.60861206 673.00061035
v 2.43681407 51.75122833 673.00061035
v 2.43681407 68.24877167 673.00061035
v 1.69096005 67.52129364 673.00061035
v 1.69096005 52.47872162 673.00061035
v 2.52107811 51.62762833 673.00061035
v 2.52107811 68.37236023 673.00061035
v 1.56530595 67.44013214 673.00061035
v 1.56530595 52.55987167 673.00061035
v 2.59907603 51.50000000 673.00061035
v 2.59907603 68.50000000 673.00061035
v 1.43576205 67.36534119 673.00061035
v 1.43576205 52.63467026 673.00061035
v 2.67061496 51.36862946 673.00061035
v 2.67061496 68.63137054 673.00061035
v 1.30265105 67.29709625 673.00061035
v 1.30265105 52.70291138 673.00061035
v 2.73551798 51.23386002 673.00061035
v 2.73551798 68.76614380 673.00061035
v 1.16630399 67.23558044 673.00061035
v 1.16630399 52.76443100 673.00061035
v 2.79362106 51.09601974 673.00061035
v 2.79362106 68.90397644 673.00061035
v 1.02706003 67.18093109 673.00061035
v 1.02706003 52.81908035 673.00061035
v 2.84478211 50.95545959 673.00061035
v 2.84478211 69.04454041 673.00061035
v 0.88526553 67.13327789 673.00061035
v 0.88526553 52.86671829 673.00061035
v 2.88887310 50.81251907 673.00061035
v 2.88887310 69.18747711 673.00061035
v 0.74127221 67.09277344 673.00061035
v 0.74127221 52.90723038 673.00061035
v 2.92578411 50.66756058 673.00061035
v 2.92578411 69.33244324 673.00061035
v 2.95542312 69.47905731 673.00061035
v 0.59543842 67.05947876 673.00061035
v 0.59543842 52.94052124 673.00061035
v 2.95542312 50.52093887 673.00061035
v 0.44812679 67.03350830 673.00061035
v 0.44812679 52.96649170 673.00061035
v 2.97771811 50.37303162 673.00061035
v 0.29970351 52.98508835 673.00061035
v 0.29970351 67.01490784 673.00061035
v 2.99261093 50.22418976 673.00061035
v 0.15053760 67.00373077 673.00061035
v 0.15053760 52.99626923 673.00061035
v 2.99261093 50.22418976 673.00061035
v 3.00006700 50.07479095 673.00061035
v 4.30100012 77.50000000 673.00061035
v 0.00099999 53.00000000 673.00061035
v 0.00099999 67.00000000 673.00061035
v 3.00006700 50.07479095 673.00061035
v 3.00006700 49.92520142 673.00061035
v 4.30100012 77.50000000 673.00061035
v -0.14853761 52.99626923 673.00061035
v -0.14853761 67.00373077 673.00061035
v -0.29770350 52.98508835 673.00061035
v -0.29770350 67.01490784 673.00061035
v -0.44612679 67.03350830 673.00061035
v -0.44612679 52.96649170 673.00061035
v -0.59343851 67.05947876 673.00061035
v -0.59343851 52.94052124 673.00061035
v -0.73927218 67.09277344 673.00061035
v -0.73927218 52.90723038 673.00061035
v -0.88326550 67.13327789 673.00061035
v -0.88326550 52.86671829 673.00061035
v -1.02506006 67.18093109 673.00061035
v -1.02506006 52.81908035 673.00061035
v -1.16430402 67.23558044 673.00061035
v -1.16430402 52.76443100 673.00061035
v -1.30065095 67.29709625 673.00061035
v -1.30065095 52.70291138 673.00061035
v -1.43376195 67.36534119 673.00061035
v -1.43376195 52.63467026 673.00061035
v -1.56330597 67.44013214 673.00061035
v -1.56330597 52.55987167 673.00061035
v -1.68895996 67.52129364 673.00061035
v -1.68895996 52.47872162 673.00061035
v -1.81041300 67.60861206 673.00061035
v -1.81041300 52.39139938 673.00061035
v -1.92736304 67.70187378 673.00061035
v -1.92736304 52.29813004 673.00061035
v -2.03951812 67.80084229 673.00061035
v -2.03951812 52.19916153 673.00061035
v -2.14660001 67.90528870 673.00061035
v -2.14660001 52.09471130 673.00061035
v -2.24834394 68.01495361 673.00061035
v -2.24834394 51.98506165 673.00061035
v -2.34449410 68.12953186 673.00061035
v -2.34449410 51.87046814 673.00061035
v -2.43481398 68.24877167 673.00061035
v -2.43481398 51.75122833 673.00061035
v -2.51907802 68.37236023 673.00061035
v -2.51907802 51.62762833 673.00061035
v -2.59707594 68.50000000 673.00061035
v -2.59707594 51.50000000 673.00061035
v -2.66861510 51.36862946 673.00061035
v -2.66861510 68.63137054 673.00061035
v -2.73351789 51.23386002 673.00061035
v -2.73351789 68.76614380 673.00061035
v -2.79162097 51.09601974 673.00061035
v -2.79162097 68.90397644 673.00061035
v -2.84278202 50.95545959 673.00061035
v -2.84278202 69.04454041 673.00061035
v -2.88687301 50.81251907 673.00061035
v -2.88687301 69.18747711 673.00061035
v -2.92378402 50.66756058 673.00061035
v -2.92378402 69.33244324 673.00061035
v -2.95342302 69.47905731 673.00061035
v -2.95342302 50.52093887 673.00061035
v -2.97571707 50.37303162 673.00061035
v -2.97571707 69.62696838 673.00061035
v 2.04151797 47.80083847 673.00061035
v 2.04151797 32.19915009 673.00061035
v 2.14860106 47.90528870 673.00061035
v 2.14860106 32.09471130 673.00061035
v 2.25034404 31.98505974 673.00061035
v 2.25034404 48.01493835 673.00061035
v 1.92936301 32.29813004 673.00061035
v 1.92936301 47.70185852 673.00061035
v 1.81241298 47.60860062 673.00061035
v 2.34649396 31.87047005 673.00061035
v 2.34649396 48.12953186 673.00061035
v 2.43681407 48.24876022 673.00061035
v 1.81241298 32.39139938 673.00061035
v 2.43681407 31.75123024 673.00061035
v 2.52107811 48.37236023 673.00061035
v 1.69096005 32.47872162 673.00061035
v 1.69096005 47.52127838 673.00061035
v 2.52107811 31.62763977 673.00061035
v 1.56530595 47.44012833 673.00061035
v 1.56530595 32.55987167 673.00061035
v 2.59907603 31.50000000 673.00061035
v 2.59907603 48.50000000 673.00061035
v 2.67061496 48.63137054 673.00061035
v 1.43576205 32.63467026 673.00061035
v 1.43576205 47.36532974 673.00061035
v 2.67061496 31.36862946 673.00061035
v 2.73551798 48.76613998 673.00061035
v 1.30265105 47.29708862 673.00061035
v 1.30265105 32.70291138 673.00061035
v 2.73551798 31.23386002 673.00061035
v 1.16630399 32.76443100 673.00061035
v 1.16630399 47.23556900 673.00061035
v 2.79362106 31.09601974 673.00061035
v 2.79362106 48.90398026 673.00061035
v 1.02706003 32.81908035 673.00061035
v 1.02706003 47.18091965 673.00061035
v 0.88526553 47.13328171 673.00061035
v 2.84478211 30.95545959 673.00061035
v 2.84478211 49.04454041 673.00061035
v 0.88526553 32.86671829 673.00061035
v 2.88887310 30.81251907 673.00061035
v 2.88887310 49.18748093 673.00061035
v 2.92578411 49.33243179 673.00061035
v 0.74127221 32.90723038 673.00061035
v 0.74127221 47.09276962 673.00061035
v 0.59543842 47.05947876 673.00061035
v 2.92578411 30.66756058 673.00061035
v 2.95542312 49.47904968 673.00061035
v 0.59543842 32.94052124 673.00061035
v 2.95542312 30.52095032 673.00061035
v 0.44812679 47.03350830 673.00061035
v 0.44812679 32.96649170 673.00061035
v 2.97771811 30.37302971 673.00061035
v 2.97771811 49.62696838 673.00061035
v 0.29970351 32.98508835 673.00061035
v 0.29970351 47.01491165 673.00061035
v 2.97771811 49.62696838 673.00061035
v 2.99261093 30.22418976 673.00061035
v 2.99261093 49.77581024 673.00061035
v 2.97771811 30.37302971 673.00061035
v 2.99261093 30.22418976 673.00061035
v 2.97771811 49.62696838 673.00061035
v 0.15053760 32.99626923 673.00061035
v 0.15053760 47.00373077 673.00061035
v 3.00006700 49.92520142 673.00061035
v 3.00006700 30.07478905 673.00061035
v 2.99261093 49.77581024 673.00061035
v 3.00006700 30.07478905 673.00061035
v 2.99261093 49.77581024 673.00061035
v 0.00099999 33.00000000 673.00061035
v 0.00099999 47.00000000 673.00061035
v 3.00006700 30.07478905 673.00061035
v 3.00006700 29.92521095 673.00061035
v -0.14853761 32.99626923 673.00061035
v -0.14853761 47.00373077 673.00061035
v -0.29770350 32.98508835 673.00061035
v -0.29770350 47.01491165 673.00061035
v -0.44612679 32.96649170 673.00061035
v -0.44612679 47.03350830 673.00061035
v -0.59343851 32.94052124 673.00061035
v -0.59343851 47.05947876 673.00061035
v -0.73927218 32.90723038 673.00061035
v -0.73927218 47.09276962 673.00061035
v -0.88326550 32.86671829 673.00061035
v -0.88326550 47.13328171 673.00061035
v -1.02506006 32.81908035 673.00061035
v -1.02506006 47.18091965 673.00061035
v -1.16430402 32.76443100 673.00061035
v -1.16430402 47.23556900 673.00061035
v -1.30065095 32.70291138 673.00061035
v -1.30065095 47.29708862 673.00061035
v -1.43376195 47.36532974 673.00061035
v -1.43376195 32.63467026 673.00061035
v -1.56330597 47.44012833 673.00061035
v -1.56330597 32.55987167 673.00061035
v -1.68895996 47.52127838 673.00061035
v -1.68895996 32.47872162 673.00061035
v -1.81041300 47.60860062 673.00061035
v -1.81041300 32.39139938 673.00061035
v -1.92736304 47.70185852 673.00061035
v -1.92736304 32.29813004 673.00061035
v -2.03951812 47.80083847 673.00061035
v -2.03951812 32.19915009 673.00061035
v -2.14660001 32.09471130 673.00061035
v -2.14660001 47.90528870 673.00061035
v -2.24834394 48.01493835 673.00061035
v -2.24834394 31.98505974 673.00061035
v -2.34449410 48.12953186 673.00061035
v -2.34449410 31.87047005 673.00061035
v -2.43481398 48.24876022 673.00061035
v -2.43481398 31.75123024 673.00061035
v -2.51907802 48.37236023 673.00061035
v -2.51907802 31.62763977 673.00061035
v -2.59707594 48.50000000 673.00061035
v -2.59707594 31.50000000 673.00061035
v -2.66861510 48.63137054 673.00061035
v -2.66861510 31.36862946 673.00061035
v -2.73351789 48.76613998 673.00061035
v -2.73351789 31.23386002 673.00061035
v -2.79162097 48.90398026 673.00061035
v -2.79162097 31.09601974 673.00061035
v -2.84278202 49.04454041 673.00061035
v -2.84278202 30.95545959 673.00061035
v -2.88687301 49.18748093 673.00061035
v -2.88687301 30.81251907 673.00061035
v -2.92378402 49.33243179 673.00061035
v -2.92378402 30.66756058 673.00061035
v -2.95342302 49.47904968 673.00061035
v -2.95342302 30.52095032 673.00061035
v -2.97571707 49.62696838 673.00061035
v -2.97571707 30.37302971 673.00061035
v 2.14860106 27.90529060 673.00061035
v 2.04151797 12.19915009 673.00061035
v 2.14860106 12.09471035 673.00061035
v 2.04151797 27.80084038 673.00061035
v 2.25034404 11.98505974 673.00061035
v 2.25034404 28.01494026 673.00061035
v 1.92936301 27.70186043 673.00061035
v 1.92936301 12.29813004 673.00061035
v 1.81241298 27.60860062 673.00061035
v 2.34649396 11.87047005 673.00061035
v 2.34649396 28.12952995 673.00061035
v 1.81241298 12.39140034 673.00061035
v 2.43681407 28.24876976 673.00061035
v 2.43681407 11.75123024 673.00061035
v 2.52107811 28.37236023 673.00061035
v 1.69096005 27.52128029 673.00061035
v 1.69096005 12.47871971 673.00061035
v 2.52107811 11.62763977 673.00061035
v 2.59907603 28.50000000 673.00061035
v 1.56530595 27.44013023 673.00061035
v 1.56530595 12.55986977 673.00061035
v 2.59907603 11.50000000 673.00061035
v 2.67061496 28.63137054 673.00061035
v 1.43576205 12.63465977 673.00061035
v 1.43576205 27.36533928 673.00061035
v 1.30265105 27.29709053 673.00061035
v 2.67061496 11.36863041 673.00061035
v 1.30265105 12.70291042 673.00061035
v 2.73551798 28.76613998 673.00061035
v 2.73551798 11.23386002 673.00061035
v 2.79362106 28.90398026 673.00061035
v 1.16630399 27.23557091 673.00061035
v 1.16630399 12.76443005 673.00061035
v 2.79362106 11.09601974 673.00061035
v 1.02706003 27.18091965 673.00061035
v 1.02706003 12.81908035 673.00061035
v 0.88526553 27.13327980 673.00061035
v 2.84478211 10.95545959 673.00061035
v 2.84478211 29.04454041 673.00061035
v 0.88526553 12.86672020 673.00061035
v 2.88887310 29.18748093 673.00061035
v 2.88887310 10.81252003 673.00061035
v 2.92578411 29.33243942 673.00061035
v 0.74127221 12.90723038 673.00061035
v 0.74127221 27.09276962 673.00061035
v 0.59543842 27.05948067 673.00061035
v 2.92578411 10.66755962 673.00061035
v 0.59543842 12.94052029 673.00061035
v 2.95542312 10.52093983 673.00061035
v 2.95542312 29.47905922 673.00061035
v 0.44812679 27.03351021 673.00061035
v 0.44812679 12.96648979 673.00061035
v 2.97771811 10.37302971 673.00061035
v 2.97771811 29.62697029 673.00061035
v 0.29970351 12.98509026 673.00061035
v 0.29970351 27.01490974 673.00061035
v 2.99261093 10.22418976 673.00061035
v 2.97771811 29.62697029 673.00061035
v 2.99261093 10.22418976 673.00061035
v 2.99261093 29.77581024 673.00061035
v 0.15053760 12.99627018 673.00061035
v 0.15053760 27.00373077 673.00061035
v 3.00006700 10.07479000 673.00061035
v 2.99261093 29.77581024 673.00061035
v 2.99261093 29.77581024 673.00061035
v 3.00006700 10.07479000 673.00061035
v 3.00006700 29.92521095 673.00061035
v 3.00006700 29.92521095 673.00061035
v 0.00099999 27.00000000 673.00061035
v 0.00099999 13.00000000 673.00061035
v 3.00006700 10.07479000 673.00061035
v 3.00006700 9.92520905 673.00061035
v 4.30100012 77.50000000 673.00061035
v -0.14853761 27.00373077 673.00061035
v -0.14853761 12.99627018 673.00061035
v -0.29770350 12.98509026 673.00061035
v -0.29770350 27.01490974 673.00061035
v -0.44612679 27.03351021 673.00061035
v -0.44612679 12.96648979 673.00061035
v -0.59343851 27.05948067 673.00061035
v -0.59343851 12.94052029 673.00061035
v -0.73927218 12.90723038 673.00061035
v -0.73927218 27.09276962 673.00061035
v -0.88326550 27.13327980 673.00061035
v -0.88326550 12.86672020 673.00061035
v -1.02506006 27.18091965 673.00061035
v -1.02506006 12.81908035 673.00061035
v -1.16430402 27.23557091 673.00061035
v -1.16430402 12.76443005 673.00061035
v -1.30065095 12.70291042 673.00061035
v -1.30065095 27.29709053 673.00061035
v -1.43376195 12.63465977 673.00061035
v -1.43376195 27.36533928 673.00061035
v -1.56330597 12.55986977 673.00061035
v -1.56330597 27.44013023 673.00061035
v -1.68895996 12.47871971 673.00061035
v -1.68895996 27.52128029 673.00061035
v -1.81041300 12.39140034 673.00061035
v -1.81041300 27.60860062 673.00061035
v -1.92736304 27.70186043 673.00061035
v -1.92736304 12.29813004 673.00061035
v -2.03951812 12.19915009 673.00061035
v -2.03951812 27.80084038 673.00061035
v -2.14660001 12.09471035 673.00061035
v -2.14660001 27.90529060 673.00061035
v -2.24834394 11.98505974 673.00061035
v -2.24834394 28.01494026 673.00061035
v -2.34449410 11.87047005 673.00061035
v -2.34449410 28.12952995 673.00061035
v -2.43481398 11.75123024 673.00061035
v -2.43481398 28.24876976 673.00061035
v -2.51907802 28.37236023 673.00061035
v -2.51907802 11.62763977 673.00061035
v -2.59707594 28.50000000 673.00061035
v -2.59707594 11.50000000 673.00061035
v -2.66861510 11.36863041 673.00061035
v -2.66861510 28.63137054 673.00061035
v -2.73351789 28.76613998 673.00061035
v -2.73351789 11.23386002 673.00061035
v -2.79162097 11.09601974 673.00061035
v -2.79162097 28.90398026 673.00061035
v -2.84278202 10.95545959 673.00061035
v -2.84278202 29.04454041 673.00061035
v -2.88687301 10.81252003 673.00061035
v -2.88687301 29.18748093 673.00061035
v -2.92378402 10.66755962 673.00061035
v -2.92378402 29.33243942 673.00061035
v -2.95342302 10.52093983 673.00061035
v -2.95342302 29.47905922 673.00061035
v -2.97571707 10.37302971 673.00061035
v -2.97571707 29.62697029 673.00061035
v 2.04151797 7.80084419 673.00061035
v 2.14860106 -7.90529013 673.00061035
v 2.14860106 7.90529013 673.00061035
v 2.04151797 -7.80084419 673.00061035
v 2.25034404 8.01494312 673.00061035
v 2.25034404 -8.01494312 673.00061035
v 2.34649396 8.12953091 673.00061035
v 1.92936301 -7.70186710 673.00061035
v 1.92936301 7.70186710 673.00061035
v 2.34649396 -8.12953091 673.00061035
v 2.43681407 8.24876881 673.00061035
v 1.81241298 7.60860205 673.00061035
v 1.81241298 -7.60860205 673.00061035
v 1.69096005 7.52128410 673.00061035
v 2.43681407 -8.24876881 673.00061035
v 1.69096005 -7.52128410 673.00061035
v 2.52107811 -8.37236214 673.00061035
v 2.52107811 8.37236214 673.00061035
v 2.59907603 8.50000000 673.00061035
v 1.56530595 -7.44012690 673.00061035
v 1.56530595 7.44012690 673.00061035
v 2.59907603 -8.50000000 673.00061035
v 1.43576205 -7.36533499 673.00061035
v 1.43576205 7.36533499 673.00061035
v 2.67061496 8.63136768 673.00061035
v 2.67061496 -8.63136768 673.00061035
v 2.73551798 8.76613903 673.00061035
v 1.30265105 -7.29709291 673.00061035
v 1.30265105 7.29709291 673.00061035
v 2.73551798 -8.76613903 673.00061035
v 1.16630399 -7.23557091 673.00061035
v 1.16630399 7.23557091 673.00061035
v 2.79362106 -8.90397835 673.00061035
v 2.79362106 8.90397835 673.00061035
v 1.02706003 -7.18092203 673.00061035
v 1.02706003 7.18092203 673.00061035
v 2.84478211 9.04454136 673.00061035
v 2.84478211 -9.04454136 673.00061035
v 2.88887310 9.18747902 673.00061035
v 0.88526553 7.13328218 673.00061035
v 0.88526553 -7.13328218 673.00061035
v 2.88887310 -9.18747902 673.00061035
v 0.74127221 7.09276819 673.00061035
v 0.74127221 -7.09276819 673.00061035
v 0.59543842 7.05948305 673.00061035
v 2.92578411 9.33243847 673.00061035
v 2.92578411 -9.33243847 673.00061035
v 2.95542312 9.47905636 673.00061035
v 0.59543842 -7.05948305 673.00061035
v 2.95542312 -9.47905636 673.00061035
v 0.44812679 7.03350687 673.00061035
v 0.44812679 -7.03350687 673.00061035
v 2.97771811 -9.62697029 673.00061035
v 2.97771811 9.62697029 673.00061035
v 0.29970351 7.01490784 673.00061035
v 0.29970351 -7.01490784 673.00061035
v 0.15053760 7.00372887 673.00061035
v 2.97771811 -9.62697029 673.00061035
v 2.99261093 -9.77581024 673.00061035
v 2.97771811 9.62697029 673.00061035
v 2.99261093 -9.77581024 673.00061035
v 2.99261093 9.77581024 673.00061035
v 0.15053760 -7.00372887 673.00061035
v 2.99261093 9.77581024 673.00061035
v 3.00006700 -9.92520905 673.00061035
v 3.00006700 9.92520905 673.00061035
v 3.00006700 -9.92520905 673.00061035
v 0.00099999 7.00000000 673.00061035
v 0.00099999 -7.00000000 673.00061035
v -0.14853761 7.00372887 673.00061035
v -0.14853761 -7.00372887 673.00061035
v -0.29770350 7.01490784 673.00061035
v -0.29770350 -7.01490784 673.00061035
v -0.44612679 7.03350687 673.00061035
v -0.44612679 -7.03350687 673.00061035
v -0.59343851 7.05948305 673.00061035
v -0.59343851 -7.05948305 673.00061035
v -0.73927218 7.09276819 673.00061035
v -0.73927218 -7.09276819 673.00061035
v -0.88326550 7.13328218 673.00061035
v -0.88326550 -7.13328218 673.00061035
v -1.02506006 7.18092203 673.00061035
v -1.02506006 -7.18092203 673.00061035
v -1.16430402 7.23557091 673.00061035
v -1.16430402 -7.23557091 673.00061035
v -1.30065095 7.29709291 673.00061035
v -1.30065095 -7.29709291 673.00061035
v -1.43376195 7.36533499 673.00061035
v -1.43376195 -7.36533499 673.00061035
v -1.56330597 7.44012690 673.00061035
v -1.56330597 -7.44012690 673.00061035
v -1.68895996 -7.52128410 673.00061035
v -1.68895996 7.52128410 673.00061035
v -1.81041300 -7.60860205 673.00061035
v -1.81041300 7.60860205 673.00061035
v -1.92736304 -7.70186710 673.00061035
v -1.92736304 7.70186710 673.00061035
v -2.03951812 7.80084419 673.00061035
v -2.03951812 -7.80084419 673.00061035
v -2.14660001 7.90529013 673.00061035
v -2.14660001 -7.90529013 673.00061035
v -2.24834394 -8.01494312 673.00061035
v -2.24834394 8.01494312 673.00061035
v -2.34449410 -8.12953091 673.00061035
v -2.34449410 8.12953091 673.00061035
v -2.43481398 -8.24876881 673.00061035
v -2.43481398 8.24876881 673.00061035
v -2.51907802 8.37236214 673.00061035
v -2.51907802 -8.37236214 673.00061035
v -2.59707594 8.50000000 673.00061035
v -2.59707594 -8.50000000 673.00061035
v -2.66861510 8.63136768 673.00061035
v -2.66861510 -8.63136768 673.00061035
v -2.73351789 8.76613903 673.00061035
v -2.73351789 -8.76613903 673.00061035
v -2.79162097 -8.90397835 673.00061035
v -2.79162097 8.90397835 673.00061035
v -2.84278202 -9.04454136 673.00061035
v -2.84278202 9.04454136 673.00061035
v -2.88687301 -9.18747902 673.00061035
v -2.88687301 9.18747902 673.00061035
v -2.92378402 9.33243847 673.00061035
v -2.92378402 -9.33243847 673.00061035
v -2.95342302 9.47905636 673.00061035
v -2.95342302 -9.47905636 673.00061035
v -2.97571707 9.62697029 673.00061035
v -2.97571707 -9.62697029 673.00061035
v 2.14860106 -12.09471035 673.00061035
v 2.14860106 -27.90529060 673.00061035
v 2.25034404 -11.98505974 673.00061035
v 2.04151797 -12.19915009 673.00061035
v 2.04151797 -27.80084038 673.00061035
v 2.25034404 -28.01494026 673.00061035
v 2.34649396 -11.87047005 673.00061035
v 1.92936301 -12.29813004 673.00061035
v 1.92936301 -27.70186043 673.00061035
v 2.34649396 -28.12952995 673.00061035
v 1.81241298 -12.39140034 673.00061035
v 1.81241298 -27.60860062 673.00061035
v 2.43681407 -28.24876976 673.00061035
v 2.43681407 -11.75123024 673.00061035
v 1.69096005 -12.47871971 673.00061035
v 1.69096005 -27.52128029 673.00061035
v 2.52107811 -28.37236023 673.00061035
v 2.52107811 -11.62763977 673.00061035
v 2.59907603 -11.50000000 673.00061035
v 1.56530595 -12.55986977 673.00061035
v 1.56530595 -27.44013023 673.00061035
v 1.43576205 -12.63465977 673.00061035
v 2.59907603 -28.50000000 673.00061035
v 1.43576205 -27.36533928 673.00061035
v 2.67061496 -28.63137054 673.00061035
v 2.67061496 -11.36863041 673.00061035
v 2.73551798 -11.23386002 673.00061035
v 1.30265105 -12.70291042 673.00061035
v 1.30265105 -27.29709053 673.00061035
v 2.73551798 -28.76613998 673.00061035
v 1.16630399 -12.76443005 673.00061035
v 1.16630399 -27.23557091 673.00061035
v 2.79362106 -28.90398026 673.00061035
v 2.79362106 -11.09601974 673.00061035
v 1.02706003 -12.81908035 673.00061035
v 1.02706003 -27.18091965 673.00061035
v 0.88526553 -12.86672020 673.00061035
v 2.84478211 -29.04454041 673.00061035
v 2.84478211 -10.95545959 673.00061035
v 0.88526553 -27.13327980 673.00061035
v 2.88887310 -29.18748093 673.00061035
v 2.88887310 -10.81252003 673.00061035
v 0.74127221 -12.90723038 673.00061035
v 0.74127221 -27.09276962 673.00061035
v 0.59543842 -12.94052029 673.00061035
v 2.92578411 -10.66755962 673.00061035
v 2.92578411 -29.33243942 673.00061035
v 2.95542312 -10.52093983 673.00061035
v 0.44812679 -12.96648979 673.00061035
v 0.59543842 -27.05948067 673.00061035
v 2.95542312 -29.47905922 673.00061035
v 2.97771811 -10.37302971 673.00061035
v 0.44812679 -27.03351021 673.00061035
v 2.97771811 -29.62697029 673.00061035
v 0.29970351 -12.98509026 673.00061035
v 0.29970351 -27.01490974 673.00061035
v 0.15053760 -12.99627018 673.00061035
v 2.99261093 -29.77581024 673.00061035
v 2.97771811 -10.37302971 673.00061035
v 2.99261093 -29.77581024 673.00061035
v 2.99261093 -10.22418976 673.00061035
v 0.15053760 -27.00373077 673.00061035
v 2.99261093 -29.77581024 673.00061035
v 3.00006700 -29.92521095 673.00061035
v 2.99261093 -10.22418976 673.00061035
v 2.99261093 -10.22418976 673.00061035
v 3.00006700 -29.92521095 673.00061035
v 3.00006700 -10.07479000 673.00061035
v 0.00099999 -27.00000000 673.00061035
v 0.00099999 -13.00000000 673.00061035
v -0.14853761 -12.99627018 673.00061035
v -0.14853761 -27.00373077 673.00061035
v -0.29770350 -12.98509026 673.00061035
v -0.29770350 -27.01490974 673.00061035
v -0.44612679 -12.96648979 673.00061035
v -0.44612679 -27.03351021 673.00061035
v -0.59343851 -12.94052029 673.00061035
v -0.59343851 -27.05948067 673.00061035
v -0.73927218 -12.90723038 673.00061035
v -0.88326550 -12.86672020 673.00061035
v -0.73927218 -27.09276962 673.00061035
v -0.88326550 -27.13327980 673.00061035
v -1.02506006 -12.81908035 673.00061035
v -1.02506006 -27.18091965 673.00061035
v -1.16430402 -12.76443005 673.00061035
v -1.16430402 -27.23557091 673.00061035
v -1.30065095 -12.70291042 673.00061035
v -1.30065095 -27.29709053 673.00061035
v -1.43376195 -27.36533928 673.00061035
v -1.43376195 -12.63465977 673.00061035
v -1.56330597 -27.44013023 673.00061035
v -1.56330597 -12.55986977 673.00061035
v -1.68895996 -12.47871971 673.00061035
v -1.68895996 -27.52128029 673.00061035
v -1.81041300 -12.39140034 673.00061035
v -1.81041300 -27.60860062 673.00061035
v -1.92736304 -12.29813004 673.00061035
v -1.92736304 -27.70186043 673.00061035
v -2.03951812 -12.19915009 673.00061035
v -2.03951812 -27.80084038 673.00061035
v -2.14660001 -12.09471035 673.00061035
v -2.14660001 -27.90529060 673.00061035
v -2.24834394 -11.98505974 673.00061035
v -2.24834394 -28.01494026 673.00061035
v -2.34449410 -11.87047005 673.00061035
v -2.34449410 -28.12952995 673.00061035
v -2.43481398 -11.75123024 673.00061035
v -2.43481398 -28.24876976 673.00061035
v -2.51907802 -28.37236023 673.00061035
v -2.51907802 -11.62763977 673.00061035
v -2.59707594 -11.50000000 673.00061035
v -2.59707594 -28.50000000 673.00061035
v -2.66861510 -11.36863041 673.00061035
v -2.66861510 -28.63137054 673.00061035
v -2.73351789 -11.23386002 673.00061035
v -2.73351789 -28.76613998 673.00061035
v -2.79162097 -28.90398026 673.00061035
v -2.79162097 -11.09601974 673.00061035
v -2.84278202 -29.04454041 673.00061035
v -2.84278202 -10.95545959 673.00061035
v -2.88687301 -10.81252003 673.00061035
v -2.88687301 -29.18748093 673.00061035
v -2.92378402 -29.33243942 673.00061035
v -2.92378402 -10.66755962 673.00061035
v -2.95342302 -29.47905922 673.00061035
v -2.95342302 -10.52093983 673.00061035
v -2.97571707 -29.62697029 673.00061035
v -2.97571707 -10.37302971 673.00061035
v 2.14860106 -32.09471130 673.00061035
v 2.04151797 -47.80083847 673.00061035
v 2.14860106 -47.90528870 673.00061035
v 2.04151797 -32.19915009 673.00061035
v 2.25034404 -48.01493835 673.00061035
v 2.25034404 -31.98505974 673.00061035
v 1.92936301 -47.70185852 673.00061035
v 1.92936301 -32.29813004 673.00061035
v 2.34649396 -48.12953186 673.00061035
v 2.34649396 -31.87047005 673.00061035
v 1.81241298 -47.60860062 673.00061035
v 1.81241298 -32.39139938 673.00061035
v 1.69096005 -32.47872162 673.00061035
v 2.43681407 -48.24876022 673.00061035
v 2.43681407 -31.75123024 673.00061035
v 1.69096005 -47.52127838 673.00061035
v 2.52107811 -48.37236023 673.00061035
v 2.52107811 -31.62763977 673.00061035
v 1.56530595 -47.44012833 673.00061035
v 1.56530595 -32.55987167 673.00061035
v 2.59907603 -48.50000000 673.00061035
v 2.59907603 -31.50000000 673.00061035
v 1.43576205 -47.36532974 673.00061035
v 1.43576205 -32.63467026 673.00061035
v 1.30265105 -32.70291138 673.00061035
v 2.67061496 -48.63137054 673.00061035
v 2.67061496 -31.36862946 673.00061035
v 2.73551798 -31.23386002 673.00061035
v 1.30265105 -47.29708862 673.00061035
v 2.73551798 -48.76613998 673.00061035
v 1.16630399 -47.23556900 673.00061035
v 1.16630399 -32.76443100 673.00061035
v 1.02706003 -32.81908035 673.00061035
v 2.79362106 -48.90398026 673.00061035
v 2.79362106 -31.09601974 673.00061035
v 1.02706003 -47.18091965 673.00061035
v 2.84478211 -49.04454041 673.00061035
v 2.84478211 -30.95545959 673.00061035
v 0.88526553 -47.13328171 673.00061035
v 0.88526553 -32.86671829 673.00061035
v 2.88887310 -49.18748093 673.00061035
v 2.88887310 -30.81251907 673.00061035
v 0.74127221 -47.09276962 673.00061035
v 0.74127221 -32.90723038 673.00061035
v 0.59543842 -32.94052124 673.00061035
v 2.92578411 -49.33243179 673.00061035
v 2.92578411 -30.66756058 673.00061035
v 2.95542312 -30.52095032 673.00061035
v 0.59543842 -47.05947876 673.00061035
v 2.95542312 -49.47904968 673.00061035
v 0.44812679 -47.03350830 673.00061035
v 0.44812679 -32.96649170 673.00061035
v 2.97771811 -49.62696838 673.00061035
v 2.97771811 -30.37302971 673.00061035
v 0.29970351 -47.01491165 673.00061035
v 0.29970351 -32.98508835 673.00061035
v 2.99261093 -49.77581024 673.00061035
v 2.99261093 -30.22418976 673.00061035
v 0.15053760 -47.00373077 673.00061035
v 0.15053760 -32.99626923 673.00061035
v 0.00099999 -33.00000000 673.00061035
v 2.99261093 -30.22418976 673.00061035
v 3.00006700 -49.92520142 673.00061035
v 3.00006700 -30.07478905 673.00061035
v 3.00006700 -49.92520142 673.00061035
v 0.00099999 -47.00000000 673.00061035
v -0.14853761 -47.00373077 673.00061035
v -0.14853761 -32.99626923 673.00061035
v -0.29770350 -32.98508835 673.00061035
v -0.29770350 -47.01491165 673.00061035
v -0.44612679 -47.03350830 673.00061035
v -0.44612679 -32.96649170 673.00061035
v -0.59343851 -32.94052124 673.00061035
v -0.59343851 -47.05947876 673.00061035
v -0.73927218 -47.09276962 673.00061035
v -0.73927218 -32.90723038 673.00061035
v -0.88326550 -47.13328171 673.00061035
v -0.88326550 -32.86671829 673.00061035
v -1.02506006 -47.18091965 673.00061035
v -1.02506006 -32.81908035 673.00061035
v -1.16430402 -47.23556900 673.00061035
v -1.16430402 -32.76443100 673.00061035
v -1.30065095 -32.70291138 673.00061035
v -1.30065095 -47.29708862 673.00061035
v -1.43376195 -32.63467026 673.00061035
v -1.43376195 -47.36532974 673.00061035
v -1.56330597 -32.55987167 673.00061035
v -1.56330597 -47.44012833 673.00061035
v -1.68895996 -32.47872162 673.00061035
v -1.68895996 -47.52127838 673.00061035
v -1.81041300 -32.39139938 673.00061035
v -1.81041300 -47.60860062 673.00061035
v -1.92736304 -32.29813004 673.00061035
v -1.92736304 -47.70185852 673.00061035
v -2.03951812 -32.19915009 673.00061035
v -2.03951812 -47.80083847 673.00061035
v -2.14660001 -32.09471130 673.00061035
v -2.14660001 -47.90528870 673.00061035
v -2.24834394 -31.98505974 673.00061035
v -2.24834394 -48.01493835 673.00061035
v -2.34449410 -31.87047005 673.00061035
v -2.34449410 -48.12953186 673.00061035
v -2.43481398 -31.75123024 673.00061035
v -2.43481398 -48.24876022 673.00061035
v -2.51907802 -31.62763977 673.00061035
v -2.51907802 -48.37236023 673.00061035
v -2.59707594 -31.50000000 673.00061035
v -2.59707594 -48.50000000 673.00061035
v -2.66861510 -31.36862946 673.00061035
v -2.66861510 -48.63137054 673.00061035
v -2.73351789 -31.23386002 673.00061035
v -2.73351789 -48.76613998 673.00061035
v -2.79162097 -31.09601974 673.00061035
v -2.79162097 -48.90398026 673.00061035
v -2.84278202 -30.95545959 673.00061035
v -2.84278202 -49.04454041 673.00061035
v -2.88687301 -30.81251907 673.00061035
v -2.92378402 -30.66756058 673.00061035
v -2.88687301 -49.18748093 673.00061035
v -2.92378402 -49.33243179 673.00061035
v -2.95342302 -30.52095032 673.00061035
v -2.95342302 -49.47904968 673.00061035
v -2.97571707 -30.37302971 673.00061035
v -2.97571707 -49.62696838 673.00061035
v 2.14860106 -52.09471130 673.00061035
v 2.04151797 -67.80084229 673.00061035
v 2.14860106 -67.90528870 673.00061035
v 2.04151797 -52.19916153 673.00061035
v 2.25034404 -68.01495361 673.00061035
v 2.25034404 -51.98506165 673.00061035
v 2.34649396 -51.87046814 673.00061035
v 1.92936301 -52.29813004 673.00061035
v 1.92936301 -67.70187378 673.00061035
v 2.34649396 -68.12953186 673.00061035
v 1.81241298 -52.39139938 673.00061035
v 1.81241298 -67.60861206 673.00061035
v 1.69096005 -52.47872162 673.00061035
v 2.43681407 -68.24877167 673.00061035
v 2.43681407 -51.75122833 673.00061035
v 1.69096005 -67.52129364 673.00061035
v 2.52107811 -51.62762833 673.00061035
v 2.52107811 -68.37236023 673.00061035
v 2.59907603 -51.50000000 673.00061035
v 1.56530595 -52.55987167 673.00061035
v 1.56530595 -67.44013214 673.00061035
v 2.59907603 -68.50000000 673.00061035
v 1.43576205 -67.36534119 673.00061035
v 1.43576205 -52.63467026 673.00061035
v 2.67061496 -68.63137054 673.00061035
v 2.67061496 -51.36862946 673.00061035
v 1.30265105 -52.70291138 673.00061035
v 1.30265105 -67.29709625 673.00061035
v 1.16630399 -52.76443100 673.00061035
v 2.73551798 -68.76614380 673.00061035
v 2.73551798 -51.23386002 673.00061035
v 1.16630399 -67.23558044 673.00061035
v 2.79362106 -68.90397644 673.00061035
v 2.79362106 -51.09601974 673.00061035
v 1.02706003 -67.18093109 673.00061035
v 1.02706003 -52.81908035 673.00061035
v 2.84478211 -69.04454041 673.00061035
v 2.84478211 -50.95545959 673.00061035
v 0.88526553 -52.86671829 673.00061035
v 0.88526553 -67.13327789 673.00061035
v 0.74127221 -52.90723038 673.00061035
v 2.88887310 -69.18747711 673.00061035
v 2.88887310 -50.81251907 673.00061035
v 0.74127221 -67.09277344 673.00061035
v 2.92578411 -69.33244324 673.00061035
v 2.92578411 -50.66756058 673.00061035
v 0.59543842 -52.94052124 673.00061035
v 0.59543842 -67.05947876 673.00061035
v 2.95542312 -69.47905731 673.00061035
v 2.95542312 -50.52093887 673.00061035
v 0.44812679 -52.96649170 673.00061035
v 0.44812679 -67.03350830 673.00061035
v 2.97771811 -69.62696838 673.00061035
v 2.97771811 -50.37303162 673.00061035
v 0.29970351 -52.98508835 673.00061035
v 0.29970351 -67.01490784 673.00061035
v 0.15053760 -52.99626923 673.00061035
v 0.15053760 -67.00373077 673.00061035
v 0.00099999 -67.00000000 673.00061035
v 0.00099999 -53.00000000 673.00061035
v -0.14853761 -67.00373077 673.00061035
v -0.14853761 -52.99626923 673.00061035
v -0.29770350 -67.01490784 673.00061035
v -0.29770350 -52.98508835 673.00061035
v -0.44612679 -67.03350830 673.00061035
v -0.44612679 -52.96649170 673.00061035
v -0.59343851 -52.94052124 673.00061035
v -0.59343851 -67.05947876 673.00061035
v -0.73927218 -67.09277344 673.00061035
v -0.73927218 -52.90723038 673.00061035
v -0.88326550 -67.13327789 673.00061035
v -0.88326550 -52.86671829 673.00061035
v -1.02506006 -67.18093109 673.00061035
v -1.02506006 -52.81908035 673.00061035
v -1.16430402 -52.76443100 673.00061035
v -1.16430402 -67.23558044 673.00061035
v -1.30065095 -67.29709625 673.00061035
v -1.30065095 -52.70291138 673.00061035
v -1.43376195 -52.63467026 673.00061035
v -1.43376195 -67.36534119 673.00061035
v -1.56330597 -67.44013214 673.00061035
v -1.56330597 -52.55987167 673.00061035
v -1.68895996 -67.52129364 673.00061035
v -1.68895996 -52.47872162 673.00061035
v -1.81041300 -52.39139938 673.00061035
v -1.81041300 -67.60861206 673.00061035
v -1.92736304 -52.29813004 673.00061035
v -1.92736304 -67.70187378 673.00061035
v -2.03951812 -67.80084229 673.00061035
v -2.03951812 -52.19916153 673.00061035
v -2.14660001 -52.09471130 673.00061035
v -2.14660001 -67.90528870 673.00061035
v -2.24834394 -51.98506165 673.00061035
v -2.24834394 -68.01495361 673.00061035
v -2.34449410 -68.12953186 673.00061035
v -2.34449410 -51.87046814 673.00061035
v -2.43481398 -51.75122833 673.00061035
v -2.43481398 -68.24877167 673.00061035
v -2.51907802 -68.37236023 673.00061035
v -2.51907802 -51.62762833 673.00061035
v -2.59707594 -68.50000000 673.00061035
v -2.59707594 -51.50000000 673.00061035
v -2.66861510 -51.36862946 673.00061035
v -2.66861510 -68.63137054 673.00061035
v -2.73351789 -68.76614380 673.00061035
v -2.73351789 -51.23386002 673.00061035
v -2.79162097 -68.90397644 673.00061035
v -2.79162097 -51.09601974 673.00061035
v -2.84278202 -69.04454041 673.00061035
v -2.84278202 -50.95545959 673.00061035
v -2.88687301 -50.81251907 673.00061035
v -2.88687301 -69.18747711 673.00061035
v -2.92378402 -69.33244324 673.00061035
v -2.92378402 -50.66756058 673.00061035
v -2.95342302 -69.47905731 673.00061035
v -2.95342302 -50.52093887 673.00061035
v -2.97571707 -69.62696838 673.00061035
v -2.97571707 -50.37303162 673.00061035
v 2.99261093 -69.77581024 673.00061035
v 4.30100012 -77.50000000 673.00061035
v 3.00006700 -69.92520905 673.00061035
v 3.00006700 -30.07478905 673.00061035
v 3.00006700 -70.07479095 673.00061035
v 4.30100012 -77.50000000 673.00061035
v 3.00006700 -69.92520905 673.00061035
v 2.99261093 -70.22418976 673.00061035
v 3.00006700 -70.07479095 673.00061035
v 3.00006700 9.92520905 673.00061035
v 2.97771811 -70.37303162 673.00061035
v 2.95542312 -70.52095032 673.00061035
v 2.92578411 -70.66757202 673.00061035
v 2.88887310 -70.81253052 673.00061035
v 2.84478211 -70.95545959 673.00061035
v 2.79362106 -71.09603119 673.00061035
v 2.73551798 -71.23387146 673.00061035
v 2.67061496 -71.36862946 673.00061035
v 2.59907603 -71.50000000 673.00061035
v 2.52107811 -71.62763977 673.00061035
v 2.43681407 -71.75122833 673.00061035
v 2.34649396 -71.87046814 673.00061035
v 2.25034404 -71.98506165 673.00061035
v 2.14860106 -72.09471130 673.00061035
v 2.04151797 -72.19915771 673.00061035
v 1.92936301 -72.29814148 673.00061035
v 1.81241298 -72.39140320 673.00061035
v 1.69096005 -72.47872162 673.00061035
v 1.56530595 -72.55988312 673.00061035
v 1.43576205 -72.63466644 673.00061035
v 1.30265105 -72.70291138 673.00061035
v 1.16630399 -72.76442719 673.00061035
v 1.02706003 -72.81907654 673.00061035
v 0.88526553 -72.86672211 673.00061035
v 0.74127221 -72.90724182 673.00061035
v 3.00006700 -50.07479095 673.00061035
v 4.30100012 -77.50000000 673.00061035
v 3.00006700 -49.92520142 673.00061035
v 0.59543842 -72.94052124 673.00061035
v 2.99261093 -50.22418976 673.00061035
v 4.30100012 -77.50000000 673.00061035
v 3.00006700 -50.07479095 673.00061035
v 0.44812679 -72.96649170 673.00061035
v 2.99261093 -50.22418976 673.00061035
v 0.29970351 -72.98509216 673.00061035
v 0.15053760 -72.99626923 673.00061035
v 0.00099999 -73.00000000 673.00061035
v 3.00006700 -30.07478905 673.00061035
v 3.00006700 -29.92521095 673.00061035
v 3.00006700 -10.07479000 673.00061035
v 4.30100012 -77.50000000 673.00061035
v 3.00006700 -9.92520905 673.00061035
v -4.29899979 -77.50000000 673.00061035
v -0.14853761 -72.99626923 673.00061035
v -0.29770350 -72.98509216 673.00061035
v -0.44612679 -72.96649170 673.00061035
v -0.59343851 -72.94052124 673.00061035
v -0.73927218 -72.90724182 673.00061035
v -0.88326550 -72.86672211 673.00061035
v -1.02506006 -72.81907654 673.00061035
v -1.16430402 -72.76442719 673.00061035
v -1.30065095 -72.70291138 673.00061035
v -1.43376195 -72.63466644 673.00061035
v -1.56330597 -72.55988312 673.00061035
v -1.68895996 -72.47872162 673.00061035
v -1.81041300 -72.39140320 673.00061035
v -1.92736304 -72.29814148 673.00061035
v -2.03951812 -72.19915771 673.00061035
v -2.14660001 -72.09471130 673.00061035
v -2.24834394 -71.98506165 673.00061035
v -2.34449410 -71.87046814 673.00061035
v -2.43481398 -71.75122833 673.00061035
v -2.51907802 -71.62763977 673.00061035
v -2.59707594 -71.50000000 673.00061035
v -2.66861510 -71.36862946 673.00061035
v -2.73351789 -71.23387146 673.00061035
v -2.79162097 -71.09603119 673.00061035
v -2.84278202 -70.95545959 673.00061035
v -2.88687301 -70.81253052 673.00061035
v -2.92378402 -70.66757202 673.00061035
v -2.95342302 -70.52095032 673.00061035
v -2.97571707 -70.37303162 673.00061035
v -2.99061108 -70.22418976 673.00061035
v -2.99806809 -70.07479095 673.00061035
v -2.99806809 -69.92520905 673.00061035
v -4.29899979 -77.50000000 673.00061035
v -2.99806809 -70.07479095 673.00061035
v -2.99061108 -69.77581024 673.00061035
v -2.99806809 -69.92520905 673.00061035
v -2.99806809 -30.07478905 673.00061035
v -4.29899979 77.50000000 673.00061035
v -2.99806809 -30.07478905 673.00061035
v -2.99806809 -29.92521095 673.00061035
v -2.99806809 -29.92521095 673.00061035
v -2.99061108 -29.77581024 673.00061035
v -2.99061108 -29.77581024 673.00061035
v -2.99806809 -10.07479000 673.00061035
v -4.29899979 77.50000000 673.00061035
v -2.99806809 -10.07479000 673.00061035
v -2.99806809 -9.92520905 673.00061035
v -2.99806809 -9.92520905 673.00061035
v -2.99061108 -9.77581024 673.00061035
v -2.99806809 9.92520905 673.00061035
v -2.99806809 9.92520905 673.00061035
v -2.99806809 10.07479000 673.00061035
v -2.99806809 10.07479000 673.00061035
v -2.99061108 10.22418976 673.00061035
v -2.99806809 29.92521095 673.00061035
v -4.29899979 77.50000000 673.00061035
v -2.99806809 29.92521095 673.00061035
v -2.99806809 30.07478905 673.00061035
v -2.99806809 30.07478905 673.00061035
v -2.99061108 30.22418976 673.00061035
v -2.99806809 49.92520142 673.00061035
v -2.99806809 49.92520142 673.00061035
v -2.99806809 50.07479095 673.00061035
v -2.99806809 50.07479095 673.00061035
v -2.99061108 50.22418976 673.00061035
v -2.99061108 50.22418976 673.00061035
v -2.99061108 -30.22418976 673.00061035
v -2.99806809 -49.92520142 673.00061035
v -2.99061108 -49.77581024 673.00061035
v -2.99806809 -10.07479000 673.00061035
v -2.97571707 -29.62697029 673.00061035
v -2.99061108 -10.22418976 673.00061035
v -2.99061108 -10.22418976 673.00061035
v -2.99806809 9.92520905 673.00061035
v -2.97571707 -9.62697029 673.00061035
v -2.99061108 9.77581024 673.00061035
v -2.99061108 9.77581024 673.00061035
v -2.97571707 -9.62697029 673.00061035
v -2.97571707 9.62697029 673.00061035
v -2.99806809 29.92521095 673.00061035
v -2.97571707 10.37302971 673.00061035
v -2.99061108 29.77581024 673.00061035
v -2.99061108 29.77581024 673.00061035
v -2.99061108 49.77581024 673.00061035
v -2.99806809 -49.92520142 673.00061035
v -4.29899979 -77.50000000 673.00061035
v -2.99806809 -50.07479095 673.00061035
v -2.99806809 -50.07479095 673.00061035
v -4.29899979 -77.50000000 673.00061035
v -2.99061108 -50.22418976 673.00061035
v -2.99061108 -50.22418976 673.00061035
v -4.29899979 77.50000000 673.00061035
v -4.49900007 77.50000000 672.80047607
v -4.29899979 -77.50000000 673.00061035
v -4.49900007 -77.50000000 672.80047607
v -4.49900007 -77.50000000 672.54400635
v -4.49900007 77.50000000 672.80047607
v -4.49900007 77.50000000 672.54400635
v -4.49900007 -77.50000000 672.80047607
v -4.49900007 77.50000000 672.54400635
v -4.22055101 77.50000000 672.38317871
v -4.49900007 -77.50000000 672.54400635
v -4.22055101 -77.50000000 672.38317871
v -3.75383902 77.50000000 671.85052490
v -3.75383902 -77.50000000 671.85052490
v -3.77461004 77.50000000 671.89770508
v -3.75383902 -77.50000000 671.85052490
v -3.77461004 -77.50000000 671.89770508
v -3.77461004 77.50000000 671.89770508
v -3.77461004 77.50000000 671.89770508
v -3.79756498 -77.50000000 671.94372559
v -3.79756498 77.50000000 671.94372559
v -3.77461004 -77.50000000 671.89770508
v -3.82265091 77.50000000 671.98870850
v -3.82265091 -77.50000000 671.98870850
v -3.84981608 77.50000000 672.03247070
v -3.79756498 77.50000000 671.94372559
v -3.82265091 -77.50000000 671.98870850
v -3.82265091 77.50000000 671.98870850
v -3.79756498 -77.50000000 671.94372559
v -3.84981608 -77.50000000 672.03247070
v -3.87899804 77.50000000 672.07489014
v -3.87899804 -77.50000000 672.07489014
v -3.91013408 77.50000000 672.11590576
v -3.84981608 77.50000000 672.03247070
v -3.87899804 -77.50000000 672.07489014
v -3.87899804 77.50000000 672.07489014
v -3.84981608 -77.50000000 672.03247070
v -3.91013408 -77.50000000 672.11590576
v -3.91013408 77.50000000 672.11590576
v -3.94315600 -77.50000000 672.15551758
v -3.94315600 77.50000000 672.15551758
v -3.91013408 -77.50000000 672.11590576
v -3.97799206 77.50000000 672.19342041
v -3.97799206 -77.50000000 672.19342041
v -4.01456404 77.50000000 672.22961426
v -3.94315600 77.50000000 672.15551758
v -3.97799206 -77.50000000 672.19342041
v -3.97799206 77.50000000 672.19342041
v -3.94315600 -77.50000000 672.15551758
v -4.01456404 77.50000000 672.22961426
v -4.01456404 -77.50000000 672.22961426
v -4.05279303 77.50000000 672.26422119
v -4.01456404 -77.50000000 672.22961426
v -4.05279303 -77.50000000 672.26422119
v -4.05279303 77.50000000 672.26422119
v -4.09259510 -77.50000000 672.29681396
v -4.09259510 77.50000000 672.29681396
v -4.05279303 -77.50000000 672.26422119
v -4.09259510 77.50000000 672.29681396
v -4.13388300 -77.50000000 672.32757568
v -4.13388300 77.50000000 672.32757568
v -4.09259510 -77.50000000 672.29681396
v -4.13388300 77.50000000 672.32757568
v -4.17656612 -77.50000000 672.35638428
v -4.17656612 77.50000000 672.35638428
v -4.13388300 -77.50000000 672.32757568
v -4.17656612 77.50000000 672.35638428
v -4.22055101 -77.50000000 672.38317871
v -4.22055101 77.50000000 672.38317871
v -4.17656612 -77.50000000 672.35638428
v -3.09899998 -77.50000000 671.85052490
v -3.75383902 77.50000000 671.85052490
v -3.09899998 77.50000000 671.85052490
v -3.75383902 -77.50000000 671.85052490
v -3.09899998 -77.50000000 671.15051270
v -3.09899998 77.50000000 671.85052490
v -3.09899998 77.50000000 671.15051270
v -3.09899998 -77.50000000 671.85052490
v -3.75383902 77.50000000 671.15051270
v -3.75383902 -77.50000000 671.15051270
v -3.09899998 77.50000000 671.15051270
v -3.09899998 -77.50000000 671.15051270
v -4.22055101 -77.50000000 670.61791992
v -4.17656612 -77.50000000 670.64471436
v -4.22055101 77.50000000 670.61791992
v -4.17656612 77.50000000 670.64471436
v -4.17656612 77.50000000 670.64471436
v -4.13388300 -77.50000000 670.67352295
v -4.13388300 77.50000000 670.67352295
v -4.17656612 -77.50000000 670.64471436
v -4.13388300 77.50000000 670.67352295
v -4.09259510 -77.50000000 670.70422363
v -4.09259510 77.50000000 670.70422363
v -4.13388300 -77.50000000 670.67352295
v -4.09259510 77.50000000 670.70422363
v -4.05279303 -77.50000000 670.73687744
v -4.05279303 77.50000000 670.73687744
v -4.09259510 -77.50000000 670.70422363
v -4.05279303 -77.50000000 670.73687744
v -4.09259510 77.50000000 670.70422363
v -4.05279303 77.50000000 670.73687744
v -4.01456404 -77.50000000 670.77142334
v -4.01456404 77.50000000 670.77142334
v -4.05279303 -77.50000000 670.73687744
v -3.97799206 77.50000000 670.80767822
v -3.97799206 -77.50000000 670.80767822
v -3.94315600 77.50000000 670.84558105
v -4.01456404 77.50000000 670.77142334
v -3.97799206 -77.50000000 670.80767822
v -3.97799206 77.50000000 670.80767822
v -4.01456404 -77.50000000 670.77142334
v -3.94315600 -77.50000000 670.84558105
v -3.91013408 77.50000000 670.88507080
v -3.91013408 -77.50000000 670.88507080
v -3.87899804 77.50000000 670.92620850
v -3.94315600 77.50000000 670.84558105
v -3.91013408 -77.50000000 670.88507080
v -3.91013408 77.50000000 670.88507080
v -3.94315600 -77.50000000 670.84558105
v -3.87899804 -77.50000000 670.92620850
v -3.84981608 77.50000000 670.96862793
v -3.84981608 -77.50000000 670.96862793
v -3.82265091 77.50000000 671.01239014
v -3.87899804 77.50000000 670.92620850
v -3.84981608 -77.50000000 670.96862793
v -3.84981608 77.50000000 670.96862793
v -3.87899804 -77.50000000 670.92620850
v -3.82265091 -77.50000000 671.01239014
v -3.82265091 77.50000000 671.01239014
v -3.79756498 -77.50000000 671.05731201
v -3.79756498 77.50000000 671.05731201
v -3.82265091 -77.50000000 671.01239014
v -3.79756498 77.50000000 671.05731201
v -3.77461004 -77.50000000 671.10339355
v -3.77461004 77.50000000 671.10339355
v -3.79756498 -77.50000000 671.05731201
v -3.77461004 77.50000000 671.10339355
v -3.75383902 -77.50000000 671.15051270
v -3.75383902 77.50000000 671.15051270
v -3.77461004 -77.50000000 671.10339355
v -3.75383902 -77.50000000 671.15051270
v -3.77461004 77.50000000 671.10339355
v -4.22055101 77.50000000 670.61791992
v -4.49900007 77.50000000 670.45721436
v -4.22055101 -77.50000000 670.61791992
v -4.49900007 -77.50000000 670.45721436
v -4.49900007 -77.50000000 667.80047607
v -4.49900007 77.50000000 670.45721436
v -4.49900007 77.50000000 667.80047607
v -4.49900007 -77.50000000 670.45721436
v -4.49900007 77.50000000 667.80047607
v -4.19899988 77.50000000 667.50061035
v -4.49900007 -77.50000000 667.80047607
v -4.19899988 -77.50000000 667.50061035
v 4.20100021 -77.50000000 667.50061035
v 1.19130194 -71.28285217 667.50061035
v 1.25376701 -71.22191620 667.50061035
v 1.31311703 -71.15795135 667.50061035
v 1.12587798 -71.34058380 667.50061035
v 1.36920500 -71.09111023 667.50061035
v 1.05765796 -71.39498138 667.50061035
v 1.42189205 -71.02156067 667.50061035
v 0.98681009 -71.44592285 667.50061035
v 1.47104502 -70.94946289 667.50061035
v 0.91351157 -71.49326324 667.50061035
v 1.51654398 -70.87500000 667.50061035
v 0.83794451 -71.53688812 667.50061035
v 1.55827606 -70.79837036 667.50061035
v 0.76029652 -71.57669830 667.50061035
v 1.59613502 -70.71974945 667.50061035
v 0.68076098 -71.61258698 667.50061035
v 1.63002896 -70.63935089 667.50061035
v 0.59953523 -71.64447021 667.50061035
v 1.65987301 -70.55735016 667.50061035
v 0.51682162 -71.67224884 667.50061035
v 1.68559206 -70.47396851 667.50061035
v 0.43282551 -71.69589233 667.50061035
v 1.70712399 -70.38941193 667.50061035
v 0.34775570 -71.71530151 667.50061035
v 1.72441304 -70.30388641 667.50061035
v 0.26182401 -71.73046112 667.50061035
v 1.73741901 -70.21759796 667.50061035
v 0.17524371 -71.74131012 667.50061035
v 1.74610603 -70.13078308 667.50061035
v 0.08823031 -71.74783325 667.50061035
v 1.75045598 -70.04364014 667.50061035
v -4.19899988 -77.50000000 667.50061035
v 0.00099999 -71.75000000 667.50061035
v 1.75045598 -69.95636749 667.50061035
v -0.08623027 -71.74783325 667.50061035
v 1.74610603 -69.86923218 667.50061035
v -0.17324370 -71.74131012 667.50061035
v 1.73741901 -69.78240204 667.50061035
v -0.25982401 -71.73046112 667.50061035
v 1.72441304 -69.69612122 667.50061035
v -0.34575579 -71.71530151 667.50061035
v 1.70712399 -69.61058807 667.50061035
v -0.43082541 -71.69589233 667.50061035
v -0.51482153 -71.67224884 667.50061035
v -0.59753531 -71.64447021 667.50061035
v -0.67876089 -71.61258698 667.50061035
v -0.75829661 -71.57669830 667.50061035
v -0.83594447 -71.53688812 667.50061035
v -0.91151160 -71.49326324 667.50061035
v -0.98481011 -71.44592285 667.50061035
v -1.05565798 -71.39498138 667.50061035
v -1.12387800 -71.34058380 667.50061035
v -1.18930197 -71.28285217 667.50061035
v -1.25176704 -71.22191620 667.50061035
v -1.31111705 -71.15795135 667.50061035
v -1.36720502 -71.09111023 667.50061035
v -1.41989100 -71.02156067 667.50061035
v -1.46904504 -70.94946289 667.50061035
v -1.51454401 -70.87500000 667.50061035
v -1.55627596 -70.79837036 667.50061035
v -1.59413505 -70.71974945 667.50061035
v -1.62802899 -70.63935089 667.50061035
v -1.65787303 -70.55735016 667.50061035
v -1.68359196 -70.47396851 667.50061035
v -1.70512402 -70.38941193 667.50061035
v -1.72241402 -70.30388641 667.50061035
v -1.73541903 -70.21759796 667.50061035
v -1.74410701 -70.13078308 667.50061035
v -1.74845600 -70.04364014 667.50061035
v -1.74845600 -69.95636749 667.50061035
v -1.74410701 -69.86923218 667.50061035
v -1.73541903 -69.78240204 667.50061035
v -1.72241402 -69.69612122 667.50061035
v -1.70512402 -69.61058807 667.50061035
v 1.19130194 -68.71716309 667.50061035
v 1.25376701 -51.22192001 667.50061035
v 1.25376701 -68.77809143 667.50061035
v 1.19130194 -51.28284073 667.50061035
v 1.31311703 -51.15795135 667.50061035
v 1.31311703 -68.84204865 667.50061035
v 1.12587798 -51.34056854 667.50061035
v 1.05765796 -68.60501862 667.50061035
v 1.12587798 -68.65943146 667.50061035
v 1.36920500 -51.09111023 667.50061035
v 1.36920500 -68.90888977 667.50061035
v 1.05765796 -51.39498138 667.50061035
v 1.42189205 -51.02154922 667.50061035
v 1.42189205 -68.97844696 667.50061035
v 0.98681009 -51.44591904 667.50061035
v 0.98681009 -68.55409241 667.50061035
v 1.47104502 -50.94945145 667.50061035
v 1.47104502 -69.05055237 667.50061035
v 1.51654398 -69.12500000 667.50061035
v 0.91351157 -51.49325943 667.50061035
v 0.83794451 -68.46311188 667.50061035
v 0.91351157 -68.50675201 667.50061035
v 1.51654398 -50.87500000 667.50061035
v 0.83794451 -51.53688049 667.50061035
v 1.55827606 -50.79837036 667.50061035
v 1.55827606 -69.20162964 667.50061035
v 0.76029652 -51.57669067 667.50061035
v 0.76029652 -68.42330170 667.50061035
v 1.59613502 -50.71974945 667.50061035
v 1.59613502 -69.28025055 667.50061035
v 1.63002896 -69.36065674 667.50061035
v 0.68076098 -51.61257935 667.50061035
v 0.68076098 -68.38742065 667.50061035
v 1.63002896 -50.63933945 667.50061035
v 0.59953523 -68.35553741 667.50061035
v 0.59953523 -51.64445877 667.50061035
v 1.65987301 -50.55735016 667.50061035
v 1.65987301 -69.44264984 667.50061035
v 1.68559206 -69.52603149 667.50061035
v 0.51682162 -51.67224884 667.50061035
v 0.43282551 -68.30412292 667.50061035
v 0.51682162 -68.32775116 667.50061035
v 1.68559206 -50.47396851 667.50061035
v 0.43282551 -51.69588089 667.50061035
v 1.70712399 -50.38940811 667.50061035
v 0.34775570 -51.71530151 667.50061035
v 0.34775570 -68.28469849 667.50061035
v 1.72441304 -50.30387878 667.50061035
v 0.26182401 -51.73044968 667.50061035
v 0.26182401 -68.26954651 667.50061035
v 1.72441304 -50.30387878 667.50061035
v 1.73741901 -50.21760178 667.50061035
v 4.20100021 -77.50000000 667.50061035
v 0.17524371 -51.74129868 667.50061035
v 0.17524371 -68.25869751 667.50061035
v 1.73741901 -50.21760178 667.50061035
v 1.74610603 -50.13077927 667.50061035
v 4.20100021 -77.50000000 667.50061035
v 0.00099999 -68.25000000 667.50061035
v 0.08823031 -51.74782181 667.50061035
v 0.08823031 -68.25218201 667.50061035
v 1.74610603 -50.13077927 667.50061035
v 1.75045598 -50.04362869 667.50061035
v 0.00099999 -51.75000000 667.50061035
v 1.75045598 -50.04362869 667.50061035
v 1.75045598 -49.95637131 667.50061035
v -0.08623027 -68.25218201 667.50061035
v -0.08623027 -51.74782181 667.50061035
v -0.17324370 -68.25869751 667.50061035
v -0.17324370 -51.74129868 667.50061035
v -0.25982401 -68.26954651 667.50061035
v -0.25982401 -51.73044968 667.50061035
v -0.34575579 -51.71530151 667.50061035
v -0.43082541 -68.30412292 667.50061035
v -0.34575579 -68.28469849 667.50061035
v -0.43082541 -51.69588089 667.50061035
v -0.51482153 -68.32775116 667.50061035
v -0.51482153 -51.67224884 667.50061035
v -0.59753531 -51.64445877 667.50061035
v -0.67876089 -68.38742065 667.50061035
v -0.59753531 -68.35553741 667.50061035
v -0.67876089 -51.61257935 667.50061035
v -0.83594447 -68.46311188 667.50061035
v -0.75829661 -51.57669067 667.50061035
v -0.75829661 -68.42330170 667.50061035
v -0.83594447 -51.53688049 667.50061035
v -0.91151160 -51.49325943 667.50061035
v -0.91151160 -68.50675201 667.50061035
v -0.98481011 -51.44591904 667.50061035
v -1.05565798 -68.60501862 667.50061035
v -0.98481011 -68.55409241 667.50061035
v -1.05565798 -51.39498138 667.50061035
v -1.12387800 -51.34056854 667.50061035
v -1.18930197 -68.71716309 667.50061035
v -1.12387800 -68.65943146 667.50061035
v -1.18930197 -51.28284073 667.50061035
v -1.25176704 -51.22192001 667.50061035
v -1.31111705 -68.84204865 667.50061035
v -1.25176704 -68.77809143 667.50061035
v -1.36720502 -68.90888977 667.50061035
v -1.31111705 -51.15795135 667.50061035
v -1.36720502 -51.09111023 667.50061035
v -1.41989100 -68.97844696 667.50061035
v -1.41989100 -51.02154922 667.50061035
v -1.51454401 -69.12500000 667.50061035
v -1.46904504 -50.94945145 667.50061035
v -1.46904504 -69.05055237 667.50061035
v -1.55627596 -69.20162964 667.50061035
v -1.51454401 -50.87500000 667.50061035
v -1.55627596 -50.79837036 667.50061035
v -1.59413505 -50.71974945 667.50061035
v -1.62802899 -69.36065674 667.50061035
v -1.59413505 -69.28025055 667.50061035
v -1.62802899 -50.63933945 667.50061035
v -1.65787303 -69.44264984 667.50061035
v -1.65787303 -50.55735016 667.50061035
v -1.68359196 -69.52603149 667.50061035
v -1.68359196 -50.47396851 667.50061035
v -1.70512402 -50.38940811 667.50061035
v -1.72241402 -50.30387878 667.50061035
v -1.73541903 -50.21760178 667.50061035
v -4.19899988 -77.50000000 667.50061035
v -1.74410701 -50.13077927 667.50061035
v -1.73541903 -50.21760178 667.50061035
v 1.19130194 -48.71715927 667.50061035
v 1.25376701 -31.22192001 667.50061035
v 1.25376701 -48.77807999 667.50061035
v 1.31311703 -48.84204865 667.50061035
v 1.19130194 -31.28284073 667.50061035
v 1.31311703 -31.15794945 667.50061035
v 1.12587798 -31.34057999 667.50061035
v 1.12587798 -48.65942001 667.50061035
v 1.36920500 -31.09111023 667.50061035
v 1.36920500 -48.90888977 667.50061035
v 1.05765796 -48.60501862 667.50061035
v 1.05765796 -31.39497948 667.50061035
v 1.42189205 -31.02154922 667.50061035
v 1.42189205 -48.97845078 667.50061035
v 0.98681009 -31.44592094 667.50061035
v 0.98681009 -48.55408096 667.50061035
v 1.47104502 -30.94945908 667.50061035
v 1.47104502 -49.05054855 667.50061035
v 1.51654398 -49.12500000 667.50061035
v 0.91351157 -48.50674057 667.50061035
v 0.91351157 -31.49325943 667.50061035
v 1.51654398 -30.87500000 667.50061035
v 0.83794451 -48.46311188 667.50061035
v 0.83794451 -31.53689003 667.50061035
v 1.55827606 -30.79837036 667.50061035
v 1.55827606 -49.20162964 667.50061035
v 0.76029652 -48.42330170 667.50061035
v 0.76029652 -31.57670021 667.50061035
v 1.59613502 -30.71974945 667.50061035
v 1.59613502 -49.28025055 667.50061035
v 0.59953523 -48.35554123 667.50061035
v 0.68076098 -31.61257935 667.50061035
v 0.68076098 -48.38740921 667.50061035
v 1.63002896 -30.63935089 667.50061035
v 1.63002896 -49.36066055 667.50061035
v 1.65987301 -49.44264984 667.50061035
v 0.59953523 -31.64446068 667.50061035
v 1.65987301 -30.55735016 667.50061035
v 0.51682162 -48.32775116 667.50061035
v 0.51682162 -31.67225075 667.50061035
v 1.68559206 -30.47397041 667.50061035
v 1.68559206 -49.52603149 667.50061035
v 0.43282551 -48.30411148 667.50061035
v 0.43282551 -31.69589043 667.50061035
v 1.70712399 -30.38941002 667.50061035
v 1.70712399 -49.61059189 667.50061035
v 1.72441304 -49.69612122 667.50061035
v 0.34775570 -48.28469849 667.50061035
v 0.34775570 -31.71529961 667.50061035
v 1.72441304 -30.30389023 667.50061035
v 0.17524371 -48.25870132 667.50061035
v 0.26182401 -31.73044968 667.50061035
v 0.26182401 -48.26955032 667.50061035
v 1.73741901 -30.21759987 667.50061035
v 1.73741901 -49.78239822 667.50061035
v 0.17524371 -31.74131012 667.50061035
v 1.74610603 -30.13077927 667.50061035
v 1.74610603 -49.86922073 667.50061035
v 0.08823031 -48.25217056 667.50061035
v 0.08823031 -31.74781990 667.50061035
v 1.75045598 -30.04363060 667.50061035
v 0.00099999 -48.25000000 667.50061035
v 0.00099999 -31.75000000 667.50061035
v 1.75045598 -30.04363060 667.50061035
v 1.75045598 -29.95636940 667.50061035
v 4.20100021 -77.50000000 667.50061035
v -0.17324370 -48.25870132 667.50061035
v -0.08623027 -31.74781990 667.50061035
v -0.08623027 -48.25217056 667.50061035
v -0.17324370 -31.74131012 667.50061035
v -0.34575579 -48.28469849 667.50061035
v -0.25982401 -31.73044968 667.50061035
v -0.25982401 -48.26955032 667.50061035
v -0.34575579 -31.71529961 667.50061035
v -0.51482153 -48.32775116 667.50061035
v -0.43082541 -31.69589043 667.50061035
v -0.43082541 -48.30411148 667.50061035
v -0.51482153 -31.67225075 667.50061035
v -0.59753531 -48.35554123 667.50061035
v -0.59753531 -31.64446068 667.50061035
v -0.75829661 -48.42330170 667.50061035
v -0.67876089 -31.61257935 667.50061035
v -0.67876089 -48.38740921 667.50061035
v -0.75829661 -31.57670021 667.50061035
v -0.83594447 -48.46311188 667.50061035
v -0.83594447 -31.53689003 667.50061035
v -0.91151160 -31.49325943 667.50061035
v -0.98481011 -48.55408096 667.50061035
v -0.91151160 -48.50674057 667.50061035
v -0.98481011 -31.44592094 667.50061035
v -1.05565798 -48.60501862 667.50061035
v -1.05565798 -31.39497948 667.50061035
v -1.18930197 -48.71715927 667.50061035
v -1.12387800 -31.34057999 667.50061035
v -1.12387800 -48.65942001 667.50061035
v -1.18930197 -31.28284073 667.50061035
v -1.25176704 -48.77807999 667.50061035
v -1.25176704 -31.22192001 667.50061035
v -1.31111705 -48.84204865 667.50061035
v -1.31111705 -31.15794945 667.50061035
v -1.41989100 -48.97845078 667.50061035
v -1.36720502 -31.09111023 667.50061035
v -1.36720502 -48.90888977 667.50061035
v -1.46904504 -49.05054855 667.50061035
v -1.41989100 -31.02154922 667.50061035
v -1.46904504 -30.94945908 667.50061035
v -1.51454401 -49.12500000 667.50061035
v -1.51454401 -30.87500000 667.50061035
v -1.55627596 -49.20162964 667.50061035
v -1.55627596 -30.79837036 667.50061035
v -1.59413505 -49.28025055 667.50061035
v -1.59413505 -30.71974945 667.50061035
v -1.65787303 -49.44264984 667.50061035
v -1.62802899 -30.63935089 667.50061035
v -1.62802899 -49.36066055 667.50061035
v -1.65787303 -30.55735016 667.50061035
v -1.68359196 -49.52603149 667.50061035
v -1.68359196 -30.47397041 667.50061035
v -1.72241402 -49.69612122 667.50061035
v -1.70512402 -30.38941002 667.50061035
v -1.70512402 -49.61059189 667.50061035
v -1.73541903 -49.78239822 667.50061035
v -1.72241402 -30.30389023 667.50061035
v -1.73541903 -30.21759987 667.50061035
v 1.19130194 -28.71715927 667.50061035
v 1.25376701 -11.22192001 667.50061035
v 1.25376701 -28.77808952 667.50061035
v 1.12587798 -28.65942001 667.50061035
v 1.19130194 -11.28283978 667.50061035
v 1.31311703 -11.15795040 667.50061035
v 1.31311703 -28.84205055 667.50061035
v 1.12587798 -11.34057999 667.50061035
v 1.05765796 -28.60502052 667.50061035
v 1.36920500 -11.09111023 667.50061035
v 1.36920500 -28.90889931 667.50061035
v 1.05765796 -11.39498043 667.50061035
v 1.42189205 -11.02155018 667.50061035
v 1.42189205 -28.97845078 667.50061035
v 0.98681009 -28.55407906 667.50061035
v 0.98681009 -11.44591999 667.50061035
v 1.47104502 -10.94946003 667.50061035
v 1.47104502 -29.05055046 667.50061035
v 0.83794451 -28.46310997 667.50061035
v 0.91351157 -11.49326038 667.50061035
v 0.91351157 -28.50674057 667.50061035
v 1.51654398 -10.87500000 667.50061035
v 1.51654398 -29.12500000 667.50061035
v 0.83794451 -11.53689003 667.50061035
v 1.55827606 -10.79837036 667.50061035
v 1.55827606 -29.20162964 667.50061035
v 0.76029652 -11.57670021 667.50061035
v 0.76029652 -28.42329979 667.50061035
v 1.59613502 -10.71975040 667.50061035
v 1.59613502 -29.28025055 667.50061035
v 0.68076098 -11.61258030 667.50061035
v 0.68076098 -28.38742065 667.50061035
v 1.63002896 -10.63934994 667.50061035
v 1.63002896 -29.36064911 667.50061035
v 0.59953523 -11.64445972 667.50061035
v 0.59953523 -28.35553932 667.50061035
v 1.65987301 -10.55735016 667.50061035
v 1.65987301 -29.44264984 667.50061035
v 1.68559206 -29.52602959 667.50061035
v 0.51682162 -11.67224979 667.50061035
v 0.43282551 -28.30411911 667.50061035
v 0.51682162 -28.32774925 667.50061035
v 1.68559206 -10.47397041 667.50061035
v 0.43282551 -11.69589043 667.50061035
v 1.70712399 -10.38941002 667.50061035
v 1.70712399 -29.61058998 667.50061035
v 0.34775570 -28.28470039 667.50061035
v 0.34775570 -11.71529961 667.50061035
v 1.72441304 -10.30387974 667.50061035
v 1.72441304 -29.69611931 667.50061035
v 1.72441304 -29.69611931 667.50061035
v 1.72441304 -10.30387974 667.50061035
v 1.73741901 -29.78240013 667.50061035
v 0.26182401 -28.26955032 667.50061035
v 0.26182401 -11.73044968 667.50061035
v 1.73741901 -10.21759987 667.50061035
v 1.73741901 -29.78240013 667.50061035
v 1.74610603 -29.86922073 667.50061035
v 0.08823031 -28.25218010 667.50061035
v 0.17524371 -11.74129963 667.50061035
v 0.17524371 -28.25869942 667.50061035
v 1.74610603 -10.13078022 667.50061035
v 0.08823031 -11.74781990 667.50061035
v 1.75045598 -10.04362965 667.50061035
v 1.75045598 -29.95636940 667.50061035
v 0.00099999 -28.25000000 667.50061035
v 0.00099999 -11.75000000 667.50061035
v 1.75045598 -10.04362965 667.50061035
v 1.75045598 -9.95637226 667.50061035
v 4.20100021 -77.50000000 667.50061035
v -0.08623027 -11.74781990 667.50061035
v -0.08623027 -28.25218010 667.50061035
v -0.17324370 -11.74129963 667.50061035
v -0.17324370 -28.25869942 667.50061035
v -0.25982401 -11.73044968 667.50061035
v -0.25982401 -28.26955032 667.50061035
v -0.34575579 -11.71529961 667.50061035
v -0.34575579 -28.28470039 667.50061035
v -0.43082541 -11.69589043 667.50061035
v -0.51482153 -28.32774925 667.50061035
v -0.43082541 -28.30411911 667.50061035
v -0.51482153 -11.67224979 667.50061035
v -0.59753531 -28.35553932 667.50061035
v -0.59753531 -11.64445972 667.50061035
v -0.75829661 -28.42329979 667.50061035
v -0.67876089 -11.61258030 667.50061035
v -0.67876089 -28.38742065 667.50061035
v -0.75829661 -11.57670021 667.50061035
v -0.83594447 -28.46310997 667.50061035
v -0.83594447 -11.53689003 667.50061035
v -0.91151160 -11.49326038 667.50061035
v -0.91151160 -28.50674057 667.50061035
v -0.98481011 -11.44591999 667.50061035
v -1.05565798 -28.60502052 667.50061035
v -0.98481011 -28.55407906 667.50061035
v -1.05565798 -11.39498043 667.50061035
v -1.18930197 -28.71715927 667.50061035
v -1.12387800 -11.34057999 667.50061035
v -1.12387800 -28.65942001 667.50061035
v -1.18930197 -11.28283978 667.50061035
v -1.25176704 -28.77808952 667.50061035
v -1.25176704 -11.22192001 667.50061035
v -1.36720502 -28.90889931 667.50061035
v -1.31111705 -11.15795040 667.50061035
v -1.31111705 -28.84205055 667.50061035
v -1.36720502 -11.09111023 667.50061035
v -1.41989100 -28.97845078 667.50061035
v -1.41989100 -11.02155018 667.50061035
v -1.51454401 -29.12500000 667.50061035
v -1.46904504 -10.94946003 667.50061035
v -1.46904504 -29.05055046 667.50061035
v -1.51454401 -10.87500000 667.50061035
v -1.55627596 -29.20162964 667.50061035
v -1.55627596 -10.79837036 667.50061035
v -1.59413505 -29.28025055 667.50061035
v -1.59413505 -10.71975040 667.50061035
v -1.65787303 -29.44264984 667.50061035
v -1.62802899 -10.63934994 667.50061035
v -1.62802899 -29.36064911 667.50061035
v -1.65787303 -10.55735016 667.50061035
v -1.68359196 -29.52602959 667.50061035
v -1.68359196 -10.47397041 667.50061035
v -1.72241402 -29.69611931 667.50061035
v -1.70512402 -10.38941002 667.50061035
v -1.70512402 -29.61058998 667.50061035
v -1.72241402 -10.30387974 667.50061035
v -1.73541903 -29.78240013 667.50061035
v -1.73541903 -10.21759987 667.50061035
v -1.72241402 -29.69611931 667.50061035
v -1.73541903 -10.21759987 667.50061035
v 1.19130194 -8.71716022 667.50061035
v 1.25376701 8.77808571 667.50061035
v 1.25376701 -8.77808571 667.50061035
v 1.31311703 -8.84204960 667.50061035
v 1.19130194 8.71716022 667.50061035
v 1.31311703 8.84204960 667.50061035
v 1.12587798 -8.65942192 667.50061035
v 1.12587798 8.65942192 667.50061035
v 1.36920500 8.90889263 667.50061035
v 1.36920500 -8.90889263 667.50061035
v 1.42189205 -8.97844887 667.50061035
v 0.98681009 -8.55408192 667.50061035
v 1.05765796 8.60501766 667.50061035
v 1.05765796 -8.60501766 667.50061035
v 1.42189205 8.97844887 667.50061035
v 0.91351157 -8.50674057 667.50061035
v 0.98681009 8.55408192 667.50061035
v 1.47104502 9.05054379 667.50061035
v 1.47104502 -9.05054379 667.50061035
v 1.51654398 -9.12500000 667.50061035
v 0.91351157 8.50674057 667.50061035
v 1.51654398 9.12500000 667.50061035
v 1.55827606 -9.20163155 667.50061035
v 0.83794451 8.46311188 667.50061035
v 0.76029652 -8.42330456 667.50061035
v 0.83794451 -8.46311188 667.50061035
v 1.55827606 9.20163155 667.50061035
v 0.76029652 8.42330456 667.50061035
v 1.59613502 9.28024769 667.50061035
v 1.59613502 -9.28024769 667.50061035
v 0.68076098 8.38741684 667.50061035
v 0.68076098 -8.38741684 667.50061035
v 1.63002896 9.36065292 667.50061035
v 1.63002896 -9.36065292 667.50061035
v 0.59953523 -8.35553932 667.50061035
v 0.59953523 8.35553932 667.50061035
v 1.65987301 9.44264793 667.50061035
v 1.65987301 -9.44264793 667.50061035
v 0.43282551 -8.30411530 667.50061035
v 0.51682162 8.32774830 667.50061035
v 0.51682162 -8.32774830 667.50061035
v 1.68559206 9.52602959 667.50061035
v 1.68559206 -9.52602959 667.50061035
v 0.43282551 8.30411530 667.50061035
v 1.70712399 9.61058903 667.50061035
v 1.70712399 -9.61058903 667.50061035
v 0.34775570 8.28469944 667.50061035
v 0.34775570 -8.28469944 667.50061035
v 1.72441304 9.69611645 667.50061035
v 1.72441304 -9.69611645 667.50061035
v 1.73741901 -9.78239918 667.50061035
v 0.26182401 8.26954746 667.50061035
v 0.17524371 -8.25869656 667.50061035
v 0.26182401 -8.26954746 667.50061035
v 1.73741901 9.78239918 667.50061035
v 0.17524371 8.25869656 667.50061035
v 0.08823031 -8.25217628 667.50061035
v 1.74610603 9.86922264 667.50061035
v 1.74610603 -9.86922264 667.50061035
v 0.08823031 8.25217628 667.50061035
v 1.75045598 -9.95637226 667.50061035
v 1.75045598 9.95637226 667.50061035
v 0.00099999 8.25000000 667.50061035
v 0.00099999 -8.25000000 667.50061035
v -0.08623027 8.25217628 667.50061035
v -0.08623027 -8.25217628 667.50061035
v -0.17324370 8.25869656 667.50061035
v -0.17324370 -8.25869656 667.50061035
v -0.25982401 -8.26954746 667.50061035
v -0.25982401 8.26954746 667.50061035
v -0.34575579 -8.28469944 667.50061035
v -0.34575579 8.28469944 667.50061035
v -0.43082541 8.30411530 667.50061035
v -0.43082541 -8.30411530 667.50061035
v -0.59753531 -8.35553932 667.50061035
v -0.51482153 8.32774830 667.50061035
v -0.51482153 -8.32774830 667.50061035
v -0.59753531 8.35553932 667.50061035
v -0.67876089 8.38741684 667.50061035
v -0.67876089 -8.38741684 667.50061035
v -0.75829661 8.42330456 667.50061035
v -0.83594447 -8.46311188 667.50061035
v -0.75829661 -8.42330456 667.50061035
v -0.91151160 -8.50674057 667.50061035
v -0.83594447 8.46311188 667.50061035
v -0.91151160 8.50674057 667.50061035
v -0.98481011 8.55408192 667.50061035
v -0.98481011 -8.55408192 667.50061035
v -1.05565798 8.60501766 667.50061035
v -1.05565798 -8.60501766 667.50061035
v -1.12387800 8.65942192 667.50061035
v -1.12387800 -8.65942192 667.50061035
v -1.18930197 8.71716022 667.50061035
v -1.25176704 -8.77808571 667.50061035
v -1.18930197 -8.71716022 667.50061035
v -1.25176704 8.77808571 667.50061035
v -1.31111705 8.84204960 667.50061035
v -1.36720502 -8.90889263 667.50061035
v -1.31111705 -8.84204960 667.50061035
v -1.36720502 8.90889263 667.50061035
v -1.41989100 8.97844887 667.50061035
v -1.46904504 -9.05054379 667.50061035
v -1.41989100 -8.97844887 667.50061035
v -1.46904504 9.05054379 667.50061035
v -1.51454401 -9.12500000 667.50061035
v -1.51454401 9.12500000 667.50061035
v -1.55627596 9.20163155 667.50061035
v -1.55627596 -9.20163155 667.50061035
v -1.59413505 -9.28024769 667.50061035
v -1.59413505 9.28024769 667.50061035
v -1.62802899 9.36065292 667.50061035
v -1.65787303 -9.44264793 667.50061035
v -1.62802899 -9.36065292 667.50061035
v -1.65787303 9.44264793 667.50061035
v -1.68359196 -9.52602959 667.50061035
v -1.68359196 9.52602959 667.50061035
v -1.70512402 9.61058903 667.50061035
v -1.72241402 -9.69611645 667.50061035
v -1.70512402 -9.61058903 667.50061035
v -1.72241402 9.69611645 667.50061035
v -1.73541903 -9.78239918 667.50061035
v -1.73541903 9.78239918 667.50061035
v 1.19130194 11.28283978 667.50061035
v 1.25376701 28.77808952 667.50061035
v 1.25376701 11.22192001 667.50061035
v 1.31311703 11.15795040 667.50061035
v 1.19130194 28.71715927 667.50061035
v 1.31311703 28.84205055 667.50061035
v 1.12587798 28.65942001 667.50061035
v 1.05765796 11.39498043 667.50061035
v 1.12587798 11.34057999 667.50061035
v 1.36920500 28.90889931 667.50061035
v 1.36920500 11.09111023 667.50061035
v 1.05765796 28.60502052 667.50061035
v 1.42189205 28.97845078 667.50061035
v 1.42189205 11.02155018 667.50061035
v 0.98681009 28.55407906 667.50061035
v 0.91351157 11.49326038 667.50061035
v 0.98681009 11.44591999 667.50061035
v 1.47104502 29.05055046 667.50061035
v 1.47104502 10.94946003 667.50061035
v 0.91351157 28.50674057 667.50061035
v 1.51654398 29.12500000 667.50061035
v 1.51654398 10.87500000 667.50061035
v 0.83794451 28.46310997 667.50061035
v 0.76029652 11.57670021 667.50061035
v 0.83794451 11.53689003 667.50061035
v 1.55827606 29.20162964 667.50061035
v 1.55827606 10.79837036 667.50061035
v 0.76029652 28.42329979 667.50061035
v 1.59613502 29.28025055 667.50061035
v 1.59613502 10.71975040 667.50061035
v 0.68076098 28.38742065 667.50061035
v 0.68076098 11.61258030 667.50061035
v 1.63002896 29.36064911 667.50061035
v 1.63002896 10.63934994 667.50061035
v 1.59613502 29.28025055 667.50061035
v 1.63002896 29.36064911 667.50061035
v 1.59613502 10.71975040 667.50061035
v 0.59953523 28.35553932 667.50061035
v 0.59953523 11.64445972 667.50061035
v 1.65987301 29.44264984 667.50061035
v 1.65987301 10.55735016 667.50061035
v 0.51682162 28.32774925 667.50061035
v 0.43282551 11.69589043 667.50061035
v 0.51682162 11.67224979 667.50061035
v 1.68559206 29.52602959 667.50061035
v 1.68559206 10.47397041 667.50061035
v 0.43282551 28.30411911 667.50061035
v 1.70712399 29.61058998 667.50061035
v 1.70712399 10.38941002 667.50061035
v 1.72441304 10.30387974 667.50061035
v 0.34775570 28.28470039 667.50061035
v 0.26182401 11.73044968 667.50061035
v 0.34775570 11.71529961 667.50061035
v 1.72441304 29.69611931 667.50061035
v 0.26182401 28.26955032 667.50061035
v 1.73741901 29.78240013 667.50061035
v 1.73741901 10.21759987 667.50061035
v 1.72441304 29.69611931 667.50061035
v 1.73741901 29.78240013 667.50061035
v 1.72441304 10.30387974 667.50061035
v 0.08823031 11.74781990 667.50061035
v 0.17524371 28.25869942 667.50061035
v 0.17524371 11.74129963 667.50061035
v 1.74610603 29.86922073 667.50061035
v 1.74610603 10.13078022 667.50061035
v 1.75045598 10.04362965 667.50061035
v 0.08823031 28.25218010 667.50061035
v 1.75045598 29.95636940 667.50061035
v -0.08623027 11.74781990 667.50061035
v 0.00099999 28.25000000 667.50061035
v 0.00099999 11.75000000 667.50061035
v -0.08623027 28.25218010 667.50061035
v -0.17324370 11.74129963 667.50061035
v -0.17324370 28.25869942 667.50061035
v -0.25982401 11.73044968 667.50061035
v -0.25982401 28.26955032 667.50061035
v -0.34575579 11.71529961 667.50061035
v -0.34575579 28.28470039 667.50061035
v -0.43082541 28.30411911 667.50061035
v -0.43082541 11.69589043 667.50061035
v -0.51482153 28.32774925 667.50061035
v -0.51482153 11.67224979 667.50061035
v -0.59753531 28.35553932 667.50061035
v -0.59753531 11.64445972 667.50061035
v -0.67876089 28.38742065 667.50061035
v -0.67876089 11.61258030 667.50061035
v -0.75829661 28.42329979 667.50061035
v -0.75829661 11.57670021 667.50061035
v -0.83594447 28.46310997 667.50061035
v -0.91151160 11.49326038 667.50061035
v -0.83594447 11.53689003 667.50061035
v -0.91151160 28.50674057 667.50061035
v -0.98481011 28.55407906 667.50061035
v -0.98481011 11.44591999 667.50061035
v -1.05565798 28.60502052 667.50061035
v -1.05565798 11.39498043 667.50061035
v -1.12387800 28.65942001 667.50061035
v -1.12387800 11.34057999 667.50061035
v -1.18930197 28.71715927 667.50061035
v -1.18930197 11.28283978 667.50061035
v -1.25176704 28.77808952 667.50061035
v -1.25176704 11.22192001 667.50061035
v -1.31111705 28.84205055 667.50061035
v -1.31111705 11.15795040 667.50061035
v -1.36720502 11.09111023 667.50061035
v -1.36720502 28.90889931 667.50061035
v -1.41989100 11.02155018 667.50061035
v -1.41989100 28.97845078 667.50061035
v -1.46904504 10.94946003 667.50061035
v -1.46904504 29.05055046 667.50061035
v -1.51454401 10.87500000 667.50061035
v -1.51454401 29.12500000 667.50061035
v -1.55627596 29.20162964 667.50061035
v -1.59413505 10.71975040 667.50061035
v -1.55627596 10.79837036 667.50061035
v -1.59413505 29.28025055 667.50061035
v -1.62802899 29.36064911 667.50061035
v -1.62802899 10.63934994 667.50061035
v -1.65787303 29.44264984 667.50061035
v -1.65787303 10.55735016 667.50061035
v -1.68359196 29.52602959 667.50061035
v -1.68359196 10.47397041 667.50061035
v -1.70512402 29.61058998 667.50061035
v -1.70512402 10.38941002 667.50061035
v -1.72241402 29.69611931 667.50061035
v -1.73541903 10.21759987 667.50061035
v -1.72241402 10.30387974 667.50061035
v -1.73541903 10.21759987 667.50061035
v -1.73541903 29.78240013 667.50061035
v -1.72241402 29.69611931 667.50061035
v 1.19130194 31.28284073 667.50061035
v 1.25376701 48.77807999 667.50061035
v 1.25376701 31.22192001 667.50061035
v 1.31311703 31.15794945 667.50061035
v 1.19130194 48.71715927 667.50061035
v 1.31311703 48.84204865 667.50061035
v 1.12587798 31.34057999 667.50061035
v 1.12587798 48.65942001 667.50061035
v 1.36920500 48.90888977 667.50061035
v 1.36920500 31.09111023 667.50061035
v 1.05765796 31.39497948 667.50061035
v 1.05765796 48.60501862 667.50061035
v 1.42189205 48.97845078 667.50061035
v 1.42189205 31.02154922 667.50061035
v 0.98681009 31.44592094 667.50061035
v 0.98681009 48.55408096 667.50061035
v 1.47104502 49.05054855 667.50061035
v 1.47104502 30.94945908 667.50061035
v 1.51654398 30.87500000 667.50061035
v 0.91351157 31.49325943 667.50061035
v 0.91351157 48.50674057 667.50061035
v 1.51654398 49.12500000 667.50061035
v 1.55827606 30.79837036 667.50061035
v 0.83794451 31.53689003 667.50061035
v 0.83794451 48.46311188 667.50061035
v 1.55827606 49.20162964 667.50061035
v 0.76029652 48.42330170 667.50061035
v 0.76029652 31.57670021 667.50061035
v 1.59613502 49.28025055 667.50061035
v 1.59613502 30.71974945 667.50061035
v 0.59953523 31.64446068 667.50061035
v 0.68076098 48.38740921 667.50061035
v 0.68076098 31.61257935 667.50061035
v 1.63002896 49.36066055 667.50061035
v 1.63002896 30.63935089 667.50061035
v 0.59953523 48.35554123 667.50061035
v 1.65987301 49.44264984 667.50061035
v 1.65987301 30.55735016 667.50061035
v 1.68559206 30.47397041 667.50061035
v 0.43282551 31.69589043 667.50061035
v 0.51682162 48.32775116 667.50061035
v 0.51682162 31.67225075 667.50061035
v 1.68559206 49.52603149 667.50061035
v 1.70712399 30.38941002 667.50061035
v 0.43282551 48.30411148 667.50061035
v 1.70712399 49.61059189 667.50061035
v 0.34775570 31.71529961 667.50061035
v 0.34775570 48.28469849 667.50061035
v 1.72441304 49.69612122 667.50061035
v 1.72441304 30.30389023 667.50061035
v 0.26182401 31.73044968 667.50061035
v 0.26182401 48.26955032 667.50061035
v 1.73741901 49.78239822 667.50061035
v 1.73741901 30.21759987 667.50061035
v 0.17524371 31.74131012 667.50061035
v 0.17524371 48.25870132 667.50061035
v 1.74610603 49.86922073 667.50061035
v 1.74610603 30.13077927 667.50061035
v 0.08823031 48.25217056 667.50061035
v 0.00099999 31.75000000 667.50061035
v 0.08823031 31.74781990 667.50061035
v 1.75045598 49.95637131 667.50061035
v 1.75045598 30.04363060 667.50061035
v 0.00099999 48.25000000 667.50061035
v -0.08623027 31.74781990 667.50061035
v -0.08623027 48.25217056 667.50061035
v -0.17324370 48.25870132 667.50061035
v -0.17324370 31.74131012 667.50061035
v -0.34575579 31.71529961 667.50061035
v -0.25982401 48.26955032 667.50061035
v -0.25982401 31.73044968 667.50061035
v -0.34575579 48.28469849 667.50061035
v -0.43082541 48.30411148 667.50061035
v -0.43082541 31.69589043 667.50061035
v -0.51482153 31.67225075 667.50061035
v -0.51482153 48.32775116 667.50061035
v -0.67876089 31.61257935 667.50061035
v -0.59753531 48.35554123 667.50061035
v -0.59753531 31.64446068 667.50061035
v -0.67876089 48.38740921 667.50061035
v -0.75829661 31.57670021 667.50061035
v -0.75829661 48.42330170 667.50061035
v -0.91151160 31.49325943 667.50061035
v -0.83594447 48.46311188 667.50061035
v -0.83594447 31.53689003 667.50061035
v -0.98481011 31.44592094 667.50061035
v -0.91151160 48.50674057 667.50061035
v -0.98481011 48.55408096 667.50061035
v -1.05565798 31.39497948 667.50061035
v -1.05565798 48.60501862 667.50061035
v -1.12387800 31.34057999 667.50061035
v -1.12387800 48.65942001 667.50061035
v -1.18930197 31.28284073 667.50061035
v -1.18930197 48.71715927 667.50061035
v -1.31111705 31.15794945 667.50061035
v -1.25176704 48.77807999 667.50061035
v -1.25176704 31.22192001 667.50061035
v -1.31111705 48.84204865 667.50061035
v -1.36720502 31.09111023 667.50061035
v -1.36720502 48.90888977 667.50061035
v -1.41989100 48.97845078 667.50061035
v -1.41989100 31.02154922 667.50061035
v -1.46904504 30.94945908 667.50061035
v -1.46904504 49.05054855 667.50061035
v -1.51454401 30.87500000 667.50061035
v -1.51454401 49.12500000 667.50061035
v -1.55627596 30.79837036 667.50061035
v -1.55627596 49.20162964 667.50061035
v -1.59413505 30.71974945 667.50061035
v -1.59413505 49.28025055 667.50061035
v -1.62802899 30.63935089 667.50061035
v -1.62802899 49.36066055 667.50061035
v -1.65787303 30.55735016 667.50061035
v -1.65787303 49.44264984 667.50061035
v -1.70512402 30.38941002 667.50061035
v -1.68359196 49.52603149 667.50061035
v -1.68359196 30.47397041 667.50061035
v -1.70512402 49.61059189 667.50061035
v -1.72241402 30.30389023 667.50061035
v -1.72241402 49.69612122 667.50061035
v -1.73541903 30.21759987 667.50061035
v -1.73541903 49.78239822 667.50061035
v 1.19130194 51.28284073 667.50061035
v 1.19130194 68.71716309 667.50061035
v 1.25376701 51.22192001 667.50061035
v 1.25376701 68.77809143 667.50061035
v 1.31311703 68.84204865 667.50061035
v 1.31311703 51.15795135 667.50061035
v 1.05765796 51.39498138 667.50061035
v 1.12587798 68.65943146 667.50061035
v 1.12587798 51.34056854 667.50061035
v 1.36920500 68.90888977 667.50061035
v 1.36920500 51.09111023 667.50061035
v 1.42189205 51.02154922 667.50061035
v 1.05765796 68.60501862 667.50061035
v 1.42189205 68.97844696 667.50061035
v 0.98681009 51.44591904 667.50061035
v 0.98681009 68.55409241 667.50061035
v 1.47104502 69.05055237 667.50061035
v 1.47104502 50.94945145 667.50061035
v 1.51654398 50.87500000 667.50061035
v 0.91351157 68.50675201 667.50061035
v 0.83794451 51.53688049 667.50061035
v 0.91351157 51.49325943 667.50061035
v 1.51654398 69.12500000 667.50061035
v 1.55827606 50.79837036 667.50061035
v 0.83794451 68.46311188 667.50061035
v 1.55827606 69.20162964 667.50061035
v 0.76029652 68.42330170 667.50061035
v 0.76029652 51.57669067 667.50061035
v 1.59613502 69.28025055 667.50061035
v 1.59613502 50.71974945 667.50061035
v 0.68076098 68.38742065 667.50061035
v 0.68076098 51.61257935 667.50061035
v 1.63002896 69.36065674 667.50061035
v 1.63002896 50.63933945 667.50061035
v 0.59953523 51.64445877 667.50061035
v 0.59953523 68.35553741 667.50061035
v 1.65987301 69.44264984 667.50061035
v 1.65987301 50.55735016 667.50061035
v 0.43282551 51.69588089 667.50061035
v 0.51682162 68.32775116 667.50061035
v 0.51682162 51.67224884 667.50061035
v 1.68559206 69.52603149 667.50061035
v 1.68559206 50.47396851 667.50061035
v 1.70712399 50.38940811 667.50061035
v 0.43282551 68.30412292 667.50061035
v 1.70712399 69.61058807 667.50061035
v 0.34775570 68.28469849 667.50061035
v 0.26182401 51.73044968 667.50061035
v 0.34775570 51.71530151 667.50061035
v 0.26182401 68.26954651 667.50061035
v 0.17524371 51.74129868 667.50061035
v 0.17524371 68.25869751 667.50061035
v 0.08823031 51.74782181 667.50061035
v 0.08823031 68.25218201 667.50061035
v 0.00099999 51.75000000 667.50061035
v 0.00099999 68.25000000 667.50061035
v -0.08623027 68.25218201 667.50061035
v -0.08623027 51.74782181 667.50061035
v -0.17324370 68.25869751 667.50061035
v -0.25982401 51.73044968 667.50061035
v -0.17324370 51.74129868 667.50061035
v -0.25982401 68.26954651 667.50061035
v -0.34575579 51.71530151 667.50061035
v -0.34575579 68.28469849 667.50061035
v -0.43082541 68.30412292 667.50061035
v -0.43082541 51.69588089 667.50061035
v -0.51482153 68.32775116 667.50061035
v -0.51482153 51.67224884 667.50061035
v -0.59753531 68.35553741 667.50061035
v -0.59753531 51.64445877 667.50061035
v -0.75829661 51.57669067 667.50061035
v -0.67876089 68.38742065 667.50061035
v -0.67876089 51.61257935 667.50061035
v -0.75829661 68.42330170 667.50061035
v -0.83594447 51.53688049 667.50061035
v -0.83594447 68.46311188 667.50061035
v -0.91151160 68.50675201 667.50061035
v -0.91151160 51.49325943 667.50061035
v -0.98481011 68.55409241 667.50061035
v -0.98481011 51.44591904 667.50061035
v -1.05565798 51.39498138 667.50061035
v -1.05565798 68.60501862 667.50061035
v -1.12387800 51.34056854 667.50061035
v -1.12387800 68.65943146 667.50061035
v -1.18930197 51.28284073 667.50061035
v -1.18930197 68.71716309 667.50061035
v -1.25176704 68.77809143 667.50061035
v -1.31111705 51.15795135 667.50061035
v -1.25176704 51.22192001 667.50061035
v -1.31111705 68.84204865 667.50061035
v -1.41989100 51.02154922 667.50061035
v -1.36720502 68.90888977 667.50061035
v -1.36720502 51.09111023 667.50061035
v -1.41989100 68.97844696 667.50061035
v -1.46904504 50.94945145 667.50061035
v -1.46904504 69.05055237 667.50061035
v -1.51454401 50.87500000 667.50061035
v -1.51454401 69.12500000 667.50061035
v -1.59413505 50.71974945 667.50061035
v -1.55627596 69.20162964 667.50061035
v -1.55627596 50.79837036 667.50061035
v -1.59413505 69.28025055 667.50061035
v -1.65787303 50.55735016 667.50061035
v -1.62802899 69.36065674 667.50061035
v -1.62802899 50.63933945 667.50061035
v -1.65787303 69.44264984 667.50061035
v -1.68359196 69.52603149 667.50061035
v -1.68359196 50.47396851 667.50061035
v -1.70512402 69.61058807 667.50061035
v -1.70512402 50.38940811 667.50061035
v 1.75045598 10.04362965 667.50061035
v 4.20100021 77.50000000 667.50061035
v 1.75045598 9.95637226 667.50061035
v 4.20100021 77.50000000 667.50061035
v 1.75045598 30.04363060 667.50061035
v 4.20100021 77.50000000 667.50061035
v 1.75045598 29.95636940 667.50061035
v 0.00099999 71.75000000 667.50061035
v 0.08823031 71.74783325 667.50061035
v 0.17524371 71.74131012 667.50061035
v 1.72441304 50.30387878 667.50061035
v 0.26182401 71.73046112 667.50061035
v 1.72441304 50.30387878 667.50061035
v 4.20100021 77.50000000 667.50061035
v 1.73741901 50.21760178 667.50061035
v 0.34775570 71.71530151 667.50061035
v 1.73741901 50.21760178 667.50061035
v 4.20100021 77.50000000 667.50061035
v 1.74610603 50.13077927 667.50061035
v 0.43282551 71.69589233 667.50061035
v 1.74610603 50.13077927 667.50061035
v 1.75045598 50.04362869 667.50061035
v 0.51682162 71.67224884 667.50061035
v 0.59953523 71.64447021 667.50061035
v 1.75045598 50.04362869 667.50061035
v 0.68076098 71.61258698 667.50061035
v 0.76029652 71.57669830 667.50061035
v 0.83794451 71.53688812 667.50061035
v 0.91351157 71.49326324 667.50061035
v 0.98681009 71.44592285 667.50061035
v 1.05765796 71.39498138 667.50061035
v 1.12587798 71.34058380 667.50061035
v 1.19130194 71.28285217 667.50061035
v 1.25376701 71.22191620 667.50061035
v 1.31311703 71.15795135 667.50061035
v 1.36920500 71.09111023 667.50061035
v 1.42189205 71.02156067 667.50061035
v 1.47104502 70.94946289 667.50061035
v 1.51654398 70.87500000 667.50061035
v 1.55827606 70.79837036 667.50061035
v 1.59613502 70.71974945 667.50061035
v 1.63002896 70.63935089 667.50061035
v 1.65987301 70.55735016 667.50061035
v 1.68559206 70.47396851 667.50061035
v 1.70712399 70.38941193 667.50061035
v 1.72441304 70.30388641 667.50061035
v 1.73741901 70.21759796 667.50061035
v 1.74610603 70.13078308 667.50061035
v 1.75045598 70.04364014 667.50061035
v 1.75045598 69.95636749 667.50061035
v 1.74610603 69.86923218 667.50061035
v 1.73741901 69.78240204 667.50061035
v 1.72441304 69.69612122 667.50061035
v -1.74410701 50.13077927 667.50061035
v -4.19899988 77.50000000 667.50061035
v -1.73541903 50.21760178 667.50061035
v -1.73541903 50.21760178 667.50061035
v -4.19899988 77.50000000 667.50061035
v -1.72241402 50.30387878 667.50061035
v -1.72241402 50.30387878 667.50061035
v -4.19899988 77.50000000 667.50061035
v -1.72241402 69.69612122 667.50061035
v -1.73541903 69.78240204 667.50061035
v -1.74410701 69.86923218 667.50061035
v -1.74845600 69.95636749 667.50061035
v -1.74845600 70.04364014 667.50061035
v -1.74410701 70.13078308 667.50061035
v -1.73541903 70.21759796 667.50061035
v -1.72241402 70.30388641 667.50061035
v -1.70512402 70.38941193 667.50061035
v -1.68359196 70.47396851 667.50061035
v -1.65787303 70.55735016 667.50061035
v -1.62802899 70.63935089 667.50061035
v -1.59413505 70.71974945 667.50061035
v -1.55627596 70.79837036 667.50061035
v -1.51454401 70.87500000 667.50061035
v -1.46904504 70.94946289 667.50061035
v -1.41989100 71.02156067 667.50061035
v -1.36720502 71.09111023 667.50061035
v -1.31111705 71.15795135 667.50061035
v -1.25176704 71.22191620 667.50061035
v -1.18930197 71.28285217 667.50061035
v -1.12387800 71.34058380 667.50061035
v -1.05565798 71.39498138 667.50061035
v -0.98481011 71.44592285 667.50061035
v -0.91151160 71.49326324 667.50061035
v -0.83594447 71.53688812 667.50061035
v -0.75829661 71.57669830 667.50061035
v -0.67876089 71.61258698 667.50061035
v -0.59753531 71.64447021 667.50061035
v -0.51482153 71.67224884 667.50061035
v -0.43082541 71.69589233 667.50061035
v -0.34575579 71.71530151 667.50061035
v -0.25982401 71.73046112 667.50061035
v -0.17324370 71.74131012 667.50061035
v -0.08623027 71.74783325 667.50061035
v -1.74845600 -50.04362869 667.50061035
v -4.19899988 -77.50000000 667.50061035
v -1.74845600 -50.04362869 667.50061035
v -1.74410701 -50.13077927 667.50061035
v -1.74845600 -50.04362869 667.50061035
v -4.19899988 77.50000000 667.50061035
v -1.74845600 -49.95637131 667.50061035
v -1.74845600 -49.95637131 667.50061035
v -4.19899988 77.50000000 667.50061035
v -1.74410701 -49.86922073 667.50061035
v -1.74410701 -49.86922073 667.50061035
v -1.74845600 -30.04363060 667.50061035
v -1.74410701 -30.13077927 667.50061035
v -1.74845600 -29.95636940 667.50061035
v -1.74410701 -29.86922073 667.50061035
v -1.74410701 -29.86922073 667.50061035
v -1.73541903 -29.78240013 667.50061035
v -1.73541903 -29.78240013 667.50061035
v -1.74845600 -10.04362965 667.50061035
v -1.74410701 -10.13078022 667.50061035
v -1.74410701 -10.13078022 667.50061035
v -1.73541903 -10.21759987 667.50061035
v -1.74845600 -10.04362965 667.50061035
v -1.74845600 -9.95637226 667.50061035
v -1.74845600 -9.95637226 667.50061035
v -1.74410701 -9.86922264 667.50061035
v -1.74410701 -9.86922264 667.50061035
v -1.74845600 9.95637226 667.50061035
v -1.74410701 9.86922264 667.50061035
v -1.74845600 9.95637226 667.50061035
v -1.74845600 10.04362965 667.50061035
v -1.74845600 10.04362965 667.50061035
v -1.74410701 10.13078022 667.50061035
v -1.74410701 10.13078022 667.50061035
v -1.73541903 10.21759987 667.50061035
v -1.74845600 29.95636940 667.50061035
v -1.74410701 29.86922073 667.50061035
v -1.73541903 29.78240013 667.50061035
v -1.74845600 29.95636940 667.50061035
v -4.19899988 77.50000000 667.50061035
v -1.74845600 30.04363060 667.50061035
v -1.74845600 30.04363060 667.50061035
v -1.74410701 30.13077927 667.50061035
v -1.74410701 30.13077927 667.50061035
v -1.73541903 30.21759987 667.50061035
v -1.74410701 49.86922073 667.50061035
v -1.74845600 49.95637131 667.50061035
v -1.74845600 50.04362869 667.50061035
v -1.74845600 50.04362869 667.50061035
v -1.74410701 50.13077927 667.50061035
v 4.20100021 77.50000000 667.50061035
v 4.50099993 77.50000000 667.80047607
v 4.20100021 -77.50000000 667.50061035
v 4.50099993 -77.50000000 667.80047607
v 4.50099993 77.50000000 670.45721436
v 4.50099993 -77.50000000 670.45721436
v 4.50099993 77.50000000 667.80047607
v 4.50099993 -77.50000000 667.80047607
v 4.50099993 77.50000000 670.45721436
v 4.22255087 77.50000000 670.61791992
v 4.50099993 -77.50000000 670.45721436
v 4.22255087 -77.50000000 670.61791992
v 3.75583911 -77.50000000 671.15051270
v 3.77660990 -77.50000000 671.10339355
v 3.75583911 77.50000000 671.15051270
v 3.75583911 77.50000000 671.15051270
v 3.77660990 -77.50000000 671.10339355
v 3.77660990 77.50000000 671.10339355
v 3.77660990 77.50000000 671.10339355
v 3.79956508 -77.50000000 671.05731201
v 3.79956508 77.50000000 671.05731201
v 3.77660990 -77.50000000 671.10339355
v 3.82465196 77.50000000 671.01239014
v 3.82465196 -77.50000000 671.01239014
v 3.85181594 77.50000000 670.96862793
v 3.79956508 77.50000000 671.05731201
v 3.82465196 -77.50000000 671.01239014
v 3.82465196 77.50000000 671.01239014
v 3.79956508 -77.50000000 671.05731201
v 3.85181594 -77.50000000 670.96862793
v 3.85181594 77.50000000 670.96862793
v 3.88099790 -77.50000000 670.92620850
v 3.88099790 77.50000000 670.92620850
v 3.85181594 -77.50000000 670.96862793
v 3.88099790 77.50000000 670.92620850
v 3.91213393 -77.50000000 670.88507080
v 3.91213393 77.50000000 670.88507080
v 3.88099790 -77.50000000 670.92620850
v 3.94515705 77.50000000 670.84558105
v 3.94515705 -77.50000000 670.84558105
v 3.97999096 77.50000000 670.80767822
v 3.91213393 77.50000000 670.88507080
v 3.94515705 -77.50000000 670.84558105
v 3.94515705 77.50000000 670.84558105
v 3.91213393 -77.50000000 670.88507080
v 3.97999096 -77.50000000 670.80767822
v 4.01656389 77.50000000 670.77142334
v 4.01656389 -77.50000000 670.77142334
v 4.05479288 77.50000000 670.73687744
v 3.97999096 77.50000000 670.80767822
v 4.01656389 -77.50000000 670.77142334
v 4.01656389 77.50000000 670.77142334
v 3.97999096 -77.50000000 670.80767822
v 4.05479288 77.50000000 670.73687744
v 4.05479288 -77.50000000 670.73687744
v 4.09459496 77.50000000 670.70422363
v 4.05479288 -77.50000000 670.73687744
v 4.05479288 -77.50000000 670.73687744
v 4.09459496 -77.50000000 670.70422363
v 4.09459496 77.50000000 670.70422363
v 4.13588285 77.50000000 670.67352295
v 4.13588285 -77.50000000 670.67352295
v 4.17856598 77.50000000 670.64471436
v 4.09459496 77.50000000 670.70422363
v 4.13588285 -77.50000000 670.67352295
v 4.13588285 77.50000000 670.67352295
v 4.09459496 -77.50000000 670.70422363
v 4.17856598 -77.50000000 670.64471436
v 4.17856598 77.50000000 670.64471436
v 4.22255087 -77.50000000 670.61791992
v 4.22255087 77.50000000 670.61791992
v 4.17856598 -77.50000000 670.64471436
v 3.10100007 77.50000000 671.15051270
v 3.10100007 -77.50000000 671.15051270
v 3.75583911 77.50000000 671.15051270
v 3.75583911 -77.50000000 671.15051270
v 3.10100007 77.50000000 671.85052490
v 3.10100007 -77.50000000 671.85052490
v 3.10100007 77.50000000 671.15051270
v 3.10100007 -77.50000000 671.15051270
v 3.75583911 -77.50000000 671.85052490
v 3.10100007 77.50000000 671.85052490
v 3.75583911 77.50000000 671.85052490
v 3.10100007 -77.50000000 671.85052490
v 4.22255087 -77.50000000 672.38317871
v 4.17856598 -77.50000000 672.35638428
v 4.22255087 77.50000000 672.38317871
v 4.17856598 77.50000000 672.35638428
v 4.17856598 77.50000000 672.35638428
v 4.13588285 -77.50000000 672.32757568
v 4.13588285 77.50000000 672.32757568
v 4.17856598 -77.50000000 672.35638428
v 4.09459496 77.50000000 672.29681396
v 4.09459496 -77.50000000 672.29681396
v 4.05479288 77.50000000 672.26422119
v 4.13588285 77.50000000 672.32757568
v 4.09459496 -77.50000000 672.29681396
v 4.09459496 77.50000000 672.29681396
v 4.13588285 -77.50000000 672.32757568
v 4.05479288 77.50000000 672.26422119
v 4.05479288 -77.50000000 672.26422119
v 4.01656389 77.50000000 672.22961426
v 4.05479288 -77.50000000 672.26422119
v 4.01656389 -77.50000000 672.22961426
v 4.01656389 77.50000000 672.22961426
v 3.97999096 -77.50000000 672.19342041
v 3.97999096 77.50000000 672.19342041
v 4.01656389 -77.50000000 672.22961426
v 3.94515705 77.50000000 672.15551758
v 3.94515705 -77.50000000 672.15551758
v 3.91213393 77.50000000 672.11590576
v 3.97999096 77.50000000 672.19342041
v 3.94515705 -77.50000000 672.15551758
v 3.94515705 77.50000000 672.15551758
v 3.97999096 -77.50000000 672.19342041
v 3.91213393 -77.50000000 672.11590576
v 3.91213393 77.50000000 672.11590576
v 3.88099790 -77.50000000 672.07489014
v 3.88099790 77.50000000 672.07489014
v 3.91213393 -77.50000000 672.11590576
v 3.88099790 77.50000000 672.07489014
v 3.85181594 -77.50000000 672.03247070
v 3.85181594 77.50000000 672.03247070
v 3.88099790 -77.50000000 672.07489014
v 3.82465196 77.50000000 671.98870850
v 3.82465196 -77.50000000 671.98870850
v 3.79956508 77.50000000 671.94372559
v 3.85181594 77.50000000 672.03247070
v 3.82465196 -77.50000000 671.98870850
v 3.82465196 77.50000000 671.98870850
v 3.85181594 -77.50000000 672.03247070
v 3.79956508 77.50000000 671.94372559
v 3.79956508 -77.50000000 671.94372559
v 3.77660990 77.50000000 671.89770508
v 3.79956508 -77.50000000 671.94372559
v 3.77660990 -77.50000000 671.89770508
v 3.77660990 77.50000000 671.89770508
v 3.75583911 -77.50000000 671.85052490
v 3.75583911 77.50000000 671.85052490
v 3.77660990 -77.50000000 671.89770508
v 3.75583911 -77.50000000 671.85052490
v 3.77660990 77.50000000 671.89770508
v 4.22255087 -77.50000000 672.38317871
v 4.22255087 77.50000000 672.38317871
v 4.50099993 -77.50000000 672.54400635
v 4.50099993 77.50000000 672.54400635
v 1.19130194 -51.28284073 669.50061035
v 2.04151797 -52.19916153 669.50061035
v 2.14860106 -52.09471130 669.50061035
v 1.25376701 -51.22192001 669.50061035
v 1.31311703 -51.15795135 669.50061035
v 2.25034404 -51.98506165 669.50061035
v 1.12587798 -51.34056854 669.50061035
v 1.92936301 -52.29813004 669.50061035
v 1.36920500 -51.09111023 669.50061035
v 2.34649396 -51.87046814 669.50061035
v 1.05765796 -51.39498138 669.50061035
v 1.81241298 -52.39139938 669.50061035
v 1.42189205 -51.02154922 669.50061035
v 2.43681407 -51.75122833 669.50061035
v 0.98681009 -51.44591904 669.50061035
v 1.69096005 -52.47872162 669.50061035
v 1.47104502 -50.94945145 669.50061035
v 2.52107811 -51.62762833 669.50061035
v 0.91351157 -51.49325943 669.50061035
v 1.56530595 -52.55987167 669.50061035
v 1.51654398 -50.87500000 669.50061035
v 2.59907603 -51.50000000 669.50061035
v 0.83794451 -51.53688049 669.50061035
v 1.43576205 -52.63467026 669.50061035
v 1.55827606 -50.79837036 669.50061035
v 2.67061496 -51.36862946 669.50061035
v 0.76029652 -51.57669067 669.50061035
v 1.30265105 -52.70291138 669.50061035
v 1.59613502 -50.71974945 669.50061035
v 2.73551798 -51.23386002 669.50061035
v 0.68076098 -51.61257935 669.50061035
v 1.16630399 -52.76443100 669.50061035
v 1.63002896 -50.63933945 669.50061035
v 2.79362106 -51.09601974 669.50061035
v 0.59953523 -51.64445877 669.50061035
v 1.02706003 -52.81908035 669.50061035
v 1.65987301 -50.55735016 669.50061035
v 2.84478211 -50.95545959 669.50061035
v 2.88887310 -50.81251907 669.50061035
v 0.51682162 -51.67224884 669.50061035
v 0.88526553 -52.86671829 669.50061035
v 0.74127221 -52.90723038 669.50061035
v 1.68559206 -50.47396851 669.50061035
v 0.43282551 -51.69588089 669.50061035
v 1.70712399 -50.38940811 669.50061035
v 2.92578411 -50.66756058 669.50061035
v 0.34775570 -51.71530151 669.50061035
v 0.59543842 -52.94052124 669.50061035
v 1.72441304 -50.30387878 669.50061035
v 2.95542312 -50.52093887 669.50061035
v 0.26182401 -51.73044968 669.50061035
v 0.44812679 -52.96649170 669.50061035
v 1.73741901 -50.21760178 669.50061035
v 2.97771811 -50.37303162 669.50061035
v 2.99261093 -50.22418976 669.50061035
v 0.17524371 -51.74129868 669.50061035
v 0.29970351 -52.98508835 669.50061035
v 1.74610603 -50.13077927 669.50061035
v 0.08823031 -51.74782181 669.50061035
v 0.15053760 -52.99626923 669.50061035
v 1.75045598 -50.04362869 669.50061035
v 3.00006700 -50.07479095 669.50061035
v 0.00099999 -51.75000000 669.50061035
v 0.00099999 -53.00000000 669.50061035
v 1.75045598 -49.95637131 669.50061035
v 3.00006700 -49.92520142 669.50061035
v -0.08623027 -51.74782181 669.50061035
v -0.14853761 -52.99626923 669.50061035
v 1.74610603 -49.86922073 669.50061035
v 2.99261093 -49.77581024 669.50061035
v 2.97771811 -49.62696838 669.50061035
v -0.17324370 -51.74129868 669.50061035
v -0.29770350 -52.98508835 669.50061035
v 1.73741901 -49.78239822 669.50061035
v -0.25982401 -51.73044968 669.50061035
v -0.44612679 -52.96649170 669.50061035
v 1.72441304 -49.69612122 669.50061035
v 2.95542312 -49.47904968 669.50061035
v -0.34575579 -51.71530151 669.50061035
v -0.59343851 -52.94052124 669.50061035
v 1.70712399 -49.61059189 669.50061035
v 2.92578411 -49.33243179 669.50061035
v -0.43082541 -51.69588089 669.50061035
v -0.73927218 -52.90723038 669.50061035
v 1.68559206 -49.52603149 669.50061035
v 2.88887310 -49.18748093 669.50061035
v -0.51482153 -51.67224884 669.50061035
v -0.88326550 -52.86671829 669.50061035
v 1.65987301 -49.44264984 669.50061035
v 2.84478211 -49.04454041 669.50061035
v -0.59753531 -51.64445877 669.50061035
v -1.02506006 -52.81908035 669.50061035
v 1.63002896 -49.36066055 669.50061035
v 2.79362106 -48.90398026 669.50061035
v -0.67876089 -51.61257935 669.50061035
v -1.16430402 -52.76443100 669.50061035
v 1.59613502 -49.28025055 669.50061035
v 2.73551798 -48.76613998 669.50061035
v -0.75829661 -51.57669067 669.50061035
v -1.30065095 -52.70291138 669.50061035
v 1.55827606 -49.20162964 669.50061035
v 2.67061496 -48.63137054 669.50061035
v -0.83594447 -51.53688049 669.50061035
v -1.43376195 -52.63467026 669.50061035
v 1.51654398 -49.12500000 669.50061035
v 2.59907603 -48.50000000 669.50061035
v -0.91151160 -51.49325943 669.50061035
v -1.56330597 -52.55987167 669.50061035
v 1.47104502 -49.05054855 669.50061035
v 2.52107811 -48.37236023 669.50061035
v -0.98481011 -51.44591904 669.50061035
v -1.68895996 -52.47872162 669.50061035
v 1.42189205 -48.97845078 669.50061035
v 2.43681407 -48.24876022 669.50061035
v -1.05565798 -51.39498138 669.50061035
v -1.81041300 -52.39139938 669.50061035
v 1.36920500 -48.90888977 669.50061035
v 2.34649396 -48.12953186 669.50061035
v -1.12387800 -51.34056854 669.50061035
v -1.92736304 -52.29813004 669.50061035
v 1.31311703 -48.84204865 669.50061035
v 2.25034404 -48.01493835 669.50061035
v -1.18930197 -51.28284073 669.50061035
v -2.03951812 -52.19916153 669.50061035
v 1.25376701 -48.77807999 669.50061035
v 2.14860106 -47.90528870 669.50061035
v -2.14660001 -52.09471130 669.50061035
v -1.25176704 -51.22192001 669.50061035
v 2.04151797 -47.80083847 669.50061035
v 1.19130194 -48.71715927 669.50061035
v -2.24834394 -51.98506165 669.50061035
v -1.31111705 -51.15795135 669.50061035
v -1.36720502 -51.09111023 669.50061035
v 1.92936301 -47.70185852 669.50061035
v 1.05765796 -48.60501862 669.50061035
v 1.12587798 -48.65942001 669.50061035
v -2.34449410 -51.87046814 669.50061035
v 1.81241298 -47.60860062 669.50061035
v -2.43481398 -51.75122833 669.50061035
v -1.41989100 -51.02154922 669.50061035
v 1.69096005 -47.52127838 669.50061035
v 0.98681009 -48.55408096 669.50061035
v -2.51907802 -51.62762833 669.50061035
v -1.46904504 -50.94945145 669.50061035
v 1.56530595 -47.44012833 669.50061035
v 0.91351157 -48.50674057 669.50061035
v -2.59707594 -51.50000000 669.50061035
v -1.51454401 -50.87500000 669.50061035
v -1.55627596 -50.79837036 669.50061035
v 1.43576205 -47.36532974 669.50061035
v 0.83794451 -48.46311188 669.50061035
v -2.66861510 -51.36862946 669.50061035
v -1.59413505 -50.71974945 669.50061035
v 1.30265105 -47.29708862 669.50061035
v 0.68076098 -48.38740921 669.50061035
v 0.76029652 -48.42330170 669.50061035
v -2.73351789 -51.23386002 669.50061035
v 1.16630399 -47.23556900 669.50061035
v -2.79162097 -51.09601974 669.50061035
v -1.62802899 -50.63933945 669.50061035
v -1.65787303 -50.55735016 669.50061035
v 1.02706003 -47.18091965 669.50061035
v 0.51682162 -48.32775116 669.50061035
v 0.59953523 -48.35554123 669.50061035
v -2.84278202 -50.95545959 669.50061035
v 0.88526553 -47.13328171 669.50061035
v -2.88687301 -50.81251907 669.50061035
v -1.68359196 -50.47396851 669.50061035
v 0.74127221 -47.09276962 669.50061035
v 0.43282551 -48.30411148 669.50061035
v -2.92378402 -50.66756058 669.50061035
v -1.70512402 -50.38940811 669.50061035
v 0.59543842 -47.05947876 669.50061035
v 0.34775570 -48.28469849 669.50061035
v -2.95342302 -50.52093887 669.50061035
v -1.72241402 -50.30387878 669.50061035
v 0.44812679 -47.03350830 669.50061035
v 0.26182401 -48.26955032 669.50061035
v -2.97571707 -50.37303162 669.50061035
v -1.73541903 -50.21760178 669.50061035
v 0.29970351 -47.01491165 669.50061035
v 0.17524371 -48.25870132 669.50061035
v -2.99061108 -50.22418976 669.50061035
v -1.74410701 -50.13077927 669.50061035
v 0.15053760 -47.00373077 669.50061035
v 0.08823031 -48.25217056 669.50061035
v -2.99806809 -50.07479095 669.50061035
v -1.74845600 -50.04362869 669.50061035
v 0.00099999 -47.00000000 669.50061035
v 0.00099999 -48.25000000 669.50061035
v -0.08623027 -48.25217056 669.50061035
v -2.99806809 -49.92520142 669.50061035
v -1.74845600 -49.95637131 669.50061035
v -1.74410701 -49.86922073 669.50061035
v -0.14853761 -47.00373077 669.50061035
v -2.99061108 -49.77581024 669.50061035
v -0.29770350 -47.01491165 669.50061035
v -0.17324370 -48.25870132 669.50061035
v -2.97571707 -49.62696838 669.50061035
v -1.73541903 -49.78239822 669.50061035
v -0.44612679 -47.03350830 669.50061035
v -0.34575579 -48.28469849 669.50061035
v -0.25982401 -48.26955032 669.50061035
v -2.95342302 -49.47904968 669.50061035
v -1.72241402 -49.69612122 669.50061035
v -1.70512402 -49.61059189 669.50061035
v -0.59343851 -47.05947876 669.50061035
v -0.43082541 -48.30411148 669.50061035
v -2.92378402 -49.33243179 669.50061035
v -0.73927218 -47.09276962 669.50061035
v -2.88687301 -49.18748093 669.50061035
v -1.68359196 -49.52603149 669.50061035
v -0.88326550 -47.13328171 669.50061035
v -0.51482153 -48.32775116 669.50061035
v -2.84278202 -49.04454041 669.50061035
v -1.65787303 -49.44264984 669.50061035
v -1.62802899 -49.36066055 669.50061035
v -1.02506006 -47.18091965 669.50061035
v -0.59753531 -48.35554123 669.50061035
v -2.79162097 -48.90398026 669.50061035
v -1.16430402 -47.23556900 669.50061035
v -0.67876089 -48.38740921 669.50061035
v -2.73351789 -48.76613998 669.50061035
v -1.59413505 -49.28025055 669.50061035
v -1.30065095 -47.29708862 669.50061035
v -0.75829661 -48.42330170 669.50061035
v -2.66861510 -48.63137054 669.50061035
v -1.55627596 -49.20162964 669.50061035
v -1.43376195 -47.36532974 669.50061035
v -0.83594447 -48.46311188 669.50061035
v -2.59707594 -48.50000000 669.50061035
v -1.51454401 -49.12500000 669.50061035
v -1.46904504 -49.05054855 669.50061035
v -1.56330597 -47.44012833 669.50061035
v -0.98481011 -48.55408096 669.50061035
v -0.91151160 -48.50674057 669.50061035
v -2.51907802 -48.37236023 669.50061035
v -1.68895996 -47.52127838 669.50061035
v -1.05565798 -48.60501862 669.50061035
v -2.43481398 -48.24876022 669.50061035
v -1.41989100 -48.97845078 669.50061035
v -1.36720502 -48.90888977 669.50061035
v -1.81041300 -47.60860062 669.50061035
v -2.34449410 -48.12953186 669.50061035
v -1.92736304 -47.70185852 669.50061035
v -1.18930197 -48.71715927 669.50061035
v -1.12387800 -48.65942001 669.50061035
v -2.24834394 -48.01493835 669.50061035
v -1.31111705 -48.84204865 669.50061035
v -1.25176704 -48.77807999 669.50061035
v -2.03951812 -47.80083847 669.50061035
v -2.14660001 -47.90528870 669.50061035
v 1.19130194 -31.28284073 669.50061035
v 2.14860106 -32.09471130 669.50061035
v 1.25376701 -31.22192001 669.50061035
v 2.04151797 -32.19915009 669.50061035
v 1.31311703 -31.15794945 669.50061035
v 2.25034404 -31.98505974 669.50061035
v 1.12587798 -31.34057999 669.50061035
v 1.92936301 -32.29813004 669.50061035
v 1.36920500 -31.09111023 669.50061035
v 2.34649396 -31.87047005 669.50061035
v 1.05765796 -31.39497948 669.50061035
v 1.81241298 -32.39139938 669.50061035
v 1.42189205 -31.02154922 669.50061035
v 2.43681407 -31.75123024 669.50061035
v 0.98681009 -31.44592094 669.50061035
v 1.69096005 -32.47872162 669.50061035
v 1.47104502 -30.94945908 669.50061035
v 2.52107811 -31.62763977 669.50061035
v 0.91351157 -31.49325943 669.50061035
v 1.56530595 -32.55987167 669.50061035
v 1.51654398 -30.87500000 669.50061035
v 2.59907603 -31.50000000 669.50061035
v 0.83794451 -31.53689003 669.50061035
v 1.43576205 -32.63467026 669.50061035
v 1.55827606 -30.79837036 669.50061035
v 2.67061496 -31.36862946 669.50061035
v 0.76029652 -31.57670021 669.50061035
v 1.30265105 -32.70291138 669.50061035
v 1.59613502 -30.71974945 669.50061035
v 2.73551798 -31.23386002 669.50061035
v 0.68076098 -31.61257935 669.50061035
v 1.16630399 -32.76443100 669.50061035
v 1.63002896 -30.63935089 669.50061035
v 2.79362106 -31.09601974 669.50061035
v 0.59953523 -31.64446068 669.50061035
v 1.02706003 -32.81908035 669.50061035
v 1.65987301 -30.55735016 669.50061035
v 2.84478211 -30.95545959 669.50061035
v 2.88887310 -30.81251907 669.50061035
v 0.51682162 -31.67225075 669.50061035
v 0.88526553 -32.86671829 669.50061035
v 0.74127221 -32.90723038 669.50061035
v 1.68559206 -30.47397041 669.50061035
v 0.43282551 -31.69589043 669.50061035
v 1.70712399 -30.38941002 669.50061035
v 2.92578411 -30.66756058 669.50061035
v 2.95542312 -30.52095032 669.50061035
v 0.34775570 -31.71529961 669.50061035
v 0.59543842 -32.94052124 669.50061035
v 1.72441304 -30.30389023 669.50061035
v 0.26182401 -31.73044968 669.50061035
v 0.44812679 -32.96649170 669.50061035
v 1.73741901 -30.21759987 669.50061035
v 2.97771811 -30.37302971 669.50061035
v 2.99261093 -30.22418976 669.50061035
v 0.17524371 -31.74131012 669.50061035
v 0.29970351 -32.98508835 669.50061035
v 1.74610603 -30.13077927 669.50061035
v 0.08823031 -31.74781990 669.50061035
v 0.15053760 -32.99626923 669.50061035
v 1.75045598 -30.04363060 669.50061035
v 3.00006700 -30.07478905 669.50061035
v 0.00099999 -31.75000000 669.50061035
v 0.00099999 -33.00000000 669.50061035
v 1.75045598 -29.95636940 669.50061035
v 3.00006700 -29.92521095 669.50061035
v -0.08623027 -31.74781990 669.50061035
v -0.14853761 -32.99626923 669.50061035
v 1.74610603 -29.86922073 669.50061035
v 2.99261093 -29.77581024 669.50061035
v 2.97771811 -29.62697029 669.50061035
v -0.17324370 -31.74131012 669.50061035
v -0.29770350 -32.98508835 669.50061035
v 1.73741901 -29.78240013 669.50061035
v -0.25982401 -31.73044968 669.50061035
v -0.44612679 -32.96649170 669.50061035
v 1.72441304 -29.69611931 669.50061035
v 2.95542312 -29.47905922 669.50061035
v 2.92578411 -29.33243942 669.50061035
v -0.34575579 -31.71529961 669.50061035
v -0.59343851 -32.94052124 669.50061035
v 1.70712399 -29.61058998 669.50061035
v 2.88887310 -29.18748093 669.50061035
v -0.43082541 -31.69589043 669.50061035
v -0.73927218 -32.90723038 669.50061035
v 1.68559206 -29.52602959 669.50061035
v -0.51482153 -31.67225075 669.50061035
v -0.88326550 -32.86671829 669.50061035
v 1.65987301 -29.44264984 669.50061035
v 2.84478211 -29.04454041 669.50061035
v -0.59753531 -31.64446068 669.50061035
v -1.02506006 -32.81908035 669.50061035
v 1.63002896 -29.36064911 669.50061035
v 2.79362106 -28.90398026 669.50061035
v -0.67876089 -31.61257935 669.50061035
v -1.16430402 -32.76443100 669.50061035
v -1.30065095 -32.70291138 669.50061035
v 1.59613502 -29.28025055 669.50061035
v 2.73551798 -28.76613998 669.50061035
v -0.75829661 -31.57670021 669.50061035
v -1.43376195 -32.63467026 669.50061035
v 1.55827606 -29.20162964 669.50061035
v 2.67061496 -28.63137054 669.50061035
v -0.83594447 -31.53689003 669.50061035
v 1.51654398 -29.12500000 669.50061035
v 2.59907603 -28.50000000 669.50061035
v 2.52107811 -28.37236023 669.50061035
v -0.91151160 -31.49325943 669.50061035
v -1.56330597 -32.55987167 669.50061035
v 1.47104502 -29.05055046 669.50061035
v -0.98481011 -31.44592094 669.50061035
v -1.68895996 -32.47872162 669.50061035
v 1.42189205 -28.97845078 669.50061035
v 2.43681407 -28.24876976 669.50061035
v -1.05565798 -31.39497948 669.50061035
v -1.81041300 -32.39139938 669.50061035
v 1.36920500 -28.90889931 669.50061035
v 2.34649396 -28.12952995 669.50061035
v -1.12387800 -31.34057999 669.50061035
v -1.92736304 -32.29813004 669.50061035
v 1.31311703 -28.84205055 669.50061035
v 2.25034404 -28.01494026 669.50061035
v -1.18930197 -31.28284073 669.50061035
v -2.03951812 -32.19915009 669.50061035
v 1.25376701 -28.77808952 669.50061035
v 2.14860106 -27.90529060 669.50061035
v -2.14660001 -32.09471130 669.50061035
v -1.25176704 -31.22192001 669.50061035
v 1.19130194 -28.71715927 669.50061035
v 2.04151797 -27.80084038 669.50061035
v -2.24834394 -31.98505974 669.50061035
v -1.31111705 -31.15794945 669.50061035
v 1.92936301 -27.70186043 669.50061035
v 1.05765796 -28.60502052 669.50061035
v 1.12587798 -28.65942001 669.50061035
v -2.34449410 -31.87047005 669.50061035
v -1.36720502 -31.09111023 669.50061035
v -1.41989100 -31.02154922 669.50061035
v 1.81241298 -27.60860062 669.50061035
v -2.43481398 -31.75123024 669.50061035
v 1.69096005 -27.52128029 669.50061035
v 0.98681009 -28.55407906 669.50061035
v -2.51907802 -31.62763977 669.50061035
v -1.46904504 -30.94945908 669.50061035
v -1.51454401 -30.87500000 669.50061035
v 1.56530595 -27.44013023 669.50061035
v 0.83794451 -28.46310997 669.50061035
v 0.91351157 -28.50674057 669.50061035
v -2.59707594 -31.50000000 669.50061035
v 1.43576205 -27.36533928 669.50061035
v -2.66861510 -31.36862946 669.50061035
v -1.55627596 -30.79837036 669.50061035
v -1.59413505 -30.71974945 669.50061035
v 1.30265105 -27.29709053 669.50061035
v 0.68076098 -28.38742065 669.50061035
v 0.76029652 -28.42329979 669.50061035
v -2.73351789 -31.23386002 669.50061035
v 1.16630399 -27.23557091 669.50061035
v -2.79162097 -31.09601974 669.50061035
v -1.62802899 -30.63935089 669.50061035
v 1.02706003 -27.18091965 669.50061035
v 0.51682162 -28.32774925 669.50061035
v 0.59953523 -28.35553932 669.50061035
v -2.84278202 -30.95545959 669.50061035
v -1.65787303 -30.55735016 669.50061035
v -1.68359196 -30.47397041 669.50061035
v 0.88526553 -27.13327980 669.50061035
v -2.88687301 -30.81251907 669.50061035
v 0.74127221 -27.09276962 669.50061035
v 0.43282551 -28.30411911 669.50061035
v -2.92378402 -30.66756058 669.50061035
v -1.70512402 -30.38941002 669.50061035
v 0.59543842 -27.05948067 669.50061035
v 0.34775570 -28.28470039 669.50061035
v -2.95342302 -30.52095032 669.50061035
v -1.72241402 -30.30389023 669.50061035
v 0.44812679 -27.03351021 669.50061035
v 0.26182401 -28.26955032 669.50061035
v -2.97571707 -30.37302971 669.50061035
v -1.73541903 -30.21759987 669.50061035
v -1.74410701 -30.13077927 669.50061035
v 0.29970351 -27.01490974 669.50061035
v 0.17524371 -28.25869942 669.50061035
v -2.99061108 -30.22418976 669.50061035
v 0.15053760 -27.00373077 669.50061035
v 0.08823031 -28.25218010 669.50061035
v -2.99806809 -30.07478905 669.50061035
v -1.74845600 -30.04363060 669.50061035
v 0.00099999 -27.00000000 669.50061035
v 0.00099999 -28.25000000 669.50061035
v -0.08623027 -28.25218010 669.50061035
v -2.99806809 -29.92521095 669.50061035
v -1.74845600 -29.95636940 669.50061035
v -1.74410701 -29.86922073 669.50061035
v -0.14853761 -27.00373077 669.50061035
v -2.99061108 -29.77581024 669.50061035
v -0.29770350 -27.01490974 669.50061035
v -0.25982401 -28.26955032 669.50061035
v -0.17324370 -28.25869942 669.50061035
v -2.97571707 -29.62697029 669.50061035
v -1.73541903 -29.78240013 669.50061035
v -0.44612679 -27.03351021 669.50061035
v -2.95342302 -29.47905922 669.50061035
v -1.72241402 -29.69611931 669.50061035
v -0.59343851 -27.05948067 669.50061035
v -0.34575579 -28.28470039 669.50061035
v -2.92378402 -29.33243942 669.50061035
v -1.70512402 -29.61058998 669.50061035
v -0.73927218 -27.09276962 669.50061035
v -0.43082541 -28.30411911 669.50061035
v -2.88687301 -29.18748093 669.50061035
v -1.68359196 -29.52602959 669.50061035
v -0.88326550 -27.13327980 669.50061035
v -0.51482153 -28.32774925 669.50061035
v -2.84278202 -29.04454041 669.50061035
v -1.65787303 -29.44264984 669.50061035
v -1.02506006 -27.18091965 669.50061035
v -0.59753531 -28.35553932 669.50061035
v -2.79162097 -28.90398026 669.50061035
v -1.62802899 -29.36064911 669.50061035
v -1.16430402 -27.23557091 669.50061035
v -0.67876089 -28.38742065 669.50061035
v -2.73351789 -28.76613998 669.50061035
v -1.59413505 -29.28025055 669.50061035
v -1.55627596 -29.20162964 669.50061035
v -1.30065095 -27.29709053 669.50061035
v -0.75829661 -28.42329979 669.50061035
v -2.66861510 -28.63137054 669.50061035
v -1.43376195 -27.36533928 669.50061035
v -0.91151160 -28.50674057 669.50061035
v -0.83594447 -28.46310997 669.50061035
v -2.59707594 -28.50000000 669.50061035
v -1.51454401 -29.12500000 669.50061035
v -1.46904504 -29.05055046 669.50061035
v -1.56330597 -27.44013023 669.50061035
v -2.51907802 -28.37236023 669.50061035
v -1.41989100 -28.97845078 669.50061035
v -1.68895996 -27.52128029 669.50061035
v -1.05565798 -28.60502052 669.50061035
v -0.98481011 -28.55407906 669.50061035
v -2.43481398 -28.24876976 669.50061035
v -1.81041300 -27.60860062 669.50061035
v -2.34449410 -28.12952995 669.50061035
v -1.36720502 -28.90889931 669.50061035
v -1.92736304 -27.70186043 669.50061035
v -1.18930197 -28.71715927 669.50061035
v -1.12387800 -28.65942001 669.50061035
v -2.24834394 -28.01494026 669.50061035
v -1.31111705 -28.84205055 669.50061035
v -2.03951812 -27.80084038 669.50061035
v -2.14660001 -27.90529060 669.50061035
v -1.25176704 -28.77808952 669.50061035
v 1.19130194 -11.28283978 669.50061035
v 2.14860106 -12.09471035 669.50061035
v 1.25376701 -11.22192001 669.50061035
v 2.04151797 -12.19915009 669.50061035
v 1.31311703 -11.15795040 669.50061035
v 2.25034404 -11.98505974 669.50061035
v 1.12587798 -11.34057999 669.50061035
v 1.92936301 -12.29813004 669.50061035
v 1.36920500 -11.09111023 669.50061035
v 2.34649396 -11.87047005 669.50061035
v 1.05765796 -11.39498043 669.50061035
v 1.81241298 -12.39140034 669.50061035
v 1.42189205 -11.02155018 669.50061035
v 2.43681407 -11.75123024 669.50061035
v 0.98681009 -11.44591999 669.50061035
v 1.69096005 -12.47871971 669.50061035
v 1.47104502 -10.94946003 669.50061035
v 2.52107811 -11.62763977 669.50061035
v 0.91351157 -11.49326038 669.50061035
v 1.56530595 -12.55986977 669.50061035
v 1.51654398 -10.87500000 669.50061035
v 2.59907603 -11.50000000 669.50061035
v 0.83794451 -11.53689003 669.50061035
v 1.43576205 -12.63465977 669.50061035
v 1.55827606 -10.79837036 669.50061035
v 2.67061496 -11.36863041 669.50061035
v 0.76029652 -11.57670021 669.50061035
v 1.30265105 -12.70291042 669.50061035
v 1.16630399 -12.76443005 669.50061035
v 1.59613502 -10.71975040 669.50061035
v 2.73551798 -11.23386002 669.50061035
v 0.68076098 -11.61258030 669.50061035
v 1.63002896 -10.63934994 669.50061035
v 2.79362106 -11.09601974 669.50061035
v 0.59953523 -11.64445972 669.50061035
v 1.02706003 -12.81908035 669.50061035
v 1.65987301 -10.55735016 669.50061035
v 2.84478211 -10.95545959 669.50061035
v 2.88887310 -10.81252003 669.50061035
v 0.51682162 -11.67224979 669.50061035
v 0.88526553 -12.86672020 669.50061035
v 1.68559206 -10.47397041 669.50061035
v 2.92578411 -10.66755962 669.50061035
v 0.43282551 -11.69589043 669.50061035
v 0.74127221 -12.90723038 669.50061035
v 1.70712399 -10.38941002 669.50061035
v 0.34775570 -11.71529961 669.50061035
v 0.59543842 -12.94052029 669.50061035
v 1.72441304 -10.30387974 669.50061035
v 2.95542312 -10.52093983 669.50061035
v 0.26182401 -11.73044968 669.50061035
v 0.44812679 -12.96648979 669.50061035
v 1.73741901 -10.21759987 669.50061035
v 2.97771811 -10.37302971 669.50061035
v 0.17524371 -11.74129963 669.50061035
v 0.29970351 -12.98509026 669.50061035
v 1.74610603 -10.13078022 669.50061035
v 2.99261093 -10.22418976 669.50061035
v 3.00006700 -10.07479000 669.50061035
v 0.08823031 -11.74781990 669.50061035
v 0.15053760 -12.99627018 669.50061035
v 1.75045598 -10.04362965 669.50061035
v 0.00099999 -11.75000000 669.50061035
v 0.00099999 -13.00000000 669.50061035
v 1.75045598 -9.95637226 669.50061035
v 3.00006700 -9.92520905 669.50061035
v -0.08623027 -11.74781990 669.50061035
v -0.14853761 -12.99627018 669.50061035
v 1.74610603 -9.86922264 669.50061035
v 2.99261093 -9.77581024 669.50061035
v -0.17324370 -11.74129963 669.50061035
v -0.29770350 -12.98509026 669.50061035
v 1.73741901 -9.78239918 669.50061035
v 2.97771811 -9.62697029 669.50061035
v -0.25982401 -11.73044968 669.50061035
v -0.44612679 -12.96648979 669.50061035
v 1.72441304 -9.69611645 669.50061035
v 2.95542312 -9.47905636 669.50061035
v -0.34575579 -11.71529961 669.50061035
v -0.59343851 -12.94052029 669.50061035
v 1.70712399 -9.61058903 669.50061035
v 2.92578411 -9.33243847 669.50061035
v -0.43082541 -11.69589043 669.50061035
v -0.73927218 -12.90723038 669.50061035
v 1.68559206 -9.52602959 669.50061035
v 2.88887310 -9.18747902 669.50061035
v -0.51482153 -11.67224979 669.50061035
v -0.88326550 -12.86672020 669.50061035
v 1.65987301 -9.44264793 669.50061035
v 2.84478211 -9.04454136 669.50061035
v -0.59753531 -11.64445972 669.50061035
v -1.02506006 -12.81908035 669.50061035
v 1.63002896 -9.36065292 669.50061035
v 2.79362106 -8.90397835 669.50061035
v -0.67876089 -11.61258030 669.50061035
v -1.16430402 -12.76443005 669.50061035
v 1.59613502 -9.28024769 669.50061035
v 2.73551798 -8.76613903 669.50061035
v -0.75829661 -11.57670021 669.50061035
v -1.30065095 -12.70291042 669.50061035
v 1.55827606 -9.20163155 669.50061035
v 2.67061496 -8.63136768 669.50061035
v -0.83594447 -11.53689003 669.50061035
v -1.43376195 -12.63465977 669.50061035
v 1.51654398 -9.12500000 669.50061035
v 2.59907603 -8.50000000 669.50061035
v -0.91151160 -11.49326038 669.50061035
v -1.56330597 -12.55986977 669.50061035
v -1.68895996 -12.47871971 669.50061035
v 1.47104502 -9.05054379 669.50061035
v 2.52107811 -8.37236214 669.50061035
v -0.98481011 -11.44591999 669.50061035
v 1.42189205 -8.97844887 669.50061035
v 2.43681407 -8.24876881 669.50061035
v -1.05565798 -11.39498043 669.50061035
v -1.81041300 -12.39140034 669.50061035
v 1.36920500 -8.90889263 669.50061035
v 2.34649396 -8.12953091 669.50061035
v -1.12387800 -11.34057999 669.50061035
v -1.92736304 -12.29813004 669.50061035
v 1.31311703 -8.84204960 669.50061035
v 2.25034404 -8.01494312 669.50061035
v -1.18930197 -11.28283978 669.50061035
v -2.03951812 -12.19915009 669.50061035
v 1.25376701 -8.77808571 669.50061035
v 2.14860106 -7.90529013 669.50061035
v -1.25176704 -11.22192001 669.50061035
v -2.14660001 -12.09471035 669.50061035
v 1.19130194 -8.71716022 669.50061035
v 2.04151797 -7.80084419 669.50061035
v -2.24834394 -11.98505974 669.50061035
v -1.31111705 -11.15795040 669.50061035
v 1.92936301 -7.70186710 669.50061035
v 1.05765796 -8.60501766 669.50061035
v 1.12587798 -8.65942192 669.50061035
v -2.34449410 -11.87047005 669.50061035
v -1.36720502 -11.09111023 669.50061035
v 1.81241298 -7.60860205 669.50061035
v -2.43481398 -11.75123024 669.50061035
v -1.41989100 -11.02155018 669.50061035
v 1.69096005 -7.52128410 669.50061035
v 0.98681009 -8.55408192 669.50061035
v -2.51907802 -11.62763977 669.50061035
v -1.46904504 -10.94946003 669.50061035
v 1.56530595 -7.44012690 669.50061035
v 0.83794451 -8.46311188 669.50061035
v 0.91351157 -8.50674057 669.50061035
v -2.59707594 -11.50000000 669.50061035
v -1.51454401 -10.87500000 669.50061035
v 1.43576205 -7.36533499 669.50061035
v -2.66861510 -11.36863041 669.50061035
v -1.55627596 -10.79837036 669.50061035
v 1.30265105 -7.29709291 669.50061035
v 0.76029652 -8.42330456 669.50061035
v -2.73351789 -11.23386002 669.50061035
v -1.59413505 -10.71975040 669.50061035
v 1.16630399 -7.23557091 669.50061035
v 0.59953523 -8.35553932 669.50061035
v 0.68076098 -8.38741684 669.50061035
v -2.79162097 -11.09601974 669.50061035
v -1.62802899 -10.63934994 669.50061035
v -1.65787303 -10.55735016 669.50061035
v 1.02706003 -7.18092203 669.50061035
v -2.84278202 -10.95545959 669.50061035
v 0.88526553 -7.13328218 669.50061035
v 0.51682162 -8.32774830 669.50061035
v -2.88687301 -10.81252003 669.50061035
v -1.68359196 -10.47397041 669.50061035
v -1.70512402 -10.38941002 669.50061035
v 0.74127221 -7.09276819 669.50061035
v 0.43282551 -8.30411530 669.50061035
v -2.92378402 -10.66755962 669.50061035
v 0.59543842 -7.05948305 669.50061035
v 0.34775570 -8.28469944 669.50061035
v -2.95342302 -10.52093983 669.50061035
v -1.72241402 -10.30387974 669.50061035
v 0.44812679 -7.03350687 669.50061035
v 0.26182401 -8.26954746 669.50061035
v -2.97571707 -10.37302971 669.50061035
v -1.73541903 -10.21759987 669.50061035
v 0.29970351 -7.01490784 669.50061035
v 0.08823031 -8.25217628 669.50061035
v 0.17524371 -8.25869656 669.50061035
v -2.99061108 -10.22418976 669.50061035
v -1.74410701 -10.13078022 669.50061035
v 0.15053760 -7.00372887 669.50061035
v -2.99806809 -10.07479000 669.50061035
v -1.74845600 -10.04362965 669.50061035
v -1.74845600 -9.95637226 669.50061035
v 0.00099999 -7.00000000 669.50061035
v 0.00099999 -8.25000000 669.50061035
v -2.99806809 -9.92520905 669.50061035
v -1.74410701 -9.86922264 669.50061035
v -0.14853761 -7.00372887 669.50061035
v -0.08623027 -8.25217628 669.50061035
v -2.99061108 -9.77581024 669.50061035
v -0.29770350 -7.01490784 669.50061035
v -0.17324370 -8.25869656 669.50061035
v -2.97571707 -9.62697029 669.50061035
v -1.73541903 -9.78239918 669.50061035
v -0.44612679 -7.03350687 669.50061035
v -0.25982401 -8.26954746 669.50061035
v -2.95342302 -9.47905636 669.50061035
v -1.72241402 -9.69611645 669.50061035
v -1.70512402 -9.61058903 669.50061035
v -0.59343851 -7.05948305 669.50061035
v -0.43082541 -8.30411530 669.50061035
v -0.34575579 -8.28469944 669.50061035
v -2.92378402 -9.33243847 669.50061035
v -1.68359196 -9.52602959 669.50061035
v -0.73927218 -7.09276819 669.50061035
v -0.51482153 -8.32774830 669.50061035
v -2.88687301 -9.18747902 669.50061035
v -1.65787303 -9.44264793 669.50061035
v -0.88326550 -7.13328218 669.50061035
v -2.84278202 -9.04454136 669.50061035
v -1.02506006 -7.18092203 669.50061035
v -0.67876089 -8.38741684 669.50061035
v -0.59753531 -8.35553932 669.50061035
v -2.79162097 -8.90397835 669.50061035
v -1.62802899 -9.36065292 669.50061035
v -1.59413505 -9.28024769 669.50061035
v -1.16430402 -7.23557091 669.50061035
v -2.73351789 -8.76613903 669.50061035
v -1.30065095 -7.29709291 669.50061035
v -0.75829661 -8.42330456 669.50061035
v -2.66861510 -8.63136768 669.50061035
v -1.55627596 -9.20163155 669.50061035
v -1.43376195 -7.36533499 669.50061035
v -0.83594447 -8.46311188 669.50061035
v -2.59707594 -8.50000000 669.50061035
v -1.51454401 -9.12500000 669.50061035
v -1.46904504 -9.05054379 669.50061035
v -1.56330597 -7.44012690 669.50061035
v -0.98481011 -8.55408192 669.50061035
v -0.91151160 -8.50674057 669.50061035
v -2.51907802 -8.37236214 669.50061035
v -1.68895996 -7.52128410 669.50061035
v -2.43481398 -8.24876881 669.50061035
v -1.41989100 -8.97844887 669.50061035
v -1.36720502 -8.90889263 669.50061035
v -1.81041300 -7.60860205 669.50061035
v -1.05565798 -8.60501766 669.50061035
v -2.34449410 -8.12953091 669.50061035
v -1.31111705 -8.84204960 669.50061035
v -1.92736304 -7.70186710 669.50061035
v -1.12387800 -8.65942192 669.50061035
v -2.24834394 -8.01494312 669.50061035
v -1.25176704 -8.77808571 669.50061035
v -2.03951812 -7.80084419 669.50061035
v -1.18930197 -8.71716022 669.50061035
v -2.14660001 -7.90529013 669.50061035
v 1.19130194 8.71716022 669.50061035
v 2.14860106 7.90529013 669.50061035
v 1.25376701 8.77808571 669.50061035
v 2.04151797 7.80084419 669.50061035
v 1.31311703 8.84204960 669.50061035
v 2.25034404 8.01494312 669.50061035
v 1.12587798 8.65942192 669.50061035
v 1.92936301 7.70186710 669.50061035
v 1.36920500 8.90889263 669.50061035
v 2.34649396 8.12953091 669.50061035
v 1.05765796 8.60501766 669.50061035
v 1.81241298 7.60860205 669.50061035
v 1.42189205 8.97844887 669.50061035
v 2.43681407 8.24876881 669.50061035
v 0.98681009 8.55408192 669.50061035
v 1.69096005 7.52128410 669.50061035
v 1.47104502 9.05054379 669.50061035
v 2.52107811 8.37236214 669.50061035
v 0.91351157 8.50674057 669.50061035
v 1.56530595 7.44012690 669.50061035
v 1.51654398 9.12500000 669.50061035
v 2.59907603 8.50000000 669.50061035
v 2.67061496 8.63136768 669.50061035
v 0.83794451 8.46311188 669.50061035
v 1.43576205 7.36533499 669.50061035
v 1.55827606 9.20163155 669.50061035
v 0.76029652 8.42330456 669.50061035
v 1.30265105 7.29709291 669.50061035
v 1.16630399 7.23557091 669.50061035
v 1.59613502 9.28024769 669.50061035
v 2.73551798 8.76613903 669.50061035
v 2.79362106 8.90397835 669.50061035
v 0.68076098 8.38741684 669.50061035
v 1.63002896 9.36065292 669.50061035
v 0.59953523 8.35553932 669.50061035
v 1.02706003 7.18092203 669.50061035
v 1.65987301 9.44264793 669.50061035
v 2.84478211 9.04454136 669.50061035
v 2.88887310 9.18747902 669.50061035
v 0.51682162 8.32774830 669.50061035
v 0.88526553 7.13328218 669.50061035
v 0.74127221 7.09276819 669.50061035
v 1.68559206 9.52602959 669.50061035
v 0.43282551 8.30411530 669.50061035
v 1.70712399 9.61058903 669.50061035
v 2.92578411 9.33243847 669.50061035
v 0.34775570 8.28469944 669.50061035
v 0.59543842 7.05948305 669.50061035
v 1.72441304 9.69611645 669.50061035
v 2.95542312 9.47905636 669.50061035
v 2.97771811 9.62697029 669.50061035
v 0.26182401 8.26954746 669.50061035
v 0.44812679 7.03350687 669.50061035
v 1.73741901 9.78239918 669.50061035
v 0.17524371 8.25869656 669.50061035
v 0.29970351 7.01490784 669.50061035
v 1.74610603 9.86922264 669.50061035
v 2.99261093 9.77581024 669.50061035
v 3.00006700 9.92520905 669.50061035
v 0.08823031 8.25217628 669.50061035
v 0.15053760 7.00372887 669.50061035
v 1.75045598 9.95637226 669.50061035
v 0.00099999 8.25000000 669.50061035
v 0.00099999 7.00000000 669.50061035
v 1.75045598 10.04362965 669.50061035
v 3.00006700 10.07479000 669.50061035
v -0.08623027 8.25217628 669.50061035
v -0.14853761 7.00372887 669.50061035
v 1.74610603 10.13078022 669.50061035
v 2.99261093 10.22418976 669.50061035
v 2.97771811 10.37302971 669.50061035
v -0.17324370 8.25869656 669.50061035
v -0.29770350 7.01490784 669.50061035
v 1.73741901 10.21759987 669.50061035
v -0.25982401 8.26954746 669.50061035
v -0.44612679 7.03350687 669.50061035
v 1.72441304 10.30387974 669.50061035
v 2.95542312 10.52093983 669.50061035
v -0.34575579 8.28469944 669.50061035
v -0.59343851 7.05948305 669.50061035
v 1.70712399 10.38941002 669.50061035
v 2.92578411 10.66755962 669.50061035
v -0.43082541 8.30411530 669.50061035
v -0.73927218 7.09276819 669.50061035
v 1.68559206 10.47397041 669.50061035
v 2.88887310 10.81252003 669.50061035
v -0.51482153 8.32774830 669.50061035
v -0.88326550 7.13328218 669.50061035
v 1.65987301 10.55735016 669.50061035
v 2.84478211 10.95545959 669.50061035
v -0.59753531 8.35553932 669.50061035
v -1.02506006 7.18092203 669.50061035
v 1.63002896 10.63934994 669.50061035
v 2.79362106 11.09601974 669.50061035
v -0.67876089 8.38741684 669.50061035
v -1.16430402 7.23557091 669.50061035
v 1.59613502 10.71975040 669.50061035
v 2.73551798 11.23386002 669.50061035
v -0.75829661 8.42330456 669.50061035
v -1.30065095 7.29709291 669.50061035
v 1.55827606 10.79837036 669.50061035
v 2.67061496 11.36863041 669.50061035
v -0.83594447 8.46311188 669.50061035
v -1.43376195 7.36533499 669.50061035
v 1.51654398 10.87500000 669.50061035
v 2.59907603 11.50000000 669.50061035
v -0.91151160 8.50674057 669.50061035
v -1.56330597 7.44012690 669.50061035
v -1.68895996 7.52128410 669.50061035
v 1.47104502 10.94946003 669.50061035
v 2.52107811 11.62763977 669.50061035
v -0.98481011 8.55408192 669.50061035
v 1.42189205 11.02155018 669.50061035
v 2.43681407 11.75123024 669.50061035
v 2.34649396 11.87047005 669.50061035
v -1.05565798 8.60501766 669.50061035
v -1.81041300 7.60860205 669.50061035
v 1.36920500 11.09111023 669.50061035
v -1.12387800 8.65942192 669.50061035
v -1.92736304 7.70186710 669.50061035
v 1.31311703 11.15795040 669.50061035
v 2.25034404 11.98505974 669.50061035
v -1.18930197 8.71716022 669.50061035
v -2.03951812 7.80084419 669.50061035
v 1.25376701 11.22192001 669.50061035
v 2.14860106 12.09471035 669.50061035
v -2.14660001 7.90529013 669.50061035
v -1.25176704 8.77808571 669.50061035
v 1.19130194 11.28283978 669.50061035
v -1.31111705 8.84204960 669.50061035
v 2.04151797 12.19915009 669.50061035
v 1.12587798 11.34057999 669.50061035
v -2.24834394 8.01494312 669.50061035
v 1.92936301 12.29813004 669.50061035
v -2.34449410 8.12953091 669.50061035
v -1.36720502 8.90889263 669.50061035
v 1.81241298 12.39140034 669.50061035
v 1.05765796 11.39498043 669.50061035
v -2.43481398 8.24876881 669.50061035
v -1.41989100 8.97844887 669.50061035
v 1.69096005 12.47871971 669.50061035
v 0.98681009 11.44591999 669.50061035
v -2.51907802 8.37236214 669.50061035
v -1.46904504 9.05054379 669.50061035
v 1.56530595 12.55986977 669.50061035
v 0.91351157 11.49326038 669.50061035
v -2.59707594 8.50000000 669.50061035
v -1.51454401 9.12500000 669.50061035
v 1.43576205 12.63465977 669.50061035
v 0.83794451 11.53689003 669.50061035
v -2.66861510 8.63136768 669.50061035
v -1.55627596 9.20163155 669.50061035
v -1.59413505 9.28024769 669.50061035
v 1.30265105 12.70291042 669.50061035
v 0.76029652 11.57670021 669.50061035
v -2.73351789 8.76613903 669.50061035
v 1.16630399 12.76443005 669.50061035
v 0.59953523 11.64445972 669.50061035
v 0.68076098 11.61258030 669.50061035
v -2.79162097 8.90397835 669.50061035
v -1.62802899 9.36065292 669.50061035
v -1.65787303 9.44264793 669.50061035
v 1.02706003 12.81908035 669.50061035
v 0.51682162 11.67224979 669.50061035
v -2.84278202 9.04454136 669.50061035
v 0.88526553 12.86672020 669.50061035
v -2.88687301 9.18747902 669.50061035
v -1.68359196 9.52602959 669.50061035
v -1.70512402 9.61058903 669.50061035
v 0.74127221 12.90723038 669.50061035
v 0.43282551 11.69589043 669.50061035
v -2.92378402 9.33243847 669.50061035
v 0.59543842 12.94052029 669.50061035
v 0.34775570 11.71529961 669.50061035
v -2.95342302 9.47905636 669.50061035
v -1.72241402 9.69611645 669.50061035
v 0.44812679 12.96648979 669.50061035
v 0.26182401 11.73044968 669.50061035
v -2.97571707 9.62697029 669.50061035
v -1.73541903 9.78239918 669.50061035
v 0.29970351 12.98509026 669.50061035
v 0.08823031 11.74781990 669.50061035
v 0.17524371 11.74129963 669.50061035
v -2.99061108 9.77581024 669.50061035
v -1.74410701 9.86922264 669.50061035
v 0.15053760 12.99627018 669.50061035
v -2.99806809 9.92520905 669.50061035
v -1.74845600 9.95637226 669.50061035
v -1.74845600 10.04362965 669.50061035
v 0.00099999 13.00000000 669.50061035
v 0.00099999 11.75000000 669.50061035
v -2.99806809 10.07479000 669.50061035
v -1.74410701 10.13078022 669.50061035
v -0.14853761 12.99627018 669.50061035
v -0.17324370 11.74129963 669.50061035
v -0.08623027 11.74781990 669.50061035
v -2.99061108 10.22418976 669.50061035
v -0.29770350 12.98509026 669.50061035
v -0.25982401 11.73044968 669.50061035
v -2.97571707 10.37302971 669.50061035
v -1.73541903 10.21759987 669.50061035
v -0.44612679 12.96648979 669.50061035
v -2.95342302 10.52093983 669.50061035
v -1.72241402 10.30387974 669.50061035
v -0.59343851 12.94052029 669.50061035
v -0.43082541 11.69589043 669.50061035
v -0.34575579 11.71529961 669.50061035
v -2.92378402 10.66755962 669.50061035
v -1.70512402 10.38941002 669.50061035
v -0.73927218 12.90723038 669.50061035
v -2.88687301 10.81252003 669.50061035
v -1.68359196 10.47397041 669.50061035
v -0.88326550 12.86672020 669.50061035
v -0.51482153 11.67224979 669.50061035
v -2.84278202 10.95545959 669.50061035
v -1.65787303 10.55735016 669.50061035
v -1.02506006 12.81908035 669.50061035
v -0.59753531 11.64445972 669.50061035
v -2.79162097 11.09601974 669.50061035
v -1.62802899 10.63934994 669.50061035
v -1.59413505 10.71975040 669.50061035
v -1.16430402 12.76443005 669.50061035
v -0.67876089 11.61258030 669.50061035
v -2.73351789 11.23386002 669.50061035
v -1.30065095 12.70291042 669.50061035
v -0.75829661 11.57670021 669.50061035
v -2.66861510 11.36863041 669.50061035
v -1.55627596 10.79837036 669.50061035
v -1.43376195 12.63465977 669.50061035
v -0.91151160 11.49326038 669.50061035
v -0.83594447 11.53689003 669.50061035
v -2.59707594 11.50000000 669.50061035
v -1.51454401 10.87500000 669.50061035
v -1.46904504 10.94946003 669.50061035
v -1.56330597 12.55986977 669.50061035
v -2.51907802 11.62763977 669.50061035
v -1.68895996 12.47871971 669.50061035
v -0.98481011 11.44591999 669.50061035
v -2.43481398 11.75123024 669.50061035
v -1.41989100 11.02155018 669.50061035
v -1.36720502 11.09111023 669.50061035
v -1.81041300 12.39140034 669.50061035
v -1.05565798 11.39498043 669.50061035
v -2.34449410 11.87047005 669.50061035
v -1.92736304 12.29813004 669.50061035
v -1.12387800 11.34057999 669.50061035
v -2.24834394 11.98505974 669.50061035
v -1.31111705 11.15795040 669.50061035
v -2.03951812 12.19915009 669.50061035
v -1.18930197 11.28283978 669.50061035
v -2.14660001 12.09471035 669.50061035
v -1.25176704 11.22192001 669.50061035
v 1.19130194 28.71715927 669.50061035
v 2.04151797 27.80084038 669.50061035
v 2.14860106 27.90529060 669.50061035
v 1.25376701 28.77808952 669.50061035
v 1.31311703 28.84205055 669.50061035
v 2.25034404 28.01494026 669.50061035
v 1.12587798 28.65942001 669.50061035
v 1.92936301 27.70186043 669.50061035
v 1.36920500 28.90889931 669.50061035
v 2.34649396 28.12952995 669.50061035
v 1.05765796 28.60502052 669.50061035
v 1.81241298 27.60860062 669.50061035
v 1.69096005 27.52128029 669.50061035
v 1.42189205 28.97845078 669.50061035
v 2.43681407 28.24876976 669.50061035
v 0.98681009 28.55407906 669.50061035
v 1.47104502 29.05055046 669.50061035
v 2.52107811 28.37236023 669.50061035
v 0.91351157 28.50674057 669.50061035
v 1.56530595 27.44013023 669.50061035
v 1.51654398 29.12500000 669.50061035
v 2.59907603 28.50000000 669.50061035
v 0.83794451 28.46310997 669.50061035
v 1.43576205 27.36533928 669.50061035
v 1.55827606 29.20162964 669.50061035
v 2.67061496 28.63137054 669.50061035
v 0.76029652 28.42329979 669.50061035
v 1.30265105 27.29709053 669.50061035
v 1.16630399 27.23557091 669.50061035
v 1.59613502 29.28025055 669.50061035
v 2.73551798 28.76613998 669.50061035
v 0.68076098 28.38742065 669.50061035
v 1.63002896 29.36064911 669.50061035
v 2.79362106 28.90398026 669.50061035
v 0.59953523 28.35553932 669.50061035
v 1.02706003 27.18091965 669.50061035
v 1.65987301 29.44264984 669.50061035
v 2.84478211 29.04454041 669.50061035
v 0.51682162 28.32774925 669.50061035
v 0.88526553 27.13327980 669.50061035
v 1.68559206 29.52602959 669.50061035
v 2.88887310 29.18748093 669.50061035
v 0.43282551 28.30411911 669.50061035
v 0.74127221 27.09276962 669.50061035
v 1.70712399 29.61058998 669.50061035
v 2.92578411 29.33243942 669.50061035
v 0.34775570 28.28470039 669.50061035
v 0.59543842 27.05948067 669.50061035
v 1.72441304 29.69611931 669.50061035
v 2.95542312 29.47905922 669.50061035
v 0.26182401 28.26955032 669.50061035
v 0.44812679 27.03351021 669.50061035
v 1.73741901 29.78240013 669.50061035
v 2.97771811 29.62697029 669.50061035
v 0.17524371 28.25869942 669.50061035
v 0.29970351 27.01490974 669.50061035
v 1.74610603 29.86922073 669.50061035
v 2.99261093 29.77581024 669.50061035
v 0.08823031 28.25218010 669.50061035
v 0.15053760 27.00373077 669.50061035
v 1.75045598 29.95636940 669.50061035
v 3.00006700 29.92521095 669.50061035
v 0.00099999 28.25000000 669.50061035
v 0.00099999 27.00000000 669.50061035
v 1.75045598 30.04363060 669.50061035
v 3.00006700 30.07478905 669.50061035
v -0.08623027 28.25218010 669.50061035
v -0.14853761 27.00373077 669.50061035
v 1.74610603 30.13077927 669.50061035
v 2.99261093 30.22418976 669.50061035
v 2.97771811 30.37302971 669.50061035
v -0.17324370 28.25869942 669.50061035
v -0.29770350 27.01490974 669.50061035
v 1.73741901 30.21759987 669.50061035
v -0.25982401 28.26955032 669.50061035
v -0.44612679 27.03351021 669.50061035
v 1.72441304 30.30389023 669.50061035
v 2.95542312 30.52095032 669.50061035
v -0.34575579 28.28470039 669.50061035
v -0.59343851 27.05948067 669.50061035
v 1.70712399 30.38941002 669.50061035
v 2.92578411 30.66756058 669.50061035
v -0.43082541 28.30411911 669.50061035
v -0.73927218 27.09276962 669.50061035
v 1.68559206 30.47397041 669.50061035
v 2.88887310 30.81251907 669.50061035
v -0.51482153 28.32774925 669.50061035
v -0.88326550 27.13327980 669.50061035
v 1.65987301 30.55735016 669.50061035
v 2.84478211 30.95545959 669.50061035
v -0.59753531 28.35553932 669.50061035
v -1.02506006 27.18091965 669.50061035
v 1.63002896 30.63935089 669.50061035
v 2.79362106 31.09601974 669.50061035
v -0.67876089 28.38742065 669.50061035
v -1.16430402 27.23557091 669.50061035
v 1.59613502 30.71974945 669.50061035
v 2.73551798 31.23386002 669.50061035
v -0.75829661 28.42329979 669.50061035
v -1.30065095 27.29709053 669.50061035
v 1.55827606 30.79837036 669.50061035
v 2.67061496 31.36862946 669.50061035
v -0.83594447 28.46310997 669.50061035
v -1.43376195 27.36533928 669.50061035
v 1.51654398 30.87500000 669.50061035
v 2.59907603 31.50000000 669.50061035
v -0.91151160 28.50674057 669.50061035
v -1.56330597 27.44013023 669.50061035
v 1.47104502 30.94945908 669.50061035
v 2.52107811 31.62763977 669.50061035
v -0.98481011 28.55407906 669.50061035
v -1.68895996 27.52128029 669.50061035
v 1.42189205 31.02154922 669.50061035
v 2.43681407 31.75123024 669.50061035
v -1.05565798 28.60502052 669.50061035
v -1.81041300 27.60860062 669.50061035
v 1.36920500 31.09111023 669.50061035
v 2.34649396 31.87047005 669.50061035
v -1.12387800 28.65942001 669.50061035
v -1.92736304 27.70186043 669.50061035
v 1.31311703 31.15794945 669.50061035
v 2.25034404 31.98505974 669.50061035
v -1.18930197 28.71715927 669.50061035
v -2.03951812 27.80084038 669.50061035
v 2.14860106 32.09471130 669.50061035
v 1.25376701 31.22192001 669.50061035
v -1.25176704 28.77808952 669.50061035
v -2.14660001 27.90529060 669.50061035
v 1.19130194 31.28284073 669.50061035
v 2.04151797 32.19915009 669.50061035
v -2.24834394 28.01494026 669.50061035
v -1.31111705 28.84205055 669.50061035
v -1.36720502 28.90889931 669.50061035
v 1.92936301 32.29813004 669.50061035
v 1.05765796 31.39497948 669.50061035
v 1.12587798 31.34057999 669.50061035
v -2.34449410 28.12952995 669.50061035
v -1.41989100 28.97845078 669.50061035
v 1.81241298 32.39139938 669.50061035
v -2.43481398 28.24876976 669.50061035
v 1.69096005 32.47872162 669.50061035
v 0.98681009 31.44592094 669.50061035
v -2.51907802 28.37236023 669.50061035
v -1.46904504 29.05055046 669.50061035
v -1.51454401 29.12500000 669.50061035
v 1.56530595 32.55987167 669.50061035
v 0.91351157 31.49325943 669.50061035
v -2.59707594 28.50000000 669.50061035
v 1.43576205 32.63467026 669.50061035
v 0.83794451 31.53689003 669.50061035
v -2.66861510 28.63137054 669.50061035
v -1.55627596 29.20162964 669.50061035
v 1.30265105 32.70291138 669.50061035
v 0.68076098 31.61257935 669.50061035
v 0.76029652 31.57670021 669.50061035
v -2.73351789 28.76613998 669.50061035
v -1.59413505 29.28025055 669.50061035
v 1.16630399 32.76443100 669.50061035
v -2.79162097 28.90398026 669.50061035
v -1.62802899 29.36064911 669.50061035
v 1.02706003 32.81908035 669.50061035
v 0.51682162 31.67225075 669.50061035
v 0.59953523 31.64446068 669.50061035
v -2.84278202 29.04454041 669.50061035
v -1.65787303 29.44264984 669.50061035
v 0.88526553 32.86671829 669.50061035
v -2.88687301 29.18748093 669.50061035
v -1.68359196 29.52602959 669.50061035
v 0.74127221 32.90723038 669.50061035
v 0.43282551 31.69589043 669.50061035
v -2.92378402 29.33243942 669.50061035
v -1.70512402 29.61058998 669.50061035
v 0.59543842 32.94052124 669.50061035
v 0.34775570 31.71529961 669.50061035
v -2.95342302 29.47905922 669.50061035
v -1.72241402 29.69611931 669.50061035
v 0.44812679 32.96649170 669.50061035
v 0.26182401 31.73044968 669.50061035
v -2.97571707 29.62697029 669.50061035
v -1.73541903 29.78240013 669.50061035
v -1.74410701 29.86922073 669.50061035
v 0.29970351 32.98508835 669.50061035
v 0.08823031 31.74781990 669.50061035
v 0.17524371 31.74131012 669.50061035
v -2.99061108 29.77581024 669.50061035
v 0.15053760 32.99626923 669.50061035
v -2.99806809 29.92521095 669.50061035
v -1.74845600 29.95636940 669.50061035
v -1.74845600 30.04363060 669.50061035
v 0.00099999 33.00000000 669.50061035
v 0.00099999 31.75000000 669.50061035
v -2.99806809 30.07478905 669.50061035
v -0.14853761 32.99626923 669.50061035
v -0.17324370 31.74131012 669.50061035
v -0.08623027 31.74781990 669.50061035
v -2.99061108 30.22418976 669.50061035
v -1.74410701 30.13077927 669.50061035
v -0.29770350 32.98508835 669.50061035
v -2.97571707 30.37302971 669.50061035
v -1.73541903 30.21759987 669.50061035
v -1.72241402 30.30389023 669.50061035
v -0.44612679 32.96649170 669.50061035
v -0.25982401 31.73044968 669.50061035
v -2.95342302 30.52095032 669.50061035
v -1.70512402 30.38941002 669.50061035
v -0.59343851 32.94052124 669.50061035
v -0.43082541 31.69589043 669.50061035
v -0.34575579 31.71529961 669.50061035
v -2.92378402 30.66756058 669.50061035
v -0.73927218 32.90723038 669.50061035
v -2.88687301 30.81251907 669.50061035
v -1.68359196 30.47397041 669.50061035
v -1.65787303 30.55735016 669.50061035
v -0.88326550 32.86671829 669.50061035
v -0.51482153 31.67225075 669.50061035
v -2.84278202 30.95545959 669.50061035
v -1.62802899 30.63935089 669.50061035
v -1.02506006 32.81908035 669.50061035
v -0.59753531 31.64446068 669.50061035
v -2.79162097 31.09601974 669.50061035
v -1.16430402 32.76443100 669.50061035
v -0.67876089 31.61257935 669.50061035
v -2.73351789 31.23386002 669.50061035
v -1.59413505 30.71974945 669.50061035
v -1.30065095 32.70291138 669.50061035
v -0.75829661 31.57670021 669.50061035
v -2.66861510 31.36862946 669.50061035
v -1.55627596 30.79837036 669.50061035
v -1.51454401 30.87500000 669.50061035
v -1.43376195 32.63467026 669.50061035
v -0.91151160 31.49325943 669.50061035
v -0.83594447 31.53689003 669.50061035
v -2.59707594 31.50000000 669.50061035
v -1.46904504 30.94945908 669.50061035
v -1.56330597 32.55987167 669.50061035
v -2.51907802 31.62763977 669.50061035
v -1.68895996 32.47872162 669.50061035
v -0.98481011 31.44592094 669.50061035
v -2.43481398 31.75123024 669.50061035
v -1.41989100 31.02154922 669.50061035
v -1.36720502 31.09111023 669.50061035
v -1.81041300 32.39139938 669.50061035
v -1.05565798 31.39497948 669.50061035
v -2.34449410 31.87047005 669.50061035
v -1.31111705 31.15794945 669.50061035
v -1.92736304 32.29813004 669.50061035
v -1.12387800 31.34057999 669.50061035
v -2.24834394 31.98505974 669.50061035
v -1.25176704 31.22192001 669.50061035
v -2.03951812 32.19915009 669.50061035
v -1.18930197 31.28284073 669.50061035
v -2.14660001 32.09471130 669.50061035
v 1.19130194 48.71715927 669.50061035
v 2.04151797 47.80083847 669.50061035
v 2.14860106 47.90528870 669.50061035
v 1.25376701 48.77807999 669.50061035
v 1.31311703 48.84204865 669.50061035
v 2.25034404 48.01493835 669.50061035
v 1.12587798 48.65942001 669.50061035
v 1.92936301 47.70185852 669.50061035
v 1.36920500 48.90888977 669.50061035
v 2.34649396 48.12953186 669.50061035
v 1.05765796 48.60501862 669.50061035
v 1.81241298 47.60860062 669.50061035
v 1.42189205 48.97845078 669.50061035
v 2.43681407 48.24876022 669.50061035
v 0.98681009 48.55408096 669.50061035
v 1.69096005 47.52127838 669.50061035
v 1.47104502 49.05054855 669.50061035
v 2.52107811 48.37236023 669.50061035
v 0.91351157 48.50674057 669.50061035
v 1.56530595 47.44012833 669.50061035
v 1.51654398 49.12500000 669.50061035
v 2.59907603 48.50000000 669.50061035
v 0.83794451 48.46311188 669.50061035
v 1.43576205 47.36532974 669.50061035
v 1.55827606 49.20162964 669.50061035
v 2.67061496 48.63137054 669.50061035
v 0.76029652 48.42330170 669.50061035
v 1.30265105 47.29708862 669.50061035
v 1.59613502 49.28025055 669.50061035
v 2.73551798 48.76613998 669.50061035
v 0.68076098 48.38740921 669.50061035
v 1.16630399 47.23556900 669.50061035
v 1.63002896 49.36066055 669.50061035
v 2.79362106 48.90398026 669.50061035
v 0.59953523 48.35554123 669.50061035
v 1.02706003 47.18091965 669.50061035
v 1.65987301 49.44264984 669.50061035
v 2.84478211 49.04454041 669.50061035
v 2.88887310 49.18748093 669.50061035
v 0.51682162 48.32775116 669.50061035
v 0.88526553 47.13328171 669.50061035
v 0.74127221 47.09276962 669.50061035
v 1.68559206 49.52603149 669.50061035
v 0.43282551 48.30411148 669.50061035
v 1.70712399 49.61059189 669.50061035
v 2.92578411 49.33243179 669.50061035
v 0.34775570 48.28469849 669.50061035
v 0.59543842 47.05947876 669.50061035
v 1.72441304 49.69612122 669.50061035
v 2.95542312 49.47904968 669.50061035
v 0.26182401 48.26955032 669.50061035
v 0.44812679 47.03350830 669.50061035
v 1.73741901 49.78239822 669.50061035
v 2.97771811 49.62696838 669.50061035
v 2.99261093 49.77581024 669.50061035
v 0.17524371 48.25870132 669.50061035
v 0.29970351 47.01491165 669.50061035
v 1.74610603 49.86922073 669.50061035
v 0.08823031 48.25217056 669.50061035
v 0.15053760 47.00373077 669.50061035
v 1.75045598 49.95637131 669.50061035
v 3.00006700 49.92520142 669.50061035
v 0.00099999 48.25000000 669.50061035
v 0.00099999 47.00000000 669.50061035
v 1.75045598 50.04362869 669.50061035
v 3.00006700 50.07479095 669.50061035
v -0.08623027 48.25217056 669.50061035
v -0.14853761 47.00373077 669.50061035
v 1.74610603 50.13077927 669.50061035
v 2.99261093 50.22418976 669.50061035
v 2.97771811 50.37303162 669.50061035
v -0.17324370 48.25870132 669.50061035
v -0.29770350 47.01491165 669.50061035
v 1.73741901 50.21760178 669.50061035
v -0.25982401 48.26955032 669.50061035
v -0.44612679 47.03350830 669.50061035
v 1.72441304 50.30387878 669.50061035
v 2.95542312 50.52093887 669.50061035
v -0.34575579 48.28469849 669.50061035
v -0.59343851 47.05947876 669.50061035
v 1.70712399 50.38940811 669.50061035
v 2.92578411 50.66756058 669.50061035
v -0.43082541 48.30411148 669.50061035
v -0.73927218 47.09276962 669.50061035
v 1.68559206 50.47396851 669.50061035
v 2.88887310 50.81251907 669.50061035
v -0.51482153 48.32775116 669.50061035
v -0.88326550 47.13328171 669.50061035
v 1.65987301 50.55735016 669.50061035
v 2.84478211 50.95545959 669.50061035
v -0.59753531 48.35554123 669.50061035
v -1.02506006 47.18091965 669.50061035
v 1.63002896 50.63933945 669.50061035
v 2.79362106 51.09601974 669.50061035
v -0.67876089 48.38740921 669.50061035
v -1.16430402 47.23556900 669.50061035
v 1.59613502 50.71974945 669.50061035
v 2.73551798 51.23386002 669.50061035
v -0.75829661 48.42330170 669.50061035
v -1.30065095 47.29708862 669.50061035
v 1.55827606 50.79837036 669.50061035
v 2.67061496 51.36862946 669.50061035
v -0.83594447 48.46311188 669.50061035
v -1.43376195 47.36532974 669.50061035
v 1.51654398 50.87500000 669.50061035
v 2.59907603 51.50000000 669.50061035
v -0.91151160 48.50674057 669.50061035
v -1.56330597 47.44012833 669.50061035
v 1.47104502 50.94945145 669.50061035
v 2.52107811 51.62762833 669.50061035
v -0.98481011 48.55408096 669.50061035
v -1.68895996 47.52127838 669.50061035
v 1.42189205 51.02154922 669.50061035
v 2.43681407 51.75122833 669.50061035
v -1.05565798 48.60501862 669.50061035
v -1.81041300 47.60860062 669.50061035
v 1.36920500 51.09111023 669.50061035
v 2.34649396 51.87046814 669.50061035
v -1.12387800 48.65942001 669.50061035
v -1.92736304 47.70185852 669.50061035
v 1.31311703 51.15795135 669.50061035
v 2.25034404 51.98506165 669.50061035
v -1.18930197 48.71715927 669.50061035
v -2.03951812 47.80083847 669.50061035
v 1.25376701 51.22192001 669.50061035
v 2.14860106 52.09471130 669.50061035
v -2.14660001 47.90528870 669.50061035
v -1.25176704 48.77807999 669.50061035
v 2.04151797 52.19916153 669.50061035
v 1.19130194 51.28284073 669.50061035
v -2.24834394 48.01493835 669.50061035
v -1.31111705 48.84204865 669.50061035
v -1.36720502 48.90888977 669.50061035
v 1.92936301 52.29813004 669.50061035
v 1.05765796 51.39498138 669.50061035
v 1.12587798 51.34056854 669.50061035
v -2.34449410 48.12953186 669.50061035
v 1.81241298 52.39139938 669.50061035
v -2.43481398 48.24876022 669.50061035
v -1.41989100 48.97845078 669.50061035
v 1.69096005 52.47872162 669.50061035
v 0.98681009 51.44591904 669.50061035
v -2.51907802 48.37236023 669.50061035
v -1.46904504 49.05054855 669.50061035
v 1.56530595 52.55987167 669.50061035
v 0.91351157 51.49325943 669.50061035
v -2.59707594 48.50000000 669.50061035
v -1.51454401 49.12500000 669.50061035
v -1.55627596 49.20162964 669.50061035
v 1.43576205 52.63467026 669.50061035
v 0.83794451 51.53688049 669.50061035
v -2.66861510 48.63137054 669.50061035
v -1.59413505 49.28025055 669.50061035
v 1.30265105 52.70291138 669.50061035
v 0.68076098 51.61257935 669.50061035
v 0.76029652 51.57669067 669.50061035
v -2.73351789 48.76613998 669.50061035
v 1.16630399 52.76443100 669.50061035
v -2.79162097 48.90398026 669.50061035
v -1.62802899 49.36066055 669.50061035
v -1.65787303 49.44264984 669.50061035
v 1.02706003 52.81908035 669.50061035
v 0.51682162 51.67224884 669.50061035
v 0.59953523 51.64445877 669.50061035
v -2.84278202 49.04454041 669.50061035
v 0.88526553 52.86671829 669.50061035
v -2.88687301 49.18748093 669.50061035
v -1.68359196 49.52603149 669.50061035
v 0.74127221 52.90723038 669.50061035
v 0.43282551 51.69588089 669.50061035
v -2.92378402 49.33243179 669.50061035
v -1.70512402 49.61059189 669.50061035
v 0.59543842 52.94052124 669.50061035
v 0.34775570 51.71530151 669.50061035
v -2.95342302 49.47904968 669.50061035
v -1.72241402 49.69612122 669.50061035
v 0.44812679 52.96649170 669.50061035
v 0.26182401 51.73044968 669.50061035
v -2.97571707 49.62696838 669.50061035
v -1.73541903 49.78239822 669.50061035
v 0.29970351 52.98508835 669.50061035
v 0.17524371 51.74129868 669.50061035
v -2.99061108 49.77581024 669.50061035
v -1.74410701 49.86922073 669.50061035
v 0.15053760 52.99626923 669.50061035
v 0.08823031 51.74782181 669.50061035
v -2.99806809 49.92520142 669.50061035
v -1.74845600 49.95637131 669.50061035
v 0.00099999 53.00000000 669.50061035
v 0.00099999 51.75000000 669.50061035
v -0.08623027 51.74782181 669.50061035
v -2.99806809 50.07479095 669.50061035
v -1.74845600 50.04362869 669.50061035
v -1.74410701 50.13077927 669.50061035
v -0.14853761 52.99626923 669.50061035
v -2.99061108 50.22418976 669.50061035
v -0.29770350 52.98508835 669.50061035
v -0.17324370 51.74129868 669.50061035
v -2.97571707 50.37303162 669.50061035
v -1.73541903 50.21760178 669.50061035
v -0.44612679 52.96649170 669.50061035
v -0.34575579 51.71530151 669.50061035
v -0.25982401 51.73044968 669.50061035
v -2.95342302 50.52093887 669.50061035
v -1.72241402 50.30387878 669.50061035
v -1.70512402 50.38940811 669.50061035
v -0.59343851 52.94052124 669.50061035
v -0.43082541 51.69588089 669.50061035
v -2.92378402 50.66756058 669.50061035
v -0.73927218 52.90723038 669.50061035
v -2.88687301 50.81251907 669.50061035
v -1.68359196 50.47396851 669.50061035
v -0.88326550 52.86671829 669.50061035
v -0.51482153 51.67224884 669.50061035
v -2.84278202 50.95545959 669.50061035
v -1.65787303 50.55735016 669.50061035
v -1.62802899 50.63933945 669.50061035
v -1.02506006 52.81908035 669.50061035
v -0.59753531 51.64445877 669.50061035
v -2.79162097 51.09601974 669.50061035
v -1.16430402 52.76443100 669.50061035
v -0.67876089 51.61257935 669.50061035
v -2.73351789 51.23386002 669.50061035
v -1.59413505 50.71974945 669.50061035
v -1.30065095 52.70291138 669.50061035
v -0.75829661 51.57669067 669.50061035
v -2.66861510 51.36862946 669.50061035
v -1.55627596 50.79837036 669.50061035
v -1.43376195 52.63467026 669.50061035
v -0.83594447 51.53688049 669.50061035
v -2.59707594 51.50000000 669.50061035
v -1.51454401 50.87500000 669.50061035
v -1.46904504 50.94945145 669.50061035
v -1.56330597 52.55987167 669.50061035
v -0.98481011 51.44591904 669.50061035
v -0.91151160 51.49325943 669.50061035
v -2.51907802 51.62762833 669.50061035
v -1.68895996 52.47872162 669.50061035
v -1.05565798 51.39498138 669.50061035
v -2.43481398 51.75122833 669.50061035
v -1.41989100 51.02154922 669.50061035
v -1.36720502 51.09111023 669.50061035
v -1.81041300 52.39139938 669.50061035
v -2.34449410 51.87046814 669.50061035
v -1.92736304 52.29813004 669.50061035
v -1.18930197 51.28284073 669.50061035
v -1.12387800 51.34056854 669.50061035
v -2.24834394 51.98506165 669.50061035
v -1.31111705 51.15795135 669.50061035
v -1.25176704 51.22192001 669.50061035
v -2.03951812 52.19916153 669.50061035
v -2.14660001 52.09471130 669.50061035
v 1.19130194 68.71716309 669.50061035
v 2.04151797 67.80084229 669.50061035
v 2.14860106 67.90528870 669.50061035
v 1.25376701 68.77809143 669.50061035
v 1.31311703 68.84204865 669.50061035
v 2.25034404 68.01495361 669.50061035
v 1.12587798 68.65943146 669.50061035
v 1.92936301 67.70187378 669.50061035
v 1.36920500 68.90888977 669.50061035
v 2.34649396 68.12953186 669.50061035
v 1.05765796 68.60501862 669.50061035
v 1.81241298 67.60861206 669.50061035
v 1.42189205 68.97844696 669.50061035
v 2.43681407 68.24877167 669.50061035
v 0.98681009 68.55409241 669.50061035
v 1.69096005 67.52129364 669.50061035
v 1.47104502 69.05055237 669.50061035
v 2.52107811 68.37236023 669.50061035
v 0.91351157 68.50675201 669.50061035
v 1.56530595 67.44013214 669.50061035
v 1.51654398 69.12500000 669.50061035
v 2.59907603 68.50000000 669.50061035
v 0.83794451 68.46311188 669.50061035
v 1.43576205 67.36534119 669.50061035
v 1.55827606 69.20162964 669.50061035
v 2.67061496 68.63137054 669.50061035
v 0.76029652 68.42330170 669.50061035
v 1.30265105 67.29709625 669.50061035
v 1.59613502 69.28025055 669.50061035
v 2.73551798 68.76614380 669.50061035
v 0.68076098 68.38742065 669.50061035
v 1.16630399 67.23558044 669.50061035
v 1.63002896 69.36065674 669.50061035
v 2.79362106 68.90397644 669.50061035
v 0.59953523 68.35553741 669.50061035
v 1.02706003 67.18093109 669.50061035
v 1.65987301 69.44264984 669.50061035
v 2.84478211 69.04454041 669.50061035
v 2.88887310 69.18747711 669.50061035
v 0.51682162 68.32775116 669.50061035
v 0.88526553 67.13327789 669.50061035
v 0.74127221 67.09277344 669.50061035
v 1.68559206 69.52603149 669.50061035
v 0.43282551 68.30412292 669.50061035
v 1.70712399 69.61058807 669.50061035
v 2.92578411 69.33244324 669.50061035
v 0.34775570 68.28469849 669.50061035
v 0.59543842 67.05947876 669.50061035
v 1.72441304 69.69612122 669.50061035
v 2.95542312 69.47905731 669.50061035
v 0.26182401 68.26954651 669.50061035
v 0.44812679 67.03350830 669.50061035
v 1.73741901 69.78240204 669.50061035
v 2.97771811 69.62696838 669.50061035
v 2.99261093 69.77581024 669.50061035
v 0.17524371 68.25869751 669.50061035
v 0.29970351 67.01490784 669.50061035
v 1.74610603 69.86923218 669.50061035
v 0.08823031 68.25218201 669.50061035
v 0.15053760 67.00373077 669.50061035
v 1.75045598 69.95636749 669.50061035
v 3.00006700 69.92520905 669.50061035
v 0.00099999 68.25000000 669.50061035
v 0.00099999 67.00000000 669.50061035
v 1.75045598 70.04364014 669.50061035
v 3.00006700 70.07479095 669.50061035
v -0.08623027 68.25218201 669.50061035
v -0.14853761 67.00373077 669.50061035
v 1.74610603 70.13078308 669.50061035
v 2.99261093 70.22418976 669.50061035
v 2.97771811 70.37303162 669.50061035
v -0.17324370 68.25869751 669.50061035
v -0.29770350 67.01490784 669.50061035
v 1.73741901 70.21759796 669.50061035
v -0.25982401 68.26954651 669.50061035
v -0.44612679 67.03350830 669.50061035
v 1.72441304 70.30388641 669.50061035
v 2.95542312 70.52095032 669.50061035
v -0.34575579 68.28469849 669.50061035
v -0.59343851 67.05947876 669.50061035
v 1.70712399 70.38941193 669.50061035
v 2.92578411 70.66757202 669.50061035
v -0.43082541 68.30412292 669.50061035
v -0.73927218 67.09277344 669.50061035
v 1.68559206 70.47396851 669.50061035
v 2.88887310 70.81253052 669.50061035
v -0.51482153 68.32775116 669.50061035
v -0.88326550 67.13327789 669.50061035
v 1.65987301 70.55735016 669.50061035
v 2.84478211 70.95545959 669.50061035
v -0.59753531 68.35553741 669.50061035
v -1.02506006 67.18093109 669.50061035
v 1.63002896 70.63935089 669.50061035
v 2.79362106 71.09603119 669.50061035
v -0.67876089 68.38742065 669.50061035
v -1.16430402 67.23558044 669.50061035
v 1.59613502 70.71974945 669.50061035
v 2.73551798 71.23387146 669.50061035
v -0.75829661 68.42330170 669.50061035
v -1.30065095 67.29709625 669.50061035
v 1.55827606 70.79837036 669.50061035
v 2.67061496 71.36862946 669.50061035
v -0.83594447 68.46311188 669.50061035
v -1.43376195 67.36534119 669.50061035
v 1.51654398 70.87500000 669.50061035
v 2.59907603 71.50000000 669.50061035
v -0.91151160 68.50675201 669.50061035
v -1.56330597 67.44013214 669.50061035
v 1.47104502 70.94946289 669.50061035
v 2.52107811 71.62763977 669.50061035
v -0.98481011 68.55409241 669.50061035
v -1.68895996 67.52129364 669.50061035
v 1.42189205 71.02156067 669.50061035
v 2.43681407 71.75122833 669.50061035
v -1.05565798 68.60501862 669.50061035
v -1.81041300 67.60861206 669.50061035
v 1.36920500 71.09111023 669.50061035
v 2.34649396 71.87046814 669.50061035
v -1.12387800 68.65943146 669.50061035
v -1.92736304 67.70187378 669.50061035
v 1.31311703 71.15795135 669.50061035
v 2.25034404 71.98506165 669.50061035
v -1.18930197 68.71716309 669.50061035
v -2.03951812 67.80084229 669.50061035
v 1.25376701 71.22191620 669.50061035
v 2.14860106 72.09471130 669.50061035
v -2.14660001 67.90528870 669.50061035
v -1.25176704 68.77809143 669.50061035
v 2.04151797 72.19915771 669.50061035
v 1.19130194 71.28285217 669.50061035
v -2.24834394 68.01495361 669.50061035
v -1.31111705 68.84204865 669.50061035
v -1.36720502 68.90888977 669.50061035
v 1.92936301 72.29814148 669.50061035
v 1.05765796 71.39498138 669.50061035
v 1.12587798 71.34058380 669.50061035
v -2.34449410 68.12953186 669.50061035
v 1.81241298 72.39140320 669.50061035
v -2.43481398 68.24877167 669.50061035
v -1.41989100 68.97844696 669.50061035
v 1.69096005 72.47872162 669.50061035
v 0.98681009 71.44592285 669.50061035
v -2.51907802 68.37236023 669.50061035
v -1.46904504 69.05055237 669.50061035
v 1.56530595 72.55988312 669.50061035
v 0.91351157 71.49326324 669.50061035
v -2.59707594 68.50000000 669.50061035
v -1.51454401 69.12500000 669.50061035
v -1.55627596 69.20162964 669.50061035
v 1.43576205 72.63466644 669.50061035
v 0.83794451 71.53688812 669.50061035
v -2.66861510 68.63137054 669.50061035
v -1.59413505 69.28025055 669.50061035
v 1.30265105 72.70291138 669.50061035
v 0.68076098 71.61258698 669.50061035
v 0.76029652 71.57669830 669.50061035
v -2.73351789 68.76614380 669.50061035
v 1.16630399 72.76442719 669.50061035
v -2.79162097 68.90397644 669.50061035
v -1.62802899 69.36065674 669.50061035
v -1.65787303 69.44264984 669.50061035
v 1.02706003 72.81907654 669.50061035
v 0.51682162 71.67224884 669.50061035
v 0.59953523 71.64447021 669.50061035
v -2.84278202 69.04454041 669.50061035
v 0.88526553 72.86672211 669.50061035
v -2.88687301 69.18747711 669.50061035
v -1.68359196 69.52603149 669.50061035
v 0.74127221 72.90724182 669.50061035
v 0.43282551 71.69589233 669.50061035
v -2.92378402 69.33244324 669.50061035
v -1.70512402 69.61058807 669.50061035
v 0.59543842 72.94052124 669.50061035
v 0.34775570 71.71530151 669.50061035
v -2.95342302 69.47905731 669.50061035
v -1.72241402 69.69612122 669.50061035
v 0.44812679 72.96649170 669.50061035
v 0.26182401 71.73046112 669.50061035
v -2.97571707 69.62696838 669.50061035
v -1.73541903 69.78240204 669.50061035
v 0.29970351 72.98509216 669.50061035
v 0.17524371 71.74131012 669.50061035
v -2.99061108 69.77581024 669.50061035
v -1.74410701 69.86923218 669.50061035
v 0.15053760 72.99626923 669.50061035
v 0.08823031 71.74783325 669.50061035
v -2.99806809 69.92520905 669.50061035
v -1.74845600 69.95636749 669.50061035
v 0.00099999 73.00000000 669.50061035
v 0.00099999 71.75000000 669.50061035
v -0.08623027 71.74783325 669.50061035
v -2.99806809 70.07479095 669.50061035
v -1.74845600 70.04364014 669.50061035
v -1.74410701 70.13078308 669.50061035
v -0.14853761 72.99626923 669.50061035
v -2.99061108 70.22418976 669.50061035
v -0.29770350 72.98509216 669.50061035
v -0.17324370 71.74131012 669.50061035
v -2.97571707 70.37303162 669.50061035
v -1.73541903 70.21759796 669.50061035
v -0.44612679 72.96649170 669.50061035
v -0.34575579 71.71530151 669.50061035
v -0.25982401 71.73046112 669.50061035
v -2.95342302 70.52095032 669.50061035
v -1.72241402 70.30388641 669.50061035
v -1.70512402 70.38941193 669.50061035
v -0.59343851 72.94052124 669.50061035
v -0.43082541 71.69589233 669.50061035
v -2.92378402 70.66757202 669.50061035
v -0.73927218 72.90724182 669.50061035
v -2.88687301 70.81253052 669.50061035
v -1.68359196 70.47396851 669.50061035
v -0.88326550 72.86672211 669.50061035
v -0.51482153 71.67224884 669.50061035
v -2.84278202 70.95545959 669.50061035
v -1.65787303 70.55735016 669.50061035
v -1.62802899 70.63935089 669.50061035
v -1.02506006 72.81907654 669.50061035
v -0.59753531 71.64447021 669.50061035
v -2.79162097 71.09603119 669.50061035
v -1.16430402 72.76442719 669.50061035
v -0.67876089 71.61258698 669.50061035
v -2.73351789 71.23387146 669.50061035
v -1.59413505 70.71974945 669.50061035
v -1.30065095 72.70291138 669.50061035
v -0.75829661 71.57669830 669.50061035
v -2.66861510 71.36862946 669.50061035
v -1.55627596 70.79837036 669.50061035
v -1.43376195 72.63466644 669.50061035
v -0.83594447 71.53688812 669.50061035
v -2.59707594 71.50000000 669.50061035
v -1.51454401 70.87500000 669.50061035
v -1.46904504 70.94946289 669.50061035
v -1.56330597 72.55988312 669.50061035
v -0.98481011 71.44592285 669.50061035
v -0.91151160 71.49326324 669.50061035
v -2.51907802 71.62763977 669.50061035
v -1.68895996 72.47872162 669.50061035
v -1.05565798 71.39498138 669.50061035
v -2.43481398 71.75122833 669.50061035
v -1.41989100 71.02156067 669.50061035
v -1.36720502 71.09111023 669.50061035
v -1.81041300 72.39140320 669.50061035
v -2.34449410 71.87046814 669.50061035
v -1.92736304 72.29814148 669.50061035
v -1.18930197 71.28285217 669.50061035
v -1.12387800 71.34058380 669.50061035
v -2.24834394 71.98506165 669.50061035
v -1.31111705 71.15795135 669.50061035
v -1.25176704 71.22191620 669.50061035
v -2.03951812 72.19915771 669.50061035
v -2.14660001 72.09471130 669.50061035
v 1.19130194 -71.28285217 669.50061035
v 2.04151797 -72.19915771 669.50061035
v 2.14860106 -72.09471130 669.50061035
v 1.25376701 -71.22191620 669.50061035
v 1.31311703 -71.15795135 669.50061035
v 2.25034404 -71.98506165 669.50061035
v 1.12587798 -71.34058380 669.50061035
v 1.92936301 -72.29814148 669.50061035
v 1.36920500 -71.09111023 669.50061035
v 2.34649396 -71.87046814 669.50061035
v 1.05765796 -71.39498138 669.50061035
v 1.81241298 -72.39140320 669.50061035
v 1.42189205 -71.02156067 669.50061035
v 2.43681407 -71.75122833 669.50061035
v 0.98681009 -71.44592285 669.50061035
v 1.69096005 -72.47872162 669.50061035
v 1.47104502 -70.94946289 669.50061035
v 2.52107811 -71.62763977 669.50061035
v 0.91351157 -71.49326324 669.50061035
v 1.56530595 -72.55988312 669.50061035
v 1.51654398 -70.87500000 669.50061035
v 2.59907603 -71.50000000 669.50061035
v 0.83794451 -71.53688812 669.50061035
v 1.43576205 -72.63466644 669.50061035
v 1.55827606 -70.79837036 669.50061035
v 2.67061496 -71.36862946 669.50061035
v 0.76029652 -71.57669830 669.50061035
v 1.30265105 -72.70291138 669.50061035
v 1.59613502 -70.71974945 669.50061035
v 2.73551798 -71.23387146 669.50061035
v 0.68076098 -71.61258698 669.50061035
v 1.16630399 -72.76442719 669.50061035
v 1.63002896 -70.63935089 669.50061035
v 2.79362106 -71.09603119 669.50061035
v 0.59953523 -71.64447021 669.50061035
v 1.02706003 -72.81907654 669.50061035
v 1.65987301 -70.55735016 669.50061035
v 2.84478211 -70.95545959 669.50061035
v 2.88887310 -70.81253052 669.50061035
v 0.51682162 -71.67224884 669.50061035
v 0.88526553 -72.86672211 669.50061035
v 0.74127221 -72.90724182 669.50061035
v 1.68559206 -70.47396851 669.50061035
v 0.43282551 -71.69589233 669.50061035
v 1.70712399 -70.38941193 669.50061035
v 2.92578411 -70.66757202 669.50061035
v 0.34775570 -71.71530151 669.50061035
v 0.59543842 -72.94052124 669.50061035
v 1.72441304 -70.30388641 669.50061035
v 2.95542312 -70.52095032 669.50061035
v 0.26182401 -71.73046112 669.50061035
v 0.44812679 -72.96649170 669.50061035
v 1.73741901 -70.21759796 669.50061035
v 2.97771811 -70.37303162 669.50061035
v 2.99261093 -70.22418976 669.50061035
v 0.17524371 -71.74131012 669.50061035
v 0.29970351 -72.98509216 669.50061035
v 1.74610603 -70.13078308 669.50061035
v 0.08823031 -71.74783325 669.50061035
v 0.15053760 -72.99626923 669.50061035
v 1.75045598 -70.04364014 669.50061035
v 3.00006700 -70.07479095 669.50061035
v 0.00099999 -71.75000000 669.50061035
v 0.00099999 -73.00000000 669.50061035
v 1.75045598 -69.95636749 669.50061035
v 3.00006700 -69.92520905 669.50061035
v -0.08623027 -71.74783325 669.50061035
v -0.14853761 -72.99626923 669.50061035
v 1.74610603 -69.86923218 669.50061035
v 2.99261093 -69.77581024 669.50061035
v 2.97771811 -69.62696838 669.50061035
v -0.17324370 -71.74131012 669.50061035
v -0.29770350 -72.98509216 669.50061035
v 1.73741901 -69.78240204 669.50061035
v -0.25982401 -71.73046112 669.50061035
v -0.44612679 -72.96649170 669.50061035
v 1.72441304 -69.69612122 669.50061035
v 2.95542312 -69.47905731 669.50061035
v -0.34575579 -71.71530151 669.50061035
v -0.59343851 -72.94052124 669.50061035
v 1.70712399 -69.61058807 669.50061035
v 2.92578411 -69.33244324 669.50061035
v -0.43082541 -71.69589233 669.50061035
v -0.73927218 -72.90724182 669.50061035
v 1.68559206 -69.52603149 669.50061035
v 2.88887310 -69.18747711 669.50061035
v -0.51482153 -71.67224884 669.50061035
v -0.88326550 -72.86672211 669.50061035
v 1.65987301 -69.44264984 669.50061035
v 2.84478211 -69.04454041 669.50061035
v -0.59753531 -71.64447021 669.50061035
v -1.02506006 -72.81907654 669.50061035
v 1.63002896 -69.36065674 669.50061035
v 2.79362106 -68.90397644 669.50061035
v -0.67876089 -71.61258698 669.50061035
v -1.16430402 -72.76442719 669.50061035
v 1.59613502 -69.28025055 669.50061035
v 2.73551798 -68.76614380 669.50061035
v -0.75829661 -71.57669830 669.50061035
v -1.30065095 -72.70291138 669.50061035
v 1.55827606 -69.20162964 669.50061035
v 2.67061496 -68.63137054 669.50061035
v -0.83594447 -71.53688812 669.50061035
v -1.43376195 -72.63466644 669.50061035
v 1.51654398 -69.12500000 669.50061035
v 2.59907603 -68.50000000 669.50061035
v -0.91151160 -71.49326324 669.50061035
v -1.56330597 -72.55988312 669.50061035
v 1.47104502 -69.05055237 669.50061035
v 2.52107811 -68.37236023 669.50061035
v -0.98481011 -71.44592285 669.50061035
v -1.68895996 -72.47872162 669.50061035
v 1.42189205 -68.97844696 669.50061035
v 2.43681407 -68.24877167 669.50061035
v -1.05565798 -71.39498138 669.50061035
v -1.81041300 -72.39140320 669.50061035
v 1.36920500 -68.90888977 669.50061035
v 2.34649396 -68.12953186 669.50061035
v -1.12387800 -71.34058380 669.50061035
v -1.92736304 -72.29814148 669.50061035
v 1.31311703 -68.84204865 669.50061035
v 2.25034404 -68.01495361 669.50061035
v -1.18930197 -71.28285217 669.50061035
v -2.03951812 -72.19915771 669.50061035
v 1.25376701 -68.77809143 669.50061035
v 2.14860106 -67.90528870 669.50061035
v -2.14660001 -72.09471130 669.50061035
v -1.25176704 -71.22191620 669.50061035
v 2.04151797 -67.80084229 669.50061035
v 1.19130194 -68.71716309 669.50061035
v -2.24834394 -71.98506165 669.50061035
v -1.31111705 -71.15795135 669.50061035
v -1.36720502 -71.09111023 669.50061035
v 1.92936301 -67.70187378 669.50061035
v 1.05765796 -68.60501862 669.50061035
v 1.12587798 -68.65943146 669.50061035
v -2.34449410 -71.87046814 669.50061035
v 1.81241298 -67.60861206 669.50061035
v -2.43481398 -71.75122833 669.50061035
v -1.41989100 -71.02156067 669.50061035
v 1.69096005 -67.52129364 669.50061035
v 0.98681009 -68.55409241 669.50061035
v -2.51907802 -71.62763977 669.50061035
v -1.46904504 -70.94946289 669.50061035
v 1.56530595 -67.44013214 669.50061035
v 0.91351157 -68.50675201 669.50061035
v -2.59707594 -71.50000000 669.50061035
v -1.51454401 -70.87500000 669.50061035
v -1.55627596 -70.79837036 669.50061035
v 1.43576205 -67.36534119 669.50061035
v 0.83794451 -68.46311188 669.50061035
v -2.66861510 -71.36862946 669.50061035
v -1.59413505 -70.71974945 669.50061035
v 1.30265105 -67.29709625 669.50061035
v 0.68076098 -68.38742065 669.50061035
v 0.76029652 -68.42330170 669.50061035
v -2.73351789 -71.23387146 669.50061035
v 1.16630399 -67.23558044 669.50061035
v -2.79162097 -71.09603119 669.50061035
v -1.62802899 -70.63935089 669.50061035
v -1.65787303 -70.55735016 669.50061035
v 1.02706003 -67.18093109 669.50061035
v 0.51682162 -68.32775116 669.50061035
v 0.59953523 -68.35553741 669.50061035
v -2.84278202 -70.95545959 669.50061035
v 0.88526553 -67.13327789 669.50061035
v -2.88687301 -70.81253052 669.50061035
v -1.68359196 -70.47396851 669.50061035
v 0.74127221 -67.09277344 669.50061035
v 0.43282551 -68.30412292 669.50061035
v -2.92378402 -70.66757202 669.50061035
v -1.70512402 -70.38941193 669.50061035
v 0.59543842 -67.05947876 669.50061035
v 0.34775570 -68.28469849 669.50061035
v -2.95342302 -70.52095032 669.50061035
v -1.72241402 -70.30388641 669.50061035
v 0.44812679 -67.03350830 669.50061035
v 0.26182401 -68.26954651 669.50061035
v -2.97571707 -70.37303162 669.50061035
v -1.73541903 -70.21759796 669.50061035
v 0.29970351 -67.01490784 669.50061035
v 0.17524371 -68.25869751 669.50061035
v -2.99061108 -70.22418976 669.50061035
v -1.74410701 -70.13078308 669.50061035
v 0.15053760 -67.00373077 669.50061035
v 0.08823031 -68.25218201 669.50061035
v -2.99806809 -70.07479095 669.50061035
v -1.74845600 -70.04364014 669.50061035
v 0.00099999 -67.00000000 669.50061035
v 0.00099999 -68.25000000 669.50061035
v -0.08623027 -68.25218201 669.50061035
v -2.99806809 -69.92520905 669.50061035
v -1.74845600 -69.95636749 669.50061035
v -1.74410701 -69.86923218 669.50061035
v -0.14853761 -67.00373077 669.50061035
v -2.99061108 -69.77581024 669.50061035
v -0.29770350 -67.01490784 669.50061035
v -0.17324370 -68.25869751 669.50061035
v -2.97571707 -69.62696838 669.50061035
v -1.73541903 -69.78240204 669.50061035
v -0.44612679 -67.03350830 669.50061035
v -0.34575579 -68.28469849 669.50061035
v -0.25982401 -68.26954651 669.50061035
v -2.95342302 -69.47905731 669.50061035
v -1.72241402 -69.69612122 669.50061035
v -1.70512402 -69.61058807 669.50061035
v -0.59343851 -67.05947876 669.50061035
v -0.43082541 -68.30412292 669.50061035
v -2.92378402 -69.33244324 669.50061035
v -0.73927218 -67.09277344 669.50061035
v -2.88687301 -69.18747711 669.50061035
v -1.68359196 -69.52603149 669.50061035
v -0.88326550 -67.13327789 669.50061035
v -0.51482153 -68.32775116 669.50061035
v -2.84278202 -69.04454041 669.50061035
v -1.65787303 -69.44264984 669.50061035
v -1.62802899 -69.36065674 669.50061035
v -1.02506006 -67.18093109 669.50061035
v -0.59753531 -68.35553741 669.50061035
v -2.79162097 -68.90397644 669.50061035
v -1.16430402 -67.23558044 669.50061035
v -0.67876089 -68.38742065 669.50061035
v -2.73351789 -68.76614380 669.50061035
v -1.59413505 -69.28025055 669.50061035
v -1.30065095 -67.29709625 669.50061035
v -0.75829661 -68.42330170 669.50061035
v -2.66861510 -68.63137054 669.50061035
v -1.55627596 -69.20162964 669.50061035
v -1.43376195 -67.36534119 669.50061035
v -0.83594447 -68.46311188 669.50061035
v -2.59707594 -68.50000000 669.50061035
v -1.51454401 -69.12500000 669.50061035
v -1.46904504 -69.05055237 669.50061035
v -1.56330597 -67.44013214 669.50061035
v -0.98481011 -68.55409241 669.50061035
v -0.91151160 -68.50675201 669.50061035
v -2.51907802 -68.37236023 669.50061035
v -1.68895996 -67.52129364 669.50061035
v -1.05565798 -68.60501862 669.50061035
v -2.43481398 -68.24877167 669.50061035
v -1.41989100 -68.97844696 669.50061035
v -1.36720502 -68.90888977 669.50061035
v -1.81041300 -67.60861206 669.50061035
v -2.34449410 -68.12953186 669.50061035
v -1.92736304 -67.70187378 669.50061035
v -1.18930197 -68.71716309 669.50061035
v -1.12387800 -68.65943146 669.50061035
v -2.24834394 -68.01495361 669.50061035
v -1.31111705 -68.84204865 669.50061035
v -1.25176704 -68.77809143 669.50061035
v -2.03951812 -67.80084229 669.50061035
v -2.14660001 -67.90528870 669.50061035
f 1 2 3
f 3 2 4
f 5 6 7
f 8 6 5
f 9 10 11
f 12 10 9
f 13 14 15
f 16 14 13
f 17 18 19
f 20 18 17
f 21 22 23
f 24 22 21
f 25 26 27
f 28 26 25
f 29 30 31
f 32 33 34
f 35 30 29
f 33 36 34
f 37 38 39
f 40 38 37
f 41 42 43
f 43 42 44
f 45 46 47
f 47 46 48
f 49 50 51
f 51 50 52
f 53 54 55
f 55 54 56
f 57 58 59
f 59 58 60
f 61 62 63
f 63 62 64
f 65 66 67
f 67 66 68
f 69 70 71
f 71 70 72
f 73 74 75
f 75 74 76
f 77 78 79
f 79 78 80
f 81 82 83
f 83 82 84
f 85 86 87
f 87 86 88
f 89 90 91
f 92 90 89
f 93 94 95
f 96 94 93
f 97 98 99
f 100 98 97
f 101 102 103
f 104 102 101
f 105 106 107
f 108 106 105
f 109 110 111
f 112 113 114
f 115 110 109
f 113 116 114
f 117 118 119
f 120 118 117
f 121 122 123
f 124 122 121
f 125 126 127
f 128 126 125
f 129 130 131
f 132 130 129
f 133 134 135
f 136 134 133
f 137 138 139
f 140 138 137
f 141 142 143
f 144 142 141
f 145 146 147
f 147 146 148
f 149 150 151
f 151 150 152
f 153 154 155
f 155 154 156
f 157 158 159
f 159 158 160
f 161 162 163
f 163 162 164
f 165 166 167
f 167 166 168
f 169 170 171
f 171 170 172
f 173 174 175
f 174 176 175
f 177 178 179
f 179 178 180
f 181 182 183
f 183 182 184
f 185 186 187
f 187 186 188
f 189 190 191
f 191 190 192
f 193 194 195
f 195 194 196
f 197 198 199
f 199 198 200
f 201 202 203
f 203 202 204
f 205 206 207
f 207 206 208
f 209 210 211
f 211 210 212
f 213 214 215
f 215 214 216
f 217 218 219
f 219 218 220
f 221 222 223
f 223 222 224
f 225 226 227
f 227 226 228
f 229 230 231
f 232 230 229
f 233 234 235
f 236 234 233
f 237 238 239
f 240 238 237
f 241 242 243
f 244 242 241
f 245 246 247
f 247 246 248
f 249 250 251
f 251 250 252
f 253 254 255
f 255 254 256
f 257 258 259
f 259 258 260
f 261 262 263
f 263 262 264
f 265 266 267
f 267 266 268
f 269 270 271
f 271 270 272
f 273 274 275
f 275 274 276
f 277 278 279
f 279 278 280
f 281 282 283
f 283 282 284
f 285 286 287
f 287 286 288
f 289 290 291
f 291 290 292
f 293 294 295
f 296 294 293
f 297 298 299
f 300 298 297
f 301 302 303
f 304 302 301
f 305 306 307
f 308 306 305
f 309 310 311
f 312 310 309
f 313 314 315
f 316 314 313
f 317 318 319
f 320 318 317
f 321 322 323
f 324 322 321
f 325 326 327
f 328 326 325
f 329 330 331
f 332 330 329
f 333 334 335
f 336 334 333
f 337 338 339
f 340 338 337
f 341 342 343
f 344 342 341
f 345 346 347
f 348 346 345
f 349 350 351
f 351 350 352
f 353 354 355
f 355 354 356
f 357 358 359
f 359 358 360
f 361 362 363
f 363 362 364
f 365 366 367
f 368 366 365
f 369 370 371
f 372 370 369
f 373 374 375
f 376 374 373
f 377 378 379
f 380 378 377
f 381 382 383
f 384 382 381
f 385 386 387
f 388 386 385
f 389 390 391
f 392 390 389
f 393 394 395
f 396 394 393
f 397 398 399
f 400 398 397
f 401 402 403
f 404 402 401
f 405 406 407
f 408 406 405
f 409 410 411
f 412 410 409
f 413 414 415
f 416 414 413
f 417 418 419
f 420 418 417
f 421 422 423
f 424 422 421
f 425 426 427
f 428 426 425
f 429 430 431
f 432 430 429
f 433 434 435
f 436 434 433
f 437 438 439
f 440 438 437
f 441 442 443
f 444 442 441
f 445 446 447
f 447 446 448
f 449 450 451
f 451 450 452
f 453 454 455
f 455 454 456
f 457 458 459
f 459 458 460
f 461 462 463
f 463 462 464
f 465 466 467
f 467 466 468
f 469 470 471
f 471 470 472
f 473 474 475
f 475 474 476
f 477 478 479
f 479 478 480
f 481 482 483
f 483 482 484
f 485 486 487
f 487 486 488
f 489 490 491
f 491 490 492
f 493 494 495
f 495 494 496
f 497 498 499
f 499 498 500
f 501 502 503
f 504 502 501
f 505 506 507
f 507 506 508
f 509 510 511
f 512 510 509
f 513 514 515
f 516 514 513
f 517 518 519
f 520 518 517
f 521 522 523
f 524 522 521
f 525 526 527
f 528 526 525
f 529 530 531
f 532 530 529
f 533 534 535
f 536 537 538
f 539 534 533
f 537 540 538
f 541 542 543
f 544 542 541
f 545 546 547
f 547 546 548
f 549 550 551
f 551 550 552
f 553 554 555
f 555 554 556
f 557 558 559
f 559 558 560
f 561 562 563
f 563 562 564
f 565 566 567
f 567 566 568
f 569 570 571
f 571 570 572
f 573 574 575
f 575 574 576
f 577 578 579
f 579 578 580
f 581 582 583
f 583 582 584
f 585 586 587
f 587 586 588
f 589 590 591
f 591 590 592
f 593 594 595
f 596 594 593
f 597 598 599
f 600 598 597
f 601 602 603
f 604 602 601
f 605 606 607
f 608 606 605
f 609 610 611
f 612 610 609
f 613 614 615
f 616 617 618
f 619 614 613
f 617 620 618
f 621 622 623
f 624 622 621
f 625 626 627
f 628 626 625
f 629 630 631
f 632 630 629
f 633 634 635
f 636 634 633
f 637 638 639
f 640 638 637
f 641 642 643
f 644 642 641
f 645 646 647
f 648 646 645
f 649 650 651
f 651 650 652
f 653 654 655
f 655 654 656
f 657 658 659
f 659 658 660
f 661 662 663
f 663 662 664
f 665 666 667
f 667 666 668
f 669 670 671
f 671 670 672
f 673 674 675
f 675 674 676
f 677 678 679
f 678 680 679
f 681 682 683
f 683 682 684
f 685 686 687
f 687 686 688
f 689 690 691
f 691 690 692
f 693 694 695
f 695 694 696
f 697 698 699
f 699 698 700
f 701 702 703
f 703 702 704
f 705 706 707
f 707 706 708
f 709 710 711
f 711 710 712
f 713 714 715
f 715 714 716
f 717 718 719
f 719 718 720
f 721 722 723
f 723 722 724
f 725 726 727
f 727 726 728
f 729 730 731
f 731 730 732
f 733 734 735
f 736 734 733
f 737 738 739
f 740 738 737
f 741 742 743
f 744 742 741
f 745 746 747
f 748 746 745
f 749 750 751
f 751 750 752
f 753 754 755
f 755 754 756
f 757 758 759
f 759 758 760
f 761 762 763
f 763 762 764
f 765 766 767
f 767 766 768
f 769 770 771
f 771 770 772
f 773 774 775
f 775 774 776
f 777 778 779
f 779 778 780
f 781 782 783
f 783 782 784
f 785 786 787
f 787 786 788
f 789 790 791
f 791 790 792
f 793 794 795
f 795 794 796
f 797 798 799
f 800 798 797
f 801 802 803
f 804 802 801
f 805 806 807
f 808 806 805
f 809 810 811
f 812 810 809
f 813 814 815
f 816 814 813
f 817 818 819
f 820 818 817
f 821 822 823
f 824 822 821
f 825 826 827
f 828 826 825
f 829 830 831
f 832 830 829
f 833 834 835
f 836 834 833
f 837 838 839
f 840 838 837
f 841 842 843
f 844 842 841
f 845 846 847
f 848 846 845
f 849 850 851
f 852 850 849
f 853 854 855
f 855 854 856
f 857 858 859
f 859 858 860
f 861 862 863
f 863 862 864
f 865 866 867
f 867 866 868
f 869 870 871
f 872 870 869
f 873 874 875
f 876 874 873
f 877 878 879
f 880 878 877
f 881 882 883
f 884 882 881
f 885 886 887
f 888 886 885
f 889 890 891
f 892 890 889
f 893 894 895
f 896 894 893
f 897 898 899
f 900 898 897
f 901 902 903
f 904 902 901
f 905 906 907
f 908 906 905
f 909 910 911
f 912 910 909
f 913 914 915
f 916 914 913
f 917 918 919
f 920 918 917
f 921 922 923
f 924 922 921
f 925 926 927
f 928 926 925
f 929 930 931
f 932 930 929
f 933 934 935
f 936 934 933
f 937 938 939
f 940 938 937
f 941 942 943
f 944 942 941
f 945 946 947
f 948 946 945
f 949 950 951
f 951 950 952
f 953 954 955
f 955 954 956
f 957 958 959
f 959 958 960
f 961 962 963
f 963 962 964
f 965 966 967
f 967 966 968
f 969 970 971
f 971 970 972
f 973 974 975
f 975 974 976
f 977 978 979
f 979 978 980
f 981 982 983
f 983 982 984
f 985 986 987
f 987 986 988
f 989 990 991
f 991 990 992
f 993 994 995
f 995 994 996
f 997 998 999
f 999 998 1000
f 1001 1002 1003
f 1003 1002 1004
f 1005 1006 1007
f 1008 1006 1005
f 1009 1010 1011
f 1011 1010 1012
f 1013 1014 1015
f 1016 1014 1013
f 1017 1018 1019
f 1020 1018 1017
f 1021 1022 1023
f 1024 1022 1021
f 1025 1026 1027
f 1028 1026 1025
f 1029 1030 1031
f 1032 1030 1029
f 1033 1034 1035
f 1036 1034 1033
f 1037 1038 1039
f 1040 1041 1042
f 1043 1038 1037
f 1041 1044 1042
f 1045 1046 1047
f 1048 1046 1045
f 1049 1050 1051
f 1051 1050 1052
f 1053 1054 1055
f 1055 1054 1056
f 1057 1058 1059
f 1059 1058 1060
f 1061 1062 1063
f 1063 1062 1064
f 1065 1066 1067
f 1067 1066 1068
f 1069 1070 1071
f 1071 1070 1072
f 1073 1074 1075
f 1075 1074 1076
f 1077 1078 1079
f 1079 1078 1080
f 1081 1082 1083
f 1083 1082 1084
f 1085 1086 1087
f 1087 1086 1088
f 1089 1090 1091
f 1091 1090 1092
f 1093 1094 1095
f 1095 1094 1096
f 1097 1098 1099
f 1100 1098 1097
f 1101 1102 1103
f 1104 1102 1101
f 1105 1106 1107
f 1108 1106 1105
f 1109 1110 1111
f 1112 1110 1109
f 1113 1114 1115
f 1116 1114 1113
f 1117 1118 1119
f 1120 1121 1122
f 1123 1118 1117
f 1121 1124 1122
f 1125 1126 1127
f 1128 1126 1125
f 1129 1130 1131
f 1132 1130 1129
f 1133 1134 1135
f 1136 1134 1133
f 1137 1138 1139
f 1140 1138 1137
f 1141 1142 1143
f 1144 1142 1141
f 1145 1146 1147
f 1148 1146 1145
f 1149 1150 1151
f 1152 1150 1149
f 1153 1154 1155
f 1155 1154 1156
f 1157 1158 1159
f 1159 1158 1160
f 1161 1162 1163
f 1163 1162 1164
f 1165 1166 1167
f 1167 1166 1168
f 1169 1170 1171
f 1171 1170 1172
f 1173 1174 1175
f 1175 1174 1176
f 1177 1178 1179
f 1179 1178 1180
f 1181 1182 1183
f 1182 1184 1183
f 1185 1186 1187
f 1187 1186 1188
f 1189 1190 1191
f 1191 1190 1192
f 1193 1194 1195
f 1195 1194 1196
f 1197 1198 1199
f 1199 1198 1200
f 1201 1202 1203
f 1203 1202 1204
f 1205 1206 1207
f 1207 1206 1208
f 1209 1210 1211
f 1211 1210 1212
f 1213 1214 1215
f 1215 1214 1216
f 1217 1218 1219
f 1219 1218 1220
f 1221 1222 1223
f 1223 1222 1224
f 1225 1226 1227
f 1227 1226 1228
f 1229 1230 1231
f 1231 1230 1232
f 1233 1234 1235
f 1235 1234 1236
f 1237 1238 1239
f 1240 1238 1237
f 1241 1242 1243
f 1244 1242 1241
f 1245 1246 1247
f 1248 1246 1245
f 1249 1250 1251
f 1252 1250 1249
f 1253 1254 1255
f 1255 1254 1256
f 1257 1258 1259
f 1259 1258 1260
f 1261 1262 1263
f 1263 1262 1264
f 1265 1266 1267
f 1267 1266 1268
f 1269 1270 1271
f 1271 1270 1272
f 1273 1274 1275
f 1275 1274 1276
f 1277 1278 1279
f 1279 1278 1280
f 1281 1282 1283
f 1283 1282 1284
f 1285 1286 1287
f 1287 1286 1288
f 1289 1290 1291
f 1291 1290 1292
f 1293 1294 1295
f 1295 1294 1296
f 1297 1298 1299
f 1299 1298 1300
f 1301 1302 1303
f 1304 1302 1301
f 1305 1306 1307
f 1308 1306 1305
f 1309 1310 1311
f 1312 1310 1309
f 1313 1314 1315
f 1316 1314 1313
f 1317 1318 1319
f 1320 1318 1317
f 1321 1322 1323
f 1324 1322 1321
f 1325 1326 1327
f 1328 1326 1325
f 1329 1330 1331
f 1332 1330 1329
f 1333 1334 1335
f 1336 1334 1333
f 1337 1338 1339
f 1340 1338 1337
f 1341 1342 1343
f 1344 1342 1341
f 1345 1346 1347
f 1348 1346 1345
f 1349 1350 1351
f 1352 1350 1349
f 1353 1354 1355
f 1356 1354 1353
f 1357 1358 1359
f 1359 1358 1360
f 1361 1362 1363
f 1363 1362 1364
f 1365 1366 1367
f 1367 1366 1368
f 1369 1370 1371
f 1371 1370 1372
f 1373 1374 1375
f 1376 1374 1373
f 1377 1378 1379
f 1380 1378 1377
f 1381 1382 1383
f 1384 1382 1381
f 1385 1386 1387
f 1388 1386 1385
f 1389 1390 1391
f 1392 1390 1389
f 1393 1394 1395
f 1396 1394 1393
f 1397 1398 1399
f 1400 1398 1397
f 1401 1402 1403
f 1404 1402 1401
f 1405 1406 1407
f 1408 1406 1405
f 1409 1410 1411
f 1412 1410 1409
f 1413 1414 1415
f 1416 1414 1413
f 1417 1418 1419
f 1420 1418 1417
f 1421 1422 1423
f 1424 1422 1421
f 1425 1426 1427
f 1428 1426 1425
f 1429 1430 1431
f 1432 1430 1429
f 1433 1434 1435
f 1436 1434 1433
f 1437 1438 1439
f 1440 1438 1437
f 1441 1442 1443
f 1444 1442 1441
f 1445 1446 1447
f 1448 1446 1445
f 1449 1450 1451
f 1452 1450 1449
f 1453 1454 1455
f 1455 1454 1456
f 1457 1458 1459
f 1459 1458 1460
f 1461 1462 1463
f 1463 1462 1464
f 1465 1466 1467
f 1467 1466 1468
f 1469 1470 1471
f 1471 1470 1472
f 1473 1474 1475
f 1475 1474 1476
f 1477 1478 1479
f 1479 1478 1480
f 1481 1482 1483
f 1483 1482 1484
f 1485 1486 1487
f 1487 1486 1488
f 1489 1490 1491
f 1491 1490 1492
f 1493 1494 1495
f 1495 1494 1496
f 1497 1498 1499
f 1499 1498 1500
f 1501 1502 1503
f 1503 1502 1504
f 1505 1506 1507
f 1507 1506 1508
f 1509 1510 1511
f 1512 1510 1509
f 1513 1514 1515
f 1515 1514 1516
f 1517 1518 1519
f 1520 1518 1517
f 1521 1522 1523
f 1524 1522 1521
f 1525 1526 1527
f 1528 1526 1525
f 1529 1530 1531
f 1532 1530 1529
f 1533 1534 1535
f 1536 1534 1533
f 1537 1538 1539
f 1540 1538 1537
f 1541 1542 1543
f 1544 1545 1546
f 1547 1542 1541
f 1545 1548 1546
f 1549 1550 1551
f 1552 1550 1549
f 1553 1554 1555
f 1555 1554 1556
f 1557 1558 1559
f 1559 1558 1560
f 1561 1562 1563
f 1563 1562 1564
f 1565 1566 1567
f 1567 1566 1568
f 1569 1570 1571
f 1571 1570 1572
f 1573 1574 1575
f 1575 1574 1576
f 1577 1578 1579
f 1579 1578 1580
f 1581 1582 1583
f 1583 1582 1584
f 1585 1586 1587
f 1587 1586 1588
f 1589 1590 1591
f 1591 1590 1592
f 1593 1594 1595
f 1595 1594 1596
f 1597 1598 1599
f 1599 1598 1600
f 1601 1602 1603
f 1604 1602 1601
f 1605 1606 1607
f 1608 1606 1605
f 1609 1610 1611
f 1612 1610 1609
f 1613 1614 1615
f 1616 1614 1613
f 1617 1618 1619
f 1620 1618 1617
f 1621 1622 1623
f 1624 1625 1626
f 1627 1622 1621
f 1625 1628 1626
f 1629 1630 1631
f 1632 1630 1629
f 1633 1634 1635
f 1636 1634 1633
f 1637 1638 1639
f 1640 1638 1637
f 1641 1642 1643
f 1644 1642 1641
f 1645 1646 1647
f 1648 1646 1645
f 1649 1650 1651
f 1652 1650 1649
f 1653 1654 1655
f 1656 1654 1653
f 1657 1658 1659
f 1659 1658 1660
f 1661 1662 1663
f 1663 1662 1664
f 1665 1666 1667
f 1667 1666 1668
f 1669 1670 1671
f 1671 1670 1672
f 1673 1674 1675
f 1675 1674 1676
f 1677 1678 1679
f 1679 1678 1680
f 1681 1682 1683
f 1683 1682 1684
f 1685 1686 1687
f 1686 1688 1687
f 1689 1690 1691
f 1691 1690 1692
f 1693 1694 1695
f 1695 1694 1696
f 1697 1698 1699
f 1699 1698 1700
f 1701 1702 1703
f 1703 1702 1704
f 1705 1706 1707
f 1707 1706 1708
f 1709 1710 1711
f 1711 1710 1712
f 1713 1714 1715
f 1715 1714 1716
f 1717 1718 1719
f 1719 1718 1720
f 1721 1722 1723
f 1723 1722 1724
f 1725 1726 1727
f 1727 1726 1728
f 1729 1730 1731
f 1731 1730 1732
f 1733 1734 1735
f 1735 1734 1736
f 1737 1738 1739
f 1739 1738 1740
f 1741 1742 1743
f 1744 1742 1741
f 1745 1746 1747
f 1748 1746 1745
f 1749 1750 1751
f 1752 1750 1749
f 1753 1754 1755
f 1756 1754 1753
f 1757 1758 1759
f 1759 1758 1760
f 1761 1762 1763
f 1763 1762 1764
f 1765 1766 1767
f 1767 1766 1768
f 1769 1770 1771
f 1771 1770 1772
f 1773 1774 1775
f 1775 1774 1776
f 1777 1778 1779
f 1779 1778 1780
f 1781 1782 1783
f 1783 1782 1784
f 1785 1786 1787
f 1787 1786 1788
f 1789 1790 1791
f 1791 1790 1792
f 1793 1794 1795
f 1795 1794 1796
f 1797 1798 1799
f 1799 1798 1800
f 1801 1802 1803
f 1803 1802 1804
f 1805 1806 1807
f 1808 1806 1805
f 1809 1810 1811
f 1812 1810 1809
f 1813 1814 1815
f 1816 1814 1813
f 1817 1818 1819
f 1820 1818 1817
f 1821 1822 1823
f 1824 1822 1821
f 1825 1826 1827
f 1828 1826 1825
f 1829 1830 1831
f 1832 1830 1829
f 1833 1834 1835
f 1836 1834 1833
f 1837 1838 1839
f 1840 1838 1837
f 1841 1842 1843
f 1844 1842 1841
f 1845 1846 1847
f 1848 1846 1845
f 1849 1850 1851
f 1852 1850 1849
f 1853 1854 1855
f 1856 1854 1853
f 1857 1858 1859
f 1860 1858 1857
f 1861 1862 1863
f 1863 1862 1864
f 1865 1866 1867
f 1867 1866 1868
f 1869 1870 1871
f 1871 1870 1872
f 1873 1874 1875
f 1875 1874 1876
f 1877 1878 1879
f 1880 1878 1877
f 1881 1882 1883
f 1884 1882 1881
f 1885 1886 1887
f 1888 1886 1885
f 1889 1890 1891
f 1892 1890 1889
f 1893 1894 1895
f 1896 1894 1893
f 1897 1898 1899
f 1900 1898 1897
f 1901 1902 1903
f 1904 1902 1901
f 1905 1906 1907
f 1908 1906 1905
f 1909 1910 1911
f 1912 1910 1909
f 1913 1914 1915
f 1916 1914 1913
f 1917 1918 1919
f 1920 1918 1917
f 1921 1922 1923
f 1924 1922 1921
f 1925 1926 1927
f 1928 1926 1925
f 1929 1930 1931
f 1932 1930 1929
f 1933 1934 1935
f 1936 1934 1933
f 1937 1938 1939
f 1940 1938 1937
f 1941 1942 1943
f 1944 1942 1941
f 1945 1946 1947
f 1948 1946 1945
f 1949 1950 1951
f 1952 1950 1949
f 1953 1954 1955
f 1956 1954 1953
f 1957 1958 1959
f 1959 1958 1960
f 1961 1962 1963
f 1963 1962 1964
f 1965 1966 1967
f 1967 1966 1968
f 1969 1970 1971
f 1971 1970 1972
f 1973 1974 1975
f 1975 1974 1976
f 1977 1978 1979
f 1979 1978 1980
f 1981 1982 1983
f 1983 1982 1984
f 1985 1986 1987
f 1987 1986 1988
f 1989 1990 1991
f 1991 1990 1992
f 1993 1994 1995
f 1995 1994 1996
f 1997 1998 1999
f 1999 1998 2000
f 2001 2002 2003
f 2003 2002 2004
f 2005 2006 2007
f 2007 2006 2008
f 2009 2010 2011
f 2011 2010 2012
f 2013 2014 2015
f 2016 2014 2013
f 2017 2018 2019
f 2019 2018 2020
f 2021 2022 2023
f 2024 2022 2021
f 2025 2026 2027
f 2028 2026 2025
f 2029 2030 2031
f 2032 2030 2029
f 2033 2034 2035
f 2036 2034 2033
f 2037 2038 2039
f 2040 2038 2037
f 2041 2042 2043
f 2044 2042 2041
f 2045 2046 2047
f 2048 2049 2050
f 2051 2046 2045
f 2049 2052 2050
f 2053 2054 2055
f 2056 2054 2053
f 2057 2058 2059
f 2059 2058 2060
f 2061 2062 2063
f 2063 2062 2064
f 2065 2066 2067
f 2067 2066 2068
f 2069 2070 2071
f 2071 2070 2072
f 2073 2074 2075
f 2075 2074 2076
f 2077 2078 2079
f 2079 2078 2080
f 2081 2082 2083
f 2083 2082 2084
f 2085 2086 2087
f 2087 2086 2088
f 2089 2090 2091
f 2091 2090 2092
f 2093 2094 2095
f 2095 2094 2096
f 2097 2098 2099
f 2099 2098 2100
f 2101 2102 2103
f 2103 2102 2104
f 2105 2106 2107
f 2108 2106 2105
f 2109 2110 2111
f 2112 2110 2109
f 2113 2114 2115
f 2116 2114 2113
f 2117 2118 2119
f 2120 2118 2117
f 2121 2122 2123
f 2124 2122 2121
f 2125 2126 2127
f 2128 2129 2130
f 2131 2126 2125
f 2129 2132 2130
f 2133 2134 2135
f 2136 2134 2133
f 2137 2138 2139
f 2140 2138 2137
f 2141 2142 2143
f 2144 2142 2141
f 2145 2146 2147
f 2148 2146 2145
f 2149 2150 2151
f 2152 2150 2149
f 2153 2154 2155
f 2156 2154 2153
f 2157 2158 2159
f 2160 2158 2157
f 2161 2162 2163
f 2163 2162 2164
f 2165 2166 2167
f 2167 2166 2168
f 2169 2170 2171
f 2171 2170 2172
f 2173 2174 2175
f 2175 2174 2176
f 2177 2178 2179
f 2179 2178 2180
f 2181 2182 2183
f 2183 2182 2184
f 2185 2186 2187
f 2187 2186 2188
f 2189 2190 2191
f 2190 2192 2191
f 2193 2194 2195
f 2195 2194 2196
f 2197 2198 2199
f 2199 2198 2200
f 2201 2202 2203
f 2203 2202 2204
f 2205 2206 2207
f 2207 2206 2208
f 2209 2210 2211
f 2211 2210 2212
f 2213 2214 2215
f 2215 2214 2216
f 2217 2218 2219
f 2219 2218 2220
f 2221 2222 2223
f 2223 2222 2224
f 2225 2226 2227
f 2227 2226 2228
f 2229 2230 2231
f 2231 2230 2232
f 2233 2234 2235
f 2235 2234 2236
f 2237 2238 2239
f 2239 2238 2240
f 2241 2242 2243
f 2243 2242 2244
f 2245 2246 2247
f 2248 2246 2245
f 2249 2250 2251
f 2252 2250 2249
f 2253 2254 2255
f 2256 2254 2253
f 2257 2258 2259
f 2260 2258 2257
f 2261 2262 2263
f 2263 2262 2264
f 2265 2266 2267
f 2267 2266 2268
f 2269 2270 2271
f 2271 2270 2272
f 2273 2274 2275
f 2275 2274 2276
f 2277 2278 2279
f 2279 2278 2280
f 2281 2282 2283
f 2283 2282 2284
f 2285 2286 2287
f 2287 2286 2288
f 2289 2290 2291
f 2291 2290 2292
f 2293 2294 2295
f 2295 2294 2296
f 2297 2298 2299
f 2299 2298 2300
f 2301 2302 2303
f 2303 2302 2304
f 2305 2306 2307
f 2307 2306 2308
f 2309 2310 2311
f 2312 2310 2309
f 2313 2314 2315
f 2316 2314 2313
f 2317 2318 2319
f 2320 2318 2317
f 2321 2322 2323
f 2324 2322 2321
f 2325 2326 2327
f 2328 2326 2325
f 2329 2330 2331
f 2332 2330 2329
f 2333 2334 2335
f 2336 2334 2333
f 2337 2338 2339
f 2340 2338 2337
f 2341 2342 2343
f 2344 2342 2341
f 2345 2346 2347
f 2348 2346 2345
f 2349 2350 2351
f 2352 2350 2349
f 2353 2354 2355
f 2356 2354 2353
f 2357 2358 2359
f 2360 2358 2357
f 2361 2362 2363
f 2364 2362 2361
f 2365 2366 2367
f 2367 2366 2368
f 2369 2370 2371
f 2371 2370 2372
f 2373 2374 2375
f 2375 2374 2376
f 2377 2378 2379
f 2379 2378 2380
f 2381 2382 2383
f 2384 2382 2381
f 2385 2386 2387
f 2388 2386 2385
f 2389 2390 2391
f 2392 2390 2389
f 2393 2394 2395
f 2396 2394 2393
f 2397 2398 2399
f 2400 2398 2397
f 2401 2402 2403
f 2404 2402 2401
f 2405 2406 2407
f 2408 2406 2405
f 2409 2410 2411
f 2412 2410 2409
f 2413 2414 2415
f 2416 2414 2413
f 2417 2418 2419
f 2420 2418 2417
f 2421 2422 2423
f 2424 2422 2421
f 2425 2426 2427
f 2428 2426 2425
f 2429 2430 2431
f 2432 2430 2429
f 2433 2434 2435
f 2436 2434 2433
f 2437 2438 2439
f 2440 2438 2437
f 2441 2442 2443
f 2444 2442 2441
f 2445 2446 2447
f 2448 2446 2445
f 2449 2450 2451
f 2452 2450 2449
f 2453 2454 2455
f 2456 2454 2453
f 2457 2458 2459
f 2460 2458 2457
f 2461 2462 2463
f 2463 2462 2464
f 2465 2466 2467
f 2467 2466 2468
f 2469 2470 2471
f 2471 2470 2472
f 2473 2474 2475
f 2475 2474 2476
f 2477 2478 2479
f 2479 2478 2480
f 2481 2482 2483
f 2483 2482 2484
f 2485 2486 2487
f 2487 2486 2488
f 2489 2490 2491
f 2491 2490 2492
f 2493 2494 2495
f 2495 2494 2496
f 2497 2498 2499
f 2499 2498 2500
f 2501 2502 2503
f 2503 2502 2504
f 2505 2506 2507
f 2507 2506 2508
f 2509 2510 2511
f 2511 2510 2512
f 2513 2514 2515
f 2515 2514 2516
f 2517 2518 2519
f 2520 2518 2517
f 2521 2522 2523
f 2523 2522 2524
f 2525 2526 2527
f 2528 2526 2525
f 2529 2530 2531
f 2532 2530 2529
f 2533 2534 2535
f 2536 2534 2533
f 2537 2538 2539
f 2540 2538 2537
f 2541 2542 2543
f 2544 2542 2541
f 2545 2546 2547
f 2548 2546 2545
f 2549 2550 2551
f 2552 2553 2554
f 2555 2550 2549
f 2553 2556 2554
f 2557 2558 2559
f 2560 2558 2557
f 2561 2562 2563
f 2563 2562 2564
f 2565 2566 2567
f 2567 2566 2568
f 2569 2570 2571
f 2571 2570 2572
f 2573 2574 2575
f 2575 2574 2576
f 2577 2578 2579
f 2579 2578 2580
f 2581 2582 2583
f 2583 2582 2584
f 2585 2586 2587
f 2587 2586 2588
f 2589 2590 2591
f 2591 2590 2592
f 2593 2594 2595
f 2595 2594 2596
f 2597 2598 2599
f 2599 2598 2600
f 2601 2602 2603
f 2603 2602 2604
f 2605 2606 2607
f 2607 2606 2608
f 2609 2610 2611
f 2612 2610 2609
f 2613 2614 2615
f 2616 2614 2613
f 2617 2618 2619
f 2620 2618 2617
f 2621 2622 2623
f 2624 2622 2621
f 2625 2626 2627
f 2628 2626 2625
f 2629 2630 2631
f 2632 2633 2634
f 2635 2630 2629
f 2633 2636 2634
f 2637 2638 2639
f 2640 2638 2637
f 2641 2642 2643
f 2644 2642 2641
f 2645 2646 2647
f 2648 2646 2645
f 2649 2650 2651
f 2652 2650 2649
f 2653 2654 2655
f 2656 2654 2653
f 2657 2658 2659
f 2660 2658 2657
f 2661 2662 2663
f 2664 2662 2661
f 2665 2666 2667
f 2667 2666 2668
f 2669 2670 2671
f 2671 2670 2672
f 2673 2674 2675
f 2675 2674 2676
f 2677 2678 2679
f 2679 2678 2680
f 2681 2682 2683
f 2683 2682 2684
f 2685 2686 2687
f 2687 2686 2688
f 2689 2690 2691
f 2691 2690 2692
f 2693 2694 2695
f 2694 2696 2695
f 2697 2698 2699
f 2699 2698 2700
f 2701 2702 2703
f 2703 2702 2704
f 2705 2706 2707
f 2707 2706 2708
f 2709 2710 2711
f 2711 2710 2712
f 2713 2714 2715
f 2715 2714 2716
f 2717 2718 2719
f 2719 2718 2720
f 2721 2722 2723
f 2723 2722 2724
f 2725 2726 2727
f 2727 2726 2728
f 2729 2730 2731
f 2731 2730 2732
f 2733 2734 2735
f 2735 2734 2736
f 2737 2738 2739
f 2739 2738 2740
f 2741 2742 2743
f 2743 2742 2744
f 2745 2746 2747
f 2747 2746 2748
f 2749 2750 2751
f 2752 2750 2749
f 2753 2754 2755
f 2756 2754 2753
f 2757 2758 2759
f 2760 2758 2757
f 2761 2762 2763
f 2764 2762 2761
f 2765 2766 2767
f 2767 2766 2768
f 2769 2770 2771
f 2771 2770 2772
f 2773 2774 2775
f 2775 2774 2776
f 2777 2778 2779
f 2779 2778 2780
f 2781 2782 2783
f 2783 2782 2784
f 2785 2786 2787
f 2787 2786 2788
f 2789 2790 2791
f 2791 2790 2792
f 2793 2794 2795
f 2795 2794 2796
f 2797 2798 2799
f 2799 2798 2800
f 2801 2802 2803
f 2803 2802 2804
f 2805 2806 2807
f 2807 2806 2808
f 2809 2810 2811
f 2811 2810 2812
f 2813 2814 2815
f 2816 2814 2813
f 2817 2818 2819
f 2820 2818 2817
f 2821 2822 2823
f 2824 2822 2821
f 2825 2826 2827
f 2828 2826 2825
f 2829 2830 2831
f 2832 2830 2829
f 2833 2834 2835
f 2836 2834 2833
f 2837 2838 2839
f 2840 2838 2837
f 2841 2842 2843
f 2844 2842 2841
f 2845 2846 2847
f 2848 2846 2845
f 2849 2850 2851
f 2852 2850 2849
f 2853 2854 2855
f 2856 2854 2853
f 2857 2858 2859
f 2860 2858 2857
f 2861 2862 2863
f 2864 2862 2861
f 2865 2866 2867
f 2868 2866 2865
f 2869 2870 2871
f 2871 2870 2872
f 2873 2874 2875
f 2875 2874 2876
f 2877 2878 2879
f 2879 2878 2880
f 2881 2882 2883
f 2883 2882 2884
f 2885 2886 2887
f 2888 2886 2885
f 2889 2890 2891
f 2892 2890 2889
f 2893 2894 2895
f 2896 2894 2893
f 2897 2898 2899
f 2900 2898 2897
f 2901 2902 2903
f 2904 2902 2901
f 2905 2906 2907
f 2908 2906 2905
f 2909 2910 2911
f 2912 2910 2909
f 2913 2914 2915
f 2916 2914 2913
f 2917 2918 2919
f 2920 2918 2917
f 2921 2922 2923
f 2924 2922 2921
f 2925 2926 2927
f 2928 2926 2925
f 2929 2930 2931
f 2932 2930 2929
f 2933 2934 2935
f 2936 2934 2933
f 2937 2938 2939
f 2940 2938 2937
f 2941 2942 2943
f 2944 2942 2941
f 2945 2946 2947
f 2948 2946 2945
f 2949 2950 2951
f 2952 2950 2949
f 2953 2954 2955
f 2956 2954 2953
f 2957 2958 2959
f 2960 2958 2957
f 2961 2962 2963
f 2964 2962 2961
f 2965 2966 2967
f 2967 2966 2968
f 2969 2970 2971
f 2971 2970 2972
f 2973 2974 2975
f 2975 2974 2976
f 2977 2978 2979
f 2979 2978 2980
f 2981 2982 2983
f 2983 2982 2984
f 2985 2986 2987
f 2987 2986 2988
f 2989 2990 2991
f 2991 2990 2992
f 2993 2994 2995
f 2995 2994 2996
f 2997 2998 2999
f 2999 2998 3000
f 3001 3002 3003
f 3003 3002 3004
f 3005 3006 3007
f 3007 3006 3008
f 3009 3010 3011
f 3011 3010 3012
f 3013 3014 3015
f 3015 3014 3016
f 3017 3018 3019
f 3019 3018 3020
f 3021 3022 3023
f 3024 3022 3021
f 3025 3026 3027
f 3027 3026 3028
f 3029 3030 3031
f 3032 3030 3029
f 3033 3034 3035
f 3036 3034 3033
f 3037 3038 3039
f 3040 3038 3037
f 3041 3042 3043
f 3044 3042 3041
f 3045 3046 3047
f 3048 3046 3045
f 3049 3050 3051
f 3052 3050 3049
f 3053 3054 3055
f 3056 3057 3058
f 3059 3054 3053
f 3057 3060 3058
f 3061 3062 3063
f 3064 3062 3061
f 3065 3066 3067
f 3067 3066 3068
f 3069 3070 3071
f 3071 3070 3072
f 3073 3074 3075
f 3075 3074 3076
f 3077 3078 3079
f 3079 3078 3080
f 3081 3082 3083
f 3083 3082 3084
f 3085 3086 3087
f 3087 3086 3088
f 3089 3090 3091
f 3091 3090 3092
f 3093 3094 3095
f 3095 3094 3096
f 3097 3098 3099
f 3099 3098 3100
f 3101 3102 3103
f 3103 3102 3104
f 3105 3106 3107
f 3107 3106 3108
f 3109 3110 3111
f 3111 3110 3112
f 3113 3114 3115
f 3116 3114 3113
f 3117 3118 3119
f 3120 3118 3117
f 3121 3122 3123
f 3124 3122 3121
f 3125 3126 3127
f 3128 3126 3125
f 3129 3130 3131
f 3132 3130 3129
f 3133 3134 3135
f 3136 3137 3138
f 3139 3134 3133
f 3137 3140 3138
f 3141 3142 3143
f 3144 3142 3141
f 3145 3146 3147
f 3148 3146 3145
f 3149 3150 3151
f 3152 3150 3149
f 3153 3154 3155
f 3156 3154 3153
f 3157 3158 3159
f 3160 3158 3157
f 3161 3162 3163
f 3164 3162 3161
f 3165 3166 3167
f 3168 3166 3165
f 3169 3170 3171
f 3171 3170 3172
f 3173 3174 3175
f 3175 3174 3176
f 3177 3178 3179
f 3179 3178 3180
f 3181 3182 3183
f 3183 3182 3184
f 3185 3186 3187
f 3187 3186 3188
f 3189 3190 3191
f 3191 3190 3192
f 3193 3194 3195
f 3195 3194 3196
f 3197 3198 3199
f 3198 3200 3199
f 3201 3202 3203
f 3203 3202 3204
f 3205 3206 3207
f 3207 3206 3208
f 3209 3210 3211
f 3211 3210 3212
f 3213 3214 3215
f 3215 3214 3216
f 3217 3218 3219
f 3219 3218 3220
f 3221 3222 3223
f 3223 3222 3224
f 3225 3226 3227
f 3227 3226 3228
f 3229 3230 3231
f 3231 3230 3232
f 3233 3234 3235
f 3235 3234 3236
f 3237 3238 3239
f 3239 3238 3240
f 3241 3242 3243
f 3243 3242 3244
f 3245 3246 3247
f 3247 3246 3248
f 3249 3250 3251
f 3251 3250 3252
f 3253 3254 3255
f 3256 3254 3253
f 3257 3258 3259
f 3260 3258 3257
f 3261 3262 3263
f 3264 3262 3261
f 3265 3266 3267
f 3268 3266 3265
f 3269 3270 3271
f 3271 3270 3272
f 3273 3274 3275
f 3275 3274 3276
f 3277 3278 3279
f 3279 3278 3280
f 3281 3282 3283
f 3283 3282 3284
f 3285 3286 3287
f 3287 3286 3288
f 3289 3290 3291
f 3291 3290 3292
f 3293 3294 3295
f 3295 3294 3296
f 3297 3298 3299
f 3299 3298 3300
f 3301 3302 3303
f 3303 3302 3304
f 3305 3306 3307
f 3307 3306 3308
f 3309 3310 3311
f 3311 3310 3312
f 3313 3314 3315
f 3315 3314 3316
f 3317 3318 3319
f 3320 3318 3317
f 3321 3322 3323
f 3324 3322 3321
f 3325 3326 3327
f 3328 3326 3325
f 3329 3330 3331
f 3332 3330 3329
f 3333 3334 3335
f 3336 3334 3333
f 3337 3338 3339
f 3340 3338 3337
f 3341 3342 3343
f 3344 3342 3341
f 3345 3346 3347
f 3348 3346 3345
f 3349 3350 3351
f 3352 3350 3349
f 3353 3354 3355
f 3356 3354 3353
f 3357 3358 3359
f 3360 3358 3357
f 3361 3362 3363
f 3364 3362 3361
f 3365 3366 3367
f 3368 3366 3365
f 3369 3370 3371
f 3372 3370 3369
f 3373 3374 3375
f 3375 3374 3376
f 3377 3378 3379
f 3379 3378 3380
f 3381 3382 3383
f 3383 3382 3384
f 3385 3386 3387
f 3387 3386 3388
f 3389 3390 3391
f 3392 3390 3389
f 3393 3394 3395
f 3396 3394 3393
f 3397 3398 3399
f 3400 3398 3397
f 3401 3402 3403
f 3404 3402 3401
f 3405 3406 3407
f 3408 3406 3405
f 3409 3410 3411
f 3412 3410 3409
f 3413 3414 3415
f 3416 3414 3413
f 3417 3418 3419
f 3420 3418 3417
f 3421 3422 3423
f 3424 3422 3421
f 3425 3426 3427
f 3428 3426 3425
f 3429 3430 3431
f 3432 3430 3429
f 3433 3434 3435
f 3436 3434 3433
f 3437 3438 3439
f 3440 3438 3437
f 3441 3442 3443
f 3444 3442 3441
f 3445 3446 3447
f 3448 3446 3445
f 3449 3450 3451
f 3452 3450 3449
f 3453 3454 3455
f 3456 3454 3453
f 3457 3458 3459
f 3460 3458 3457
f 3461 3462 3463
f 3464 3462 3461
f 3465 3466 3467
f 3468 3466 3465
f 3469 3470 3471
f 3471 3470 3472
f 3473 3474 3475
f 3475 3474 3476
f 3477 3478 3479
f 3479 3478 3480
f 3481 3482 3483
f 3483 3482 3484
f 3485 3486 3487
f 3487 3486 3488
f 3489 3490 3491
f 3491 3490 3492
f 3493 3494 3495
f 3495 3494 3496
f 3497 3498 3499
f 3499 3498 3500
f 3501 3502 3503
f 3503 3502 3504
f 3505 3506 3507
f 3507 3506 3508
f 3509 3510 3511
f 3511 3510 3512
f 3513 3514 3515
f 3515 3514 3516
f 3517 3518 3519
f 3519 3518 3520
f 3521 3522 3523
f 3523 3522 3524
f 3525 3526 3527
f 3528 3526 3525
f 3529 3530 3531
f 3531 3530 3532
f 3533 3534 3535
f 3536 3534 3533
f 3537 3538 3539
f 3540 3538 3537
f 3541 3542 3543
f 3544 3542 3541
f 3545 3546 3547
f 3548 3546 3545
f 3549 3550 3551
f 3552 3550 3549
f 3553 3554 3555
f 3556 3554 3553
f 3557 3558 3559
f 3560 3561 3562
f 3563 3558 3557
f 3561 3564 3562
f 3565 3566 3567
f 3568 3566 3565
f 3569 3570 3571
f 3571 3570 3572
f 3573 3574 3575
f 3575 3574 3576
f 3577 3578 3579
f 3579 3578 3580
f 3581 3582 3583
f 3583 3582 3584
f 3585 3586 3587
f 3587 3586 3588
f 3589 3590 3591
f 3591 3590 3592
f 3593 3594 3595
f 3595 3594 3596
f 3597 3598 3599
f 3599 3598 3600
f 3601 3602 3603
f 3603 3602 3604
f 3605 3606 3607
f 3607 3606 3608
f 3609 3610 3611
f 3611 3610 3612
f 3613 3614 3615
f 3615 3614 3616
f 3617 3618 3619
f 3620 3618 3617
f 3621 3622 3623
f 3624 3622 3621
f 3625 3626 3627
f 3628 3626 3625
f 3629 3630 3631
f 3632 3630 3629
f 3633 3634 3635
f 3636 3634 3633
f 3637 3638 3639
f 3640 3641 3642
f 3643 3638 3637
f 3641 3644 3642
f 3645 3646 3647
f 3648 3646 3645
f 3649 3650 3651
f 3652 3650 3649
f 3653 3654 3655
f 3656 3654 3653
f 3657 3658 3659
f 3660 3658 3657
f 3661 3662 3663
f 3664 3662 3661
f 3665 3666 3667
f 3668 3666 3665
f 3669 3670 3671
f 3672 3670 3669
f 3673 3674 3675
f 3675 3674 3676
f 3677 3678 3679
f 3679 3678 3680
f 3681 3682 3683
f 3683 3682 3684
f 3685 3686 3687
f 3687 3686 3688
f 3689 3690 3691
f 3691 3690 3692
f 3693 3694 3695
f 3695 3694 3696
f 3697 3698 3699
f 3699 3698 3700
f 3701 3702 3703
f 3702 3704 3703
f 3705 3706 3707
f 3707 3706 3708
f 3709 3710 3711
f 3711 3710 3712
f 3713 3714 3715
f 3715 3714 3716
f 3717 3718 3719
f 3719 3718 3720
f 3721 3722 3723
f 3723 3722 3724
f 3725 3726 3727
f 3727 3726 3728
f 3729 3730 3731
f 3731 3730 3732
f 3733 3734 3735
f 3735 3734 3736
f 3737 3738 3739
f 3739 3738 3740
f 3741 3742 3743
f 3743 3742 3744
f 3745 3746 3747
f 3747 3746 3748
f 3749 3750 3751
f 3751 3750 3752
f 3753 3754 3755
f 3755 3754 3756
f 3757 3758 3759
f 3760 3758 3757
f 3761 3762 3763
f 3764 3762 3761
f 3765 3766 3767
f 3768 3766 3765
f 3769 3770 3771
f 3772 3770 3769
f 3773 3774 3775
f 3775 3774 3776
f 3777 3778 3779
f 3779 3778 3780
f 3781 3782 3783
f 3783 3782 3784
f 3785 3786 3787
f 3787 3786 3788
f 3789 3790 3791
f 3791 3790 3792
f 3793 3794 3795
f 3795 3794 3796
f 3797 3798 3799
f 3799 3798 3800
f 3801 3802 3803
f 3803 3802 3804
f 3805 3806 3807
f 3807 3806 3808
f 3809 3810 3811
f 3811 3810 3812
f 3813 3814 3815
f 3815 3814 3816
f 3817 3818 3819
f 3819 3818 3820
f 3821 3822 3823
f 3824 3822 3821
f 3825 3826 3827
f 3828 3826 3825
f 3829 3830 3831
f 3832 3830 3829
f 3833 3834 3835
f 3836 3834 3833
f 3837 3838 3839
f 3840 3838 3837
f 3841 3842 3843
f 3844 3842 3841
f 3845 3846 3847
f 3848 3846 3845
f 3849 3850 3851
f 3852 3850 3849
f 3853 3854 3855
f 3856 3854 3853
f 3857 3858 3859
f 3860 3858 3857
f 3861 3862 3863
f 3864 3862 3861
f 3865 3866 3867
f 3868 3866 3865
f 3869 3870 3871
f 3872 3870 3869
f 3873 3874 3875
f 3876 3874 3873
f 3877 3878 3879
f 3879 3878 3880
f 3881 3882 3883
f 3883 3882 3884
f 3885 3886 3887
f 3887 3886 3888
f 3889 3890 3891
f 3891 3890 3892
f 3893 3894 3895
f 3896 3894 3893
f 3897 3898 3899
f 3900 3898 3897
f 3901 3902 3903
f 3904 3902 3901
f 3905 3906 3907
f 3908 3906 3905
f 3909 3910 3911
f 3912 3910 3909
f 3913 3914 3915
f 3916 3914 3913
f 3917 3918 3919
f 3920 3918 3917
f 3921 3922 3923
f 3924 3922 3921
f 3925 3926 3927
f 3928 3926 3925
f 3929 3930 3931
f 3932 3930 3929
f 3933 3934 3935
f 3936 3934 3933
f 3937 3938 3939
f 3940 3938 3937
f 3941 3942 3943
f 3944 3942 3941
f 3945 3946 3947
f 3948 3946 3945
f 3949 3950 3951
f 3952 3950 3949
f 3953 3954 3955
f 3956 3954 3953
f 3957 3958 3959
f 3960 3958 3957
f 3961 3962 3963
f 3964 3962 3961
f 3965 3966 3967
f 3968 3966 3965
f 3969 3970 3971
f 3972 3970 3969
f 3973 3974 3975
f 3975 3974 3976
f 3977 3978 3979
f 3979 3978 3980
f 3981 3982 3983
f 3983 3982 3984
f 3985 3986 3987
f 3987 3986 3988
f 3989 3990 3991
f 3991 3990 3992
f 3993 3994 3995
f 3995 3994 3996
f 3997 3998 3999
f 3999 3998 4000
f 4001 4002 4003
f 4003 4002 4004
f 4005 4006 4007
f 4007 4006 4008
f 4009 4010 4011
f 4011 4010 4012
f 4013 4014 4015
f 4015 4014 4016
f 4017 4018 4019
f 4019 4018 4020
f 4021 4022 4023
f 4023 4022 4024
f 4025 4026 4027
f 4027 4026 4028
f 4029 4030 4031
f 4032 4030 4029
f 4033 4034 4035
f 4035 4034 4036
f 4037 4038 4039
f 4040 4038 4037
f 4041 4042 4043
f 4044 4042 4041
f 4045 4046 4047
f 4048 4046 4045
f 4049 4050 4051
f 4052 4050 4049
f 4053 4054 4055
f 4056 4054 4053
f 4057 4058 4059
f 4060 4058 4057
f 4061 4062 4063
f 4064 4062 4061
f 4065 4066 4067
f 4068 4069 4070
f 4071 4066 4065
f 4072 4073 4074
f 4069 4075 4070
f 4073 4076 4074
f 4077 4078 4079
f 4079 4078 4080
f 4081 4082 4083
f 4082 4084 4083
f 4085 4086 4087
f 4087 4086 4088
f 4089 4090 4091
f 4090 4092 4091
f 4093 4094 4095
f 4095 4094 4096
f 4097 4098 4099
f 4099 4098 4100
f 4101 4102 4103
f 4103 4102 4104
f 4105 4106 4107
f 4107 4106 4108
f 4109 4110 4111
f 4110 4112 4111
f 4113 4114 4115
f 4114 4116 4115
f 4117 4118 4119
f 4119 4118 4120
f 4121 4122 4123
f 4124 4122 4121
f 4125 4126 4127
f 4128 4126 4125
f 4129 4130 4131
f 4132 4130 4129
f 4133 4134 4135
f 4136 4134 4133
f 4137 4138 4139
f 4140 4141 4142
f 4143 4138 4137
f 4141 4144 4142
f 4145 4146 4147
f 4148 4146 4145
f 4149 4150 4151
f 4152 4150 4149
f 4153 4154 4155
f 4156 4157 4158
f 4159 4154 4153
f 4157 4160 4158
f 4161 4162 4163
f 4164 4165 4166
f 4167 4162 4161
f 4165 4168 4166
f 4169 4170 4171
f 4172 4170 4169
f 4173 4174 4175
f 4176 4174 4173
f 4177 4178 4179
f 4179 4178 4180
f 4181 4182 4183
f 4183 4182 4184
f 4185 4186 4187
f 4187 4186 4188
f 4189 4190 4191
f 4191 4190 4192
f 4193 4194 4195
f 4195 4194 4196
f 4197 4198 4199
f 4198 4200 4199
f 4201 4202 4203
f 4203 4202 4204
f 4205 4206 4207
f 4207 4206 4208
f 4209 4210 4211
f 4211 4210 4212
f 4213 4214 4215
f 4215 4214 4216
f 4217 4218 4219
f 4219 4218 4220
f 4221 4222 4223
f 4223 4222 4224
f 4225 4226 4227
f 4227 4226 4228
f 4229 4230 4231
f 4230 4232 4231
f 4233 4234 4235
f 4235 4234 4236
f 4237 4238 4239
f 4239 4238 4240
f 4241 4242 4243
f 4243 4242 4244
f 4245 4246 4247
f 4246 4248 4247
f 4249 4250 4251
f 4251 4250 4252
f 4253 4254 4255
f 4255 4254 4256
f 4257 4258 4259
f 4258 4260 4259
f 4261 4262 4263
f 4264 4262 4261
f 4265 4266 4267
f 4266 4268 4267
f 4269 4270 4271
f 4272 4270 4269
f 4273 4274 4275
f 4276 4274 4273
f 4277 4278 4279
f 4279 4278 4280
f 4281 4282 4283
f 4282 4284 4283
f 4285 4286 4287
f 4286 4288 4287
f 4289 4290 4291
f 4290 4292 4291
f 4293 4294 4295
f 4295 4294 4296
f 4297 4298 4299
f 4298 4300 4299
f 4301 4302 4303
f 4303 4302 4304
f 4305 4306 4307
f 4307 4306 4308
f 4309 4310 4311
f 4311 4310 4312
f 4313 4314 4315
f 4314 4316 4315
f 4317 4318 4319
f 4319 4318 4320
f 4321 4322 4323
f 4323 4322 4324
f 4325 4326 4327
f 4328 4326 4325
f 4329 4330 4331
f 4332 4330 4329
f 4333 4334 4335
f 4336 4337 4338
f 4339 4334 4333
f 4337 4340 4338
f 4341 4342 4343
f 4344 4342 4341
f 4345 4346 4347
f 4348 4346 4345
f 4349 4350 4351
f 4352 4350 4349
f 4353 4354 4355
f 4356 4354 4353
f 4357 4358 4359
f 4360 4361 4362
f 4363 4358 4357
f 4361 4364 4362
f 4365 4366 4367
f 4368 4366 4365
f 4369 4370 4371
f 4372 4370 4369
f 4373 4374 4375
f 4376 4374 4373
f 4377 4378 4379
f 4380 4381 4382
f 4383 4378 4377
f 4381 4384 4382
f 4385 4386 4387
f 4387 4386 4388
f 4389 4390 4391
f 4391 4390 4392
f 4393 4394 4395
f 4395 4394 4396
f 4397 4398 4399
f 4398 4400 4399
f 4401 4402 4403
f 4404 4402 4401
f 4405 4406 4407
f 4408 4409 4410
f 4411 4406 4405
f 4409 4412 4410
f 4413 4414 4415
f 4416 4417 4418
f 4419 4414 4413
f 4417 4420 4418
f 4421 4422 4423
f 4424 4425 4426
f 4427 4422 4421
f 4425 4428 4426
f 4429 4430 4431
f 4432 4430 4429
f 4433 4434 4435
f 4436 4434 4433
f 4437 4438 4439
f 4440 4438 4437
f 4441 4442 4443
f 4444 4442 4441
f 4445 4446 4447
f 4448 4446 4445
f 4449 4450 4451
f 4452 4450 4449
f 4453 4454 4455
f 4456 4454 4453
f 4457 4458 4459
f 4460 4458 4457
f 4461 4462 4463
f 4464 4462 4461
f 4465 4466 4467
f 4468 4466 4465
f 4469 4470 4471
f 4472 4470 4469
f 4473 4474 4475
f 4476 4474 4473
f 4477 4478 4479
f 4480 4478 4477
f 4481 4482 4483
f 4483 4482 4484
f 4485 4486 4487
f 4487 4486 4488
f 4489 4490 4491
f 4491 4490 4492
f 4493 4494 4495
f 4495 4494 4496
f 4497 4498 4499
f 4498 4500 4499
f 4501 4502 4503
f 4503 4502 4504
f 4505 4506 4507
f 4507 4506 4508
f 4509 4510 4511
f 4511 4510 4512
f 4513 4514 4515
f 4515 4514 4516
f 4517 4518 4519
f 4518 4520 4519
f 4521 4522 4523
f 4523 4522 4524
f 4525 4526 4527
f 4527 4526 4528
f 4529 4530 4531
f 4531 4530 4532
f 4533 4534 4535
f 4534 4536 4535
f 4537 4538 4539
f 4539 4538 4540
f 4541 4542 4543
f 4544 4542 4541
f 4545 4546 4547
f 4548 4546 4545
f 4549 4550 4551
f 4552 4550 4549
f 4553 4554 4555
f 4556 4554 4553
f 4557 4558 4559
f 4560 4558 4557
f 4561 4562 4563
f 4564 4562 4561
f 4565 4566 4567
f 4568 4566 4565
f 4569 4570 4571
f 4572 4573 4574
f 4575 4570 4569
f 4576 4577 4578
f 4573 4579 4574
f 4577 4580 4578
f 4581 4582 4583
f 4583 4582 4584
f 4585 4586 4587
f 4586 4588 4587
f 4589 4590 4591
f 4591 4590 4592
f 4593 4594 4595
f 4594 4596 4595
f 4597 4598 4599
f 4599 4598 4600
f 4601 4602 4603
f 4603 4602 4604
f 4605 4606 4607
f 4607 4606 4608
f 4609 4610 4611
f 4611 4610 4612
f 4613 4614 4615
f 4614 4616 4615
f 4617 4618 4619
f 4618 4620 4619
f 4621 4622 4623
f 4623 4622 4624
f 4625 4626 4627
f 4628 4626 4625
f 4629 4630 4631
f 4632 4630 4629
f 4633 4634 4635
f 4636 4634 4633
f 4637 4638 4639
f 4640 4638 4637
f 4641 4642 4643
f 4644 4645 4646
f 4647 4642 4641
f 4645 4648 4646
f 4649 4650 4651
f 4652 4650 4649
f 4653 4654 4655
f 4656 4654 4653
f 4657 4658 4659
f 4660 4661 4662
f 4663 4658 4657
f 4661 4664 4662
f 4665 4666 4667
f 4668 4669 4670
f 4671 4666 4665
f 4669 4672 4670
f 4673 4674 4675
f 4676 4674 4673
f 4677 4678 4679
f 4680 4678 4677
f 4681 4682 4683
f 4683 4682 4684
f 4685 4686 4687
f 4687 4686 4688
f 4689 4690 4691
f 4691 4690 4692
f 4693 4694 4695
f 4695 4694 4696
f 4697 4698 4699
f 4699 4698 4700
f 4701 4702 4703
f 4702 4704 4703
f 4705 4706 4707
f 4707 4706 4708
f 4709 4710 4711
f 4711 4710 4712
f 4713 4714 4715
f 4715 4714 4716
f 4717 4718 4719
f 4719 4718 4720
f 4721 4722 4723
f 4723 4722 4724
f 4725 4726 4727
f 4727 4726 4728
f 4729 4730 4731
f 4731 4730 4732
f 4733 4734 4735
f 4734 4736 4735
f 4737 4738 4739
f 4739 4738 4740
f 4741 4742 4743
f 4743 4742 4744
f 4745 4746 4747
f 4747 4746 4748
f 4749 4750 4751
f 4750 4752 4751
f 4753 4754 4755
f 4755 4754 4756
f 4757 4758 4759
f 4759 4758 4760
f 4761 4762 4763
f 4762 4764 4763
f 4765 4766 4767
f 4768 4766 4765
f 4769 4770 4771
f 4770 4772 4771
f 4773 4774 4775
f 4776 4774 4773
f 4777 4778 4779
f 4780 4778 4777
f 4781 4782 4783
f 4783 4782 4784
f 4785 4786 4787
f 4786 4788 4787
f 4789 4790 4791
f 4790 4792 4791
f 4793 4794 4795
f 4794 4796 4795
f 4797 4798 4799
f 4799 4798 4800
f 4801 4802 4803
f 4802 4804 4803
f 4805 4806 4807
f 4807 4806 4808
f 4809 4810 4811
f 4811 4810 4812
f 4813 4814 4815
f 4815 4814 4816
f 4817 4818 4819
f 4818 4820 4819
f 4821 4822 4823
f 4823 4822 4824
f 4825 4826 4827
f 4827 4826 4828
f 4829 4830 4831
f 4832 4830 4829
f 4833 4834 4835
f 4836 4834 4833
f 4837 4838 4839
f 4840 4841 4842
f 4843 4838 4837
f 4841 4844 4842
f 4845 4846 4847
f 4848 4846 4845
f 4849 4850 4851
f 4852 4850 4849
f 4853 4854 4855
f 4856 4854 4853
f 4857 4858 4859
f 4860 4858 4857
f 4861 4862 4863
f 4864 4865 4866
f 4867 4862 4861
f 4865 4868 4866
f 4869 4870 4871
f 4872 4870 4869
f 4873 4874 4875
f 4876 4874 4873
f 4877 4878 4879
f 4880 4878 4877
f 4881 4882 4883
f 4884 4885 4886
f 4887 4882 4881
f 4885 4888 4886
f 4889 4890 4891
f 4891 4890 4892
f 4893 4894 4895
f 4895 4894 4896
f 4897 4898 4899
f 4899 4898 4900
f 4901 4902 4903
f 4902 4904 4903
f 4905 4906 4907
f 4908 4906 4905
f 4909 4910 4911
f 4912 4913 4914
f 4915 4910 4909
f 4913 4916 4914
f 4917 4918 4919
f 4920 4921 4922
f 4923 4918 4917
f 4921 4924 4922
f 4925 4926 4927
f 4928 4929 4930
f 4931 4926 4925
f 4929 4932 4930
f 4933 4934 4935
f 4936 4934 4933
f 4937 4938 4939
f 4940 4938 4937
f 4941 4942 4943
f 4944 4942 4941
f 4945 4946 4947
f 4948 4946 4945
f 4949 4950 4951
f 4952 4950 4949
f 4953 4954 4955
f 4956 4954 4953
f 4957 4958 4959
f 4960 4958 4957
f 4961 4962 4963
f 4964 4962 4961
f 4965 4966 4967
f 4968 4966 4965
f 4969 4970 4971
f 4972 4970 4969
f 4973 4974 4975
f 4976 4974 4973
f 4977 4978 4979
f 4980 4978 4977
f 4981 4982 4983
f 4984 4982 4981
f 4985 4986 4987
f 4987 4986 4988
f 4989 4990 4991
f 4991 4990 4992
f 4993 4994 4995
f 4995 4994 4996
f 4997 4998 4999
f 4999 4998 5000
f 5001 5002 5003
f 5002 5004 5003
f 5005 5006 5007
f 5007 5006 5008
f 5009 5010 5011
f 5011 5010 5012
f 5013 5014 5015
f 5015 5014 5016
f 5017 5018 5019
f 5019 5018 5020
f 5021 5022 5023
f 5022 5024 5023
f 5025 5026 5027
f 5027 5026 5028
f 5029 5030 5031
f 5031 5030 5032
f 5033 5034 5035
f 5035 5034 5036
f 5037 5038 5039
f 5038 5040 5039
f 5041 5042 5043
f 5043 5042 5044
f 5045 5046 5047
f 5048 5046 5045
f 5049 5050 5051
f 5052 5050 5049
f 5053 5054 5055
f 5056 5054 5053
f 5057 5058 5059
f 5060 5058 5057
f 5061 5062 5063
f 5064 5062 5061
f 5065 5066 5067
f 5068 5066 5065
f 5069 5070 5071
f 5072 5070 5069
f 5073 5074 5075
f 5076 5077 5078
f 5079 5074 5073
f 5080 5081 5082
f 5077 5083 5078
f 5081 5084 5082
f 5085 5086 5087
f 5087 5086 5088
f 5089 5090 5091
f 5090 5092 5091
f 5093 5094 5095
f 5095 5094 5096
f 5097 5098 5099
f 5098 5100 5099
f 5101 5102 5103
f 5103 5102 5104
f 5105 5106 5107
f 5107 5106 5108
f 5109 5110 5111
f 5111 5110 5112
f 5113 5114 5115
f 5115 5114 5116
f 5117 5118 5119
f 5118 5120 5119
f 5121 5122 5123
f 5122 5124 5123
f 5125 5126 5127
f 5127 5126 5128
f 5129 5130 5131
f 5132 5130 5129
f 5133 5134 5135
f 5136 5134 5133
f 5137 5138 5139
f 5140 5138 5137
f 5141 5142 5143
f 5144 5142 5141
f 5145 5146 5147
f 5148 5149 5150
f 5151 5146 5145
f 5149 5152 5150
f 5153 5154 5155
f 5156 5154 5153
f 5157 5158 5159
f 5160 5158 5157
f 5161 5162 5163
f 5164 5165 5166
f 5167 5162 5161
f 5165 5168 5166
f 5169 5170 5171
f 5172 5173 5174
f 5175 5170 5169
f 5173 5176 5174
f 5177 5178 5179
f 5180 5178 5177
f 5181 5182 5183
f 5184 5182 5181
f 5185 5186 5187
f 5187 5186 5188
f 5189 5190 5191
f 5191 5190 5192
f 5193 5194 5195
f 5195 5194 5196
f 5197 5198 5199
f 5199 5198 5200
f 5201 5202 5203
f 5203 5202 5204
f 5205 5206 5207
f 5206 5208 5207
f 5209 5210 5211
f 5211 5210 5212
f 5213 5214 5215
f 5215 5214 5216
f 5217 5218 5219
f 5219 5218 5220
f 5221 5222 5223
f 5223 5222 5224
f 5225 5226 5227
f 5227 5226 5228
f 5229 5230 5231
f 5231 5230 5232
f 5233 5234 5235
f 5235 5234 5236
f 5237 5238 5239
f 5238 5240 5239
f 5241 5242 5243
f 5243 5242 5244
f 5245 5246 5247
f 5247 5246 5248
f 5249 5250 5251
f 5251 5250 5252
f 5253 5254 5255
f 5254 5256 5255
f 5257 5258 5259
f 5259 5258 5260
f 5261 5262 5263
f 5263 5262 5264
f 5265 5266 5267
f 5266 5268 5267
f 5269 5270 5271
f 5272 5270 5269
f 5273 5274 5275
f 5274 5276 5275
f 5277 5278 5279
f 5280 5278 5277
f 5281 5282 5283
f 5284 5282 5281
f 5285 5286 5287
f 5287 5286 5288
f 5289 5290 5291
f 5290 5292 5291
f 5293 5294 5295
f 5294 5296 5295
f 5297 5298 5299
f 5298 5300 5299
f 5301 5302 5303
f 5303 5302 5304
f 5305 5306 5307
f 5306 5308 5307
f 5309 5310 5311
f 5311 5310 5312
f 5313 5314 5315
f 5315 5314 5316
f 5317 5318 5319
f 5319 5318 5320
f 5321 5322 5323
f 5322 5324 5323
f 5325 5326 5327
f 5327 5326 5328
f 5329 5330 5331
f 5331 5330 5332
f 5333 5334 5335
f 5336 5334 5333
f 5337 5338 5339
f 5340 5338 5337
f 5341 5342 5343
f 5344 5345 5346
f 5347 5342 5341
f 5345 5348 5346
f 5349 5350 5351
f 5352 5350 5349
f 5353 5354 5355
f 5356 5354 5353
f 5357 5358 5359
f 5360 5358 5357
f 5361 5362 5363
f 5364 5362 5361
f 5365 5366 5367
f 5368 5369 5370
f 5371 5366 5365
f 5369 5372 5370
f 5373 5374 5375
f 5376 5374 5373
f 5377 5378 5379
f 5380 5378 5377
f 5381 5382 5383
f 5384 5382 5381
f 5385 5386 5387
f 5388 5389 5390
f 5391 5386 5385
f 5389 5392 5390
f 5393 5394 5395
f 5395 5394 5396
f 5397 5398 5399
f 5399 5398 5400
f 5401 5402 5403
f 5403 5402 5404
f 5405 5406 5407
f 5406 5408 5407
f 5409 5410 5411
f 5412 5410 5409
f 5413 5414 5415
f 5416 5417 5418
f 5419 5414 5413
f 5417 5420 5418
f 5421 5422 5423
f 5424 5425 5426
f 5427 5422 5421
f 5425 5428 5426
f 5429 5430 5431
f 5432 5433 5434
f 5435 5430 5429
f 5433 5436 5434
f 5437 5438 5439
f 5440 5438 5437
f 5441 5442 5443
f 5444 5442 5441
f 5445 5446 5447
f 5448 5446 5445
f 5449 5450 5451
f 5452 5450 5449
f 5453 5454 5455
f 5456 5454 5453
f 5457 5458 5459
f 5460 5458 5457
f 5461 5462 5463
f 5464 5462 5461
f 5465 5466 5467
f 5468 5466 5465
f 5469 5470 5471
f 5472 5470 5469
f 5473 5474 5475
f 5476 5474 5473
f 5477 5478 5479
f 5480 5478 5477
f 5481 5482 5483
f 5484 5482 5481
f 5485 5486 5487
f 5488 5486 5485
f 5489 5490 5491
f 5491 5490 5492
f 5493 5494 5495
f 5495 5494 5496
f 5497 5498 5499
f 5499 5498 5500
f 5501 5502 5503
f 5503 5502 5504
f 5505 5506 5507
f 5506 5508 5507
f 5509 5510 5511
f 5511 5510 5512
f 5513 5514 5515
f 5515 5514 5516
f 5517 5518 5519
f 5519 5518 5520
f 5521 5522 5523
f 5523 5522 5524
f 5525 5526 5527
f 5526 5528 5527
f 5529 5530 5531
f 5531 5530 5532
f 5533 5534 5535
f 5535 5534 5536
f 5537 5538 5539
f 5539 5538 5540
f 5541 5542 5543
f 5542 5544 5543
f 5545 5546 5547
f 5547 5546 5548
f 5549 5550 5551
f 5552 5550 5549
f 5553 5554 5555
f 5556 5554 5553
f 5557 5558 5559
f 5560 5558 5557
f 5561 5562 5563
f 5564 5562 5561
f 5565 5566 5567
f 5568 5566 5565
f 5569 5570 5571
f 5572 5570 5569
f 5573 5574 5575
f 5576 5574 5573
f 5577 5578 5579
f 5580 5581 5582
f 5583 5578 5577
f 5584 5585 5586
f 5581 5587 5582
f 5585 5588 5586
f 5589 5590 5591
f 5591 5590 5592
f 5593 5594 5595
f 5594 5596 5595
f 5597 5598 5599
f 5599 5598 5600
f 5601 5602 5603
f 5602 5604 5603
f 5605 5606 5607
f 5607 5606 5608
f 5609 5610 5611
f 5611 5610 5612
f 5613 5614 5615
f 5615 5614 5616
f 5617 5618 5619
f 5619 5618 5620
f 5621 5622 5623
f 5622 5624 5623
f 5625 5626 5627
f 5626 5628 5627
f 5629 5630 5631
f 5631 5630 5632
f 5633 5634 5635
f 5636 5634 5633
f 5637 5638 5639
f 5640 5638 5637
f 5641 5642 5643
f 5644 5642 5641
f 5645 5646 5647
f 5648 5646 5645
f 5649 5650 5651
f 5652 5653 5654
f 5655 5650 5649
f 5653 5656 5654
f 5657 5658 5659
f 5660 5658 5657
f 5661 5662 5663
f 5664 5662 5661
f 5665 5666 5667
f 5668 5669 5670
f 5671 5666 5665
f 5669 5672 5670
f 5673 5674 5675
f 5676 5677 5678
f 5679 5674 5673
f 5677 5680 5678
f 5681 5682 5683
f 5684 5682 5681
f 5685 5686 5687
f 5688 5686 5685
f 5689 5690 5691
f 5691 5690 5692
f 5693 5694 5695
f 5695 5694 5696
f 5697 5698 5699
f 5699 5698 5700
f 5701 5702 5703
f 5703 5702 5704
f 5705 5706 5707
f 5707 5706 5708
f 5709 5710 5711
f 5710 5712 5711
f 5713 5714 5715
f 5715 5714 5716
f 5717 5718 5719
f 5719 5718 5720
f 5721 5722 5723
f 5723 5722 5724
f 5725 5726 5727
f 5727 5726 5728
f 5729 5730 5731
f 5731 5730 5732
f 5733 5734 5735
f 5735 5734 5736
f 5737 5738 5739
f 5739 5738 5740
f 5741 5742 5743
f 5742 5744 5743
f 5745 5746 5747
f 5747 5746 5748
f 5749 5750 5751
f 5751 5750 5752
f 5753 5754 5755
f 5755 5754 5756
f 5757 5758 5759
f 5758 5760 5759
f 5761 5762 5763
f 5763 5762 5764
f 5765 5766 5767
f 5767 5766 5768
f 5769 5770 5771
f 5770 5772 5771
f 5773 5774 5775
f 5776 5774 5773
f 5777 5778 5779
f 5778 5780 5779
f 5781 5782 5783
f 5784 5782 5781
f 5785 5786 5787
f 5788 5786 5785
f 5789 5790 5791
f 5791 5790 5792
f 5793 5794 5795
f 5794 5796 5795
f 5797 5798 5799
f 5798 5800 5799
f 5801 5802 5803
f 5802 5804 5803
f 5805 5806 5807
f 5807 5806 5808
f 5809 5810 5811
f 5810 5812 5811
f 5813 5814 5815
f 5815 5814 5816
f 5817 5818 5819
f 5819 5818 5820
f 5821 5822 5823
f 5823 5822 5824
f 5825 5826 5827
f 5826 5828 5827
f 5829 5830 5831
f 5831 5830 5832
f 5833 5834 5835
f 5835 5834 5836
f 5837 5838 5839
f 5840 5838 5837
f 5841 5842 5843
f 5844 5842 5841
f 5845 5846 5847
f 5848 5849 5850
f 5851 5846 5845
f 5849 5852 5850
f 5853 5854 5855
f 5856 5854 5853
f 5857 5858 5859
f 5860 5858 5857
f 5861 5862 5863
f 5864 5862 5861
f 5865 5866 5867
f 5868 5866 5865
f 5869 5870 5871
f 5872 5873 5874
f 5875 5870 5869
f 5873 5876 5874
f 5877 5878 5879
f 5880 5878 5877
f 5881 5882 5883
f 5884 5882 5881
f 5885 5886 5887
f 5888 5886 5885
f 5889 5890 5891
f 5892 5893 5894
f 5895 5890 5889
f 5893 5896 5894
f 5897 5898 5899
f 5899 5898 5900
f 5901 5902 5903
f 5903 5902 5904
f 5905 5906 5907
f 5907 5906 5908
f 5909 5910 5911
f 5910 5912 5911
f 5913 5914 5915
f 5916 5914 5913
f 5917 5918 5919
f 5920 5921 5922
f 5923 5918 5917
f 5921 5924 5922
f 5925 5926 5927
f 5928 5929 5930
f 5931 5926 5925
f 5929 5932 5930
f 5933 5934 5935
f 5936 5937 5938
f 5939 5934 5933
f 5937 5940 5938
f 5941 5942 5943
f 5944 5942 5941
f 5945 5946 5947
f 5948 5946 5945
f 5949 5950 5951
f 5952 5950 5949
f 5953 5954 5955
f 5956 5954 5953
f 5957 5958 5959
f 5960 5958 5957
f 5961 5962 5963
f 5964 5962 5961
f 5965 5966 5967
f 5968 5966 5965
f 5969 5970 5971
f 5972 5970 5969
f 5973 5974 5975
f 5976 5974 5973
f 5977 5978 5979
f 5980 5978 5977
f 5981 5982 5983
f 5984 5982 5981
f 5985 5986 5987
f 5988 5986 5985
f 5989 5990 5991
f 5992 5990 5989
f 5993 5994 5995
f 5995 5994 5996
f 5997 5998 5999
f 5999 5998 6000
f 6001 6002 6003
f 6003 6002 6004
f 6005 6006 6007
f 6007 6006 6008
f 6009 6010 6011
f 6010 6012 6011
f 6013 6014 6015
f 6015 6014 6016
f 6017 6018 6019
f 6019 6018 6020
f 6021 6022 6023
f 6023 6022 6024
f 6025 6026 6027
f 6027 6026 6028
f 6029 6030 6031
f 6030 6032 6031
f 6033 6034 6035
f 6035 6034 6036
f 6037 6038 6039
f 6039 6038 6040
f 6041 6042 6043
f 6043 6042 6044
f 6045 6046 6047
f 6046 6048 6047
f 6049 6050 6051
f 6051 6050 6052
f 6053 6054 6055
f 6056 6054 6053
f 6057 6058 6059
f 6060 6058 6057
f 6061 6062 6063
f 6064 6062 6061
f 6065 6066 6067
f 6068 6066 6065
f 6069 6070 6071
f 6072 6070 6069
f 6073 6074 6075
f 6076 6074 6073
f 6077 6078 6079
f 6080 6078 6077
f 6081 6082 6083
f 6084 6085 6086
f 6087 6082 6081
f 6088 6089 6090
f 6085 6091 6086
f 6089 6092 6090
f 6093 6094 6095
f 6095 6094 6096
f 6097 6098 6099
f 6098 6100 6099
f 6101 6102 6103
f 6103 6102 6104
f 6105 6106 6107
f 6106 6108 6107
f 6109 6110 6111
f 6111 6110 6112
f 6113 6114 6115
f 6115 6114 6116
f 6117 6118 6119
f 6119 6118 6120
f 6121 6122 6123
f 6123 6122 6124
f 6125 6126 6127
f 6126 6128 6127
f 6129 6130 6131
f 6130 6132 6131
f 6133 6134 6135
f 6135 6134 6136
f 6137 6138 6139
f 6140 6138 6137
f 6141 6142 6143
f 6144 6142 6141
f 6145 6146 6147
f 6148 6146 6145
f 6149 6150 6151
f 6152 6150 6149
f 6153 6154 6155
f 6156 6157 6158
f 6159 6154 6153
f 6157 6160 6158
f 6161 6162 6163
f 6164 6162 6161
f 6165 6166 6167
f 6168 6166 6165
f 6169 6170 6171
f 6172 6173 6174
f 6175 6170 6169
f 6173 6176 6174
f 6177 6178 6179
f 6180 6181 6182
f 6183 6178 6177
f 6181 6184 6182
f 6185 6186 6187
f 6188 6186 6185
f 6189 6190 6191
f 6192 6190 6189
f 6193 6194 6195
f 6195 6194 6196
f 6197 6198 6199
f 6199 6198 6200
f 6201 6202 6203
f 6203 6202 6204
f 6205 6206 6207
f 6207 6206 6208
f 6209 6210 6211
f 6211 6210 6212
f 6213 6214 6215
f 6214 6216 6215
f 6217 6218 6219
f 6219 6218 6220
f 6221 6222 6223
f 6223 6222 6224
f 6225 6226 6227
f 6227 6226 6228
f 6229 6230 6231
f 6231 6230 6232
f 6233 6234 6235
f 6235 6234 6236
f 6237 6238 6239
f 6239 6238 6240
f 6241 6242 6243
f 6243 6242 6244
f 6245 6246 6247
f 6246 6248 6247
f 6249 6250 6251
f 6251 6250 6252
f 6253 6254 6255
f 6255 6254 6256
f 6257 6258 6259
f 6259 6258 6260
f 6261 6262 6263
f 6262 6264 6263
f 6265 6266 6267
f 6267 6266 6268
f 6269 6270 6271
f 6271 6270 6272
f 6273 6274 6275
f 6274 6276 6275
f 6277 6278 6279
f 6280 6278 6277
f 6281 6282 6283
f 6282 6284 6283
f 6285 6286 6287
f 6288 6286 6285
f 6289 6290 6291
f 6292 6290 6289
f 6293 6294 6295
f 6295 6294 6296
f 6297 6298 6299
f 6298 6300 6299
f 6301 6302 6303
f 6302 6304 6303
f 6305 6306 6307
f 6306 6308 6307
f 6309 6310 6311
f 6311 6310 6312
f 6313 6314 6315
f 6314 6316 6315
f 6317 6318 6319
f 6319 6318 6320
f 6321 6322 6323
f 6323 6322 6324
f 6325 6326 6327
f 6327 6326 6328
f 6329 6330 6331
f 6330 6332 6331
f 6333 6334 6335
f 6335 6334 6336
f 6337 6338 6339
f 6339 6338 6340
f 6341 6342 6343
f 6344 6342 6341
f 6345 6346 6347
f 6348 6346 6345
f 6349 6350 6351
f 6352 6353 6354
f 6355 6350 6349
f 6353 6356 6354
f 6357 6358 6359
f 6360 6358 6357
f 6361 6362 6363
f 6364 6362 6361
f 6365 6366 6367
f 6368 6366 6365
f 6369 6370 6371
f 6372 6370 6369
f 6373 6374 6375
f 6376 6377 6378
f 6379 6374 6373
f 6377 6380 6378
f 6381 6382 6383
f 6384 6382 6381
f 6385 6386 6387
f 6388 6386 6385
f 6389 6390 6391
f 6392 6390 6389
f 6393 6394 6395
f 6396 6397 6398
f 6399 6394 6393
f 6397 6400 6398
f 6401 6402 6403
f 6403 6402 6404
f 6405 6406 6407
f 6407 6406 6408
f 6409 6410 6411
f 6411 6410 6412
f 6413 6414 6415
f 6414 6416 6415
f 6417 6418 6419
f 6420 6418 6417
f 6421 6422 6423
f 6424 6425 6426
f 6427 6422 6421
f 6425 6428 6426
f 6429 6430 6431
f 6432 6433 6434
f 6435 6430 6429
f 6433 6436 6434
f 6437 6438 6439
f 6440 6441 6442
f 6443 6438 6437
f 6441 6444 6442
f 6445 6446 6447
f 6448 6446 6445
f 6449 6450 6451
f 6452 6450 6449
f 6453 6454 6455
f 6456 6454 6453
f 6457 6458 6459
f 6460 6458 6457
f 6461 6462 6463
f 6464 6462 6461
f 6465 6466 6467
f 6468 6466 6465
f 6469 6470 6471
f 6472 6470 6469
f 6473 6474 6475
f 6476 6474 6473
f 6477 6478 6479
f 6480 6478 6477
f 6481 6482 6483
f 6484 6482 6481
f 6485 6486 6487
f 6488 6486 6485
f 6489 6490 6491
f 6492 6490 6489
f 6493 6494 6495
f 6496 6494 6493
f 6497 6498 6499
f 6499 6498 6500
f 6501 6502 6503
f 6503 6502 6504
f 6505 6506 6507
f 6507 6506 6508
f 6509 6510 6511
f 6511 6510 6512
f 6513 6514 6515
f 6514 6516 6515
f 6517 6518 6519
f 6519 6518 6520
f 6521 6522 6523
f 6523 6522 6524
f 6525 6526 6527
f 6527 6526 6528
f 6529 6530 6531
f 6531 6530 6532
f 6533 6534 6535
f 6534 6536 6535
f 6537 6538 6539
f 6539 6538 6540
f 6541 6542 6543
f 6543 6542 6544
f 6545 6546 6547
f 6547 6546 6548
f 6549 6550 6551
f 6550 6552 6551
f 6553 6554 6555
f 6555 6554 6556
f 6557 6558 6559
f 6560 6558 6557
f 6561 6562 6563
f 6564 6562 6561
f 6565 6566 6567
f 6568 6566 6565
f 6569 6570 6571
f 6572 6570 6569
f 6573 6574 6575
f 6576 6574 6573
f 6577 6578 6579
f 6580 6578 6577
f 6581 6582 6583
f 6584 6582 6581
f 6585 6586 6587
f 6588 6589 6590
f 6591 6586 6585
f 6592 6593 6594
f 6589 6595 6590
f 6593 6596 6594
f 6597 6598 6599
f 6599 6598 6600
f 6601 6602 6603
f 6602 6604 6603
f 6605 6606 6607
f 6607 6606 6608
f 6609 6610 6611
f 6610 6612 6611
f 6613 6614 6615
f 6615 6614 6616
f 6617 6618 6619
f 6619 6618 6620
f 6621 6622 6623
f 6623 6622 6624
f 6625 6626 6627
f 6627 6626 6628
f 6629 6630 6631
f 6630 6632 6631
f 6633 6634 6635
f 6634 6636 6635
f 6637 6638 6639
f 6639 6638 6640
f 6641 6642 6643
f 6644 6642 6641
f 6645 6646 6647
f 6648 6646 6645
f 6649 6650 6651
f 6652 6650 6649
f 6653 6654 6655
f 6656 6654 6653
f 6657 6658 6659
f 6660 6661 6662
f 6663 6658 6657
f 6661 6664 6662
f 6665 6666 6667
f 6668 6666 6665
f 6669 6670 6671
f 6672 6670 6669
f 6673 6674 6675
f 6676 6677 6678
f 6679 6674 6673
f 6677 6680 6678
f 6681 6682 6683
f 6684 6685 6686
f 6687 6682 6681
f 6685 6688 6686
f 6689 6690 6691
f 6692 6690 6689
f 6693 6694 6695
f 6696 6694 6693
f 6697 6698 6699
f 6699 6698 6700
f 6701 6702 6703
f 6703 6702 6704
f 6705 6706 6707
f 6707 6706 6708
f 6709 6710 6711
f 6711 6710 6712
f 6713 6714 6715
f 6715 6714 6716
f 6717 6718 6719
f 6718 6720 6719
f 6721 6722 6723
f 6723 6722 6724
f 6725 6726 6727
f 6727 6726 6728
f 6729 6730 6731
f 6731 6730 6732
f 6733 6734 6735
f 6735 6734 6736
f 6737 6738 6739
f 6739 6738 6740
f 6741 6742 6743
f 6743 6742 6744
f 6745 6746 6747
f 6747 6746 6748
f 6749 6750 6751
f 6750 6752 6751
f 6753 6754 6755
f 6755 6754 6756
f 6757 6758 6759
f 6759 6758 6760
f 6761 6762 6763
f 6763 6762 6764
f 6765 6766 6767
f 6766 6768 6767
f 6769 6770 6771
f 6771 6770 6772
f 6773 6774 6775
f 6775 6774 6776
f 6777 6778 6779
f 6778 6780 6779
f 6781 6782 6783
f 6784 6782 6781
f 6785 6786 6787
f 6786 6788 6787
f 6789 6790 6791
f 6792 6790 6789
f 6793 6794 6795
f 6796 6794 6793
f 6797 6798 6799
f 6799 6798 6800
f 6801 6802 6803
f 6802 6804 6803
f 6805 6806 6807
f 6806 6808 6807
f 6809 6810 6811
f 6810 6812 6811
f 6813 6814 6815
f 6815 6814 6816
f 6817 6818 6819
f 6818 6820 6819
f 6821 6822 6823
f 6823 6822 6824
f 6825 6826 6827
f 6827 6826 6828
f 6829 6830 6831
f 6831 6830 6832
f 6833 6834 6835
f 6834 6836 6835
f 6837 6838 6839
f 6839 6838 6840
f 6841 6842 6843
f 6843 6842 6844
f 6845 6846 6847
f 6848 6846 6845
f 6849 6850 6851
f 6852 6850 6849
f 6853 6854 6855
f 6856 6857 6858
f 6859 6854 6853
f 6857 6860 6858
f 6861 6862 6863
f 6864 6862 6861
f 6865 6866 6867
f 6868 6866 6865
f 6869 6870 6871
f 6872 6870 6869
f 6873 6874 6875
f 6876 6874 6873
f 6877 6878 6879
f 6880 6881 6882
f 6883 6878 6877
f 6881 6884 6882
f 6885 6886 6887
f 6888 6886 6885
f 6889 6890 6891
f 6892 6890 6889
f 6893 6894 6895
f 6896 6894 6893
f 6897 6898 6899
f 6900 6901 6902
f 6903 6898 6897
f 6901 6904 6902
f 6905 6906 6907
f 6907 6906 6908
f 6909 6910 6911
f 6911 6910 6912
f 6913 6914 6915
f 6915 6914 6916
f 6917 6918 6919
f 6918 6920 6919
f 6921 6922 6923
f 6924 6922 6921
f 6925 6926 6927
f 6928 6929 6930
f 6931 6926 6925
f 6929 6932 6930
f 6933 6934 6935
f 6936 6937 6938
f 6939 6934 6933
f 6937 6940 6938
f 6941 6942 6943
f 6944 6945 6946
f 6947 6942 6941
f 6945 6948 6946
f 6949 6950 6951
f 6952 6950 6949
f 6953 6954 6955
f 6956 6954 6953
f 6957 6958 6959
f 6960 6958 6957
f 6961 6962 6963
f 6964 6962 6961
f 6965 6966 6967
f 6968 6966 6965
f 6969 6970 6971
f 6972 6970 6969
f 6973 6974 6975
f 6976 6974 6973
f 6977 6978 6979
f 6980 6978 6977
f 6981 6982 6983
f 6984 6982 6981
f 6985 6986 6987
f 6988 6986 6985
f 6989 6990 6991
f 6992 6990 6989
f 6993 6994 6995
f 6996 6994 6993
f 6997 6998 6999
f 7000 6998 6997
f 7001 7002 7003
f 7003 7002 7004
f 7005 7006 7007
f 7007 7006 7008
f 7009 7010 7011
f 7011 7010 7012
f 7013 7014 7015
f 7015 7014 7016
f 7017 7018 7019
f 7018 7020 7019
f 7021 7022 7023
f 7023 7022 7024
f 7025 7026 7027
f 7027 7026 7028
f 7029 7030 7031
f 7031 7030 7032
f 7033 7034 7035
f 7035 7034 7036
f 7037 7038 7039
f 7038 7040 7039
f 7041 7042 7043
f 7043 7042 7044
f 7045 7046 7047
f 7047 7046 7048
f 7049 7050 7051
f 7051 7050 7052
f 7053 7054 7055
f 7054 7056 7055
f 7057 7058 7059
f 7059 7058 7060
f 7061 7062 7063
f 7064 7062 7061
f 7065 7066 7067
f 7068 7066 7065
f 7069 7070 7071
f 7072 7070 7069
f 7073 7074 7075
f 7076 7074 7073
f 7077 7078 7079
f 7080 7078 7077
f 7081 7082 7083
f 7084 7082 7081
f 7085 7086 7087
f 7088 7086 7085
f 7089 7090 7091
f 7092 7093 7094
f 7095 7090 7089
f 7096 7097 7098
f 7093 7099 7094
f 7097 7100 7098
f 7101 7102 7103
f 7103 7102 7104
f 7105 7106 7107
f 7106 7108 7107
f 7109 7110 7111
f 7111 7110 7112
f 7113 7114 7115
f 7114 7116 7115
f 7117 7118 7119
f 7119 7118 7120
f 7121 7122 7123
f 7123 7122 7124
f 7125 7126 7127
f 7127 7126 7128
f 7129 7130 7131
f 7131 7130 7132
f 7133 7134 7135
f 7134 7136 7135
f 7137 7138 7139
f 7138 7140 7139
f 7141 7142 7143
f 7143 7142 7144
f 7145 7146 7147
f 7148 7146 7145
f 7149 7150 7151
f 7152 7150 7149
f 7153 7154 7155
f 7156 7154 7153
f 7157 7158 7159
f 7160 7158 7157
f 7161 7162 7163
f 7164 7165 7166
f 7167 7162 7161
f 7165 7168 7166
f 7169 7170 7171
f 7172 7170 7169
f 7173 7174 7175
f 7176 7174 7173
f 7177 7178 7179
f 7180 7181 7182
f 7183 7178 7177
f 7181 7184 7182
f 7185 7186 7187
f 7188 7189 7190
f 7191 7186 7185
f 7189 7192 7190
f 7193 7194 7195
f 7196 7194 7193
f 7197 7198 7199
f 7200 7198 7197
f 7201 7202 7203
f 7203 7202 7204
f 7205 7206 7207
f 7207 7206 7208
f 7209 7210 7211
f 7211 7210 7212
f 7213 7214 7215
f 7215 7214 7216
f 7217 7218 7219
f 7219 7218 7220
f 7221 7222 7223
f 7222 7224 7223
f 7225 7226 7227
f 7227 7226 7228
f 7229 7230 7231
f 7231 7230 7232
f 7233 7234 7235
f 7235 7234 7236
f 7237 7238 7239
f 7239 7238 7240
f 7241 7242 7243
f 7243 7242 7244
f 7245 7246 7247
f 7247 7246 7248
f 7249 7250 7251
f 7251 7250 7252
f 7253 7254 7255
f 7254 7256 7255
f 7257 7258 7259
f 7259 7258 7260
f 7261 7262 7263
f 7263 7262 7264
f 7265 7266 7267
f 7267 7266 7268
f 7269 7270 7271
f 7270 7272 7271
f 7273 7274 7275
f 7275 7274 7276
f 7277 7278 7279
f 7279 7278 7280
f 7281 7282 7283
f 7282 7284 7283
f 7285 7286 7287
f 7288 7286 7285
f 7289 7290 7291
f 7290 7292 7291
f 7293 7294 7295
f 7296 7294 7293
f 7297 7298 7299
f 7300 7298 7297
f 7301 7302 7303
f 7303 7302 7304
f 7305 7306 7307
f 7306 7308 7307
f 7309 7310 7311
f 7310 7312 7311
f 7313 7314 7315
f 7314 7316 7315
f 7317 7318 7319
f 7319 7318 7320
f 7321 7322 7323
f 7322 7324 7323
f 7325 7326 7327
f 7327 7326 7328
f 7329 7330 7331
f 7331 7330 7332
f 7333 7334 7335
f 7335 7334 7336
f 7337 7338 7339
f 7338 7340 7339
f 7341 7342 7343
f 7343 7342 7344
f 7345 7346 7347
f 7347 7346 7348
f 7349 7350 7351
f 7352 7350 7349
f 7353 7354 7355
f 7356 7354 7353
f 7357 7358 7359
f 7360 7361 7362
f 7363 7358 7357
f 7361 7364 7362
f 7365 7366 7367
f 7368 7366 7365
f 7369 7370 7371
f 7372 7370 7369
f 7373 7374 7375
f 7376 7374 7373
f 7377 7378 7379
f 7380 7378 7377
f 7381 7382 7383
f 7384 7385 7386
f 7387 7382 7381
f 7385 7388 7386
f 7389 7390 7391
f 7392 7390 7389
f 7393 7394 7395
f 7396 7394 7393
f 7397 7398 7399
f 7400 7398 7397
f 7401 7402 7403
f 7404 7405 7406
f 7407 7402 7401
f 7405 7408 7406
f 7409 7410 7411
f 7411 7410 7412
f 7413 7414 7415
f 7415 7414 7416
f 7417 7418 7419
f 7419 7418 7420
f 7421 7422 7423
f 7422 7424 7423
f 7425 7426 7427
f 7428 7426 7425
f 7429 7430 7431
f 7432 7433 7434
f 7435 7430 7429
f 7433 7436 7434
f 7437 7438 7439
f 7440 7441 7442
f 7443 7438 7437
f 7441 7444 7442
f 7445 7446 7447
f 7448 7449 7450
f 7451 7446 7445
f 7449 7452 7450
f 7453 7454 7455
f 7456 7454 7453
f 7457 7458 7459
f 7460 7458 7457
f 7461 7462 7463
f 7464 7462 7461
f 7465 7466 7467
f 7468 7466 7465
f 7469 7470 7471
f 7472 7470 7469
f 7473 7474 7475
f 7476 7474 7473
f 7477 7478 7479
f 7480 7478 7477
f 7481 7482 7483
f 7484 7482 7481
f 7485 7486 7487
f 7488 7486 7485
f 7489 7490 7491
f 7492 7490 7489
f 7493 7494 7495
f 7496 7494 7493
f 7497 7498 7499
f 7500 7498 7497
f 7501 7502 7503
f 7504 7502 7501
f 7505 7506 7507
f 7507 7506 7508
f 7509 7510 7511
f 7511 7510 7512
f 7513 7514 7515
f 7515 7514 7516
f 7517 7518 7519
f 7519 7518 7520
f 7521 7522 7523
f 7522 7524 7523
f 7525 7526 7527
f 7527 7526 7528
f 7529 7530 7531
f 7531 7530 7532
f 7533 7534 7535
f 7535 7534 7536
f 7537 7538 7539
f 7539 7538 7540
f 7541 7542 7543
f 7542 7544 7543
f 7545 7546 7547
f 7547 7546 7548
f 7549 7550 7551
f 7551 7550 7552
f 7553 7554 7555
f 7555 7554 7556
f 7557 7558 7559
f 7558 7560 7559
f 7561 7562 7563
f 7563 7562 7564
f 7565 7566 7567
f 7568 7566 7565
f 7569 7570 7571
f 7572 7570 7569
f 7573 7574 7575
f 7576 7574 7573
f 7577 7578 7579
f 7580 7578 7577
f 7581 7582 7583
f 7584 7582 7581
f 7585 7586 7587
f 7588 7586 7585
f 7589 7590 7591
f 7592 7590 7589
f 7593 7594 7595
f 7596 7597 7598
f 7599 7594 7593
f 7600 7601 7602
f 7597 7603 7598
f 7601 7604 7602
f 7605 7606 7607
f 7607 7606 7608
f 7609 7610 7611
f 7610 7612 7611
f 7613 7614 7615
f 7615 7614 7616
f 7617 7618 7619
f 7618 7620 7619
f 7621 7622 7623
f 7623 7622 7624
f 7625 7626 7627
f 7627 7626 7628
f 7629 7630 7631
f 7631 7630 7632
f 7633 7634 7635
f 7635 7634 7636
f 7637 7638 7639
f 7638 7640 7639
f 7641 7642 7643
f 7642 7644 7643
f 7645 7646 7647
f 7647 7646 7648
f 7649 7650 7651
f 7652 7650 7649
f 7653 7654 7655
f 7656 7654 7653
f 7657 7658 7659
f 7660 7658 7657
f 7661 7662 7663
f 7664 7662 7661
f 7665 7666 7667
f 7668 7669 7670
f 7671 7666 7665
f 7669 7672 7670
f 7673 7674 7675
f 7676 7674 7673
f 7677 7678 7679
f 7680 7678 7677
f 7681 7682 7683
f 7684 7685 7686
f 7687 7682 7681
f 7685 7688 7686
f 7689 7690 7691
f 7692 7693 7694
f 7695 7690 7689
f 7693 7696 7694
f 7697 7698 7699
f 7700 7698 7697
f 7701 7702 7703
f 7704 7702 7701
f 7705 7706 7707
f 7707 7706 7708
f 7709 7710 7711
f 7711 7710 7712
f 7713 7714 7715
f 7715 7714 7716
f 7717 7718 7719
f 7719 7718 7720
f 7721 7722 7723
f 7723 7722 7724
f 7725 7726 7727
f 7726 7728 7727
f 7729 7730 7731
f 7731 7730 7732
f 7733 7734 7735
f 7735 7734 7736
f 7737 7738 7739
f 7739 7738 7740
f 7741 7742 7743
f 7743 7742 7744
f 7745 7746 7747
f 7747 7746 7748
f 7749 7750 7751
f 7751 7750 7752
f 7753 7754 7755
f 7755 7754 7756
f 7757 7758 7759
f 7758 7760 7759
f 7761 7762 7763
f 7763 7762 7764
f 7765 7766 7767
f 7767 7766 7768
f 7769 7770 7771
f 7771 7770 7772
f 7773 7774 7775
f 7774 7776 7775
f 7777 7778 7779
f 7779 7778 7780
f 7781 7782 7783
f 7783 7782 7784
f 7785 7786 7787
f 7786 7788 7787
f 7789 7790 7791
f 7792 7790 7789
f 7793 7794 7795
f 7794 7796 7795
f 7797 7798 7799
f 7800 7798 7797
f 7801 7802 7803
f 7804 7802 7801
f 7805 7806 7807
f 7807 7806 7808
f 7809 7810 7811
f 7810 7812 7811
f 7813 7814 7815
f 7814 7816 7815
f 7817 7818 7819
f 7818 7820 7819
f 7821 7822 7823
f 7823 7822 7824
f 7825 7826 7827
f 7826 7828 7827
f 7829 7830 7831
f 7831 7830 7832
f 7833 7834 7835
f 7835 7834 7836
f 7837 7838 7839
f 7839 7838 7840
f 7841 7842 7843
f 7842 7844 7843
f 7845 7846 7847
f 7847 7846 7848
f 7849 7850 7851
f 7851 7850 7852
f 7853 7854 7855
f 7856 7854 7853
f 7857 7858 7859
f 7860 7858 7857
f 7861 7862 7863
f 7864 7865 7866
f 7867 7862 7861
f 7865 7868 7866
f 7869 7870 7871
f 7872 7870 7869
f 7873 7874 7875
f 7876 7874 7873
f 7877 7878 7879
f 7880 7878 7877
f 7881 7882 7883
f 7884 7882 7881
f 7885 7886 7887
f 7888 7889 7890
f 7891 7886 7885
f 7889 7892 7890
f 7893 7894 7895
f 7896 7894 7893
f 7897 7898 7899
f 7900 7898 7897
f 7901 7902 7903
f 7904 7902 7901
f 7905 7906 7907
f 7908 7909 7910
f 7911 7906 7905
f 7909 7912 7910
f 7913 7914 7915
f 7915 7914 7916
f 7917 7918 7919
f 7919 7918 7920
f 7921 7922 7923
f 7923 7922 7924
f 7925 7926 7927
f 7926 7928 7927
f 7929 7930 7931
f 7932 7930 7929
f 7933 7934 7935
f 7936 7937 7938
f 7939 7934 7933
f 7937 7940 7938
f 7941 7942 7943
f 7944 7945 7946
f 7947 7942 7941
f 7945 7948 7946
f 7949 7950 7951
f 7952 7953 7954
f 7955 7950 7949
f 7953 7956 7954
f 7957 7958 7959
f 7960 7958 7957
f 7961 7962 7963
f 7964 7962 7961
f 7965 7966 7967
f 7968 7966 7965
f 7969 7970 7971
f 7972 7970 7969
f 7973 7974 7975
f 7976 7974 7973
f 7977 7978 7979
f 7980 7978 7977
f 7981 7982 7983
f 7984 7982 7981
f 7985 7986 7987
f 7988 7986 7985
f 7989 7990 7991
f 7992 7990 7989
f 7993 7994 7995
f 7996 7994 7993
f 7997 7998 7999
f 8000 7998 7997
f 8001 8002 8003
f 8004 8002 8001
f 8005 8006 8007
f 8008 8006 8005
f 8009 8010 8011
f 8011 8010 8012
f 8013 8014 8015
f 8015 8014 8016
f 8017 8018 8019
f 8019 8018 8020
f 8021 8022 8023
f 8023 8022 8024
f 8025 8026 8027
f 8026 8028 8027
f 8029 8030 8031
f 8031 8030 8032
f 8033 8034 8035
f 8035 8034 8036
f 8037 8038 8039
f 8039 8038 8040
f 8041 8042 8043
f 8043 8042 8044
f 8045 8046 8047
f 8046 8048 8047
f 8049 8050 8051
f 8051 8050 8052
f 8053 8054 8055
f 8055 8054 8056
f 8057 8058 8059
f 8059 8058 8060
f 8061 8062 8063
f 8062 8064 8063
f 8065 8066 8067
f 8067 8066 8068
f 8069 8070 8071
f 8070 8072 8071
f 8071 8073 8074
f 8072 8073 8071
f 8073 8075 8074
f 8076 8077 8075
f 8078 8077 8076
f 8079 8077 8078
f 8080 8077 8079
f 8081 8077 8080
f 8082 8077 8081
f 8083 8077 8082
f 8084 8077 8083
f 8085 8077 8084
f 8086 8077 8085
f 8087 8077 8086
f 8075 8077 8074
f 8088 8089 8090
f 8089 8091 8090
f 8092 8091 8093
f 8094 8091 8092
f 8095 8091 8094
f 8096 8091 8095
f 8097 8091 8096
f 8090 8091 8097
f 8098 8099 8100
f 8101 8099 8098
f 8102 8099 8101
f 8103 8099 8102
f 8104 8099 8103
f 8105 8099 8104
f 8106 8099 8105
f 8093 8099 8106
f 8091 8099 8093
f 8077 8107 8074
f 8074 8107 8108
f 8109 8110 8107
f 8107 8111 8109
f 8110 8112 8107
f 8107 8113 8111
f 8112 8114 8107
f 8107 8114 8108
f 8107 8115 8113
f 8108 8116 8117
f 8114 8116 8108
f 8107 8118 8115
f 8116 8119 8117
f 8107 8120 8118
f 8119 8121 8117
f 8107 8122 8120
f 8107 8123 8122
f 8107 8124 8123
f 8091 8125 8099
f 8099 8125 8077
f 8077 8125 8107
f 8121 8126 8117
f 8125 8127 8128
f 8125 8129 8127
f 8125 8130 8129
f 8125 8131 8130
f 8125 8132 8131
f 8125 8133 8132
f 8125 8134 8133
f 8125 8135 8134
f 8136 8137 8138
f 8125 8139 8135
f 8136 8139 8137
f 8140 8139 8136
f 8141 8139 8140
f 8142 8139 8141
f 8091 8139 8125
f 8143 8139 8142
f 8144 8139 8143
f 8135 8139 8144
f 8145 8146 8147
f 8147 8146 8148
f 8149 8150 8151
f 8152 8149 8151
f 8153 8151 8154
f 8153 8152 8151
f 8155 8153 8154
f 8156 8157 8155
f 8156 8158 8157
f 8156 8159 8158
f 8156 8160 8159
f 8156 8161 8160
f 8156 8162 8161
f 8156 8163 8162
f 8156 8164 8163
f 8156 8165 8164
f 8156 8166 8165
f 8156 8167 8166
f 8156 8155 8154
f 8168 8169 8170
f 8171 8168 8170
f 8171 8172 8173
f 8171 8174 8172
f 8171 8175 8174
f 8171 8176 8175
f 8171 8177 8176
f 8171 8170 8177
f 8178 8179 8180
f 8178 8181 8179
f 8178 8182 8181
f 8178 8183 8182
f 8178 8184 8183
f 8178 8185 8184
f 8178 8186 8185
f 8178 8173 8186
f 8178 8171 8173
f 8187 8156 8154
f 8187 8154 8188
f 8189 8190 8187
f 8191 8187 8190
f 8192 8189 8187
f 8193 8187 8191
f 8194 8187 8188
f 8194 8192 8187
f 8195 8187 8193
f 8196 8188 8197
f 8196 8194 8188
f 8198 8187 8195
f 8199 8196 8197
f 8200 8187 8198
f 8201 8199 8197
f 8202 8187 8200
f 8203 8187 8202
f 8204 8187 8203
f 8205 8178 8156
f 8205 8156 8187
f 8206 8201 8197
f 8207 8205 8208
f 8209 8205 8207
f 8210 8205 8209
f 8211 8205 8210
f 8212 8205 8211
f 8213 8205 8212
f 8214 8205 8213
f 8215 8205 8214
f 8216 8217 8218
f 8219 8205 8215
f 8219 8217 8216
f 8219 8178 8205
f 8219 8171 8178
f 8219 8220 8217
f 8219 8221 8220
f 8219 8222 8221
f 8219 8223 8222
f 8219 8224 8223
f 8219 8215 8224
f 8225 8226 8227
f 8227 8228 8225
f 8225 8229 8226
f 8228 8230 8225
f 8225 8231 8229
f 8230 8232 8225
f 8225 8233 8231
f 8232 8234 8225
f 8225 8235 8233
f 8234 8236 8225
f 8225 8237 8235
f 8236 8238 8225
f 8225 8239 8237
f 8238 8240 8225
f 8225 8241 8239
f 8240 8242 8225
f 8225 8243 8241
f 8242 8244 8225
f 8225 8245 8243
f 8244 8246 8225
f 8225 8247 8245
f 8246 8248 8225
f 8225 8249 8247
f 8248 8250 8225
f 8225 8251 8249
f 8250 8252 8225
f 8225 8253 8251
f 8252 8254 8225
f 8225 8255 8253
f 8254 8256 8225
f 8257 8258 8225
f 8225 8258 8255
f 8259 8260 8261
f 8257 8262 8258
f 8263 8264 8225
f 8257 8265 8262
f 8264 8266 8225
f 8257 8267 8265
f 8257 8268 8267
f 8257 8269 8268
f 8257 8270 8269
f 8257 8271 8270
f 8257 8272 8271
f 8257 8273 8272
f 8257 8274 8273
f 8257 8275 8274
f 8257 8276 8275
f 8257 8277 8276
f 8257 8278 8277
f 8257 8279 8278
f 8257 8280 8279
f 8257 8281 8280
f 8257 8282 8281
f 8257 8283 8282
f 8257 8284 8283
f 8257 8285 8284
f 8257 8286 8285
f 8257 8287 8286
f 8257 8288 8287
f 8257 8289 8288
f 8257 8290 8289
f 8257 8291 8290
f 8257 8292 8291
f 8257 8293 8292
f 8257 8294 8293
f 8257 8295 8294
f 8257 8296 8295
f 8257 8297 8296
f 8298 8299 8300
f 8301 8302 8303
f 8304 8305 8301
f 8301 8305 8302
f 8302 8306 8303
f 8303 8306 8307
f 8308 8309 8304
f 8304 8309 8305
f 8306 8310 8307
f 8308 8311 8309
f 8312 8311 8308
f 8310 8313 8307
f 8307 8313 8314
f 8315 8316 8312
f 8312 8316 8311
f 8313 8317 8314
f 8314 8317 8318
f 8319 8320 8315
f 8315 8320 8316
f 8317 8321 8318
f 8318 8321 8322
f 8323 8324 8319
f 8319 8324 8320
f 8321 8325 8322
f 8322 8325 8326
f 8327 8328 8323
f 8323 8328 8324
f 8325 8329 8326
f 8326 8329 8330
f 8331 8332 8327
f 8327 8332 8328
f 8329 8333 8330
f 8330 8333 8334
f 8335 8336 8331
f 8331 8336 8332
f 8334 8337 8338
f 8333 8337 8334
f 8339 8340 8335
f 8335 8340 8336
f 8338 8341 8342
f 8337 8341 8338
f 8343 8344 8339
f 8339 8344 8340
f 8341 8345 8342
f 8346 8345 8347
f 8342 8345 8346
f 8348 8349 8343
f 8343 8349 8344
f 8345 8350 8347
f 8351 8352 8348
f 8348 8352 8349
f 8266 8353 8225
f 8350 8353 8347
f 8347 8353 8266
f 8351 8354 8352
f 8355 8354 8351
f 8353 8356 8225
f 8357 8358 8355
f 8355 8358 8354
f 8359 8360 8361
f 8357 8362 8358
f 8363 8362 8357
f 8364 8365 8366
f 8363 8367 8362
f 8368 8367 8363
f 8368 8369 8367
f 8370 8369 8368
f 8371 8372 8370
f 8370 8372 8369
f 8373 8374 8371
f 8371 8374 8372
f 8375 8376 8373
f 8373 8376 8374
f 8377 8378 8375
f 8375 8378 8376
f 8379 8380 8377
f 8377 8380 8378
f 8381 8382 8379
f 8379 8382 8380
f 8383 8384 8381
f 8381 8384 8382
f 8385 8386 8383
f 8383 8386 8384
f 8387 8388 8385
f 8385 8388 8386
f 8389 8390 8387
f 8387 8390 8388
f 8391 8392 8389
f 8389 8392 8390
f 8393 8394 8391
f 8391 8394 8392
f 8395 8396 8393
f 8393 8396 8394
f 8397 8398 8395
f 8395 8398 8396
f 8399 8400 8397
f 8397 8400 8398
f 8401 8402 8399
f 8399 8402 8400
f 8403 8404 8401
f 8401 8404 8402
f 8405 8406 8403
f 8403 8406 8404
f 8407 8408 8405
f 8405 8408 8406
f 8407 8409 8408
f 8410 8409 8407
f 8410 8411 8409
f 8412 8411 8410
f 8412 8413 8411
f 8414 8413 8412
f 8414 8415 8413
f 8416 8415 8414
f 8416 8417 8415
f 8418 8417 8416
f 8418 8419 8417
f 8420 8419 8418
f 8421 8422 8420
f 8420 8422 8419
f 8257 8423 8424
f 8421 8423 8422
f 8424 8423 8421
f 8425 8426 8427
f 8427 8426 8428
f 8427 8429 8430
f 8428 8429 8427
f 8425 8431 8426
f 8432 8431 8425
f 8433 8431 8432
f 8429 8434 8430
f 8435 8434 8436
f 8430 8434 8435
f 8433 8437 8431
f 8436 8438 8439
f 8434 8438 8436
f 8433 8440 8437
f 8441 8440 8433
f 8438 8442 8439
f 8443 8444 8441
f 8441 8444 8440
f 8442 8445 8439
f 8446 8445 8447
f 8439 8445 8446
f 8443 8448 8444
f 8449 8448 8443
f 8445 8450 8447
f 8447 8450 8451
f 8452 8453 8449
f 8449 8453 8448
f 8450 8454 8451
f 8452 8455 8453
f 8456 8455 8452
f 8454 8457 8451
f 8451 8457 8458
f 8456 8459 8455
f 8460 8459 8456
f 8461 8459 8460
f 8457 8462 8458
f 8458 8462 8463
f 8461 8464 8459
f 8462 8465 8463
f 8466 8465 8467
f 8463 8465 8466
f 8461 8468 8464
f 8469 8468 8461
f 8470 8468 8469
f 8465 8471 8467
f 8467 8471 8472
f 8470 8473 8468
f 8471 8474 8472
f 8475 8476 8470
f 8470 8476 8473
f 8474 8477 8472
f 8472 8477 8478
f 8475 8479 8476
f 8480 8479 8475
f 8481 8482 8483
f 8484 8485 8486
f 8480 8487 8479
f 8488 8487 8480
f 8489 8490 8225
f 8491 8490 8489
f 8485 8492 8493
f 8488 8494 8487
f 8495 8494 8488
f 8496 8497 8366
f 8495 8498 8494
f 8499 8498 8495
f 8499 8500 8498
f 8501 8500 8499
f 8501 8502 8500
f 8503 8502 8501
f 8503 8504 8502
f 8505 8504 8503
f 8505 8506 8504
f 8507 8506 8505
f 8507 8508 8506
f 8509 8508 8507
f 8509 8510 8508
f 8511 8510 8509
f 8511 8512 8510
f 8513 8512 8511
f 8513 8514 8512
f 8515 8514 8513
f 8516 8517 8515
f 8515 8517 8514
f 8518 8519 8516
f 8516 8519 8517
f 8520 8521 8518
f 8518 8521 8519
f 8522 8523 8520
f 8520 8523 8521
f 8524 8525 8522
f 8522 8525 8523
f 8526 8527 8524
f 8524 8527 8525
f 8526 8528 8527
f 8529 8528 8526
f 8530 8531 8529
f 8529 8531 8528
f 8532 8533 8530
f 8530 8533 8531
f 8534 8535 8532
f 8532 8535 8533
f 8536 8537 8534
f 8534 8537 8535
f 8538 8539 8536
f 8536 8539 8537
f 8540 8541 8538
f 8538 8541 8539
f 8542 8543 8540
f 8540 8543 8541
f 8544 8545 8542
f 8542 8545 8543
f 8546 8547 8544
f 8544 8547 8545
f 8548 8549 8546
f 8546 8549 8547
f 8550 8551 8548
f 8548 8551 8549
f 8552 8553 8550
f 8550 8553 8551
f 8554 8555 8552
f 8552 8555 8553
f 8556 8557 8558
f 8559 8557 8556
f 8558 8560 8556
f 8556 8560 8561
f 8562 8563 8559
f 8564 8563 8562
f 8559 8563 8557
f 8561 8565 8566
f 8560 8565 8561
f 8564 8567 8563
f 8568 8569 8570
f 8566 8569 8568
f 8565 8569 8566
f 8571 8572 8564
f 8564 8572 8567
f 8569 8573 8570
f 8570 8573 8574
f 8575 8576 8571
f 8571 8576 8572
f 8574 8577 8578
f 8573 8577 8574
f 8575 8579 8576
f 8580 8579 8575
f 8581 8579 8580
f 8577 8582 8578
f 8581 8583 8579
f 8584 8585 8586
f 8578 8585 8584
f 8582 8585 8578
f 8587 8588 8581
f 8581 8588 8583
f 8585 8589 8586
f 8590 8591 8587
f 8592 8591 8590
f 8587 8591 8588
f 8589 8593 8586
f 8586 8593 8594
f 8592 8595 8591
f 8596 8597 8598
f 8594 8597 8596
f 8593 8597 8594
f 8592 8599 8595
f 8600 8599 8592
f 8601 8599 8600
f 8597 8602 8598
f 8601 8603 8599
f 8602 8604 8598
f 8598 8604 8605
f 8606 8607 8601
f 8601 8607 8603
f 8604 8608 8605
f 8605 8608 8609
f 8606 8610 8607
f 8611 8610 8606
f 8608 8612 8609
f 8613 8614 8615
f 8611 8616 8610
f 8617 8616 8611
f 8612 8618 8619
f 8620 8621 8622
f 8623 8618 8225
f 8624 8625 8617
f 8617 8625 8616
f 8626 8627 8628
f 8629 8630 8624
f 8624 8630 8625
f 8629 8631 8630
f 8632 8631 8629
f 8633 8631 8632
f 8633 8634 8631
f 8635 8636 8633
f 8633 8636 8634
f 8635 8637 8636
f 8638 8637 8635
f 8639 8640 8638
f 8641 8640 8639
f 8638 8640 8637
f 8641 8642 8640
f 8643 8644 8641
f 8641 8644 8642
f 8643 8645 8644
f 8646 8645 8643
f 8646 8647 8645
f 8648 8647 8646
f 8648 8649 8647
f 8650 8649 8648
f 8650 8651 8649
f 8652 8651 8650
f 8652 8653 8651
f 8654 8653 8652
f 8655 8653 8654
f 8655 8656 8653
f 8655 8657 8656
f 8658 8657 8655
f 8658 8659 8657
f 8660 8659 8658
f 8660 8661 8659
f 8662 8661 8660
f 8662 8663 8661
f 8664 8663 8662
f 8664 8665 8663
f 8666 8665 8664
f 8667 8668 8666
f 8666 8668 8665
f 8669 8670 8667
f 8667 8670 8668
f 8669 8671 8670
f 8672 8671 8669
f 8673 8671 8672
f 8673 8674 8671
f 8673 8675 8674
f 8676 8675 8673
f 8676 8677 8675
f 8678 8677 8676
f 8678 8679 8677
f 8680 8679 8678
f 8680 8681 8679
f 8682 8681 8680
f 8682 8683 8681
f 8684 8683 8682
f 8684 8685 8683
f 8686 8685 8684
f 8687 8688 8689
f 8687 8690 8688
f 8691 8692 8693
f 8689 8692 8691
f 8688 8692 8689
f 8687 8694 8690
f 8695 8694 8687
f 8693 8696 8697
f 8692 8696 8693
f 8698 8699 8695
f 8700 8699 8698
f 8695 8699 8694
f 8696 8701 8697
f 8700 8702 8699
f 8701 8703 8697
f 8704 8703 8705
f 8697 8703 8704
f 8700 8706 8702
f 8707 8706 8700
f 8703 8708 8705
f 8707 8709 8706
f 8710 8709 8707
f 8711 8712 8713
f 8705 8712 8711
f 8708 8712 8705
f 8710 8714 8709
f 8715 8714 8710
f 8712 8716 8713
f 8715 8717 8714
f 8718 8717 8715
f 8713 8719 8720
f 8716 8719 8713
f 8718 8721 8717
f 8722 8721 8718
f 8723 8724 8725
f 8720 8724 8723
f 8719 8724 8720
f 8726 8727 8722
f 8722 8727 8721
f 8724 8728 8725
f 8729 8730 8726
f 8731 8730 8729
f 8726 8730 8727
f 8732 8733 8734
f 8725 8733 8732
f 8728 8733 8725
f 8731 8735 8730
f 8733 8736 8734
f 8737 8738 8731
f 8731 8738 8735
f 8734 8739 8740
f 8736 8739 8734
f 8741 8742 8737
f 8743 8742 8741
f 8737 8742 8738
f 8744 8745 8746
f 8740 8747 8748
f 8743 8749 8742
f 8750 8751 8752
f 8747 8753 8748
f 8754 8755 8743
f 8743 8755 8749
f 8756 8757 8754
f 8754 8757 8755
f 8758 8759 8756
f 8756 8759 8757
f 8760 8761 8758
f 8758 8761 8759
f 8762 8763 8760
f 8760 8763 8761
f 8764 8765 8762
f 8762 8765 8763
f 8766 8767 8764
f 8764 8767 8765
f 8768 8769 8766
f 8766 8769 8767
f 8770 8771 8768
f 8768 8771 8769
f 8772 8773 8770
f 8770 8773 8771
f 8774 8775 8772
f 8772 8775 8773
f 8776 8777 8774
f 8774 8777 8775
f 8776 8778 8777
f 8779 8778 8776
f 8779 8780 8778
f 8781 8780 8779
f 8781 8782 8780
f 8783 8782 8781
f 8784 8785 8783
f 8783 8785 8782
f 8786 8787 8784
f 8784 8787 8785
f 8786 8788 8787
f 8789 8788 8786
f 8789 8790 8788
f 8791 8790 8789
f 8791 8792 8790
f 8793 8792 8791
f 8794 8795 8793
f 8793 8795 8792
f 8796 8797 8794
f 8794 8797 8795
f 8798 8799 8796
f 8800 8799 8798
f 8796 8799 8797
f 8800 8801 8799
f 8800 8802 8801
f 8803 8802 8800
f 8803 8804 8802
f 8805 8804 8803
f 8805 8806 8804
f 8807 8806 8805
f 8808 8809 8807
f 8807 8809 8806
f 8810 8811 8808
f 8808 8811 8809
f 8812 8813 8810
f 8810 8813 8811
f 8814 8815 8816
f 8817 8815 8814
f 8817 8818 8815
f 8815 8819 8816
f 8816 8819 8820
f 8821 8822 8817
f 8817 8822 8818
f 8819 8823 8820
f 8824 8825 8821
f 8821 8825 8822
f 8823 8826 8820
f 8820 8826 8827
f 8828 8829 8824
f 8824 8829 8825
f 8826 8830 8827
f 8831 8830 8832
f 8827 8830 8831
f 8833 8834 8828
f 8835 8834 8833
f 8828 8834 8829
f 8830 8836 8832
f 8835 8837 8834
f 8836 8838 8832
f 8839 8838 8840
f 8832 8838 8839
f 8841 8842 8835
f 8835 8842 8837
f 8838 8843 8840
f 8844 8845 8841
f 8841 8845 8842
f 8843 8846 8840
f 8840 8846 8847
f 8848 8849 8844
f 8850 8849 8848
f 8844 8849 8845
f 8847 8851 8852
f 8846 8851 8847
f 8850 8853 8849
f 8852 8854 8855
f 8851 8854 8852
f 8856 8857 8850
f 8858 8857 8856
f 8850 8857 8853
f 8859 8860 8861
f 8855 8860 8859
f 8854 8860 8855
f 8862 8863 8858
f 8858 8863 8857
f 8860 8864 8861
f 8861 8864 8865
f 8862 8866 8863
f 8864 8867 8865
f 8868 8869 8862
f 8870 8869 8868
f 8862 8869 8866
f 8867 8871 8865
f 8872 8873 8874
f 8870 8875 8869
f 8876 8877 8878
f 8879 8880 8881
f 8870 8882 8875
f 8883 8882 8870
f 8884 8885 8883
f 8883 8885 8882
f 8886 8887 8884
f 8884 8887 8885
f 8888 8889 8886
f 8886 8889 8887
f 8890 8891 8888
f 8892 8891 8890
f 8888 8891 8889
f 8893 8894 8892
f 8892 8894 8891
f 8893 8895 8894
f 8896 8897 8893
f 8893 8897 8895
f 8898 8899 8896
f 8896 8899 8897
f 8900 8901 8898
f 8898 8901 8899
f 8900 8902 8901
f 8903 8902 8900
f 8903 8904 8902
f 8905 8904 8903
f 8906 8907 8905
f 8905 8907 8904
f 8908 8909 8906
f 8906 8909 8907
f 8910 8911 8908
f 8908 8911 8909
f 8912 8913 8910
f 8910 8913 8911
f 8914 8915 8912
f 8912 8915 8913
f 8916 8917 8914
f 8914 8917 8915
f 8918 8919 8916
f 8920 8919 8918
f 8916 8919 8917
f 8920 8921 8919
f 8920 8922 8921
f 8923 8922 8920
f 8924 8925 8923
f 8923 8925 8922
f 8926 8927 8924
f 8924 8927 8925
f 8928 8929 8926
f 8926 8929 8927
f 8928 8930 8929
f 8931 8930 8928
f 8931 8932 8930
f 8933 8932 8931
f 8934 8932 8933
f 8934 8935 8932
f 8934 8936 8935
f 8937 8936 8934
f 8937 8938 8936
f 8939 8938 8937
f 8939 8940 8938
f 8941 8940 8939
f 8942 8943 8944
f 8945 8943 8942
f 8944 8946 8942
f 8942 8946 8947
f 8945 8948 8943
f 8949 8948 8945
f 8946 8950 8947
f 8947 8950 8951
f 8949 8952 8948
f 8953 8952 8949
f 8954 8952 8953
f 8950 8955 8951
f 8951 8955 8956
f 8954 8957 8952
f 8955 8958 8956
f 8956 8958 8959
f 8954 8960 8957
f 8961 8960 8954
f 8958 8962 8959
f 8959 8962 8963
f 8961 8964 8960
f 8965 8964 8961
f 8966 8964 8965
f 8962 8967 8963
f 8968 8967 8969
f 8963 8967 8968
f 8966 8970 8964
f 8967 8971 8969
f 8966 8972 8970
f 8973 8972 8966
f 8974 8972 8973
f 8971 8975 8969
f 8969 8975 8976
f 8974 8977 8972
f 8975 8978 8976
f 8976 8978 8979
f 8974 8980 8977
f 8981 8980 8974
f 8978 8982 8979
f 8979 8982 8983
f 8981 8984 8980
f 8985 8984 8981
f 8986 8984 8985
f 8982 8987 8983
f 8988 8987 8989
f 8983 8987 8988
f 8986 8990 8984
f 8987 8991 8989
f 8986 8992 8990
f 8993 8992 8986
f 8991 8994 8989
f 8989 8994 8995
f 8993 8996 8992
f 8997 8996 8993
f 8994 8998 8995
f 8995 8998 8999
f 8997 9000 8996
f 9001 9000 8997
f 9002 9000 9001
f 9003 9004 9005
f 8998 9006 8999
f 9002 9007 9000
f 9002 9008 9007
f 9009 9008 9002
f 9010 9008 9009
f 9010 9011 9008
f 9010 9012 9011
f 9013 9012 9010
f 9014 9012 9013
f 9014 9015 9012
f 9014 9016 9015
f 9017 9016 9014
f 9017 9018 9016
f 9019 9018 9017
f 9019 9020 9018
f 9021 9020 9019
f 9021 9022 9020
f 9023 9022 9021
f 9024 9025 9023
f 9023 9025 9022
f 9026 9027 9024
f 9024 9027 9025
f 9028 9029 9026
f 9026 9029 9027
f 9030 9031 9028
f 9028 9031 9029
f 9032 9033 9030
f 9030 9033 9031
f 9034 9035 9032
f 9032 9035 9033
f 9036 9037 9034
f 9034 9037 9035
f 9038 9039 9036
f 9036 9039 9037
f 9040 9041 9038
f 9042 9041 9040
f 9038 9041 9039
f 9042 9043 9041
f 9044 9045 9042
f 9046 9045 9044
f 9042 9045 9043
f 9046 9047 9045
f 9048 9049 9046
f 9046 9049 9047
f 9050 9051 9048
f 9048 9051 9049
f 9052 9053 9050
f 9054 9053 9052
f 9050 9053 9051
f 9054 9055 9053
f 9056 9057 9054
f 9058 9057 9056
f 9054 9057 9055
f 9059 9060 9058
f 9058 9060 9057
f 9059 9061 9060
f 9062 9063 9059
f 9059 9063 9061
f 9064 9065 9062
f 9062 9065 9063
f 9066 9067 9068
f 9069 9067 9066
f 9068 9070 9066
f 9071 9070 9072
f 9066 9070 9071
f 9073 9074 9069
f 9069 9074 9067
f 9070 9075 9072
f 9076 9077 9073
f 9078 9077 9076
f 9073 9077 9074
f 9072 9079 9080
f 9075 9079 9072
f 9078 9081 9077
f 9082 9083 9084
f 9080 9083 9082
f 9079 9083 9080
f 9085 9086 9078
f 9078 9086 9081
f 9083 9087 9084
f 9085 9088 9086
f 9089 9088 9085
f 9084 9090 9091
f 9087 9090 9084
f 9092 9093 9089
f 9094 9093 9092
f 9089 9093 9088
f 9091 9095 9096
f 9090 9095 9091
f 9094 9097 9093
f 9095 9098 9096
f 9096 9098 9099
f 9094 9100 9097
f 9101 9100 9094
f 9099 9102 9103
f 9098 9102 9099
f 9104 9105 9101
f 9106 9105 9104
f 9101 9105 9100
f 9103 9107 9108
f 9102 9107 9103
f 9106 9109 9105
f 9108 9110 9111
f 9107 9110 9108
f 9112 9113 9106
f 9106 9113 9109
f 9110 9114 9111
f 9111 9114 9115
f 9116 9117 9112
f 9112 9117 9113
f 9115 9118 9119
f 9114 9118 9115
f 9120 9121 9116
f 9122 9121 9120
f 9116 9121 9117
f 9122 9123 9121
f 9122 9124 9123
f 9125 9124 9122
f 9125 9126 9124
f 9127 9126 9125
f 9127 9128 9126
f 9129 9128 9127
f 9129 9130 9128
f 9131 9130 9129
f 9132 9133 9131
f 9131 9133 9130
f 9132 9134 9133
f 9135 9134 9132
f 9135 9136 9134
f 9137 9136 9135
f 9137 9138 9136
f 9139 9138 9137
f 9140 9138 9139
f 9140 9141 9138
f 9140 9142 9141
f 9143 9142 9140
f 9144 9145 9143
f 9143 9145 9142
f 9144 9146 9145
f 9147 9146 9144
f 9147 9148 9146
f 9149 9148 9147
f 9150 9148 9149
f 9150 9151 9148
f 9152 9151 9150
f 9152 9153 9151
f 9152 9154 9153
f 9155 9154 9152
f 9156 9154 9155
f 9156 9157 9154
f 9158 9157 9156
f 9158 9159 9157
f 9158 9160 9159
f 9161 9160 9158
f 9162 9163 9161
f 9161 9163 9160
f 9162 9164 9163
f 9165 9164 9162
f 9165 9166 9164
f 9167 9166 9165
f 9168 9166 9167
f 9168 9169 9166
f 9168 9170 9169
f 9171 9170 9168
f 9171 9172 9170
f 9173 9172 9171
f 9173 9174 9172
f 9175 9174 9173
f 9176 9174 9175
f 9176 9177 9174
f 9176 9178 9177
f 9179 9178 9176
f 9179 9180 9178
f 9181 9180 9179
f 9181 9182 9180
f 9183 9182 9181
f 9184 9185 9118
f 9186 9185 9184
f 9006 9185 9187
f 9188 9189 9190
f 9191 9185 9192
f 9193 9185 8225
f 9194 9185 9191
f 9195 9185 9194
f 9196 9185 9195
f 9197 9185 9196
f 9198 9185 9197
f 9199 9185 9198
f 9200 9185 9199
f 9201 9185 9200
f 9202 9185 9201
f 8880 9185 8881
f 9203 9185 9202
f 9204 9185 9203
f 9205 9185 9204
f 9206 9185 9205
f 9207 9185 9206
f 9208 9185 9207
f 9209 9185 9208
f 9210 9185 9209
f 9211 9185 9210
f 9212 9185 9211
f 9213 9185 9212
f 9214 9185 9213
f 9215 9185 9214
f 9216 9185 9215
f 9217 9185 9216
f 9218 9185 9217
f 9219 9220 9221
f 9222 9185 9218
f 9223 9224 9225
f 9226 9185 9222
f 9119 9185 9227
f 9228 9185 9226
f 9229 9185 9228
f 9230 9185 9229
f 8753 9185 9193
f 9231 9220 9232
f 9233 9234 9235
f 9118 9185 9119
f 9230 9236 9185
f 9183 9236 9182
f 9237 9236 9230
f 9238 9236 9237
f 9239 9236 9238
f 9240 9236 9239
f 9241 9236 9240
f 9242 9236 9241
f 9243 9236 9242
f 9244 9236 9243
f 9245 9236 9244
f 9246 9236 9245
f 9247 9236 9246
f 9248 9236 9247
f 9249 9236 9248
f 9250 9236 9249
f 9251 9236 9250
f 9252 9236 9251
f 9253 9236 9252
f 9254 9236 9253
f 9255 9236 9254
f 9256 9236 9255
f 9257 9236 9256
f 9258 9236 9257
f 9259 9236 9258
f 9260 9236 9259
f 9261 9236 9260
f 9262 9236 9261
f 9263 9236 9262
f 9264 9236 9263
f 9265 9236 9264
f 9266 9236 9265
f 9267 9236 9266
f 9268 9269 9270
f 9271 9236 9272
f 9182 9236 9271
f 8257 9236 9273
f 9274 9275 9276
f 8298 9277 9278
f 8257 9279 8940
f 8257 8940 9280
f 9281 9282 9283
f 8257 9284 9285
f 8257 9285 8813
f 8257 8813 9286
f 9281 9287 9288
f 8257 9289 9290
f 8257 9290 8685
f 8257 8685 9291
f 9292 9293 9294
f 8257 9295 9296
f 8257 9296 8555
f 8257 8555 9297
f 9292 9298 9299
f 8298 9300 9301
f 8257 9302 8423
f 9273 9236 9303
f 9303 9236 9064
f 9064 9236 9304
f 9064 9304 9305
f 9064 9305 9065
f 9306 9307 9308
f 9309 8940 8941
f 9310 9311 9312
f 9313 9314 9315
f 9316 9317 9318
f 9319 8685 8686
f 9297 8555 9320
f 9320 8555 8554
f 9321 9322 9323
f 9324 9325 9326
f 9327 9236 9183
f 9328 9329 9330
f 9330 9329 9331
f 9332 9333 9334
f 9335 9333 9332
f 9336 9337 9338
f 9338 9337 9339
f 9340 9341 9342
f 9343 9344 9345
f 9346 9347 9348
f 9349 9347 9346
f 9350 9351 9352
f 9353 9354 9355
f 9356 9354 9353
f 9351 9357 9352
f 9358 9359 9360
f 9361 9362 9363
f 9364 9362 9361
f 9359 9365 9360
f 9366 9367 9368
f 9369 9367 9366
f 9370 9371 9372
f 9373 9374 9375
f 9376 9374 9373
f 9377 9378 9379
f 9371 9380 9372
f 9378 9381 9379
f 9382 9383 9384
f 9385 9383 9382
f 9386 9387 9388
f 9389 9387 9386
f 9390 9391 9392
f 9393 9391 9390
f 9394 9395 9396
f 9397 9395 9394
f 9398 9399 9400
f 9401 9399 9398
f 9402 9403 9404
f 9405 9403 9402
f 9406 9407 9408
f 9408 9407 9409
f 9410 9411 9412
f 9412 9411 9413
f 9414 9415 9416
f 9417 9415 9414
f 9418 9419 9420
f 9421 9419 9418
f 9422 9423 9424
f 9425 9426 9427
f 9428 9429 9430
f 9431 9429 9428
f 9432 9433 9434
f 9435 9436 9437
f 9438 9436 9435
f 9433 9439 9434
f 9440 9441 9442
f 9443 9444 9445
f 9446 9444 9443
f 9441 9447 9442
f 9448 9449 9450
f 9451 9452 9453
f 9454 9452 9451
f 9449 9455 9450
f 9456 9457 9458
f 9459 9457 9456
f 9460 9461 9462
f 9463 9461 9460
f 9464 9465 9466
f 9467 9468 9469
f 9470 9471 9472
f 9472 9471 9473
f 9474 9475 9476
f 9477 9475 9474
f 9478 9479 9480
f 9480 9479 9481
f 9482 9483 9484
f 9484 9485 9482
f 9482 9486 9483
f 9485 9487 9482
f 9482 9488 9486
f 9487 9489 9482
f 9482 9490 9488
f 9489 9491 9482
f 9482 9492 9490
f 9491 9493 9482
f 9482 9494 9492
f 9493 9495 9482
f 9482 9496 9494
f 9495 9497 9482
f 9482 9498 9496
f 9497 9499 9482
f 9482 9500 9498
f 9499 9501 9482
f 9482 9502 9500
f 9501 9503 9482
f 9482 9504 9502
f 9503 9505 9482
f 9482 9506 9504
f 9505 9507 9482
f 9482 9508 9506
f 9507 9509 9482
f 9482 9510 9508
f 9509 9511 9482
f 9482 9512 9510
f 9511 9513 9482
f 9514 9515 9482
f 9482 9515 9512
f 9513 9516 9482
f 9514 9517 9515
f 9516 9518 9482
f 9514 9519 9517
f 9518 9520 9482
f 9514 9521 9519
f 9520 9522 9482
f 9514 9523 9521
f 9522 9524 9482
f 9514 9525 9523
f 9514 9526 9525
f 9514 9527 9526
f 9514 9528 9527
f 9514 9529 9528
f 9514 9530 9529
f 9514 9531 9530
f 9514 9532 9531
f 9514 9533 9532
f 9514 9534 9533
f 9514 9535 9534
f 9514 9536 9535
f 9514 9537 9536
f 9514 9538 9537
f 9514 9539 9538
f 9514 9540 9539
f 9514 9541 9540
f 9514 9542 9541
f 9514 9543 9542
f 9514 9544 9543
f 9514 9545 9544
f 9514 9546 9545
f 9514 9547 9546
f 9514 9548 9547
f 9514 9549 9548
f 9514 9550 9549
f 9514 9551 9550
f 9514 9552 9551
f 9514 9553 9552
f 9514 9554 9553
f 9514 9555 9554
f 9514 9556 9555
f 9557 9558 9559
f 9557 9560 9558
f 9558 9561 9559
f 9559 9561 9562
f 9557 9563 9560
f 9564 9563 9565
f 9565 9563 9557
f 9561 9566 9562
f 9562 9566 9567
f 9564 9568 9563
f 9566 9569 9567
f 9567 9569 9570
f 9564 9571 9568
f 9572 9571 9564
f 9569 9573 9570
f 9570 9573 9574
f 9574 9573 9575
f 9572 9576 9571
f 9577 9576 9578
f 9578 9576 9572
f 9573 9579 9575
f 9577 9580 9576
f 9579 9581 9575
f 9575 9581 9582
f 9577 9583 9580
f 9584 9583 9577
f 9582 9585 9586
f 9586 9585 9587
f 9581 9585 9582
f 9584 9588 9583
f 9589 9588 9584
f 9585 9590 9587
f 9591 9592 9589
f 9589 9592 9588
f 9587 9593 9594
f 9594 9593 9595
f 9590 9593 9587
f 9591 9596 9592
f 9597 9596 9598
f 9598 9596 9591
f 9593 9599 9595
f 9597 9600 9596
f 9595 9601 9524
f 9524 9601 9482
f 9599 9601 9595
f 9597 9602 9600
f 9603 9602 9597
f 9601 9604 9482
f 9603 9605 9602
f 9606 9605 9603
f 9607 9608 9609
f 9606 9610 9605
f 9611 9610 9606
f 9612 9613 9614
f 9615 9616 9617
f 9617 9616 9611
f 9611 9616 9610
f 9618 9619 9609
f 9615 9620 9616
f 9621 9622 9482
f 9623 9624 9615
f 9615 9624 9620
f 9625 9626 9623
f 9623 9626 9624
f 9627 9628 9625
f 9625 9628 9626
f 9627 9629 9628
f 9630 9629 9631
f 9631 9629 9627
f 9630 9632 9629
f 9633 9632 9630
f 9633 9634 9632
f 9633 9635 9634
f 9636 9635 9637
f 9637 9635 9633
f 9636 9638 9635
f 9639 9640 9641
f 9641 9640 9636
f 9636 9640 9638
f 9639 9642 9640
f 9639 9643 9642
f 9644 9643 9639
f 9644 9645 9643
f 9646 9645 9647
f 9647 9645 9644
f 9646 9648 9645
f 9646 9649 9648
f 9650 9649 9651
f 9651 9649 9646
f 9650 9652 9649
f 9650 9653 9652
f 9654 9653 9655
f 9655 9653 9650
f 9656 9657 9654
f 9654 9657 9653
f 9656 9658 9657
f 9659 9660 9656
f 9656 9660 9658
f 9661 9662 9663
f 9663 9662 9659
f 9659 9662 9660
f 9664 9665 9661
f 9661 9665 9662
f 9664 9666 9665
f 9664 9667 9666
f 9668 9667 9669
f 9669 9667 9664
f 9668 9670 9667
f 9671 9670 9668
f 9671 9672 9670
f 9673 9672 9671
f 9673 9674 9672
f 9514 9675 9556
f 9673 9675 9674
f 9556 9675 9673
f 9514 9676 9675
f 9514 9677 9676
f 9678 9679 9680
f 9681 9682 9683
f 9683 9682 9684
f 9681 9685 9682
f 9682 9686 9684
f 9681 9687 9685
f 9688 9687 9681
f 9684 9689 9690
f 9686 9689 9684
f 9691 9692 9688
f 9688 9692 9687
f 9690 9693 9694
f 9689 9693 9690
f 9691 9695 9692
f 9696 9695 9691
f 9693 9697 9694
f 9694 9697 9698
f 9698 9697 9699
f 9700 9701 9696
f 9696 9701 9695
f 9697 9702 9699
f 9703 9704 9700
f 9700 9704 9701
f 9699 9705 9706
f 9702 9705 9699
f 9707 9708 9703
f 9703 9708 9704
f 9706 9709 9710
f 9705 9709 9706
f 9711 9712 9713
f 9713 9712 9707
f 9707 9712 9708
f 9709 9714 9710
f 9710 9714 9715
f 9715 9714 9716
f 9711 9717 9712
f 9714 9718 9716
f 9719 9720 9711
f 9711 9720 9717
f 9716 9721 9722
f 9718 9721 9716
f 9723 9724 9719
f 9719 9724 9720
f 9722 9725 9726
f 9726 9725 9727
f 9721 9725 9722
f 9728 9729 9723
f 9723 9729 9724
f 9725 9730 9727
f 9731 9732 9733
f 9733 9732 9728
f 9728 9732 9729
f 9727 9734 9735
f 9730 9734 9727
f 9731 9736 9732
f 9735 9737 9738
f 9734 9737 9735
f 9739 9740 9731
f 9731 9740 9736
f 9622 9741 9482
f 9738 9741 9622
f 9737 9741 9738
f 9742 9743 9739
f 9739 9743 9740
f 9744 9745 9746
f 9747 9748 9749
f 9749 9748 9742
f 9742 9748 9743
f 9747 9750 9748
f 9751 9752 9753
f 9753 9752 9747
f 9747 9752 9750
f 9751 9754 9752
f 9755 9756 9757
f 9757 9756 9751
f 9751 9756 9754
f 9755 9758 9756
f 9759 9760 9755
f 9755 9760 9758
f 9761 9762 9763
f 9763 9762 9759
f 9759 9762 9760
f 9761 9764 9762
f 9765 9766 9761
f 9761 9766 9764
f 9765 9767 9766
f 9768 9767 9769
f 9769 9767 9765
f 9768 9770 9767
f 9771 9772 9768
f 9768 9772 9770
f 9773 9774 9775
f 9775 9774 9771
f 9771 9774 9772
f 9773 9776 9774
f 9777 9776 9773
f 9777 9778 9776
f 9779 9780 9777
f 9777 9780 9778
f 9781 9782 9783
f 9783 9782 9779
f 9779 9782 9780
f 9784 9785 9781
f 9781 9785 9782
f 9784 9786 9785
f 9787 9788 9784
f 9784 9788 9786
f 9789 9790 9787
f 9787 9790 9788
f 9791 9792 9789
f 9789 9792 9790
f 9793 9794 9795
f 9795 9794 9791
f 9791 9794 9792
f 9793 9796 9794
f 9797 9798 9793
f 9793 9798 9796
f 9799 9800 9801
f 9801 9800 9797
f 9797 9800 9798
f 9802 9803 9799
f 9799 9803 9800
f 9802 9804 9803
f 9805 9806 9807
f 9808 9809 9805
f 9805 9809 9806
f 9806 9810 9807
f 9807 9810 9811
f 9808 9812 9809
f 9813 9812 9808
f 9810 9814 9811
f 9811 9814 9815
f 9813 9816 9812
f 9814 9817 9815
f 9815 9817 9818
f 9819 9820 9813
f 9813 9820 9816
f 9818 9821 9822
f 9817 9821 9818
f 9823 9824 9825
f 9825 9824 9819
f 9819 9824 9820
f 9821 9826 9822
f 9822 9826 9827
f 9823 9828 9824
f 9827 9829 9830
f 9826 9829 9827
f 9823 9831 9828
f 9832 9831 9823
f 9829 9833 9830
f 9830 9833 9834
f 9832 9835 9831
f 9836 9835 9832
f 9834 9837 9838
f 9833 9837 9834
f 9836 9839 9835
f 9840 9839 9836
f 9838 9841 9842
f 9842 9841 9843
f 9837 9841 9838
f 9840 9844 9839
f 9845 9844 9846
f 9846 9844 9840
f 9841 9847 9843
f 9845 9848 9844
f 9843 9849 9850
f 9847 9849 9843
f 9851 9852 9845
f 9845 9852 9848
f 9850 9853 9854
f 9855 9856 9857
f 9849 9853 9850
f 9858 9859 9851
f 9851 9859 9852
f 9853 9860 9861
f 9861 9860 9862
f 9863 9864 9865
f 9865 9864 9858
f 9858 9864 9859
f 9860 9866 9862
f 9863 9867 9864
f 9866 9868 9862
f 9862 9868 9869
f 9869 9868 9482
f 9870 9871 9863
f 9863 9871 9867
f 9872 9873 9874
f 9870 9875 9871
f 9876 9875 9870
f 9876 9877 9875
f 9878 9877 9876
f 9878 9879 9877
f 9880 9879 9878
f 9880 9881 9879
f 9882 9881 9880
f 9882 9883 9881
f 9884 9883 9885
f 9885 9883 9882
f 9884 9886 9883
f 9887 9886 9884
f 9887 9888 9886
f 9889 9890 9891
f 9891 9890 9887
f 9887 9890 9888
f 9889 9892 9890
f 9893 9892 9889
f 9893 9894 9892
f 9893 9895 9894
f 9896 9895 9893
f 9896 9897 9895
f 9898 9897 9899
f 9899 9897 9896
f 9898 9900 9897
f 9901 9902 9903
f 9903 9902 9898
f 9898 9902 9900
f 9901 9904 9902
f 9905 9906 9901
f 9901 9906 9904
f 9907 9908 9909
f 9909 9908 9905
f 9905 9908 9906
f 9907 9910 9908
f 9911 9912 9907
f 9907 9912 9910
f 9913 9914 9915
f 9915 9914 9911
f 9911 9914 9912
f 9913 9916 9914
f 9917 9918 9913
f 9913 9918 9916
f 9919 9920 9917
f 9917 9920 9918
f 9921 9922 9923
f 9923 9922 9919
f 9919 9922 9920
f 9921 9924 9922
f 9925 9924 9921
f 9925 9926 9924
f 9927 9928 9929
f 9929 9928 9925
f 9925 9928 9926
f 9927 9930 9928
f 9931 9932 9933
f 9927 9934 9930
f 9935 9936 9937
f 9937 9936 9938
f 9935 9939 9936
f 9936 9940 9938
f 9941 9942 9935
f 9935 9942 9939
f 9940 9943 9938
f 9938 9943 9944
f 9944 9943 9945
f 9946 9947 9948
f 9948 9947 9941
f 9941 9947 9942
f 9943 9949 9945
f 9950 9951 9946
f 9946 9951 9947
f 9945 9952 9953
f 9953 9952 9954
f 9949 9952 9945
f 9950 9955 9951
f 9952 9956 9954
f 9954 9956 9957
f 9950 9958 9955
f 9959 9958 9960
f 9960 9958 9950
f 9956 9961 9957
f 9959 9962 9958
f 9961 9963 9957
f 9957 9963 9964
f 9959 9965 9962
f 9966 9965 9959
f 9963 9967 9964
f 9964 9967 9968
f 9969 9970 9966
f 9966 9970 9965
f 9967 9971 9968
f 9968 9971 9972
f 9973 9974 9975
f 9975 9974 9969
f 9969 9974 9970
f 9971 9976 9972
f 9972 9976 9977
f 9973 9978 9974
f 9976 9979 9977
f 9977 9979 9980
f 9973 9981 9978
f 9982 9981 9973
f 9979 9983 9980
f 9980 9983 9984
f 9984 9983 9985
f 9982 9986 9981
f 9987 9986 9988
f 9988 9986 9982
f 9983 9989 9985
f 9987 9990 9986
f 9991 9990 9987
f 9989 9992 9985
f 9985 9992 9993
f 9991 9994 9990
f 9995 9996 9482
f 9992 9996 9993
f 9993 9996 9995
f 9991 9997 9994
f 9998 9997 9991
f 9998 9999 9997
f 10000 9999 9998
f 10000 10001 9999
f 10002 10001 10000
f 10003 10004 10002
f 10002 10004 10001
f 10005 10006 10003
f 10003 10006 10004
f 10005 10007 10006
f 10008 10007 10005
f 10009 10010 10011
f 10011 10010 10008
f 10008 10010 10007
f 10009 10012 10010
f 10009 10013 10012
f 10014 10013 10009
f 10014 10015 10013
f 10016 10015 10017
f 10017 10015 10014
f 10018 10019 10016
f 10016 10019 10015
f 10018 10020 10019
f 10018 10021 10020
f 10022 10021 10018
f 10022 10023 10021
f 10024 10023 10022
f 10024 10025 10023
f 10026 10025 10024
f 10026 10027 10025
f 10028 10027 10029
f 10029 10027 10026
f 10028 10030 10027
f 10028 10031 10030
f 10032 10031 10033
f 10033 10031 10028
f 10032 10034 10031
f 10032 10035 10034
f 10036 10035 10037
f 10037 10035 10032
f 10036 10038 10035
f 10039 10038 10036
f 10039 10040 10038
f 10039 10041 10040
f 10042 10041 10039
f 10043 10044 10042
f 10042 10044 10041
f 10043 10045 10044
f 10046 10045 10047
f 10047 10045 10043
f 10046 10048 10045
f 10049 10050 10046
f 10046 10050 10048
f 10049 10051 10050
f 10052 10051 10053
f 10053 10051 10049
f 10052 10054 10051
f 10055 10056 10052
f 10052 10056 10054
f 10057 10058 10059
f 10059 10058 10060
f 10057 10061 10058
f 10058 10062 10060
f 10057 10063 10061
f 10064 10063 10065
f 10065 10063 10057
f 10062 10066 10060
f 10060 10066 10067
f 10064 10068 10063
f 10066 10069 10067
f 10067 10069 10070
f 10064 10071 10068
f 10072 10071 10073
f 10073 10071 10064
f 10069 10074 10070
f 10070 10074 10075
f 10072 10076 10071
f 10074 10077 10075
f 10075 10077 10078
f 10072 10079 10076
f 10080 10079 10081
f 10081 10079 10072
f 10078 10082 10083
f 10077 10082 10078
f 10080 10084 10079
f 10083 10085 10086
f 10082 10085 10083
f 10080 10087 10084
f 10088 10087 10080
f 10086 10089 10090
f 10091 10092 10093
f 10088 10094 10087
f 10095 10094 10088
f 10090 10096 10097
f 10089 10096 10090
f 10095 10098 10094
f 10099 10098 10100
f 10100 10098 10095
f 10097 10101 10102
f 10096 10101 10097
f 10099 10103 10098
f 10102 10104 10105
f 10105 10104 10106
f 10101 10104 10102
f 10099 10107 10103
f 10108 10107 10109
f 10109 10107 10099
f 10104 10110 10106
f 10108 10111 10107
f 10106 10112 10113
f 10114 10115 10116
f 10117 10118 10119
f 10119 10118 10108
f 10108 10118 10111
f 10113 10120 10121
f 10121 10120 10122
f 10112 10120 10113
f 10117 10123 10118
f 10120 10124 10122
f 10125 10126 10127
f 10117 10126 10123
f 10127 10126 10117
f 10125 10128 10126
f 10129 10130 10125
f 10125 10130 10128
f 10131 10132 10129
f 10129 10132 10130
f 10133 10134 10131
f 10131 10134 10132
f 10133 10135 10134
f 10136 10135 10133
f 10136 10137 10135
f 10138 10137 10136
f 10138 10139 10137
f 10140 10139 10138
f 10140 10141 10139
f 10142 10141 10140
f 10142 10143 10141
f 10144 10143 10142
f 10144 10145 10143
f 10146 10145 10147
f 10147 10145 10144
f 10146 10148 10145
f 10146 10149 10148
f 10150 10149 10146
f 10150 10151 10149
f 10152 10151 10150
f 10152 10153 10151
f 10154 10153 10152
f 10154 10155 10153
f 10156 10155 10154
f 10156 10157 10155
f 10158 10157 10156
f 10158 10159 10157
f 10160 10159 10158
f 10161 10162 10160
f 10160 10162 10159
f 10163 10164 10161
f 10161 10164 10162
f 10165 10166 10163
f 10163 10166 10164
f 10167 10168 10165
f 10165 10168 10166
f 10167 10169 10168
f 10170 10169 10171
f 10171 10169 10167
f 10170 10172 10169
f 10170 10173 10172
f 10174 10173 10170
f 10174 10175 10173
f 10176 10175 10174
f 10176 10177 10175
f 10178 10177 10176
f 10178 10179 10177
f 10180 10179 10178
f 10180 10181 10179
f 10182 10181 10183
f 10183 10181 10180
f 10184 10185 10186
f 10187 10188 10189
f 10189 10188 10190
f 10187 10191 10188
f 10188 10192 10190
f 10193 10194 10187
f 10187 10194 10191
f 10190 10195 10196
f 10192 10195 10190
f 10197 10198 10193
f 10193 10198 10194
f 10196 10199 10200
f 10195 10199 10196
f 10201 10202 10197
f 10197 10202 10198
f 10200 10203 10204
f 10204 10203 10205
f 10199 10203 10200
f 10206 10207 10201
f 10201 10207 10202
f 10205 10208 10209
f 10203 10208 10205
f 10210 10211 10206
f 10206 10211 10207
f 10208 10212 10209
f 10210 10213 10211
f 10214 10213 10210
f 10209 10215 10216
f 10212 10215 10209
f 10217 10218 10219
f 10219 10218 10214
f 10214 10218 10213
f 10215 10220 10216
f 10216 10220 10221
f 10217 10222 10218
f 10221 10223 10224
f 10224 10223 10225
f 10220 10223 10221
f 10226 10227 10228
f 10228 10227 10217
f 10217 10227 10222
f 10223 10229 10225
f 10225 10229 10230
f 10226 10231 10227
f 10229 10232 10230
f 10233 10234 10226
f 10226 10234 10231
f 10230 10235 10236
f 10232 10235 10230
f 10237 10238 10233
f 10233 10238 10234
f 10236 10239 10240
f 10235 10239 10236
f 10241 10242 10237
f 10237 10242 10238
f 10240 10243 10244
f 10239 10243 10240
f 10241 10245 10242
f 10246 10245 10247
f 10247 10245 10241
f 10244 10248 10249
f 10243 10248 10244
f 10246 10250 10245
f 10251 10250 10246
f 10251 10252 10250
f 10251 10253 10252
f 10254 10253 10251
f 10255 10256 10257
f 10257 10256 10254
f 10254 10256 10253
f 10255 10258 10256
f 10255 10259 10258
f 10260 10259 10255
f 10261 10262 10260
f 10260 10262 10259
f 10263 10264 10265
f 10265 10264 10261
f 10261 10264 10262
f 10263 10266 10264
f 10267 10268 10263
f 10263 10268 10266
f 10269 10270 10271
f 10271 10270 10267
f 10267 10270 10268
f 10272 10273 10269
f 10269 10273 10270
f 10272 10274 10273
f 10275 10274 10272
f 10275 10276 10274
f 10277 10278 10275
f 10275 10278 10276
f 10279 10280 10277
f 10277 10280 10278
f 10281 10282 10283
f 10283 10282 10279
f 10279 10282 10280
f 10281 10284 10282
f 10285 10284 10281
f 10285 10286 10284
f 10285 10287 10286
f 10288 10287 10285
f 10289 10290 10288
f 10288 10290 10287
f 10291 10292 10289
f 10289 10292 10290
f 10293 10294 10291
f 10291 10294 10292
f 10295 10296 10293
f 10293 10296 10294
f 10297 10298 10295
f 10295 10298 10296
f 10299 10300 10297
f 10297 10300 10298
f 10301 10302 10303
f 10303 10302 10299
f 10299 10302 10300
f 10301 10304 10302
f 10305 10306 10301
f 10301 10306 10304
f 10307 10308 10305
f 10305 10308 10306
f 10309 10310 10311
f 10311 10310 10312
f 10311 10313 10314
f 10312 10313 10311
f 10315 10316 10317
f 10317 10316 10309
f 10309 10316 10310
f 10314 10318 10319
f 10319 10318 10320
f 10313 10318 10314
f 10315 10321 10316
f 10318 10322 10320
f 10323 10324 10315
f 10315 10324 10321
f 10320 10325 10326
f 10326 10325 10327
f 10322 10325 10320
f 10323 10328 10324
f 10329 10328 10330
f 10330 10328 10323
f 10325 10331 10327
f 10327 10331 10332
f 10329 10333 10328
f 10331 10334 10332
f 10329 10335 10333
f 10336 10335 10329
f 10334 10337 10332
f 10332 10337 10338
f 10336 10339 10335
f 10340 10339 10336
f 10337 10341 10338
f 10338 10341 10342
f 10343 10344 10340
f 10340 10344 10339
f 10342 10345 10346
f 10341 10345 10342
f 10347 10348 10349
f 10349 10348 10343
f 10343 10348 10344
f 10346 10350 10351
f 10351 10350 10352
f 10345 10350 10346
f 10347 10353 10348
f 10350 10354 10352
f 10347 10355 10353
f 10356 10355 10357
f 10357 10355 10347
f 10356 10358 10355
f 10359 10360 10356
f 10356 10360 10358
f 10361 10362 10359
f 10359 10362 10360
f 10363 10364 10361
f 10361 10364 10362
f 10363 10365 10364
f 10366 10365 10363
f 10366 10367 10365
f 10368 10367 10369
f 10369 10367 10366
f 10368 10370 10367
f 10371 10372 10368
f 10368 10372 10370
f 10371 10373 10372
f 10374 10373 10371
f 10374 10375 10373
f 10376 10375 10374
f 10376 10377 10375
f 10378 10377 10376
f 10379 10380 10381
f 10381 10380 10378
f 10378 10380 10377
f 10379 10382 10380
f 10383 10384 10379
f 10379 10384 10382
f 10383 10385 10384
f 10386 10385 10383
f 10386 10387 10385
f 10388 10387 10386
f 10389 10390 10388
f 10388 10390 10387
f 10391 10392 10389
f 10389 10392 10390
f 10393 10394 10391
f 10391 10394 10392
f 10393 10395 10394
f 10396 10395 10397
f 10397 10395 10393
f 10396 10398 10395
f 10399 10400 10401
f 10401 10400 10396
f 10396 10400 10398
f 10399 10402 10400
f 10403 10404 10399
f 10399 10404 10402
f 10405 10406 10403
f 10403 10406 10404
f 10407 10408 10409
f 10409 10408 10405
f 10405 10408 10406
f 10407 10410 10408
f 10411 10412 10413
f 10413 10412 10407
f 10407 10412 10410
f 10411 10414 10412
f 10411 10415 10414
f 10416 10415 10411
f 10416 10417 10415
f 10418 10417 10416
f 10419 10420 10421
f 10124 10422 10122
f 10423 10424 10425
f 10426 10422 10427
f 10427 10422 10428
f 10352 10422 10429
f 10428 10422 10430
f 10431 10432 10433
f 10430 10422 10434
f 10435 10436 10437
f 10434 10422 10438
f 9996 10422 9482
f 10439 10432 10440
f 10438 10422 10441
f 10441 10422 10442
f 10443 10422 10248
f 10442 10422 10444
f 10444 10422 10445
f 10445 10422 10446
f 10446 10422 10447
f 10447 10422 10448
f 10448 10422 10449
f 10449 10422 10450
f 10450 10422 10451
f 10248 10422 10249
f 10451 10422 10452
f 10452 10422 10453
f 10453 10422 10454
f 10454 10422 10455
f 10455 10422 10456
f 10456 10422 10457
f 10457 10422 10458
f 10458 10422 10459
f 10459 10422 10460
f 10460 10422 10461
f 10461 10422 10462
f 10462 10422 10463
f 10463 10422 10464
f 10464 10422 10465
f 10465 10422 10466
f 10466 10422 10467
f 10467 10422 10468
f 10468 10422 10469
f 10469 10422 10470
f 10470 10422 10471
f 10471 10422 10354
f 10354 10422 10352
f 10472 10473 10474
f 10475 10476 10477
f 10478 10479 10418
f 10418 10479 10417
f 10426 10479 10422
f 10417 10479 10480
f 10480 10479 10481
f 10481 10479 10482
f 10482 10479 10483
f 10483 10479 10484
f 10484 10479 10485
f 10485 10479 10486
f 10486 10479 10487
f 10487 10479 10488
f 10488 10479 10489
f 10489 10479 10490
f 10490 10479 10491
f 10491 10479 10492
f 10492 10479 10493
f 10493 10479 10494
f 10494 10479 10495
f 10495 10479 10496
f 10496 10479 10497
f 10497 10479 10498
f 10498 10479 10499
f 10499 10479 10500
f 10500 10479 10501
f 10501 10479 10502
f 10502 10479 10503
f 10503 10479 10504
f 10504 10479 10505
f 10505 10479 10506
f 10506 10479 10507
f 10507 10479 10508
f 10508 10479 10509
f 10509 10479 10510
f 10510 10479 10511
f 10511 10479 10512
f 10512 10479 10513
f 10513 10479 10514
f 10514 10479 10426
f 9514 10479 10515
f 10516 10517 10518
f 10519 10520 10521
f 10522 10523 10524
f 10525 10479 9802
f 9802 10479 10526
f 9802 10526 10527
f 9802 10527 9804
f 10526 10479 10528
f 10528 10479 10529
f 10530 10473 10531
f 10532 10479 10533
f 10532 10533 10534
f 10531 10535 10536
f 10537 10520 10538
f 10539 10473 10540
f 10541 10479 10055
f 10055 10479 10542
f 10055 10542 10543
f 10055 10543 10056
f 10544 10520 10545
f 10546 10479 10547
f 10548 10473 10549
f 10182 10479 10550
f 10182 10550 10551
f 10182 10551 10552
f 10553 10554 10555
f 10556 10476 10557
f 10558 10473 10559
f 10307 10479 10560
f 10307 10560 10308
f 10560 10479 10561
f 10561 10479 10562
f 10563 10476 10564
f 10565 10566 10567
f 10567 10566 10568
f 10569 10570 10571
f 10571 10570 10572
f 10573 10574 10575
f 10575 10574 10576
f 10577 10578 10579
f 10580 10581 10582
f 10583 10584 10585
f 10586 10584 10583
f 10587 10588 10589
f 10590 10591 10592
f 10593 10591 10590
f 10588 10594 10589
f 10595 10596 10597
f 10598 10596 10595
f 10599 10600 10601
f 10602 10600 10599
f 10603 10604 10605
f 10606 10607 10608
f 10609 10607 10606
f 10604 10610 10605
f 10611 10612 10613
f 10614 10615 10616
f 10617 10615 10614
f 10618 10619 10620
f 10612 10621 10613
f 10622 10623 10624
f 10625 10626 10627
f 10628 10629 10630
f 10631 10629 10628
f 10626 10632 10627
f 10633 10634 10635
f 10636 10634 10633
f 10637 10638 10639
f 10639 10638 10640
f 10641 10642 10643
f 10643 10642 10644
f 10645 10646 10647
f 10648 10646 10645
f 10649 10650 10651
f 10651 10650 10652
f 10653 10654 10655
f 10656 10654 10653
f 10657 10658 10659
f 10660 10661 10662
f 10663 10661 10660
f 10664 10665 10666
f 10658 10667 10659
f 10665 10668 10666
f 10669 10670 10671
f 10672 10670 10669
f 10673 10674 10675
f 10676 10677 10678
f 10679 10677 10676
f 10674 10680 10675
f 10681 10682 10683
f 10684 10682 10681
f 10685 10686 10687
f 10688 10686 10685
f 10689 10690 10691
f 10692 10693 10694
f 10695 10693 10692
f 10696 10697 10698
f 10690 10699 10691
f 10697 10700 10698
f 10701 10702 10703
f 10704 10705 10706
f 10707 10708 10709
f 10708 10710 10709
f 10711 10712 10713
f 10711 10713 10714
f 10715 10713 10716
f 10715 10714 10713
f 10717 10712 10711
f 10717 10718 10712
f 10719 10715 10716
f 10719 10716 10720
f 10721 10718 10717
f 10721 10722 10718
f 10723 10719 10720
f 10723 10720 10724
f 10725 10722 10721
f 10725 10726 10722
f 10727 10723 10724
f 10727 10724 10728
f 10729 10726 10725
f 10729 10730 10726
f 10731 10727 10728
f 10731 10728 10732
f 10733 10730 10729
f 10733 10734 10730
f 10735 10731 10732
f 10735 10732 10736
f 10737 10734 10733
f 10737 10738 10734
f 10739 10736 10740
f 10739 10735 10736
f 10741 10742 10738
f 10741 10738 10737
f 10743 10739 10740
f 10743 10740 10744
f 10745 10742 10741
f 10745 10746 10742
f 10747 10743 10744
f 10747 10748 10749
f 10747 10744 10748
f 10750 10751 10746
f 10750 10752 10751
f 10750 10746 10745
f 10753 10747 10749
f 10754 10752 10750
f 10755 10749 10756
f 10755 10753 10749
f 10757 10758 10752
f 10757 10752 10754
f 10759 10756 10760
f 10759 10755 10756
f 10761 10762 10758
f 10761 10758 10757
f 10763 10764 10765
f 10763 10760 10764
f 10763 10759 10760
f 10766 10767 10762
f 10766 10762 10761
f 10768 10763 10765
f 10769 10770 10767
f 10769 10767 10766
f 10771 10765 10772
f 10771 10768 10765
f 10773 10774 10770
f 10773 10770 10769
f 10775 10772 10776
f 10775 10771 10772
f 10777 10778 10774
f 10777 10774 10773
f 10779 10775 10776
f 10779 10780 10781
f 10779 10776 10780
f 10782 10783 10778
f 10782 10778 10777
f 10784 10779 10781
f 10785 10783 10782
f 10785 10786 10783
f 10787 10784 10781
f 10787 10781 10788
f 10789 10786 10785
f 10789 10790 10786
f 10791 10787 10788
f 10791 10788 10792
f 10793 10794 10790
f 10793 10790 10789
f 10795 10791 10792
f 10795 10792 10796
f 10797 10794 10793
f 10797 10798 10794
f 10799 10795 10796
f 10799 10796 10800
f 10801 10798 10797
f 10801 10802 10798
f 10803 10800 10804
f 10803 10799 10800
f 10805 10802 10801
f 10805 10806 10802
f 10807 10804 10808
f 10807 10803 10804
f 10809 10806 10805
f 10809 10810 10806
f 10811 10808 10812
f 10811 10807 10808
f 10813 10810 10809
f 10813 10814 10810
f 10815 10812 10816
f 10815 10811 10812
f 10817 10814 10813
f 10817 10818 10814
f 10819 10816 10820
f 10819 10815 10816
f 10821 10818 10817
f 10821 10822 10818
f 10823 10820 10824
f 10823 10819 10820
f 10825 10826 10822
f 10825 10822 10821
f 10827 10824 10828
f 10827 10823 10824
f 10829 10826 10825
f 10829 10830 10826
f 10831 10828 10832
f 10831 10827 10828
f 10833 10830 10829
f 10833 10834 10830
f 10835 10832 10836
f 10835 10831 10832
f 10837 10833 10838
f 10837 10834 10833
f 10839 10840 10835
f 10839 10835 10836
f 10841 10838 10842
f 10841 10837 10838
f 10843 10841 10842
f 10844 10845 10846
f 10844 10846 10840
f 10844 10840 10839
f 10847 10841 10843
f 10848 10845 10844
f 10849 10843 10850
f 10849 10847 10843
f 10851 10845 10848
f 10851 10852 10845
f 10853 10850 10854
f 10853 10849 10850
f 10855 10856 10852
f 10855 10852 10851
f 10857 10854 10858
f 10857 10858 10859
f 10857 10853 10854
f 10860 10861 10856
f 10860 10856 10855
f 10862 10859 10863
f 10862 10857 10859
f 10864 10861 10860
f 10864 10865 10866
f 10864 10866 10861
f 10867 10862 10863
f 10868 10865 10864
f 10869 10863 10870
f 10869 10870 10871
f 10869 10867 10863
f 10872 10873 10874
f 10872 10874 10865
f 10872 10865 10868
f 10875 10869 10871
f 10876 10873 10872
f 10877 10871 10878
f 10877 10875 10871
f 10879 10873 10876
f 10879 10880 10873
f 10881 10877 10878
f 10881 10878 10882
f 10883 10880 10879
f 10883 10884 10880
f 10885 10882 10886
f 10885 10881 10882
f 10887 10884 10883
f 10887 10888 10884
f 10889 10886 10890
f 10889 10885 10886
f 10891 10892 10888
f 10891 10888 10887
f 10893 10890 10894
f 10893 10889 10890
f 10895 10896 10892
f 10895 10892 10891
f 10897 10894 10898
f 10897 10893 10894
f 10899 10896 10895
f 10899 10900 10896
f 10899 10901 10900
f 10902 10898 10903
f 10902 10903 10904
f 10902 10897 10898
f 10905 10901 10899
f 10906 10902 10904
f 10907 10908 10901
f 10907 10901 10905
f 10909 10904 10910
f 10909 10906 10904
f 10911 10912 10913
f 10911 10913 10908
f 10911 10908 10907
f 10914 10910 10915
f 10914 10915 10916
f 10914 10909 10910
f 10917 10912 10911
f 10917 10918 10912
f 10919 10914 10916
f 10920 10918 10917
f 10921 10919 10916
f 10921 10916 10922
f 10923 10924 10918
f 10923 10918 10920
f 10925 10922 10926
f 10925 10926 10927
f 10925 10921 10922
f 10928 10924 10923
f 10928 10929 10924
f 10930 10925 10927
f 10931 10929 10928
f 10931 10932 10929
f 10933 10930 10927
f 10933 10927 10934
f 10935 10932 10931
f 10935 10936 10932
f 10937 10934 10938
f 10937 10933 10934
f 10939 10936 10935
f 10939 10940 10936
f 10941 10937 10938
f 10941 10938 10942
f 10941 10942 10943
f 10944 10940 10939
f 10944 10945 10946
f 10944 10946 10940
f 10947 10941 10943
f 10948 10945 10944
f 10948 10949 10945
f 10950 10947 10943
f 10950 10943 10951
f 10950 10951 10952
f 10953 10949 10948
f 10954 10950 10952
f 10955 10956 10957
f 10955 10957 10949
f 10955 10949 10953
f 10958 10952 10959
f 10958 10959 10960
f 10958 10954 10952
f 10961 10956 10955
f 10962 10960 10956
f 10962 10956 10961
f 10962 10958 10960
f 10963 10964 10965
f 10963 10966 10964
f 10967 10965 10964
f 10967 10964 10968
f 10969 10966 10963
f 10969 10970 10966
f 10971 10967 10968
f 10971 10968 10972
f 10973 10974 10970
f 10973 10970 10969
f 10975 10971 10972
f 10975 10972 10976
f 10977 10974 10973
f 10977 10978 10974
f 10979 10976 10980
f 10979 10975 10976
f 10981 10978 10977
f 10981 10982 10978
f 10983 10980 10984
f 10983 10979 10980
f 10985 10986 10982
f 10985 10982 10981
f 10987 10983 10984
f 10987 10984 10988
f 10989 10986 10985
f 10989 10990 10986
f 10991 10988 10992
f 10991 10987 10988
f 10993 10990 10989
f 10993 10994 10990
f 10995 10991 10992
f 10995 10992 10996
f 10997 10998 10994
f 10997 10994 10993
f 10999 10995 10996
f 10999 11000 11001
f 10999 10996 11000
f 11002 11003 10998
f 11002 11004 11003
f 11002 10998 10997
f 11005 10999 11001
f 11006 11004 11002
f 11007 11008 11009
f 11007 11001 11008
f 11007 11005 11001
f 11010 11004 11006
f 11010 11011 11004
f 11012 11007 11009
f 11013 11014 11011
f 11013 11011 11010
f 11015 11016 11017
f 11015 11009 11016
f 11015 11012 11009
f 11018 11019 11014
f 11018 11014 11013
f 11020 11015 11017
f 11021 11022 11019
f 11021 11019 11018
f 11023 11020 11017
f 11023 11017 11024
f 11025 11022 11021
f 11025 11026 11022
f 11027 11024 11028
f 11027 11023 11024
f 11029 11030 11026
f 11029 11026 11025
f 11031 11032 11033
f 11031 11028 11032
f 11031 11027 11028
f 11034 11030 11029
f 11034 11035 11030
f 11036 11031 11033
f 11037 11035 11034
f 11037 11038 11035
f 11039 11040 11041
f 11039 11033 11040
f 11039 11036 11033
f 11042 11038 11037
f 11042 11043 11038
f 11044 11041 11045
f 11044 11039 11041
f 11046 11047 11043
f 11046 11043 11042
f 11048 11044 11045
f 11049 11050 11047
f 11049 11047 11046
f 11051 11045 11052
f 11051 11048 11045
f 11053 11050 11049
f 11053 11054 11050
f 11055 11051 11052
f 11055 11052 11056
f 11057 11054 11053
f 11057 11058 11054
f 11057 11059 11058
f 11060 11056 11061
f 11060 11055 11056
f 11062 11059 11057
f 11062 11063 11059
f 11064 11061 11065
f 11064 11060 11061
f 11066 11063 11062
f 11067 11068 11069
f 11067 11065 11068
f 11067 11064 11065
f 11070 11071 11063
f 11070 11063 11066
f 11072 11067 11069
f 11073 11071 11070
f 11073 11074 11071
f 11075 11069 11076
f 11075 11072 11069
f 11077 11074 11073
f 11077 11078 11074
f 11079 11076 11080
f 11079 11075 11076
f 11081 11082 11078
f 11081 11078 11077
f 11083 11080 11084
f 11083 11079 11080
f 11085 11086 11082
f 11085 11082 11081
f 11087 11084 11088
f 11087 11083 11084
f 11089 11085 11090
f 11089 11086 11085
f 11091 11087 11088
f 11092 11091 11088
f 11093 11090 11094
f 11093 11089 11090
f 11095 11091 11092
f 11095 11096 11097
f 11095 11097 11091
f 11098 11094 11099
f 11098 11099 11100
f 11098 11093 11094
f 11101 11096 11095
f 11102 11098 11100
f 11103 11096 11101
f 11103 11104 11096
f 11105 11100 11106
f 11105 11106 11107
f 11105 11102 11100
f 11108 11109 11110
f 11108 11110 11104
f 11108 11104 11103
f 11111 11105 11107
f 11112 11109 11108
f 11113 11107 11114
f 11113 11114 11115
f 11113 11111 11107
f 11116 11109 11112
f 11116 11117 11118
f 11116 11118 11109
f 11119 11113 11115
f 11120 11117 11116
f 11121 11115 11122
f 11121 11119 11115
f 11123 11124 11125
f 11123 11125 11117
f 11123 11117 11120
f 11126 11122 11127
f 11126 11127 11128
f 11126 11121 11122
f 11129 11124 11123
f 11130 11126 11128
f 11131 11124 11129
f 11131 11132 11124
f 11133 11130 11128
f 11133 11128 11134
f 11135 11132 11131
f 11135 11136 11132
f 11137 11134 11138
f 11137 11133 11134
f 11139 11140 11136
f 11139 11136 11135
f 11141 11138 11142
f 11141 11142 11143
f 11141 11137 11138
f 11144 11145 11140
f 11144 11140 11139
f 11146 11141 11143
f 11147 11148 11145
f 11147 11145 11144
f 11149 11143 11150
f 11149 11146 11143
f 11151 11148 11147
f 11151 11152 11148
f 11151 11153 11152
f 11154 11150 11155
f 11154 11155 11156
f 11154 11149 11150
f 11157 11153 11151
f 11158 11154 11156
f 11159 11160 11161
f 11159 11161 11153
f 11159 11153 11157
f 11162 11156 11163
f 11162 11158 11156
f 11164 11160 11159
f 11165 11163 11166
f 11165 11162 11163
f 11167 11160 11164
f 11167 11168 11160
f 11169 11166 11170
f 11169 11165 11166
f 11171 11168 11167
f 11171 11172 11168
f 11173 11170 11174
f 11173 11169 11170
f 11175 11172 11171
f 11175 11176 11172
f 11177 11173 11174
f 11177 11174 11178
f 11179 11176 11175
f 11179 11180 11176
f 11181 11178 11182
f 11181 11177 11178
f 11183 11180 11179
f 11183 11184 11180
f 11185 11182 11186
f 11185 11186 11187
f 11185 11181 11182
f 11188 11184 11183
f 11188 11189 11184
f 11190 11185 11187
f 11191 11189 11188
f 11191 11192 11193
f 11191 11193 11189
f 11194 11190 11187
f 11194 11187 11195
f 11194 11195 11196
f 11197 11192 11191
f 11198 11194 11196
f 11198 11196 11199
f 11200 11201 11202
f 11200 11202 11192
f 11200 11192 11197
f 11203 11198 11199
f 11204 11201 11200
f 11205 11199 11206
f 11205 11203 11199
f 11207 11208 11209
f 11207 11201 11204
f 11207 11209 11201
f 11210 11206 11211
f 11210 11205 11206
f 11212 11208 11207
f 11213 11211 11214
f 11213 11214 11208
f 11213 11208 11212
f 11213 11210 11211
f 11215 11216 11217
f 11215 11218 11216
f 11219 11217 11216
f 11219 11216 11220
f 11221 11218 11215
f 11221 11222 11218
f 11223 11219 11220
f 11223 11220 11224
f 11225 11222 11221
f 11225 11226 11222
f 11227 11223 11224
f 11227 11224 11228
f 11229 11226 11225
f 11229 11230 11226
f 11231 11227 11228
f 11231 11228 11232
f 11233 11234 11230
f 11233 11230 11229
f 11235 11231 11232
f 11235 11232 11236
f 11237 11234 11233
f 11237 11238 11234
f 11239 11235 11236
f 11239 11236 11240
f 11241 11238 11237
f 11241 11242 11238
f 11241 11243 11242
f 11244 11239 11240
f 11244 11240 11245
f 11246 11243 11241
f 11247 11244 11245
f 11247 11245 11248
f 11249 11250 11243
f 11249 11243 11246
f 11251 11252 11253
f 11251 11248 11252
f 11251 11247 11248
f 11254 11255 11250
f 11254 11250 11249
f 11256 11253 11257
f 11256 11251 11253
f 11258 11259 11255
f 11258 11255 11254
f 11260 11256 11257
f 11261 11259 11258
f 11261 11262 11259
f 11263 11257 11264
f 11263 11260 11257
f 11265 11266 11262
f 11265 11262 11261
f 11267 11264 11268
f 11267 11263 11264
f 11269 11266 11265
f 11269 11270 11266
f 11271 11267 11268
f 11271 11272 11273
f 11271 11268 11272
f 11274 11275 11270
f 11274 11270 11269
f 11276 11271 11273
f 11277 11275 11274
f 11277 11278 11275
f 11279 11276 11273
f 11279 11273 11280
f 11281 11278 11277
f 11281 11282 11278
f 11283 11279 11280
f 11283 11280 11284
f 11285 11286 11282
f 11285 11282 11281
f 11287 11283 11284
f 11287 11284 11288
f 11289 11290 11286
f 11289 11286 11285
f 11291 11287 11288
f 11291 11288 11292
f 11293 11294 11290
f 11293 11290 11289
f 11295 11292 11296
f 11295 11291 11292
f 11297 11294 11293
f 11297 11298 11294
f 11299 11296 11300
f 11299 11295 11296
f 11301 11298 11297
f 11301 11302 11298
f 11303 11300 11304
f 11303 11299 11300
f 11305 11302 11301
f 11305 11306 11302
f 11307 11304 11308
f 11307 11303 11304
f 11309 11306 11305
f 11309 11310 11306
f 11311 11308 11312
f 11311 11307 11308
f 11313 11310 11309
f 11313 11314 11310
f 11315 11312 11316
f 11315 11311 11312
f 11317 11314 11313
f 11317 11318 11314
f 11319 11316 11320
f 11319 11315 11316
f 11321 11318 11317
f 11321 11322 11318
f 11321 11323 11322
f 11324 11320 11325
f 11324 11319 11320
f 11326 11323 11321
f 11327 11325 11328
f 11327 11324 11325
f 11329 11323 11326
f 11329 11330 11323
f 11331 11328 11332
f 11331 11327 11328
f 11333 11334 11330
f 11333 11330 11329
f 11335 11332 11336
f 11335 11331 11332
f 11337 11338 11334
f 11337 11334 11333
f 11339 11336 11340
f 11339 11335 11336
f 11341 11338 11337
f 11342 11338 11341
f 11343 11339 11340
f 11344 11343 11340
f 11345 11341 11346
f 11345 11342 11341
f 11347 11343 11344
f 11347 11348 11349
f 11347 11349 11343
f 11350 11346 11351
f 11350 11345 11346
f 11352 11348 11347
f 11353 11351 11354
f 11353 11350 11351
f 11355 11348 11352
f 11355 11356 11348
f 11357 11354 11358
f 11357 11353 11354
f 11359 11360 11361
f 11359 11361 11356
f 11359 11356 11355
f 11362 11358 11363
f 11362 11357 11358
f 11364 11360 11359
f 11365 11363 11366
f 11365 11362 11363
f 11367 11368 11360
f 11367 11360 11364
f 11369 11366 11370
f 11369 11365 11366
f 11371 11372 11373
f 11371 11373 11368
f 11371 11368 11367
f 11374 11370 11375
f 11374 11375 11376
f 11374 11369 11370
f 11377 11372 11371
f 11378 11374 11376
f 11379 11372 11377
f 11379 11380 11372
f 11381 11376 11382
f 11381 11382 11383
f 11381 11378 11376
f 11384 11385 11380
f 11384 11380 11379
f 11386 11381 11383
f 11387 11385 11384
f 11387 11388 11385
f 11389 11383 11390
f 11389 11386 11383
f 11391 11388 11387
f 11391 11392 11388
f 11393 11390 11394
f 11393 11389 11390
f 11395 11396 11397
f 11395 11397 11392
f 11395 11392 11391
f 11398 11394 11399
f 11398 11393 11394
f 11400 11396 11395
f 11401 11399 11402
f 11401 11402 11403
f 11401 11398 11399
f 11404 11396 11400
f 11404 11405 11396
f 11406 11403 11407
f 11406 11401 11403
f 11408 11405 11404
f 11408 11409 11405
f 11410 11406 11407
f 11411 11412 11409
f 11411 11409 11408
f 11413 11407 11414
f 11413 11410 11407
f 11415 11416 11412
f 11415 11412 11411
f 11417 11414 11418
f 11417 11418 11419
f 11417 11413 11414
f 11420 11421 11422
f 11420 11422 11416
f 11420 11416 11415
f 11423 11419 11424
f 11423 11417 11419
f 11425 11426 11421
f 11425 11421 11420
f 11427 11423 11424
f 11427 11424 11428
f 11429 11426 11425
f 11430 11427 11428
f 11431 11432 11433
f 11431 11433 11426
f 11431 11426 11429
f 11434 11430 11428
f 11434 11428 11435
f 11434 11435 11436
f 11437 11432 11431
f 11438 11434 11436
f 11439 11432 11437
f 11439 11440 11432
f 11441 11438 11436
f 11441 11436 11442
f 11443 11440 11439
f 11443 11444 11440
f 11445 11442 11446
f 11445 11446 11447
f 11445 11441 11442
f 11448 11444 11443
f 11448 11449 11450
f 11448 11450 11444
f 11451 11445 11447
f 11452 11449 11448
f 11453 11447 11454
f 11453 11454 11455
f 11453 11451 11447
f 11456 11449 11452
f 11456 11457 11449
f 11458 11455 11459
f 11458 11453 11455
f 11460 11461 11457
f 11460 11457 11456
f 11462 11459 11463
f 11462 11458 11459
f 11464 11465 11461
f 11464 11461 11460
f 11466 11463 11465
f 11466 11465 11464
f 11466 11462 11463
f 11467 11468 11469
f 11467 11470 11468
f 11471 11469 11468
f 11471 11468 11472
f 11473 11474 11470
f 11473 11470 11467
f 11475 11471 11472
f 11475 11472 11476
f 11477 11474 11473
f 11477 11478 11474
f 11479 11475 11476
f 11479 11476 11480
f 11481 11482 11478
f 11481 11478 11477
f 11483 11480 11484
f 11483 11479 11480
f 11485 11482 11481
f 11485 11486 11482
f 11487 11483 11484
f 11487 11488 11489
f 11487 11484 11488
f 11490 11491 11486
f 11490 11486 11485
f 11492 11487 11489
f 11493 11491 11490
f 11493 11494 11491
f 11493 11495 11494
f 11496 11497 11498
f 11496 11489 11497
f 11496 11492 11489
f 11499 11495 11493
f 11500 11496 11498
f 11501 11502 11495
f 11501 11495 11499
f 11503 11504 11505
f 11503 11498 11504
f 11503 11500 11498
f 11506 11502 11501
f 11506 11507 11502
f 11506 11508 11507
f 11509 11503 11505
f 11510 11508 11506
f 11511 11505 11512
f 11511 11509 11505
f 11513 11514 11508
f 11513 11508 11510
f 11515 11516 11517
f 11515 11512 11516
f 11515 11511 11512
f 11518 11519 11514
f 11518 11514 11513
f 11520 11515 11517
f 11521 11522 11519
f 11521 11519 11518
f 11523 11524 11525
f 11523 11517 11524
f 11523 11520 11517
f 11526 11527 11522
f 11526 11522 11521
f 11528 11523 11525
f 11529 11530 11527
f 11529 11527 11526
f 11531 11528 11525
f 11531 11525 11532
f 11533 11530 11529
f 11533 11534 11530
f 11535 11536 11537
f 11535 11532 11536
f 11535 11531 11532
f 11538 11534 11533
f 11538 11539 11534
f 11540 11535 11537
f 11541 11539 11538
f 11541 11542 11539
f 11543 11540 11537
f 11543 11537 11544
f 11545 11546 11542
f 11545 11542 11541
f 11547 11543 11544
f 11547 11544 11548
f 11549 11546 11545
f 11549 11550 11546
f 11551 11547 11548
f 11551 11548 11552
f 11553 11554 11550
f 11553 11550 11549
f 11555 11552 11556
f 11555 11551 11552
f 11557 11554 11553
f 11557 11558 11554
f 11559 11555 11556
f 11559 11556 11560
f 11561 11558 11557
f 11561 11562 11558
f 11563 11559 11560
f 11563 11560 11564
f 11565 11562 11561
f 11565 11566 11562
f 11567 11564 11568
f 11567 11563 11564
f 11569 11566 11565
f 11569 11570 11566
f 11571 11568 11572
f 11571 11567 11568
f 11573 11570 11569
f 11573 11574 11570
f 11573 11575 11574
f 11576 11571 11572
f 11576 11572 11577
f 11578 11575 11573
f 11579 11580 11581
f 11579 11577 11580
f 11579 11576 11577
f 11582 11575 11578
f 11582 11583 11575
f 11584 11579 11581
f 11585 11583 11582
f 11585 11586 11583
f 11587 11581 11588
f 11587 11584 11581
f 11589 11590 11586
f 11589 11586 11585
f 11591 11588 11592
f 11591 11587 11588
f 11593 11589 11594
f 11593 11590 11589
f 11595 11591 11592
f 11596 11593 11594
f 11597 11595 11592
f 11598 11595 11597
f 11599 11593 11596
f 11600 11598 11597
f 11601 11596 11602
f 11601 11599 11596
f 11603 11598 11600
f 11603 11604 11598
f 11605 11602 11606
f 11605 11601 11602
f 11607 11604 11603
f 11607 11608 11604
f 11609 11606 11610
f 11609 11605 11606
f 11611 11612 11608
f 11611 11608 11607
f 11613 11610 11614
f 11613 11609 11610
f 11615 11616 11612
f 11615 11612 11611
f 11617 11614 11618
f 11617 11618 11619
f 11617 11613 11614
f 11620 11621 11616
f 11620 11616 11615
f 11622 11617 11619
f 11623 11621 11620
f 11623 11624 11625
f 11623 11625 11621
f 11626 11619 11627
f 11626 11627 11628
f 11626 11622 11619
f 11629 11630 11624
f 11629 11624 11623
f 11631 11626 11628
f 11632 11630 11629
f 11633 11631 11628
f 11633 11628 11634
f 11633 11634 11635
f 11636 11630 11632
f 11636 11637 11630
f 11638 11633 11635
f 11639 11640 11637
f 11639 11637 11636
f 11641 11635 11642
f 11641 11638 11635
f 11643 11644 11640
f 11643 11640 11639
f 11645 11642 11646
f 11645 11641 11642
f 11647 11648 11649
f 11647 11649 11644
f 11647 11644 11643
f 11650 11646 11651
f 11650 11645 11646
f 11652 11648 11647
f 11653 11651 11654
f 11653 11654 11655
f 11653 11650 11651
f 11656 11657 11648
f 11656 11648 11652
f 11658 11655 11659
f 11658 11653 11655
f 11660 11657 11656
f 11660 11661 11662
f 11660 11662 11657
f 11663 11658 11659
f 11664 11661 11660
f 11664 11665 11661
f 11666 11659 11667
f 11666 11663 11659
f 11668 11665 11664
f 11669 11667 11670
f 11669 11666 11667
f 11671 11665 11668
f 11671 11672 11673
f 11671 11673 11665
f 11674 11670 11675
f 11674 11669 11670
f 11676 11672 11671
f 11677 11675 11678
f 11677 11674 11675
f 11679 11680 11672
f 11679 11672 11676
f 11681 11678 11682
f 11681 11677 11678
f 11683 11680 11679
f 11683 11684 11680
f 11685 11682 11686
f 11685 11686 11687
f 11685 11681 11682
f 11688 11684 11683
f 11688 11689 11684
f 11690 11685 11687
f 11691 11689 11688
f 11691 11692 11689
f 11693 11690 11687
f 11693 11687 11694
f 11695 11692 11691
f 11695 11696 11697
f 11695 11697 11692
f 11698 11693 11694
f 11698 11694 11699
f 11698 11699 11700
f 11701 11696 11695
f 11702 11698 11700
f 11703 11696 11701
f 11703 11704 11696
f 11705 11702 11700
f 11705 11700 11706
f 11705 11706 11707
f 11708 11709 11704
f 11708 11704 11703
f 11710 11705 11707
f 11711 11712 11709
f 11711 11709 11708
f 11713 11707 11714
f 11713 11710 11707
f 11715 11712 11711
f 11715 11716 11712
f 11717 11714 11718
f 11717 11718 11716
f 11717 11716 11715
f 11717 11713 11714
f 11719 11720 11721
f 11719 11721 11722
f 11723 11721 11724
f 11723 11722 11721
f 11725 11720 11719
f 11725 11726 11720
f 11727 11723 11724
f 11727 11724 11728
f 11729 11726 11725
f 11729 11730 11726
f 11729 11731 11730
f 11732 11727 11728
f 11732 11728 11733
f 11734 11731 11729
f 11735 11732 11733
f 11735 11733 11736
f 11737 11731 11734
f 11737 11738 11731
f 11739 11736 11740
f 11739 11735 11736
f 11741 11742 11738
f 11741 11738 11737
f 11743 11739 11740
f 11743 11740 11744
f 11745 11742 11741
f 11745 11746 11742
f 11745 11747 11746
f 11748 11743 11744
f 11748 11744 11749
f 11750 11747 11745
f 11751 11748 11749
f 11751 11749 11752
f 11753 11754 11747
f 11753 11747 11750
f 11755 11751 11752
f 11755 11752 11756
f 11757 11754 11753
f 11757 11758 11754
f 11759 11755 11756
f 11759 11756 11760
f 11761 11762 11758
f 11761 11758 11757
f 11763 11760 11764
f 11763 11759 11760
f 11765 11762 11761
f 11765 11766 11762
f 11767 11764 11768
f 11767 11763 11764
f 11769 11770 11766
f 11769 11766 11765
f 11771 11768 11772
f 11771 11767 11768
f 11773 11774 11770
f 11773 11770 11769
f 11775 11771 11772
f 11775 11772 11776
f 11777 11778 11774
f 11777 11774 11773
f 11779 11776 11780
f 11779 11775 11776
f 11781 11778 11777
f 11781 11782 11778
f 11783 11780 11784
f 11783 11779 11780
f 11785 11782 11781
f 11785 11786 11782
f 11787 11788 11789
f 11787 11784 11788
f 11787 11783 11784
f 11790 11791 11786
f 11790 11786 11785
f 11792 11787 11789
f 11793 11791 11790
f 11793 11794 11791
f 11795 11792 11789
f 11795 11789 11796
f 11797 11794 11793
f 11797 11798 11794
f 11799 11796 11800
f 11799 11795 11796
f 11801 11798 11797
f 11801 11802 11798
f 11803 11800 11804
f 11803 11799 11800
f 11805 11802 11801
f 11805 11806 11802
f 11807 11804 11808
f 11807 11803 11804
f 11809 11810 11806
f 11809 11806 11805
f 11811 11808 11812
f 11811 11807 11808
f 11813 11810 11809
f 11813 11814 11810
f 11815 11812 11816
f 11815 11811 11812
f 11817 11814 11813
f 11817 11818 11814
f 11819 11816 11820
f 11819 11815 11816
f 11821 11818 11817
f 11821 11822 11818
f 11823 11820 11824
f 11823 11819 11820
f 11825 11822 11821
f 11825 11826 11822
f 11827 11824 11828
f 11827 11823 11824
f 11829 11826 11825
f 11829 11830 11826
f 11831 11828 11832
f 11831 11827 11828
f 11833 11830 11829
f 11833 11834 11830
f 11835 11832 11836
f 11835 11831 11832
f 11837 11838 11834
f 11837 11834 11833
f 11839 11836 11840
f 11839 11835 11836
f 11841 11842 11838
f 11841 11838 11837
f 11843 11839 11840
f 11844 11839 11843
f 11845 11842 11841
f 11846 11842 11845
f 11847 11844 11843
f 11848 11847 11843
f 11849 11845 11850
f 11849 11846 11845
f 11851 11849 11850
f 11852 11847 11848
f 11852 11853 11854
f 11852 11854 11847
f 11855 11851 11856
f 11855 11849 11851
f 11857 11853 11852
f 11858 11855 11856
f 11859 11853 11857
f 11859 11860 11853
f 11861 11856 11862
f 11861 11862 11863
f 11861 11858 11856
f 11864 11865 11860
f 11864 11860 11859
f 11866 11861 11863
f 11867 11868 11865
f 11867 11865 11864
f 11869 11863 11870
f 11869 11866 11863
f 11871 11868 11867
f 11871 11872 11873
f 11871 11873 11868
f 11874 11870 11875
f 11874 11869 11870
f 11876 11872 11871
f 11877 11875 11878
f 11877 11874 11875
f 11879 11880 11881
f 11879 11881 11872
f 11879 11872 11876
f 11882 11878 11883
f 11882 11877 11878
f 11884 11880 11879
f 11885 11882 11883
f 11885 11883 11886
f 11887 11880 11884
f 11887 11888 11880
f 11889 11886 11890
f 11889 11885 11886
f 11891 11892 11888
f 11891 11888 11887
f 11893 11890 11894
f 11893 11889 11890
f 11895 11896 11892
f 11895 11892 11891
f 11897 11894 11898
f 11897 11898 11899
f 11897 11893 11894
f 11900 11901 11902
f 11900 11902 11896
f 11900 11896 11895
f 11903 11897 11899
f 11904 11901 11900
f 11905 11899 11906
f 11905 11906 11907
f 11905 11903 11899
f 11908 11901 11904
f 11908 11909 11901
f 11910 11905 11907
f 11911 11909 11908
f 11911 11912 11913
f 11911 11913 11909
f 11914 11907 11915
f 11914 11910 11907
f 11916 11912 11911
f 11917 11915 11918
f 11917 11918 11919
f 11917 11914 11915
f 11920 11921 11912
f 11920 11912 11916
f 11922 11919 11923
f 11922 11917 11919
f 11924 11925 11926
f 11924 11926 11921
f 11924 11921 11920
f 11927 11922 11923
f 11928 11925 11924
f 11929 11927 11923
f 11929 11923 11930
f 11929 11930 11931
f 11932 11925 11928
f 11932 11933 11925
f 11934 11931 11935
f 11934 11929 11931
f 11936 11933 11932
f 11936 11937 11933
f 11938 11934 11935
f 11939 11937 11936
f 11939 11940 11937
f 11941 11938 11935
f 11941 11935 11942
f 11943 11940 11939
f 11943 11944 11940
f 11945 11941 11942
f 11945 11942 11946
f 11945 11946 11947
f 11948 11944 11943
f 11948 11949 11950
f 11948 11950 11944
f 11951 11947 11952
f 11951 11945 11947
f 11953 11949 11948
f 11954 11951 11952
f 11955 11949 11953
f 11955 11956 11949
f 11957 11952 11958
f 11957 11958 11959
f 11957 11954 11952
f 11960 11956 11955
f 11960 11961 11956
f 11962 11959 11963
f 11962 11957 11959
f 11964 11961 11960
f 11964 11965 11961
f 11966 11962 11963
f 11966 11963 11967
f 11968 11969 11965
f 11968 11965 11964
f 11970 11969 11968
f 11970 11966 11967
f 11970 11967 11969
f 11971 11972 11973
f 11971 11973 11974
f 11975 11973 11976
f 11975 11974 11973
f 11977 11972 11971
f 11977 11978 11972
f 11979 11975 11976
f 11979 11976 11980
f 11981 11978 11977
f 11981 11982 11978
f 11983 11979 11980
f 11983 11980 11984
f 11985 11982 11981
f 11985 11986 11982
f 11987 11983 11984
f 11987 11984 11988
f 11989 11986 11985
f 11989 11990 11986
f 11991 11987 11988
f 11991 11988 11992
f 11993 11990 11989
f 11993 11994 11990
f 11995 11991 11992
f 11995 11992 11996
f 11997 11994 11993
f 11997 11998 11994
f 11999 11996 12000
f 11999 11995 11996
f 12001 12002 11998
f 12001 11998 11997
f 12003 11999 12000
f 12003 12000 12004
f 12005 12002 12001
f 12005 12006 12002
f 12007 12003 12004
f 12007 12008 12009
f 12007 12004 12008
f 12010 12011 12006
f 12010 12012 12011
f 12010 12006 12005
f 12013 12007 12009
f 12014 12012 12010
f 12015 12009 12016
f 12015 12013 12009
f 12017 12018 12012
f 12017 12012 12014
f 12019 12016 12020
f 12019 12015 12016
f 12021 12022 12018
f 12021 12018 12017
f 12023 12024 12025
f 12023 12020 12024
f 12023 12019 12020
f 12026 12027 12022
f 12026 12022 12021
f 12028 12023 12025
f 12029 12030 12027
f 12029 12027 12026
f 12031 12025 12032
f 12031 12028 12025
f 12033 12034 12030
f 12033 12030 12029
f 12035 12032 12036
f 12035 12031 12032
f 12037 12038 12034
f 12037 12034 12033
f 12039 12035 12036
f 12039 12040 12041
f 12039 12036 12040
f 12042 12043 12038
f 12042 12038 12037
f 12044 12039 12041
f 12045 12043 12042
f 12045 12046 12043
f 12047 12044 12041
f 12047 12041 12048
f 12049 12046 12045
f 12049 12050 12046
f 12051 12047 12048
f 12051 12048 12052
f 12053 12054 12050
f 12053 12050 12049
f 12055 12051 12052
f 12055 12052 12056
f 12057 12054 12053
f 12057 12058 12054
f 12059 12055 12056
f 12059 12056 12060
f 12061 12058 12057
f 12061 12062 12058
f 12063 12060 12064
f 12063 12059 12060
f 12065 12062 12061
f 12065 12066 12062
f 12067 12064 12068
f 12067 12063 12064
f 12069 12066 12065
f 12069 12070 12066
f 12071 12068 12072
f 12071 12067 12068
f 12073 12070 12069
f 12073 12074 12070
f 12075 12072 12076
f 12075 12071 12072
f 12077 12074 12073
f 12077 12078 12074
f 12079 12076 12080
f 12079 12075 12076
f 12081 12078 12077
f 12081 12082 12078
f 12083 12080 12084
f 12083 12079 12080
f 12085 12086 12082
f 12085 12082 12081
f 12087 12084 12088
f 12087 12083 12084
f 12089 12086 12085
f 12089 12090 12086
f 12091 12088 12092
f 12091 12087 12088
f 12093 12090 12089
f 12093 12094 12090
f 12095 12092 12096
f 12095 12091 12092
f 12097 12093 12098
f 12097 12094 12093
f 12099 12100 12095
f 12099 12095 12096
f 12101 12098 12102
f 12101 12097 12098
f 12103 12101 12102
f 12104 12105 12106
f 12104 12106 12100
f 12104 12100 12099
f 12107 12101 12103
f 12108 12105 12104
f 12109 12103 12110
f 12109 12107 12103
f 12111 12105 12108
f 12111 12112 12105
f 12113 12110 12114
f 12113 12109 12110
f 12115 12116 12112
f 12115 12112 12111
f 12117 12114 12118
f 12117 12118 12119
f 12117 12113 12114
f 12120 12121 12116
f 12120 12116 12115
f 12122 12119 12123
f 12122 12117 12119
f 12124 12121 12120
f 12124 12125 12126
f 12124 12126 12121
f 12127 12122 12123
f 12128 12125 12124
f 12129 12123 12130
f 12129 12130 12131
f 12129 12127 12123
f 12132 12133 12134
f 12132 12134 12125
f 12132 12125 12128
f 12135 12129 12131
f 12136 12133 12132
f 12137 12131 12138
f 12137 12135 12131
f 12139 12133 12136
f 12139 12140 12133
f 12141 12137 12138
f 12141 12138 12142
f 12143 12140 12139
f 12143 12144 12140
f 12145 12142 12146
f 12145 12141 12142
f 12147 12144 12143
f 12147 12148 12144
f 12149 12146 12150
f 12149 12145 12146
f 12151 12152 12148
f 12151 12148 12147
f 12153 12150 12154
f 12153 12149 12150
f 12155 12156 12152
f 12155 12152 12151
f 12157 12154 12158
f 12157 12153 12154
f 12159 12156 12155
f 12159 12160 12156
f 12159 12161 12160
f 12162 12158 12163
f 12162 12163 12164
f 12162 12157 12158
f 12165 12161 12159
f 12166 12162 12164
f 12167 12168 12161
f 12167 12161 12165
f 12169 12164 12170
f 12169 12166 12164
f 12171 12172 12173
f 12171 12173 12168
f 12171 12168 12167
f 12174 12170 12175
f 12174 12175 12176
f 12174 12169 12170
f 12177 12172 12171
f 12177 12178 12172
f 12179 12174 12176
f 12180 12178 12177
f 12181 12179 12176
f 12181 12176 12182
f 12183 12184 12178
f 12183 12178 12180
f 12185 12182 12186
f 12185 12186 12187
f 12185 12181 12182
f 12188 12184 12183
f 12188 12189 12184
f 12190 12185 12187
f 12191 12189 12188
f 12191 12192 12189
f 12193 12190 12187
f 12193 12187 12194
f 12195 12192 12191
f 12195 12196 12192
f 12197 12194 12198
f 12197 12193 12194
f 12199 12196 12195
f 12199 12200 12196
f 12201 12197 12198
f 12201 12198 12202
f 12201 12202 12203
f 12204 12200 12199
f 12204 12205 12206
f 12204 12206 12200
f 12207 12201 12203
f 12208 12205 12204
f 12208 12209 12205
f 12210 12207 12203
f 12210 12203 12211
f 12210 12211 12212
f 12213 12209 12208
f 12214 12210 12212
f 12215 12216 12217
f 12215 12217 12209
f 12215 12209 12213
f 12218 12212 12219
f 12218 12219 12220
f 12218 12214 12212
f 12221 12216 12215
f 12222 12220 12216
f 12222 12216 12221
f 12222 12218 12220
f 12223 12224 12225
f 12223 12225 12226
f 12227 12225 12228
f 12227 12226 12225
f 12229 12224 12223
f 12229 12230 12224
f 12231 12227 12228
f 12231 12228 12232
f 12233 12230 12229
f 12233 12234 12230
f 12235 12231 12232
f 12235 12232 12236
f 12237 12234 12233
f 12237 12238 12234
f 12239 12235 12236
f 12239 12236 12240
f 12241 12238 12237
f 12241 12242 12238
f 12243 12239 12240
f 12243 12240 12244
f 12245 12242 12241
f 12245 12246 12242
f 12247 12243 12244
f 12247 12244 12248
f 12249 12246 12245
f 12249 12250 12246
f 12251 12248 12252
f 12251 12247 12248
f 12253 12254 12250
f 12253 12250 12249
f 12255 12251 12252
f 12255 12252 12256
f 12257 12254 12253
f 12257 12258 12254
f 12259 12255 12256
f 12259 12260 12261
f 12259 12256 12260
f 12262 12263 12258
f 12262 12264 12263
f 12262 12258 12257
f 12265 12259 12261
f 12266 12264 12262
f 12267 12261 12268
f 12267 12265 12261
f 12269 12270 12264
f 12269 12264 12266
f 12271 12268 12272
f 12271 12267 12268
f 12273 12274 12270
f 12273 12270 12269
f 12275 12276 12277
f 12275 12272 12276
f 12275 12271 12272
f 12278 12279 12274
f 12278 12274 12273
f 12280 12275 12277
f 12281 12282 12279
f 12281 12279 12278
f 12283 12277 12284
f 12283 12280 12277
f 12285 12286 12282
f 12285 12282 12281
f 12287 12284 12288
f 12287 12283 12284
f 12289 12290 12286
f 12289 12286 12285
f 12291 12287 12288
f 12291 12292 12293
f 12291 12288 12292
f 12294 12295 12290
f 12294 12290 12289
f 12296 12291 12293
f 12297 12295 12294
f 12297 12298 12295
f 12299 12296 12293
f 12299 12293 12300
f 12301 12298 12297
f 12301 12302 12298
f 12303 12299 12300
f 12303 12300 12304
f 12305 12306 12302
f 12305 12302 12301
f 12307 12303 12304
f 12307 12304 12308
f 12309 12306 12305
f 12309 12310 12306
f 12311 12307 12308
f 12311 12308 12312
f 12313 12310 12309
f 12313 12314 12310
f 12315 12312 12316
f 12315 12311 12312
f 12317 12314 12313
f 12317 12318 12314
f 12319 12316 12320
f 12319 12315 12316
f 12321 12318 12317
f 12321 12322 12318
f 12323 12320 12324
f 12323 12319 12320
f 12325 12322 12321
f 12325 12326 12322
f 12327 12324 12328
f 12327 12323 12324
f 12329 12326 12325
f 12329 12330 12326
f 12331 12328 12332
f 12331 12327 12328
f 12333 12330 12329
f 12333 12334 12330
f 12335 12332 12336
f 12335 12331 12332
f 12337 12338 12334
f 12337 12334 12333
f 12339 12336 12340
f 12339 12335 12336
f 12341 12338 12337
f 12341 12342 12338
f 12343 12340 12344
f 12343 12339 12340
f 12345 12342 12341
f 12345 12346 12342
f 12347 12344 12348
f 12347 12343 12344
f 12349 12345 12350
f 12349 12346 12345
f 12351 12352 12347
f 12351 12347 12348
f 12353 12350 12354
f 12353 12349 12350
f 12355 12353 12354
f 12356 12357 12358
f 12356 12358 12352
f 12356 12352 12351
f 12359 12353 12355
f 12360 12357 12356
f 12361 12355 12362
f 12361 12359 12355
f 12363 12357 12360
f 12363 12364 12357
f 12365 12362 12366
f 12365 12361 12362
f 12367 12368 12364
f 12367 12364 12363
f 12369 12366 12370
f 12369 12370 12371
f 12369 12365 12366
f 12372 12373 12368
f 12372 12368 12367
f 12374 12371 12375
f 12374 12369 12371
f 12376 12373 12372
f 12376 12377 12378
f 12376 12378 12373
f 12379 12374 12375
f 12380 12377 12376
f 12381 12375 12382
f 12381 12382 12383
f 12381 12379 12375
f 12384 12385 12386
f 12384 12386 12377
f 12384 12377 12380
f 12387 12381 12383
f 12388 12385 12384
f 12389 12383 12390
f 12389 12387 12383
f 12391 12385 12388
f 12391 12392 12385
f 12393 12389 12390
f 12393 12390 12394
f 12395 12392 12391
f 12395 12396 12392
f 12397 12394 12398
f 12397 12393 12394
f 12399 12396 12395
f 12399 12400 12396
f 12401 12398 12402
f 12401 12397 12398
f 12403 12404 12400
f 12403 12400 12399
f 12405 12402 12406
f 12405 12401 12402
f 12407 12408 12404
f 12407 12404 12403
f 12409 12406 12410
f 12409 12405 12406
f 12411 12408 12407
f 12411 12412 12408
f 12411 12413 12412
f 12414 12410 12415
f 12414 12415 12416
f 12414 12409 12410
f 12417 12413 12411
f 12418 12414 12416
f 12419 12420 12413
f 12419 12413 12417
f 12421 12416 12422
f 12421 12418 12416
f 12423 12424 12425
f 12423 12425 12420
f 12423 12420 12419
f 12426 12422 12427
f 12426 12427 12428
f 12426 12421 12422
f 12429 12424 12423
f 12429 12430 12424
f 12431 12426 12428
f 12432 12430 12429
f 12433 12431 12428
f 12433 12428 12434
f 12435 12436 12430
f 12435 12430 12432
f 12437 12434 12438
f 12437 12438 12439
f 12437 12433 12434
f 12440 12436 12435
f 12440 12441 12436
f 12442 12437 12439
f 12443 12441 12440
f 12443 12444 12441
f 12445 12442 12439
f 12445 12439 12446
f 12447 12444 12443
f 12447 12448 12444
f 12449 12446 12450
f 12449 12445 12446
f 12451 12448 12447
f 12451 12452 12448
f 12453 12449 12450
f 12453 12450 12454
f 12453 12454 12455
f 12456 12452 12451
f 12456 12457 12458
f 12456 12458 12452
f 12459 12453 12455
f 12460 12457 12456
f 12460 12461 12457
f 12462 12459 12455
f 12462 12455 12463
f 12462 12463 12464
f 12465 12461 12460
f 12466 12462 12464
f 12467 12468 12469
f 12467 12469 12461
f 12467 12461 12465
f 12470 12464 12471
f 12470 12471 12472
f 12470 12466 12464
f 12473 12468 12467
f 12474 12472 12468
f 12474 12468 12473
f 12474 12470 12472
f 12475 12476 12477
f 12475 12477 12478
f 12479 12477 12480
f 12479 12478 12477
f 12481 12476 12475
f 12481 12482 12476
f 12483 12479 12480
f 12483 12480 12484
f 12485 12482 12481
f 12485 12486 12482
f 12487 12483 12484
f 12487 12484 12488
f 12489 12486 12485
f 12489 12490 12486
f 12491 12487 12488
f 12491 12488 12492
f 12493 12490 12489
f 12493 12494 12490
f 12495 12491 12492
f 12495 12492 12496
f 12497 12494 12493
f 12497 12498 12494
f 12499 12495 12496
f 12499 12496 12500
f 12501 12498 12497
f 12501 12502 12498
f 12503 12500 12504
f 12503 12499 12500
f 12505 12506 12502
f 12505 12502 12501
f 12507 12503 12504
f 12507 12504 12508
f 12509 12506 12505
f 12509 12510 12506
f 12511 12507 12508
f 12511 12512 12513
f 12511 12508 12512
f 12514 12515 12510
f 12514 12516 12515
f 12514 12510 12509
f 12517 12511 12513
f 12518 12516 12514
f 12519 12513 12520
f 12519 12517 12513
f 12521 12522 12516
f 12521 12516 12518
f 12523 12520 12524
f 12523 12519 12520
f 12525 12526 12522
f 12525 12522 12521
f 12527 12528 12529
f 12527 12524 12528
f 12527 12523 12524
f 12530 12531 12526
f 12530 12526 12525
f 12532 12527 12529
f 12533 12534 12531
f 12533 12531 12530
f 12535 12529 12536
f 12535 12532 12529
f 12537 12538 12534
f 12537 12534 12533
f 12539 12536 12540
f 12539 12535 12536
f 12541 12542 12538
f 12541 12538 12537
f 12543 12539 12540
f 12543 12544 12545
f 12543 12540 12544
f 12546 12547 12542
f 12546 12542 12541
f 12548 12543 12545
f 12549 12547 12546
f 12549 12550 12547
f 12551 12548 12545
f 12551 12545 12552
f 12553 12550 12549
f 12553 12554 12550
f 12555 12551 12552
f 12555 12552 12556
f 12557 12558 12554
f 12557 12554 12553
f 12559 12555 12556
f 12559 12556 12560
f 12561 12558 12557
f 12561 12562 12558
f 12563 12559 12560
f 12563 12560 12564
f 12565 12562 12561
f 12565 12566 12562
f 12567 12564 12568
f 12567 12563 12564
f 12569 12566 12565
f 12569 12570 12566
f 12571 12568 12572
f 12571 12567 12568
f 12573 12570 12569
f 12573 12574 12570
f 12575 12572 12576
f 12575 12571 12572
f 12577 12574 12573
f 12577 12578 12574
f 12579 12576 12580
f 12579 12575 12576
f 12581 12578 12577
f 12581 12582 12578
f 12583 12580 12584
f 12583 12579 12580
f 12585 12582 12581
f 12585 12586 12582
f 12587 12584 12588
f 12587 12583 12584
f 12589 12590 12586
f 12589 12586 12585
f 12591 12588 12592
f 12591 12587 12588
f 12593 12590 12589
f 12593 12594 12590
f 12595 12592 12596
f 12595 12591 12592
f 12597 12594 12593
f 12597 12598 12594
f 12599 12596 12600
f 12599 12595 12596
f 12601 12597 12602
f 12601 12598 12597
f 12603 12604 12599
f 12603 12599 12600
f 12605 12602 12606
f 12605 12601 12602
f 12607 12605 12606
f 12608 12609 12610
f 12608 12610 12604
f 12608 12604 12603
f 12611 12605 12607
f 12612 12609 12608
f 12613 12607 12614
f 12613 12611 12607
f 12615 12609 12612
f 12615 12616 12609
f 12617 12614 12618
f 12617 12613 12614
f 12619 12620 12616
f 12619 12616 12615
f 12621 12618 12622
f 12621 12622 12623
f 12621 12617 12618
f 12624 12625 12620
f 12624 12620 12619
f 12626 12623 12627
f 12626 12621 12623
f 12628 12625 12624
f 12628 12629 12630
f 12628 12630 12625
f 12631 12626 12627
f 12632 12629 12628
f 12633 12627 12634
f 12633 12634 12635
f 12633 12631 12627
f 12636 12637 12638
f 12636 12638 12629
f 12636 12629 12632
f 12639 12633 12635
f 12640 12637 12636
f 12641 12635 12642
f 12641 12639 12635
f 12643 12637 12640
f 12643 12644 12637
f 12645 12641 12642
f 12645 12642 12646
f 12647 12644 12643
f 12647 12648 12644
f 12649 12646 12650
f 12649 12645 12646
f 12651 12648 12647
f 12651 12652 12648
f 12653 12650 12654
f 12653 12649 12650
f 12655 12656 12652
f 12655 12652 12651
f 12657 12654 12658
f 12657 12653 12654
f 12659 12660 12656
f 12659 12656 12655
f 12661 12658 12662
f 12661 12657 12658
f 12663 12660 12659
f 12663 12664 12660
f 12663 12665 12664
f 12666 12662 12667
f 12666 12667 12668
f 12666 12661 12662
f 12669 12665 12663
f 12670 12666 12668
f 12671 12672 12665
f 12671 12665 12669
f 12673 12668 12674
f 12673 12670 12668
f 12675 12676 12677
f 12675 12677 12672
f 12675 12672 12671
f 12678 12674 12679
f 12678 12679 12680
f 12678 12673 12674
f 12681 12676 12675
f 12681 12682 12676
f 12683 12678 12680
f 12684 12682 12681
f 12685 12683 12680
f 12685 12680 12686
f 12687 12688 12682
f 12687 12682 12684
f 12689 12686 12690
f 12689 12690 12691
f 12689 12685 12686
f 12692 12688 12687
f 12692 12693 12688
f 12694 12689 12691
f 12695 12693 12692
f 12695 12696 12693
f 12697 12694 12691
f 12697 12691 12698
f 12699 12696 12695
f 12699 12700 12696
f 12701 12698 12702
f 12701 12697 12698
f 12703 12700 12699
f 12703 12704 12700
f 12705 12701 12702
f 12705 12702 12706
f 12705 12706 12707
f 12708 12704 12703
f 12708 12709 12710
f 12708 12710 12704
f 12711 12705 12707
f 12712 12709 12708
f 12712 12713 12709
f 12714 12711 12707
f 12714 12707 12715
f 12714 12715 12716
f 12717 12713 12712
f 12718 12714 12716
f 12719 12720 12721
f 12719 12721 12713
f 12719 12713 12717
f 12722 12716 12723
f 12722 12723 12724
f 12722 12718 12716
f 12725 12720 12719
f 12726 12724 12720
f 12726 12720 12725
f 12726 12722 12724

