mtllib material.mtl
usemtl material_link5_2
v 0.00003352 34.75043106 445.05010986
v -1.99996603 34.75043106 445.05010986
v 0.00003352 34.59584045 445.05718994
v -1.99996603 34.59584045 445.05718994
v 0.00003352 34.59584045 445.05718994
v -1.99996603 34.59584045 445.05718994
v 0.00003352 34.44253159 445.07818604
v -1.99996603 34.44253159 445.07818604
v 0.00003352 34.44253159 445.07818604
v -1.99996603 34.44253159 445.07818604
v 0.00003352 34.29177856 445.11309814
v -1.99996603 34.29177856 445.11309814
v 0.00003352 34.29177856 445.11309814
v -1.99996603 34.29177856 445.11309814
v 0.00003352 34.14482117 445.16159058
v -1.99996603 34.14482117 445.16159058
v 0.00003352 34.14482117 445.16159058
v -1.99996603 34.14482117 445.16159058
v 0.00003352 34.00288010 445.22329712
v -1.99996603 34.00288010 445.22329712
v 0.00003352 34.00288010 445.22329712
v -1.99996603 34.00288010 445.22329712
v 0.00003352 33.86714172 445.29760742
v -1.99996603 33.86714172 445.29760742
v 0.00003352 33.86714172 445.29760742
v -1.99996603 33.86714172 445.29760742
v 0.00003352 33.73870850 445.38391113
v -1.99996603 33.73870850 445.38391113
v 0.00003352 33.73870850 445.38391113
v -1.99996603 33.73870850 445.38391113
v 0.00003352 33.61867142 445.48159790
v -1.99996603 33.61867142 445.48159790
v 0.00003352 33.61867142 445.48159790
v -1.99996603 33.61867142 445.48159790
v 0.00003352 33.50801086 445.58969116
v 0.00003352 33.50801086 445.58969116
v -1.99996603 33.50801086 445.58969116
v 0.00003352 33.40763855 445.70748901
v -1.99996603 33.50801086 445.58969116
v 0.00003352 33.40763855 445.70748901
v -1.99996603 33.40763855 445.70748901
v 0.00003352 33.31840134 445.83401489
v -1.99996603 33.40763855 445.70748901
v 0.00003352 33.31840134 445.83401489
v -1.99996603 33.31840134 445.83401489
v 0.00003352 33.24103165 445.96798706
v -1.99996603 33.31840134 445.83401489
v 0.00003352 33.24103165 445.96798706
v -1.99996603 33.24103165 445.96798706
v 0.00003352 33.17615891 446.10848999
v -1.99996603 33.24103165 445.96798706
v 0.00003352 33.17615891 446.10848999
v -1.99996603 33.17615891 446.10848999
v 0.00003352 33.12434006 446.25430298
v -1.99996603 33.17615891 446.10848999
v 0.00003352 33.12434006 446.25430298
v -1.99996603 33.12434006 446.25430298
v 0.00003352 33.08599091 446.40420532
v -1.99996603 33.12434006 446.25430298
v -1.99996603 33.08599091 446.40420532
v 0.00003352 33.08599091 446.40420532
v -1.99996603 33.08599091 446.40420532
v 0.00003352 33.06143188 446.55700684
v -1.99996603 33.06143188 446.55700684
v 0.00003352 33.06143188 446.55700684
v -1.99996603 33.06143188 446.55700684
v 0.00003352 33.05088043 446.71139526
v -1.99996603 33.05088043 446.71139526
v 0.00003352 33.05088043 446.71139526
v -1.99996603 33.05088043 446.71139526
v 0.00003352 33.05440140 446.86608887
v -1.99996603 33.05440140 446.86608887
v 0.00003352 33.05440140 446.86608887
v -1.99996603 33.05440140 446.86608887
v 0.00003352 33.07197189 447.01980591
v -1.99996603 33.07197189 447.01980591
v 0.00003352 33.07197189 447.01980591
v -1.99996603 33.07197189 447.01980591
v 0.00003352 33.10345840 447.17138672
v -1.99996603 33.10345840 447.17138672
v 0.00003352 33.10345840 447.17138672
v -1.99996603 33.10345840 447.17138672
v 0.00003352 33.14859009 447.31939697
v -1.99996603 33.14859009 447.31939697
v 0.00003352 33.14859009 447.31939697
v -1.99996603 33.14859009 447.31939697
v 0.00003352 33.20700073 447.46270752
v -1.99996603 33.20700073 447.46270752
v 0.00003352 33.20700073 447.46270752
v -1.99996603 33.20700073 447.46270752
v 0.00003352 33.27819061 447.60009766
v -1.99996603 33.27819061 447.60009766
v 0.00003352 33.27819061 447.60009766
v -1.99996603 33.27819061 447.60009766
v 0.00003352 33.36159134 447.73040771
v -1.99996603 33.36159134 447.73040771
v 0.00003352 33.36159134 447.73040771
v -1.99996603 33.36159134 447.73040771
v 0.00003352 33.45648956 447.85269165
v -1.99996603 33.45648956 447.85269165
v 0.00003352 33.45648956 447.85269165
v -1.99996603 33.45648956 447.85269165
v 0.00003352 33.56211090 447.96578979
v -1.99996603 33.56211090 447.96578979
v 0.00003352 33.56211090 447.96578979
v -1.99996603 33.56211090 447.96578979
v 0.00003352 33.67758942 448.06878662
v -1.99996603 33.67758942 448.06878662
v 0.00003352 33.67758942 448.06878662
v -1.99996603 33.67758942 448.06878662
v 0.00003352 33.80194855 448.16088867
v -1.99996603 33.80194855 448.16088867
v 0.00003352 33.80194855 448.16088867
v -1.99996603 33.80194855 448.16088867
v 0.00003352 33.93416977 448.24130249
v 0.00003352 33.93416977 448.24130249
v -1.99996603 33.93416977 448.24130249
v 0.00003352 34.07315063 448.30929565
v -1.99996603 33.93416977 448.24130249
v 0.00003352 34.07315063 448.30929565
v -1.99996603 34.07315063 448.30929565
v 0.00003352 34.21775055 448.36450195
v -1.99996603 34.07315063 448.30929565
v 0.00003352 34.21775055 448.36450195
v -1.99996603 34.21775055 448.36450195
v 0.00003352 34.36676025 448.40618896
v -1.99996603 34.21775055 448.36450195
v 0.00003352 34.36676025 448.40618896
v -1.99996603 34.36676025 448.40618896
v 0.00003352 34.51895142 448.43420410
v -1.99996603 34.36676025 448.40618896
v 0.00003352 34.51895142 448.43420410
v -1.99996603 34.51895142 448.43420410
v 0.00003352 34.67306137 448.44830322
v -1.99996603 34.51895142 448.43420410
v 0.00003352 34.67306137 448.44830322
v -1.99996603 34.67306137 448.44830322
v 0.00003352 34.82780838 448.44830322
v -1.99996603 34.67306137 448.44830322
v 0.00003352 34.82780838 448.44830322
v -1.99996603 34.82780838 448.44830322
v 0.00003352 34.98191833 448.43420410
v -1.99996603 34.82780838 448.44830322
v 0.00003352 34.98191833 448.43420410
v -1.99996603 34.98191833 448.43420410
v 0.00003352 35.13410950 448.40618896
v -1.99996603 34.98191833 448.43420410
v 0.00003352 35.13410950 448.40618896
v -1.99996603 35.13410950 448.40618896
v 0.00003352 35.28311920 448.36450195
v -1.99996603 35.13410950 448.40618896
v 0.00003352 35.28311920 448.36450195
v -1.99996603 35.28311920 448.36450195
v 0.00003352 35.42771149 448.30929565
v -1.99996603 35.28311920 448.36450195
v 0.00003352 35.42771149 448.30929565
v -1.99996603 35.42771149 448.30929565
v 0.00003352 35.56669998 448.24130249
v -1.99996603 35.42771149 448.30929565
v -1.99996603 35.56669998 448.24130249
v 0.00003352 35.56669998 448.24130249
v -1.99996603 35.56669998 448.24130249
v 0.00003352 35.69892120 448.16088867
v -1.99996603 35.69892120 448.16088867
v 0.00003352 35.69892120 448.16088867
v -1.99996603 35.69892120 448.16088867
v 0.00003352 35.82328033 448.06878662
v -1.99996603 35.82328033 448.06878662
v 0.00003352 35.82328033 448.06878662
v -1.99996603 35.82328033 448.06878662
v 0.00003352 35.93875122 447.96578979
v 0.00003352 35.93875122 447.96578979
v -1.99996603 35.93875122 447.96578979
v 0.00003352 36.04438019 447.85269165
v -1.99996603 35.93875122 447.96578979
v 0.00003352 36.04438019 447.85269165
v -1.99996603 36.04438019 447.85269165
v 0.00003352 36.13927841 447.73040771
v -1.99996603 36.04438019 447.85269165
v 0.00003352 36.13927841 447.73040771
v -1.99996603 36.13927841 447.73040771
v 0.00003352 36.22267914 447.60009766
v -1.99996603 36.13927841 447.73040771
v -1.99996603 36.22267914 447.60009766
v 0.00003352 36.22267914 447.60009766
v -1.99996603 36.29386902 447.46270752
v 0.00003352 36.29386902 447.46270752
v 0.00003352 36.29386902 447.46270752
v -1.99996603 36.29386902 447.46270752
v 0.00003352 36.35227966 447.31939697
v -1.99996603 36.22267914 447.60009766
v 0.00003352 36.35227966 447.31939697
v -1.99996603 36.35227966 447.31939697
v 0.00003352 36.39741135 447.17138672
v -1.99996603 36.35227966 447.31939697
v 0.00003352 36.39741135 447.17138672
v -1.99996603 36.39741135 447.17138672
v 0.00003352 36.42889023 447.01980591
v -1.99996603 36.39741135 447.17138672
v 0.00003352 36.42889023 447.01980591
v -1.99996603 36.42889023 447.01980591
v 0.00003352 36.44646835 446.86608887
v -1.99996603 36.42889023 447.01980591
v 0.00003352 36.44646835 446.86608887
v -1.99996603 36.44646835 446.86608887
v 0.00003352 36.44998932 446.71139526
v -1.99996603 36.44646835 446.86608887
v -1.99996603 36.44998932 446.71139526
v 0.00003352 36.44998932 446.71139526
v -1.99996603 36.43943024 446.55700684
v 0.00003352 36.43943024 446.55700684
v -1.99996603 36.44998932 446.71139526
v 0.00003352 36.43943024 446.55700684
v -1.99996603 36.41487885 446.40420532
v 0.00003352 36.41487885 446.40420532
v 0.00003352 36.41487885 446.40420532
v -1.99996603 36.41487885 446.40420532
v 0.00003352 36.37652969 446.25430298
v -1.99996603 36.43943024 446.55700684
v 0.00003352 36.37652969 446.25430298
v -1.99996603 36.37652969 446.25430298
v 0.00003352 36.32471085 446.10848999
v -1.99996603 36.37652969 446.25430298
v 0.00003352 36.32471085 446.10848999
v -1.99996603 36.32471085 446.10848999
v 0.00003352 36.25983810 445.96798706
v -1.99996603 36.32471085 446.10848999
v 0.00003352 36.25983810 445.96798706
v -1.99996603 36.25983810 445.96798706
v 0.00003352 36.18246078 445.83401489
v -1.99996603 36.25983810 445.96798706
v 0.00003352 36.18246078 445.83401489
v -1.99996603 36.18246078 445.83401489
v 0.00003352 36.09321976 445.70748901
v -1.99996603 36.18246078 445.83401489
v 0.00003352 36.09321976 445.70748901
v -1.99996603 36.09321976 445.70748901
v 0.00003352 35.99285126 445.58969116
v -1.99996603 36.09321976 445.70748901
v 0.00003352 35.99285126 445.58969116
v -1.99996603 35.99285126 445.58969116
v 0.00003352 35.88219070 445.48159790
v -1.99996603 35.99285126 445.58969116
v -1.99996603 35.88219070 445.48159790
v 0.00003352 35.88219070 445.48159790
v -1.99996603 35.76214981 445.38391113
v 0.00003352 35.76214981 445.38391113
v -1.99996603 35.88219070 445.48159790
v 0.00003352 35.76214981 445.38391113
v -1.99996603 35.63373184 445.29760742
v 0.00003352 35.63373184 445.29760742
v 0.00003352 35.63373184 445.29760742
v -1.99996603 35.63373184 445.29760742
v 0.00003352 35.49797821 445.22329712
v -1.99996603 35.76214981 445.38391113
v 0.00003352 35.49797821 445.22329712
v -1.99996603 35.49797821 445.22329712
v 0.00003352 35.35604095 445.16159058
v -1.99996603 35.49797821 445.22329712
v 0.00003352 35.35604095 445.16159058
v -1.99996603 35.35604095 445.16159058
v 0.00003352 35.20909119 445.11309814
v -1.99996603 35.35604095 445.16159058
v -1.99996603 35.20909119 445.11309814
v -1.99996603 35.20909119 445.11309814
v -1.99996603 35.05833054 445.07818604
v 0.00003352 35.20909119 445.11309814
v 0.00003352 35.05833054 445.07818604
v -1.99996603 35.05833054 445.07818604
v -1.99996603 34.90502167 445.05718994
v 0.00003352 35.05833054 445.07818604
v 0.00003352 34.90502167 445.05718994
v -1.99996603 34.90502167 445.05718994
v -1.99996603 34.75043106 445.05010986
v 0.00003352 34.90502167 445.05718994
v 0.00003352 34.75043106 445.05010986
v 0.00003352 35.70223999 445.87939453
v 0.00003352 36.09321976 445.70748901
v 0.00003352 35.99285126 445.58969116
v 0.00003352 35.88219070 445.48159790
v 0.00003352 35.59257126 445.77288818
v 0.00003352 35.76214981 445.38391113
v 0.00003352 35.79853821 445.99798584
v 0.00003352 36.18246078 445.83401489
v 0.00003352 35.47108841 445.68020630
v 0.00003352 35.63373184 445.29760742
v 0.00003352 35.88013077 446.12728882
v 0.00003352 36.25983810 445.96798706
v 0.00003352 35.33948135 445.60238647
v 0.00003352 35.49797821 445.22329712
v 0.00003352 35.94586182 446.26528931
v 0.00003352 36.37652969 446.25430298
v 0.00003352 36.32471085 446.10848999
v 0.00003352 35.19961166 445.54080200
v 0.00003352 35.35604095 445.16159058
v 0.00003352 35.20909119 445.11309814
v 0.00003352 35.99480820 446.41000366
v 0.00003352 36.41487885 446.40420532
v 0.00003352 35.05344009 445.49618530
v 0.00003352 35.05833054 445.07818604
v 0.00003352 36.02629089 446.55960083
v 0.00003352 36.43943024 446.55700684
v 0.00003352 34.90301132 445.46908569
v 0.00003352 34.90502167 445.05718994
v 0.00003352 36.03987122 446.71191406
v 0.00003352 36.44646835 446.86608887
v 0.00003352 36.44998932 446.71139526
v 0.00003352 34.75043106 445.46011353
v 0.00003352 34.75043106 445.05010986
v 0.00003352 34.59584045 445.05718994
v 0.00003352 36.03533936 446.86459351
v 0.00003352 36.42889023 447.01980591
v 0.00003352 34.59785843 445.46908569
v 0.00003352 34.44253159 445.07818604
v 0.00003352 36.01277161 447.01580811
v 0.00003352 36.39741135 447.17138672
v 0.00003352 34.44742966 445.49618530
v 0.00003352 34.29177856 445.11309814
v 0.00003352 35.97248077 447.16320801
v 0.00003352 36.35227966 447.31939697
v 0.00003352 34.30125046 445.54080200
v 0.00003352 34.14482117 445.16159058
v 0.00003352 34.00288010 445.22329712
v 0.00003352 35.91503906 447.30490112
v 0.00003352 36.22267914 447.60009766
v 0.00003352 36.29386902 447.46270752
v 0.00003352 34.16138077 445.60238647
v 0.00003352 33.86714172 445.29760742
v 0.00003352 35.84125137 447.43881226
v 0.00003352 36.13927841 447.73040771
v 0.00003352 34.02978134 445.68020630
v 0.00003352 33.73870850 445.38391113
v 0.00003352 35.75215149 447.56289673
v 0.00003352 36.04438019 447.85269165
v 0.00003352 33.90829086 445.77288818
v 0.00003352 33.61867142 445.48159790
v 0.00003352 35.64899063 447.67568970
v 0.00003352 35.93875122 447.96578979
v 0.00003352 33.79862976 445.87939453
v 0.00003352 33.50801086 445.58969116
v 0.00003352 35.82328033 448.06878662
v 0.00003352 35.53321075 447.77539062
v 0.00003352 33.40763855 445.70748901
v 0.00003352 33.70233154 445.99798584
v 0.00003352 35.69892120 448.16088867
v 0.00003352 35.40644073 447.86080933
v 0.00003352 33.31840134 445.83401489
v 0.00003352 33.62073135 446.12728882
v 0.00003352 35.56669998 448.24130249
v 0.00003352 35.27045822 447.93060303
v 0.00003352 33.24103165 445.96798706
v 0.00003352 33.55500031 446.26528931
v 0.00003352 35.42771149 448.30929565
v 0.00003352 33.17615891 446.10848999
v 0.00003352 35.28311920 448.36450195
v 0.00003352 35.12718964 447.98379517
v 0.00003352 33.12434006 446.25430298
v 0.00003352 33.50605011 446.41000366
v 0.00003352 35.13410950 448.40618896
v 0.00003352 34.97861862 448.01980591
v 0.00003352 33.08599091 446.40420532
v 0.00003352 33.47457123 446.55960083
v 0.00003352 34.98191833 448.43420410
v 0.00003352 34.82685089 448.03781128
v 0.00003352 33.06143188 446.55700684
v 0.00003352 33.46099854 446.71191406
v 0.00003352 34.82780838 448.44830322
v 0.00003352 33.05088043 446.71139526
v 0.00003352 34.67306137 448.44830322
v 0.00003352 34.67401123 448.03781128
v 0.00003352 33.05440140 446.86608887
v 0.00003352 33.46553040 446.86459351
v 0.00003352 34.51895142 448.43420410
v 0.00003352 34.52225113 448.01980591
v 0.00003352 33.07197189 447.01980591
v 0.00003352 33.48809814 447.01580811
v 0.00003352 34.36676025 448.40618896
v 0.00003352 34.37368011 447.98379517
v 0.00003352 33.10345840 447.17138672
v 0.00003352 33.52838135 447.16320801
v 0.00003352 34.21775055 448.36450195
v 0.00003352 34.23040009 447.93060303
v 0.00003352 33.14859009 447.31939697
v 0.00003352 33.58583069 447.30490112
v 0.00003352 34.07315063 448.30929565
v 0.00003352 33.20700073 447.46270752
v 0.00003352 33.93416977 448.24130249
v 0.00003352 34.09442902 447.86080933
v 0.00003352 33.27819061 447.60009766
v 0.00003352 33.65961075 447.43881226
v 0.00003352 33.80194855 448.16088867
v 0.00003352 33.96765900 447.77539062
v 0.00003352 33.36159134 447.73040771
v 0.00003352 33.74871826 447.56289673
v 0.00003352 33.67758942 448.06878662
v 0.00003352 33.85187912 447.67568970
v 0.00003352 33.45648956 447.85269165
v 0.00003352 33.56211090 447.96578979
v -22.29997063 -1.21234500 455.02590942
v -22.29997063 0.00043477 455.00009155
v 10.20003033 0.00043477 455.00009155
v 10.20003033 -1.42017305 455.03549194
v -27.89996910 -1.21234500 455.02590942
v -28.69997025 0.00043477 455.00009155
v -27.89996910 0.00043477 455.00009155
v -28.69997025 -1.42017305 455.03549194
v -28.69997025 0.00043477 455.00009155
v -27.89996910 -1.21234500 455.02590942
v -22.29997063 -2.42292690 455.10330200
v -22.29997063 -1.21234500 455.02590942
v 10.20003033 -1.42017305 455.03549194
v -22.29997063 -2.42292690 455.10330200
v 10.20003033 -1.42017305 455.03549194
v 10.20003033 -2.83724904 455.14169312
v -28.69997025 -2.83724904 455.14169312
v -28.69997025 -1.42017305 455.03549194
v -27.89996910 -2.42292690 455.10330200
v -22.29997063 -3.62911892 455.23220825
v -22.29997063 -2.42292690 455.10330200
v 10.20003033 -2.83724904 455.14169312
v -22.29997063 -3.62911892 455.23220825
v 10.20003033 -2.83724904 455.14169312
v 10.20003033 -4.24727011 455.31838989
v -28.69997025 -4.24727011 455.31838989
v -28.69997025 -2.83724904 455.14169312
v -27.89996910 -3.62911892 455.23220825
v -22.29997063 -4.82873487 455.41220093
v -22.29997063 -3.62911892 455.23220825
v 10.20003033 -4.24727011 455.31838989
v -22.29997063 -4.82873487 455.41220093
v 10.20003033 -4.24727011 455.31838989
v 10.20003033 -5.64672995 455.56518555
v -22.29997063 -6.01960278 455.64309692
v 10.20003033 -5.64672995 455.56518555
v 10.20003033 -7.03215122 455.88140869
v -22.29997063 -6.01960278 455.64309692
v -22.29997063 -4.82873487 455.41220093
v 10.20003033 -5.64672995 455.56518555
v -28.69997025 -5.64672995 455.56518555
v -28.69997025 -4.24727011 455.31838989
v -27.89996910 -4.82873487 455.41220093
v -22.29997063 -7.19956493 455.92449951
v 10.20003033 -7.03215122 455.88140869
v 10.20003033 -8.40008831 456.26620483
v -22.29997063 -7.19956493 455.92449951
v -22.29997063 -6.01960278 455.64309692
v 10.20003033 -7.03215122 455.88140869
v -28.69997025 -7.03215122 455.88140869
v -28.69997025 -5.64672995 455.56518555
v -27.89996910 -6.01960278 455.64309692
v -28.69997025 -8.40008831 456.26620483
v -27.89996910 -7.19956493 455.92449951
v -28.69997025 -8.40008831 456.26620483
v 10.20003033 -8.40008831 456.26620483
v 10.20003033 -9.74713898 456.71881104
v -28.69997025 -7.03215122 455.88140869
v -28.69997025 -9.74713898 456.71881104
v 10.20003033 -9.74713898 456.71881104
v 10.20003033 -11.06995964 457.23800659
v -28.69997025 -9.74713898 456.71881104
v -28.69997025 -11.06995964 457.23800659
v 10.20003033 -11.06995964 457.23800659
v 10.20003033 -12.36524963 457.82250977
v -28.69997025 -11.06995964 457.23800659
v -28.69997025 -12.36524963 457.82250977
v 10.20003033 -12.36524963 457.82250977
v 10.20003033 -13.62979984 458.47079468
v -28.69997025 -12.36524963 457.82250977
v -28.69997025 -13.62979984 458.47079468
v 10.20003033 -13.62979984 458.47079468
v 10.20003033 -14.86046982 459.18130493
v -28.69997025 -13.62979984 458.47079468
v -28.69997025 -14.86046982 459.18130493
v 10.20003033 -14.86046982 459.18130493
v 10.20003033 -16.05418968 459.95230103
v -28.69997025 -14.86046982 459.18130493
v -28.69997025 -16.05418968 459.95230103
v 10.20003033 -16.05418968 459.95230103
v 10.20003033 -17.20799065 460.78179932
v -28.69997025 -16.05418968 459.95230103
v -28.69997025 -17.20799065 460.78179932
v -28.69997025 -17.20799065 460.78179932
v 10.20003033 -17.20799065 460.78179932
v 10.20003033 -18.31900978 461.66778564
v -28.69997025 -18.31900978 461.66778564
v -28.69997025 -18.31900978 461.66778564
v 10.20003033 -18.31900978 461.66778564
v 10.20003033 -19.38448906 462.60809326
v -28.69997025 -19.38448906 462.60809326
v -28.69997025 -19.38448906 462.60809326
v 10.20003033 -19.38448906 462.60809326
v 10.20003033 -20.40176964 463.60031128
v -28.69997025 -20.40176964 463.60031128
v -28.69997025 -20.40176964 463.60031128
v 10.20003033 -20.40176964 463.60031128
v 10.20003033 -21.36833000 464.64208984
v -28.69997025 -21.36833000 464.64208984
v -28.69997025 -21.36833000 464.64208984
v 10.20003033 -21.36833000 464.64208984
v 10.20003033 -22.28175926 465.73059082
v -28.69997025 -22.28175926 465.73059082
v -28.69997025 -22.28175926 465.73059082
v 10.20003033 -22.28175926 465.73059082
v 10.20003033 -23.13979912 466.86340332
v -28.69997025 -23.13979912 466.86340332
v -28.69997025 -23.13979912 466.86340332
v 10.20003033 -23.13979912 466.86340332
v 10.20003033 -23.94029999 468.03750610
v -28.69997025 -23.94029999 468.03750610
v -28.69997025 -23.94029999 468.03750610
v 10.20003033 -23.94029999 468.03750610
v 10.20003033 -24.68128967 469.25000000
v -28.69997025 -24.68128967 469.25000000
v -28.69997025 -24.68128967 469.25000000
v 10.20003033 -24.68128967 469.25000000
v 10.20003033 -25.36091042 470.49810791
v -28.69997025 -25.36091042 470.49810791
v 10.20003033 -25.36091042 470.49810791
v 10.20003033 -25.97747993 471.77841187
v -28.69997025 -25.36091042 470.49810791
v -28.69997025 -25.97747993 471.77841187
v 10.20003033 -25.97747993 471.77841187
v 10.20003033 -26.52947044 473.08789062
v -28.69997025 -25.97747993 471.77841187
v -28.69997025 -26.52947044 473.08789062
v 10.20003033 -26.52947044 473.08789062
v 10.20003033 -27.01549911 474.42318726
v -28.69997025 -26.52947044 473.08789062
v -28.69997025 -27.01549911 474.42318726
v 10.20003033 -27.01549911 474.42318726
v 10.20003033 -27.43436050 475.78109741
v -28.69997025 -27.01549911 474.42318726
v -28.69997025 -27.43436050 475.78109741
v 10.20003033 -27.43436050 475.78109741
v 10.20003033 -27.78500938 477.15820312
v -28.69997025 -27.43436050 475.78109741
v -28.69997025 -27.78500938 477.15820312
v 10.20003033 -27.78500938 477.15820312
v 10.20003033 -28.06658936 478.55108643
v -28.69997025 -27.78500938 477.15820312
v -28.69997025 -28.06658936 478.55108643
v -22.29997063 -28.20310974 479.40008545
v 10.20003033 -28.06658936 478.55108643
v 10.20003033 -28.27837944 479.95620728
v -22.29997063 -28.20310974 479.40008545
v -28.69997025 -28.06658936 478.55108643
v 10.20003033 -28.06658936 478.55108643
v -27.14996910 -28.20310974 479.40008545
v -28.69997025 -28.27837944 479.95620728
v -28.69997025 -28.06658936 478.55108643
v -27.14996910 -28.20310974 479.40008545
v -22.29997063 -28.36767960 480.76150513
v 10.20003033 -28.27837944 479.95620728
v 10.20003033 -28.41987038 481.37030029
v -22.29997063 -28.36767960 480.76150513
v -22.29997063 -28.20310974 479.40008545
v 10.20003033 -28.27837944 479.95620728
v -28.69997025 -28.41987038 481.37030029
v -28.69997025 -28.27837944 479.95620728
v -27.14996910 -28.36767960 480.76150513
v -22.29997063 -28.46657944 482.12921143
v 10.20003033 -28.41987038 481.37030029
v 10.20003033 -28.49070930 482.78961182
v -22.29997063 -28.46657944 482.12921143
v -22.29997063 -28.36767960 480.76150513
v 10.20003033 -28.41987038 481.37030029
v -28.69997025 -28.49070930 482.78961182
v -28.69997025 -28.41987038 481.37030029
v -27.14996910 -28.46657944 482.12921143
v -22.29997063 -28.49957085 483.50009155
v 10.20003033 -28.49070930 482.78961182
v 10.20003033 -28.49070930 484.21060181
v -22.29997063 -28.49957085 483.50009155
v -22.29997063 -28.46657944 482.12921143
v 10.20003033 -28.49070930 482.78961182
v -28.69997025 -28.49070930 484.21060181
v -28.69997025 -28.49070930 482.78961182
v -27.14996910 -28.49957085 483.50009155
v -22.29997063 -28.46657944 484.87100220
v 10.20003033 -28.49070930 484.21060181
v 10.20003033 -28.41987038 485.62991333
v -22.29997063 -28.46657944 484.87100220
v -22.29997063 -28.49957085 483.50009155
v 10.20003033 -28.49070930 484.21060181
v -28.69997025 -28.41987038 485.62991333
v -28.69997025 -28.49070930 484.21060181
v -27.14996910 -28.46657944 484.87100220
v -22.29997063 -28.36767960 486.23870850
v -22.29997063 -28.46657944 484.87100220
v 10.20003033 -28.41987038 485.62991333
v -22.29997063 -28.36767960 486.23870850
v 10.20003033 -28.41987038 485.62991333
v 10.20003033 -28.27837944 487.04391479
v -28.69997025 -28.27837944 487.04391479
v -28.69997025 -28.41987038 485.62991333
v -27.14996910 -28.36767960 486.23870850
v -22.29997063 -28.20310974 487.60009766
v -22.29997063 -28.36767960 486.23870850
v 10.20003033 -28.27837944 487.04391479
v -22.29997063 -28.20310974 487.60009766
v 10.20003033 -28.27837944 487.04391479
v 10.20003033 -28.06658936 488.44900513
v -28.69997025 -28.06658936 488.44900513
v -22.29997063 -28.20310974 487.60009766
v 10.20003033 -28.06658936 488.44900513
v -28.69997025 -28.06658936 488.44900513
v -28.69997025 -28.27837944 487.04391479
v -27.14996910 -28.20310974 487.60009766
v -28.69997025 -28.06658936 488.44900513
v 10.20003033 -28.06658936 488.44900513
v 10.20003033 -27.78500938 489.84188843
v -27.14996910 -28.20310974 487.60009766
v -28.69997025 -27.78500938 489.84188843
v -28.69997025 -27.43436050 491.21899414
v 10.20003033 -27.43436050 491.21899414
v 10.20003033 -27.01549911 492.57690430
v -28.69997025 -27.43436050 491.21899414
v 10.20003033 -27.78500938 489.84188843
v 10.20003033 -27.43436050 491.21899414
v -28.69997025 -27.78500938 489.84188843
v -28.69997025 -27.01549911 492.57690430
v 10.20003033 -27.01549911 492.57690430
v 10.20003033 -26.52947044 493.91229248
v -28.69997025 -27.01549911 492.57690430
v -28.69997025 -26.52947044 493.91229248
v 10.20003033 -26.52947044 493.91229248
v 10.20003033 -25.97747993 495.22180176
v -28.69997025 -26.52947044 493.91229248
v -28.69997025 -25.97747993 495.22180176
v 10.20003033 -25.97747993 495.22180176
v 10.20003033 -25.36091042 496.50210571
v -28.69997025 -25.97747993 495.22180176
v -28.69997025 -25.36091042 496.50210571
v 10.20003033 -25.36091042 496.50210571
v 10.20003033 -24.68128967 497.75009155
v -28.69997025 -25.36091042 496.50210571
v -28.69997025 -24.68128967 497.75009155
v 10.20003033 -24.68128967 497.75009155
v 10.20003033 -23.94029999 498.96270752
v -28.69997025 -24.68128967 497.75009155
v -28.69997025 -23.94029999 498.96270752
v 10.20003033 -23.94029999 498.96270752
v 10.20003033 -23.13979912 500.13681030
v -28.69997025 -23.94029999 498.96270752
v -28.69997025 -23.13979912 500.13681030
v 10.20003033 -23.13979912 500.13681030
v 10.20003033 -22.28175926 501.26950073
v -28.69997025 -23.13979912 500.13681030
v -28.69997025 -22.28175926 501.26950073
v 10.20003033 -22.28175926 501.26950073
v 10.20003033 -21.36833000 502.35809326
v -28.69997025 -22.28175926 501.26950073
v -28.69997025 -21.36833000 502.35809326
v 10.20003033 -21.36833000 502.35809326
v 10.20003033 -20.40176964 503.39981079
v -28.69997025 -21.36833000 502.35809326
v -28.69997025 -20.40176964 503.39981079
v 10.20003033 -20.40176964 503.39981079
v 10.20003033 -19.38448906 504.39208984
v -28.69997025 -20.40176964 503.39981079
v -28.69997025 -19.38448906 504.39208984
v 10.20003033 -19.38448906 504.39208984
v 10.20003033 -18.31900978 505.33230591
v -28.69997025 -19.38448906 504.39208984
v -28.69997025 -18.31900978 505.33230591
v 10.20003033 -18.31900978 505.33230591
v 10.20003033 -17.20799065 506.21841431
v -28.69997025 -18.31900978 505.33230591
v -28.69997025 -17.20799065 506.21841431
v 10.20003033 -17.20799065 506.21841431
v 10.20003033 -16.05418968 507.04791260
v -28.69997025 -17.20799065 506.21841431
v -28.69997025 -16.05418968 507.04791260
v 10.20003033 -16.05418968 507.04791260
v 10.20003033 -14.86046982 507.81890869
v -28.69997025 -16.05418968 507.04791260
v -28.69997025 -14.86046982 507.81890869
v 10.20003033 -14.86046982 507.81890869
v 10.20003033 -13.62979984 508.52938843
v -28.69997025 -14.86046982 507.81890869
v -28.69997025 -13.62979984 508.52938843
v 10.20003033 -13.62979984 508.52938843
v 10.20003033 -12.36524963 509.17770386
v -28.69997025 -13.62979984 508.52938843
v -28.69997025 -12.36524963 509.17770386
v 10.20003033 -12.36524963 509.17770386
v 10.20003033 -11.06995964 509.76220703
v -28.69997025 -12.36524963 509.17770386
v -28.69997025 -11.06995964 509.76220703
v -28.69997025 -11.06995964 509.76220703
v 10.20003033 -11.06995964 509.76220703
v 10.20003033 -9.74713898 510.28131104
v -28.69997025 -9.74713898 510.28131104
v -28.69997025 -8.40008831 510.73388672
v 10.20003033 -9.74713898 510.28131104
v 10.20003033 -8.40008831 510.73388672
v -28.69997025 -9.74713898 510.28131104
v -22.29997063 -7.19956493 511.07559204
v 10.20003033 -8.40008831 510.73388672
v 10.20003033 -7.03215122 511.11880493
v -28.69997025 -8.40008831 510.73388672
v -27.89996910 -7.19956493 511.07559204
v -28.69997025 -7.03215122 511.11880493
v -22.29997063 -5.91176081 511.38009644
v -22.29997063 -7.19956493 511.07559204
v 10.20003033 -7.03215122 511.11880493
v -22.29997063 -5.91176081 511.38009644
v 10.20003033 -7.03215122 511.11880493
v 10.20003033 -5.64672995 511.43499756
v -28.69997025 -5.64672995 511.43499756
v -28.69997025 -7.03215122 511.11880493
v -27.89996910 -5.91176081 511.38009644
v -22.29997063 -4.61121082 511.62451172
v 10.20003033 -5.64672995 511.43499756
v 10.20003033 -4.24727011 511.68170166
v -22.29997063 -4.61121082 511.62451172
v -22.29997063 -5.91176081 511.38009644
v 10.20003033 -5.64672995 511.43499756
v -28.69997025 -4.24727011 511.68170166
v -28.69997025 -5.64672995 511.43499756
v -27.89996910 -4.61121082 511.62451172
v -22.29997063 -3.30071807 511.80819702
v 10.20003033 -4.24727011 511.68170166
v 10.20003033 -2.83724904 511.85839844
v -22.29997063 -3.30071807 511.80819702
v -22.29997063 -4.61121082 511.62451172
v 10.20003033 -4.24727011 511.68170166
v -28.69997025 -2.83724904 511.85839844
v -28.69997025 -4.24727011 511.68170166
v -27.89996910 -3.30071807 511.80819702
v -22.29997063 -1.98310804 511.93099976
v 10.20003033 -2.83724904 511.85839844
v 10.20003033 -1.42017305 511.96469116
v -22.29997063 -1.98310804 511.93099976
v -22.29997063 -3.30071807 511.80819702
v 10.20003033 -2.83724904 511.85839844
v -28.69997025 -1.42017305 511.96469116
v -28.69997025 -2.83724904 511.85839844
v -27.89996910 -1.98310804 511.93099976
v -22.29997063 -0.66122162 511.99240112
v 10.20003033 -1.42017305 511.96469116
v 10.20003033 0.00043477 512.00012207
v -22.29997063 -0.66122162 511.99240112
v -22.29997063 -1.98310804 511.93099976
v 10.20003033 -1.42017305 511.96469116
v -28.69997025 0.00043477 512.00012207
v -28.69997025 -1.42017305 511.96469116
v -27.89996910 -0.66122162 511.99240112
v -22.29997063 0.66209108 511.99240112
v 10.20003033 0.00043477 512.00012207
v 10.20003033 1.42104304 511.96469116
v -22.29997063 0.66209108 511.99240112
v -22.29997063 -0.66122162 511.99240112
v 10.20003033 0.00043477 512.00012207
v -28.69997025 1.42104304 511.96469116
v -28.69997025 0.00043477 512.00012207
v -27.89996910 0.66209108 511.99240112
v -22.29997063 1.98397696 511.93099976
v 10.20003033 1.42104304 511.96469116
v 10.20003033 2.83811808 511.85839844
v -22.29997063 1.98397696 511.93099976
v -22.29997063 0.66209108 511.99240112
v 10.20003033 1.42104304 511.96469116
v -22.29997063 3.30158710 511.80819702
v 10.20003033 2.83811808 511.85839844
v 10.20003033 4.24813890 511.68170166
v -22.29997063 3.30158710 511.80819702
v -22.29997063 1.98397696 511.93099976
v 10.20003033 2.83811808 511.85839844
v -28.69997025 2.83811808 511.85839844
v -28.69997025 1.42104304 511.96469116
v -27.89996910 1.98397696 511.93099976
v -22.29997063 4.61208010 511.62451172
v -22.29997063 3.30158710 511.80819702
v 10.20003033 4.24813890 511.68170166
v -22.29997063 4.61208010 511.62451172
v 10.20003033 4.24813890 511.68170166
v 10.20003033 5.64760017 511.43499756
v -28.69997025 4.24813890 511.68170166
v -28.69997025 2.83811808 511.85839844
v -27.89996910 3.30158710 511.80819702
v -22.29997063 5.91263103 511.38009644
v -22.29997063 4.61208010 511.62451172
v 10.20003033 5.64760017 511.43499756
v -22.29997063 5.91263103 511.38009644
v 10.20003033 5.64760017 511.43499756
v 10.20003033 7.03302097 511.11880493
v -28.69997025 5.64760017 511.43499756
v -28.69997025 4.24813890 511.68170166
v -27.89996910 4.61208010 511.62451172
v -22.29997063 7.20043516 511.07559204
v -22.29997063 5.91263103 511.38009644
v 10.20003033 7.03302097 511.11880493
v -22.29997063 7.20043516 511.07559204
v 10.20003033 7.03302097 511.11880493
v 10.20003033 8.40095806 510.73388672
v -28.69997025 7.03302097 511.11880493
v -28.69997025 5.64760017 511.43499756
v -27.89996910 5.91263103 511.38009644
v -28.69997025 8.40095806 510.73388672
v -27.89996910 7.20043516 511.07559204
v -28.69997025 7.03302097 511.11880493
v -28.69997025 8.40095806 510.73388672
v 10.20003033 8.40095806 510.73388672
v 10.20003033 9.74800873 510.28131104
v -28.69997025 9.74800873 510.28131104
v -28.69997025 11.07083035 509.76220703
v -28.69997025 9.74800873 510.28131104
v 10.20003033 9.74800873 510.28131104
v -28.69997025 11.07083035 509.76220703
v 10.20003033 11.07083035 509.76220703
v 10.20003033 12.36612034 509.17770386
v 10.20003033 11.07083035 509.76220703
v -28.69997025 12.36612034 509.17770386
v -28.69997025 13.63066959 508.52938843
v -28.69997025 12.36612034 509.17770386
v 10.20003033 12.36612034 509.17770386
v 10.20003033 13.63066959 508.52938843
v -28.69997025 14.86133957 507.81890869
v -28.69997025 13.63066959 508.52938843
v 10.20003033 13.63066959 508.52938843
v -28.69997025 14.86133957 507.81890869
v 10.20003033 14.86133957 507.81890869
v 10.20003033 16.05505943 507.04791260
v 10.20003033 14.86133957 507.81890869
v -28.69997025 16.05505943 507.04791260
v -28.69997025 17.20886040 506.21841431
v -28.69997025 16.05505943 507.04791260
v 10.20003033 16.05505943 507.04791260
v -28.69997025 17.20886040 506.21841431
v 10.20003033 17.20886040 506.21841431
v 10.20003033 18.31987953 505.33230591
v 10.20003033 17.20886040 506.21841431
v -28.69997025 18.31987953 505.33230591
v -28.69997025 19.38536072 504.39208984
v -28.69997025 18.31987953 505.33230591
v 10.20003033 18.31987953 505.33230591
v 10.20003033 19.38536072 504.39208984
v -28.69997025 20.40263939 503.39981079
v -28.69997025 19.38536072 504.39208984
v 10.20003033 19.38536072 504.39208984
v 10.20003033 20.40263939 503.39981079
v -28.69997025 21.36919975 502.35809326
v -28.69997025 20.40263939 503.39981079
v 10.20003033 20.40263939 503.39981079
v 10.20003033 21.36919975 502.35809326
v -28.69997025 22.28263092 501.26950073
v -28.69997025 21.36919975 502.35809326
v 10.20003033 21.36919975 502.35809326
v -28.69997025 22.28263092 501.26950073
v 10.20003033 22.28263092 501.26950073
v 10.20003033 23.14067078 500.13681030
v 10.20003033 22.28263092 501.26950073
v -28.69997025 23.14067078 500.13681030
v -28.69997025 23.94116974 498.96270752
v -28.69997025 23.14067078 500.13681030
v 10.20003033 23.14067078 500.13681030
v 10.20003033 23.94116974 498.96270752
v -28.69997025 24.68215942 497.75009155
v 10.20003033 23.94116974 498.96270752
v 10.20003033 24.68215942 497.75009155
v -28.69997025 23.94116974 498.96270752
v -28.69997025 25.36178017 496.50210571
v 10.20003033 24.68215942 497.75009155
v 10.20003033 25.36178017 496.50210571
v -28.69997025 24.68215942 497.75009155
v -28.69997025 25.97834969 495.22180176
v -28.69997025 25.36178017 496.50210571
v 10.20003033 25.36178017 496.50210571
v 10.20003033 25.97834969 495.22180176
v -28.69997025 26.53034019 493.91229248
v 10.20003033 25.97834969 495.22180176
v 10.20003033 26.53034019 493.91229248
v -28.69997025 25.97834969 495.22180176
v -28.69997025 27.01637077 492.57690430
v 10.20003033 26.53034019 493.91229248
v 10.20003033 27.01637077 492.57690430
v -28.69997025 26.53034019 493.91229248
v -28.69997025 27.43523026 491.21899414
v 10.20003033 27.01637077 492.57690430
v 10.20003033 27.43523026 491.21899414
v -28.69997025 27.01637077 492.57690430
v -28.69997025 27.78587914 489.84188843
v -28.69997025 27.43523026 491.21899414
v 10.20003033 27.43523026 491.21899414
v 10.20003033 27.78587914 489.84188843
v -28.69997025 28.06745911 488.44900513
v -28.69997025 27.78587914 489.84188843
v 10.20003033 27.78587914 489.84188843
v 10.20003033 28.06745911 488.44900513
v -28.69997025 28.27924919 487.04391479
v -28.69997025 28.06745911 488.44900513
v 10.20003033 28.06745911 488.44900513
v 10.20003033 28.27924919 487.04391479
v -28.69997025 28.42074013 485.62991333
v -28.69997025 28.27924919 487.04391479
v 10.20003033 28.27924919 487.04391479
v 10.20003033 28.42074013 485.62991333
v -28.69997025 28.49157906 484.21060181
v -28.69997025 28.42074013 485.62991333
v 10.20003033 28.42074013 485.62991333
v -28.69997025 28.49157906 484.21060181
v 10.20003033 28.49157906 484.21060181
v 10.20003033 28.49157906 482.78961182
v 10.20003033 28.49157906 484.21060181
v -28.69997025 28.49157906 482.78961182
v -28.69997025 28.49157906 482.78961182
v 10.20003033 28.49157906 482.78961182
v 10.20003033 28.42074013 481.37030029
v -28.69997025 28.42074013 481.37030029
v -28.69997025 28.27924919 479.95620728
v -28.69997025 28.42074013 481.37030029
v 10.20003033 28.42074013 481.37030029
v 10.20003033 28.27924919 479.95620728
v -28.69997025 28.06745911 478.55108643
v -28.69997025 28.27924919 479.95620728
v 10.20003033 28.27924919 479.95620728
v -28.69997025 28.06745911 478.55108643
v 10.20003033 28.06745911 478.55108643
v 10.20003033 27.78587914 477.15820312
v 10.20003033 28.06745911 478.55108643
v -28.69997025 27.78587914 477.15820312
v -28.69997025 27.43523026 475.78109741
v -28.69997025 27.78587914 477.15820312
v 10.20003033 27.78587914 477.15820312
v 10.20003033 27.43523026 475.78109741
v -28.69997025 27.01637077 474.42318726
v -28.69997025 27.43523026 475.78109741
v 10.20003033 27.43523026 475.78109741
v 10.20003033 27.01637077 474.42318726
v -28.69997025 26.53034019 473.08789062
v -28.69997025 27.01637077 474.42318726
v 10.20003033 27.01637077 474.42318726
v -28.69997025 26.53034019 473.08789062
v 10.20003033 26.53034019 473.08789062
v 10.20003033 25.97834969 471.77841187
v 10.20003033 26.53034019 473.08789062
v -28.69997025 25.97834969 471.77841187
v -28.69997025 25.36178017 470.49810791
v -28.69997025 25.97834969 471.77841187
v 10.20003033 25.97834969 471.77841187
v 10.20003033 25.36178017 470.49810791
v -28.69997025 24.68215942 469.25000000
v 10.20003033 25.36178017 470.49810791
v 10.20003033 24.68215942 469.25000000
v -28.69997025 25.36178017 470.49810791
v -28.69997025 23.94116974 468.03750610
v 10.20003033 23.94116974 468.03750610
v 10.20003033 23.14067078 466.86340332
v -28.69997025 23.94116974 468.03750610
v 10.20003033 24.68215942 469.25000000
v 10.20003033 23.94116974 468.03750610
v -28.69997025 24.68215942 469.25000000
v -28.69997025 23.14067078 466.86340332
v -28.69997025 22.28263092 465.73059082
v 10.20003033 23.14067078 466.86340332
v 10.20003033 22.28263092 465.73059082
v -28.69997025 23.14067078 466.86340332
v -28.69997025 21.36919975 464.64208984
v 10.20003033 22.28263092 465.73059082
v 10.20003033 21.36919975 464.64208984
v -28.69997025 22.28263092 465.73059082
v -28.69997025 20.40263939 463.60031128
v 10.20003033 21.36919975 464.64208984
v 10.20003033 20.40263939 463.60031128
v -28.69997025 21.36919975 464.64208984
v -28.69997025 19.38536072 462.60809326
v 10.20003033 20.40263939 463.60031128
v 10.20003033 19.38536072 462.60809326
v -28.69997025 20.40263939 463.60031128
v -28.69997025 18.31987953 461.66778564
v 10.20003033 19.38536072 462.60809326
v 10.20003033 18.31987953 461.66778564
v -28.69997025 19.38536072 462.60809326
v -28.69997025 17.20886040 460.78179932
v 10.20003033 18.31987953 461.66778564
v 10.20003033 17.20886040 460.78179932
v -28.69997025 18.31987953 461.66778564
v -28.69997025 16.05505943 459.95230103
v -28.69997025 17.20886040 460.78179932
v 10.20003033 17.20886040 460.78179932
v 10.20003033 16.05505943 459.95230103
v -28.69997025 14.86133957 459.18130493
v -28.69997025 16.05505943 459.95230103
v 10.20003033 16.05505943 459.95230103
v 10.20003033 14.86133957 459.18130493
v -28.69997025 13.63066959 458.47079468
v -28.69997025 14.86133957 459.18130493
v 10.20003033 14.86133957 459.18130493
v 10.20003033 13.63066959 458.47079468
v -28.69997025 12.36612034 457.82250977
v -28.69997025 13.63066959 458.47079468
v 10.20003033 13.63066959 458.47079468
v 10.20003033 12.36612034 457.82250977
v -28.69997025 11.07083035 457.23800659
v -28.69997025 12.36612034 457.82250977
v 10.20003033 12.36612034 457.82250977
v -28.69997025 11.07083035 457.23800659
v 10.20003033 11.07083035 457.23800659
v 10.20003033 9.74800873 456.71881104
v 10.20003033 11.07083035 457.23800659
v -28.69997025 9.74800873 456.71881104
v -28.69997025 8.40095806 456.26620483
v -28.69997025 9.74800873 456.71881104
v 10.20003033 9.74800873 456.71881104
v 10.20003033 8.40095806 456.26620483
v -22.29997063 7.20043516 455.92449951
v -28.69997025 8.40095806 456.26620483
v 10.20003033 8.40095806 456.26620483
v 10.20003033 7.03302097 455.88140869
v -27.89996910 7.20043516 455.92449951
v -28.69997025 7.03302097 455.88140869
v -22.29997063 6.02047300 455.64309692
v -22.29997063 7.20043516 455.92449951
v 10.20003033 7.03302097 455.88140869
v -22.29997063 6.02047300 455.64309692
v 10.20003033 7.03302097 455.88140869
v 10.20003033 5.64760017 455.56518555
v -28.69997025 5.64760017 455.56518555
v -28.69997025 7.03302097 455.88140869
v -27.89996910 6.02047300 455.64309692
v -22.29997063 4.82960510 455.41220093
v -22.29997063 6.02047300 455.64309692
v 10.20003033 5.64760017 455.56518555
v -22.29997063 4.82960510 455.41220093
v 10.20003033 5.64760017 455.56518555
v 10.20003033 4.24813890 455.31838989
v -28.69997025 4.24813890 455.31838989
v -28.69997025 5.64760017 455.56518555
v -27.89996910 4.82960510 455.41220093
v -22.29997063 3.62998796 455.23220825
v 10.20003033 4.24813890 455.31838989
v 10.20003033 2.83811808 455.14169312
v -22.29997063 3.62998796 455.23220825
v -22.29997063 4.82960510 455.41220093
v 10.20003033 4.24813890 455.31838989
v -22.29997063 2.42379594 455.10330200
v -22.29997063 3.62998796 455.23220825
v 10.20003033 2.83811808 455.14169312
v -22.29997063 2.42379594 455.10330200
v 10.20003033 2.83811808 455.14169312
v 10.20003033 1.42104304 455.03549194
v -28.69997025 2.83811808 455.14169312
v -28.69997025 4.24813890 455.31838989
v -27.89996910 3.62998796 455.23220825
v -22.29997063 1.21321404 455.02590942
v 10.20003033 1.42104304 455.03549194
v 10.20003033 0.00043477 455.00009155
v -22.29997063 1.21321404 455.02590942
v -22.29997063 2.42379594 455.10330200
v 10.20003033 1.42104304 455.03549194
v -28.69997025 1.42104304 455.03549194
v -28.69997025 2.83811808 455.14169312
v -27.89996910 2.42379594 455.10330200
v -22.29997063 0.00043477 455.00009155
v -28.69997025 0.00043477 455.00009155
v -28.69997025 1.42104304 455.03549194
v -27.89996910 1.21321404 455.02590942
v -28.69997025 0.00043477 455.00009155
v -27.89996910 1.21321404 455.02590942
v -27.89996910 0.00043477 455.00009155
v -27.89996910 -1.21234500 455.02590942
v -27.89996910 -2.42292690 455.10330200
v -28.69997025 -1.42017305 455.03549194
v -27.89996910 -2.42292690 455.10330200
v -27.89996910 -3.62911892 455.23220825
v -28.69997025 -2.83724904 455.14169312
v -27.89996910 -3.62911892 455.23220825
v -27.89996910 -4.82873487 455.41220093
v -28.69997025 -4.24727011 455.31838989
v -27.89996910 -4.82873487 455.41220093
v -27.89996910 -6.01960278 455.64309692
v -28.69997025 -5.64672995 455.56518555
v -27.89996910 -6.01960278 455.64309692
v -27.89996910 -7.19956493 455.92449951
v -28.69997025 -7.03215122 455.88140869
v -27.89996910 7.20043516 455.92449951
v -27.89996910 6.02047300 455.64309692
v -28.69997025 7.03302097 455.88140869
v -27.89996910 6.02047300 455.64309692
v -27.89996910 4.82960510 455.41220093
v -28.69997025 5.64760017 455.56518555
v -27.89996910 4.82960510 455.41220093
v -27.89996910 3.62998796 455.23220825
v -28.69997025 4.24813890 455.31838989
v -27.89996910 3.62998796 455.23220825
v -27.89996910 2.42379594 455.10330200
v -28.69997025 2.83811808 455.14169312
v -27.89996910 2.42379594 455.10330200
v -27.89996910 1.21321404 455.02590942
v -28.69997025 1.42104304 455.03549194
v -27.14996910 -28.20310974 479.40008545
v -27.14996910 -28.36767960 480.76150513
v -28.69997025 -28.27837944 479.95620728
v -27.14996910 -28.36767960 480.76150513
v -27.14996910 -28.46657944 482.12921143
v -28.69997025 -28.41987038 481.37030029
v -27.14996910 -28.46657944 482.12921143
v -27.14996910 -28.49957085 483.50009155
v -28.69997025 -28.49070930 482.78961182
v -27.14996910 -28.49957085 483.50009155
v -27.14996910 -28.46657944 484.87100220
v -28.69997025 -28.49070930 484.21060181
v -27.14996910 -28.46657944 484.87100220
v -27.14996910 -28.36767960 486.23870850
v -28.69997025 -28.41987038 485.62991333
v -27.14996910 -28.36767960 486.23870850
v -27.14996910 -28.20310974 487.60009766
v -28.69997025 -28.27837944 487.04391479
v -27.89996910 -7.19956493 511.07559204
v -27.89996910 -5.91176081 511.38009644
v -28.69997025 -7.03215122 511.11880493
v -27.89996910 -5.91176081 511.38009644
v -27.89996910 -4.61121082 511.62451172
v -28.69997025 -5.64672995 511.43499756
v -27.89996910 -4.61121082 511.62451172
v -27.89996910 -3.30071807 511.80819702
v -28.69997025 -4.24727011 511.68170166
v -27.89996910 -3.30071807 511.80819702
v -27.89996910 -1.98310804 511.93099976
v -28.69997025 -2.83724904 511.85839844
v -27.89996910 -1.98310804 511.93099976
v -27.89996910 -0.66122162 511.99240112
v -28.69997025 -1.42017305 511.96469116
v -27.89996910 -0.66122162 511.99240112
v -27.89996910 0.66209108 511.99240112
v -28.69997025 0.00043477 512.00012207
v -27.89996910 0.66209108 511.99240112
v -27.89996910 1.98397696 511.93099976
v -28.69997025 1.42104304 511.96469116
v -27.89996910 1.98397696 511.93099976
v -27.89996910 3.30158710 511.80819702
v -28.69997025 2.83811808 511.85839844
v -27.89996910 3.30158710 511.80819702
v -27.89996910 4.61208010 511.62451172
v -28.69997025 4.24813890 511.68170166
v -27.89996910 4.61208010 511.62451172
v -27.89996910 5.91263103 511.38009644
v -28.69997025 5.64760017 511.43499756
v -27.89996910 5.91263103 511.38009644
v -27.89996910 7.20043516 511.07559204
v -28.69997025 7.03302097 511.11880493
v 10.20003033 -19.80006981 502.43951416
v 10.20003033 -20.40176964 503.39981079
v 10.20003033 -21.36833000 502.35809326
v 10.20003033 -18.87022018 503.36608887
v 10.20003033 -19.38448906 504.39208984
v 10.20003033 -20.68448067 501.46929932
v 10.20003033 -22.28175926 501.26950073
v 10.20003033 -17.89705086 504.24710083
v 10.20003033 -18.31900978 505.33230591
v 10.20003033 -21.52140999 500.45800781
v 10.20003033 -23.13979912 500.13681030
v 10.20003033 -16.88279915 505.08050537
v 10.20003033 -17.20799065 506.21841431
v 10.20003033 -22.30892944 499.40771484
v 10.20003033 -23.94029999 498.96270752
v 10.20003033 -15.82979012 505.86441040
v 10.20003033 -16.05418968 507.04791260
v 10.20003033 -23.04524994 498.32089233
v 10.20003033 -24.68128967 497.75009155
v 10.20003033 -14.74044037 506.59698486
v 10.20003033 -14.86046982 507.81890869
v 10.20003033 -14.64558983 506.61981201
v 10.20003033 -14.55671978 506.57958984
v 10.20003033 -13.62979984 508.52938843
v 10.20003033 -23.72866058 497.20010376
v 10.20003033 -12.63162041 507.81451416
v 10.20003033 -12.36524963 509.17770386
v 10.20003033 -12.69886971 507.74380493
v 10.20003033 -24.35761070 496.04791260
v 10.20003033 -25.36091042 496.50210571
v 10.20003033 -12.70839977 507.64660645
v 10.20003033 -14.51146030 506.49310303
v 10.20003033 -12.65616989 507.56430054
v 10.20003033 -14.47813034 506.34271240
v 10.20003033 -14.42500973 506.19821167
v 10.20003033 -14.35305023 506.06201172
v 10.20003033 -14.26354027 505.93670654
v 10.20003033 -11.45254993 508.39160156
v 10.20003033 -11.06995964 509.76220703
v 10.20003033 -24.93065071 494.86669922
v 10.20003033 -25.97747993 495.22180176
v 10.20003033 -12.44400024 507.34201050
v 10.20003033 -12.54263020 507.46020508
v 10.20003033 -14.03859043 505.72738647
v 10.20003033 -14.15808964 505.82449341
v 10.20003033 -12.36205959 507.21148682
v 10.20003033 -13.90717983 505.64700317
v 10.20003033 -12.29827976 507.07141113
v 10.20003033 -13.76620960 505.58499146
v 10.20003033 -12.25380039 506.92388916
v 10.20003033 -13.61822987 505.54238892
v 10.20003033 -10.24717999 508.91159058
v 10.20003033 -9.74713898 510.28131104
v 10.20003033 -25.44646072 493.65960693
v 10.20003033 -26.52947044 493.91229248
v 10.20003033 -12.22941971 506.77191162
v 10.20003033 -13.46586990 505.51989746
v 10.20003033 -12.22558022 506.61788940
v 10.20003033 -13.31188011 505.51800537
v 10.20003033 -12.24234962 506.46481323
v 10.20003033 -13.15900993 505.53659058
v 10.20003033 -12.27941990 506.31530762
v 10.20003033 -13.01000977 505.57550049
v 10.20003033 -12.33613014 506.17208862
v 10.20003033 -12.86754036 505.63409424
v 10.20003033 -12.41145992 506.03781128
v 10.20003033 -12.73416996 505.71099854
v 10.20003033 -12.50405979 505.91479492
v 10.20003033 -12.61227989 505.80520630
v 10.20003033 -9.01829910 509.37319946
v 10.20003033 -8.40008831 510.73388672
v 10.20003033 -25.90386009 492.42910767
v 10.20003033 -27.01549911 492.57690430
v 10.20003033 -7.76871014 509.77560425
v 10.20003033 -7.03215122 511.11880493
v 10.20003033 -26.30179977 491.17810059
v 10.20003033 -27.43436050 491.21899414
v 10.20003033 -6.50128889 510.11749268
v 10.20003033 -5.64672995 511.43499756
v 10.20003033 -26.63936043 489.90960693
v 10.20003033 -27.78500938 489.84188843
v 10.20003033 -5.21894407 510.39840698
v 10.20003033 -4.24727011 511.68170166
v 10.20003033 -26.91577911 488.62619019
v 10.20003033 -28.06658936 488.44900513
v 10.20003033 -3.92461801 510.61749268
v 10.20003033 -2.83724904 511.85839844
v 10.20003033 -27.13040924 487.33120728
v 10.20003033 -28.27837944 487.04391479
v 10.20003033 -2.62128401 510.77441406
v 10.20003033 -1.42017305 511.96469116
v 10.20003033 -27.28277016 486.02731323
v 10.20003033 -28.41987038 485.62991333
v 10.20003033 -1.31193101 510.86859131
v 10.20003033 -27.37249947 484.71759033
v 10.20003033 -28.49070930 484.21060181
v 10.20003033 0.00043477 512.00012207
v 10.20003033 -27.34489059 484.62399292
v 10.20003033 -27.26556015 484.56719971
v 10.20003033 -26.86944008 484.64379883
v 10.20003033 -27.02119064 484.61749268
v 10.20003033 -27.16806030 484.57119751
v 10.20003033 -26.71553993 484.64959717
v 10.20003033 -28.49070930 482.78961182
v 10.20003033 -26.56225014 484.63470459
v 10.20003033 -26.41231918 484.59948730
v 10.20003033 0.00043477 510.90008545
v 10.20003033 -26.26844978 484.54458618
v 10.20003033 -26.13319016 484.47100830
v 10.20003033 -26.00900078 484.37991333
v 10.20003033 -25.89808083 484.27310181
v 10.20003033 -25.80244064 484.15240479
v 10.20003033 -25.72377014 484.01989746
v 10.20003033 -27.26556015 482.43301392
v 10.20003033 -27.34489059 482.37609863
v 10.20003033 -27.37249947 482.28250122
v 10.20003033 -28.41987038 481.37030029
v 10.20003033 -27.16806030 482.42889404
v 10.20003033 1.31280005 510.86859131
v 10.20003033 1.42104304 511.96469116
v 10.20003033 -25.66350937 483.87820435
v 10.20003033 -27.02119064 482.38259888
v 10.20003033 -25.62273026 483.72970581
v 10.20003033 -26.86944008 482.35629272
v 10.20003033 -25.60214043 483.57708740
v 10.20003033 -26.71553993 482.35058594
v 10.20003033 -25.60214043 483.42309570
v 10.20003033 -26.56225014 482.36538696
v 10.20003033 -25.62273026 483.27050781
v 10.20003033 -26.41231918 482.40060425
v 10.20003033 -25.66350937 483.12188721
v 10.20003033 -26.26844978 482.45550537
v 10.20003033 -25.72377014 482.98019409
v 10.20003033 -26.13319016 482.52920532
v 10.20003033 -26.00900078 482.62030029
v 10.20003033 -25.89808083 482.72711182
v 10.20003033 -25.80244064 482.84780884
v 10.20003033 -27.28277016 480.97290039
v 10.20003033 -28.27837944 479.95620728
v 10.20003033 2.62215304 510.77441406
v 10.20003033 2.83811808 511.85839844
v 10.20003033 -27.13040924 479.66900635
v 10.20003033 3.92548800 510.61749268
v 10.20003033 4.24813890 511.68170166
v 10.20003033 -28.06658936 478.55108643
v 10.20003033 -26.91577911 478.37390137
v 10.20003033 5.21981287 510.39840698
v 10.20003033 5.64760017 511.43499756
v 10.20003033 -27.78500938 477.15820312
v 10.20003033 -26.63936043 477.09060669
v 10.20003033 6.50215912 510.11749268
v 10.20003033 7.03302097 511.11880493
v 10.20003033 -27.43436050 475.78109741
v 10.20003033 -26.30179977 475.82199097
v 10.20003033 7.76957893 509.77560425
v 10.20003033 8.40095806 510.73388672
v 10.20003033 -27.01549911 474.42318726
v 10.20003033 -25.90386009 474.57110596
v 10.20003033 9.01916695 509.37319946
v 10.20003033 9.74800873 510.28131104
v 10.20003033 -26.52947044 473.08789062
v 10.20003033 -25.44646072 473.34060669
v 10.20003033 10.24804974 508.91159058
v 10.20003033 11.07083035 509.76220703
v 10.20003033 -25.97747993 471.77841187
v 10.20003033 -24.93065071 472.13339233
v 10.20003033 11.45341969 508.39160156
v 10.20003033 12.36612034 509.17770386
v 10.20003033 -25.36091042 470.49810791
v 10.20003033 -24.35761070 470.95230103
v 10.20003033 12.63249016 507.81451416
v 10.20003033 13.63066959 508.52938843
v 10.20003033 12.69974041 507.74380493
v 10.20003033 12.70926952 507.64660645
v 10.20003033 12.44487000 507.34201050
v 10.20003033 12.65703964 507.56430054
v 10.20003033 12.54349041 507.46020508
v 10.20003033 12.36293030 507.21148682
v 10.20003033 12.29915047 507.07141113
v 10.20003033 12.23029041 506.77191162
v 10.20003033 12.25467014 506.92388916
v 10.20003033 -24.68128967 469.25000000
v 10.20003033 12.33699989 506.17208862
v 10.20003033 12.22644997 506.61788940
v 10.20003033 12.24322033 506.46481323
v 10.20003033 12.28028965 506.31530762
v 10.20003033 -23.72866058 469.80010986
v 10.20003033 12.50492954 505.91479492
v 10.20003033 12.41232967 506.03781128
v 10.20003033 12.73503971 505.71099854
v 10.20003033 12.61314964 505.80520630
v 10.20003033 13.01088047 505.57550049
v 10.20003033 12.86841011 505.63409424
v 10.20003033 13.15987968 505.53659058
v 10.20003033 13.31274986 505.51800537
v 10.20003033 14.55758953 506.57958984
v 10.20003033 14.86133957 507.81890869
v 10.20003033 14.51233006 506.49310303
v 10.20003033 14.64645958 506.61981201
v 10.20003033 13.61909962 505.54238892
v 10.20003033 13.46673965 505.51989746
v 10.20003033 14.47900009 506.34271240
v 10.20003033 14.74131012 506.59698486
v 10.20003033 13.90804958 505.64700317
v 10.20003033 13.76708031 505.58499146
v 10.20003033 -23.04524994 468.67929077
v 10.20003033 -23.94029999 468.03750610
v 10.20003033 14.03946018 505.72738647
v 10.20003033 14.26441002 505.93670654
v 10.20003033 14.35391998 506.06201172
v 10.20003033 14.42586994 506.19821167
v 10.20003033 14.15896034 505.82449341
v 10.20003033 16.05505943 507.04791260
v 10.20003033 15.83065987 505.86441040
v 10.20003033 -22.30892944 467.59249878
v 10.20003033 -23.13979912 466.86340332
v 10.20003033 17.20886040 506.21841431
v 10.20003033 16.88365936 505.08050537
v 10.20003033 -21.52140999 466.54220581
v 10.20003033 -22.28175926 465.73059082
v 10.20003033 18.31987953 505.33230591
v 10.20003033 17.89792061 504.24710083
v 10.20003033 -20.68448067 465.53079224
v 10.20003033 -21.36833000 464.64208984
v 10.20003033 19.38536072 504.39208984
v 10.20003033 18.87108994 503.36608887
v 10.20003033 -19.80006981 464.56069946
v 10.20003033 -20.40176964 463.60031128
v 10.20003033 20.40263939 503.39981079
v 10.20003033 19.80093956 502.43951416
v 10.20003033 -18.87022018 463.63409424
v 10.20003033 -19.38448906 462.60809326
v 10.20003033 21.36919975 502.35809326
v 10.20003033 20.68535042 501.46929932
v 10.20003033 -17.89705086 462.75299072
v 10.20003033 -18.31900978 461.66778564
v 10.20003033 22.28263092 501.26950073
v 10.20003033 21.52227020 500.45800781
v 10.20003033 -16.88279915 461.91970825
v 10.20003033 -17.20799065 460.78179932
v 10.20003033 23.14067078 500.13681030
v 10.20003033 22.30979919 499.40771484
v 10.20003033 -15.82979012 461.13571167
v 10.20003033 -16.05418968 459.95230103
v 10.20003033 -14.35305023 460.93811035
v 10.20003033 -14.03859043 461.27279663
v 10.20003033 -14.15808964 461.17559814
v 10.20003033 -14.26354027 461.06350708
v 10.20003033 -13.76620960 461.41519165
v 10.20003033 -13.90717983 461.35308838
v 10.20003033 -14.74044037 460.40319824
v 10.20003033 -13.61822987 461.45779419
v 10.20003033 -14.42500973 460.80191040
v 10.20003033 23.94116974 498.96270752
v 10.20003033 23.04611015 498.32089233
v 10.20003033 -13.15900993 461.46350098
v 10.20003033 -13.31188011 461.48220825
v 10.20003033 -13.46586990 461.48028564
v 10.20003033 -14.86046982 459.18130493
v 10.20003033 -14.55671978 460.42059326
v 10.20003033 -14.64558983 460.38031006
v 10.20003033 -12.73416996 461.28909302
v 10.20003033 -12.86754036 461.36608887
v 10.20003033 -13.01000977 461.42459106
v 10.20003033 -12.50405979 461.08538818
v 10.20003033 -12.61227989 461.19500732
v 10.20003033 -12.41145992 460.96231079
v 10.20003033 24.68215942 497.75009155
v 10.20003033 23.72953033 497.20010376
v 10.20003033 -12.27941990 460.68481445
v 10.20003033 -14.47813034 460.65740967
v 10.20003033 -12.33613014 460.82800293
v 10.20003033 -12.24234962 460.53540039
v 10.20003033 -12.25380039 460.07620239
v 10.20003033 -12.22941971 460.22830200
v 10.20003033 -12.22558022 460.38220215
v 10.20003033 -12.29827976 459.92880249
v 10.20003033 -12.44400024 459.65820312
v 10.20003033 -12.36205959 459.78860474
v 10.20003033 -12.65616989 459.43591309
v 10.20003033 -14.51146030 460.50711060
v 10.20003033 -12.54263020 459.54000854
v 10.20003033 -12.70839977 459.35348511
v 10.20003033 -13.62979984 458.47079468
v 10.20003033 -12.69886971 459.25640869
v 10.20003033 -12.63162041 459.18560791
v 10.20003033 24.35848045 496.04791260
v 10.20003033 25.36178017 496.50210571
v 10.20003033 -12.36524963 457.82250977
v 10.20003033 -11.45254993 458.60848999
v 10.20003033 24.93152046 494.86669922
v 10.20003033 25.97834969 495.22180176
v 10.20003033 -11.06995964 457.23800659
v 10.20003033 -10.24717999 458.08850098
v 10.20003033 25.44733047 493.65960693
v 10.20003033 26.53034019 493.91229248
v 10.20003033 25.90472984 492.42910767
v 10.20003033 -9.74713898 456.71881104
v 10.20003033 -9.01829910 457.62689209
v 10.20003033 27.01637077 492.57690430
v 10.20003033 26.30266953 491.17810059
v 10.20003033 -8.40008831 456.26620483
v 10.20003033 -7.76871014 457.22460938
v 10.20003033 27.43523026 491.21899414
v 10.20003033 26.64023018 489.90960693
v 10.20003033 -7.03215122 455.88140869
v 10.20003033 -6.50128889 456.88259888
v 10.20003033 27.78587914 489.84188843
v 10.20003033 26.91665077 488.62619019
v 10.20003033 -5.64672995 455.56518555
v 10.20003033 -5.21894407 456.60180664
v 10.20003033 28.06745911 488.44900513
v 10.20003033 27.13128090 487.33120728
v 10.20003033 -4.24727011 455.31838989
v 10.20003033 -3.92461801 456.38269043
v 10.20003033 28.27924919 487.04391479
v 10.20003033 27.28363991 486.02731323
v 10.20003033 26.26931000 484.54458618
v 10.20003033 26.13405991 484.47100830
v 10.20003033 26.00987053 484.37991333
v 10.20003033 26.41320038 484.59948730
v 10.20003033 25.89895058 484.27310181
v 10.20003033 25.80330086 484.15240479
v 10.20003033 -2.83724904 455.14169312
v 10.20003033 -2.62128401 456.22579956
v 10.20003033 25.60301971 483.57708740
v 10.20003033 25.72463989 484.01989746
v 10.20003033 25.66437912 483.87820435
v 10.20003033 25.62360001 483.72970581
v 10.20003033 26.71640968 484.64959717
v 10.20003033 26.56311989 484.63470459
v 10.20003033 25.60301971 483.42309570
v 10.20003033 27.02206039 484.61749268
v 10.20003033 26.87030983 484.64379883
v 10.20003033 27.16893005 484.57119751
v 10.20003033 25.72463989 482.98019409
v 10.20003033 25.62360001 483.27050781
v 10.20003033 25.66437912 483.12188721
v 10.20003033 28.42074013 485.62991333
v 10.20003033 27.37336922 484.71759033
v 10.20003033 25.89895058 482.72711182
v 10.20003033 25.80330086 482.84780884
v 10.20003033 -1.42017305 455.03549194
v 10.20003033 -1.31193101 456.13150024
v 10.20003033 26.26931000 482.45550537
v 10.20003033 26.00987053 482.62030029
v 10.20003033 26.13405991 482.52920532
v 10.20003033 26.41320038 482.40060425
v 10.20003033 26.56311989 482.36538696
v 10.20003033 28.49157906 484.21060181
v 10.20003033 27.34576035 484.62399292
v 10.20003033 27.26642990 484.56719971
v 10.20003033 26.87030983 482.35629272
v 10.20003033 26.71640968 482.35058594
v 10.20003033 27.02206039 482.38259888
v 10.20003033 27.16893005 482.42889404
v 10.20003033 27.26642990 482.43301392
v 10.20003033 0.00043477 455.00009155
v 10.20003033 0.00043477 456.10009766
v 10.20003033 1.31280005 456.13150024
v 10.20003033 28.49157906 482.78961182
v 10.20003033 27.34576035 482.37609863
v 10.20003033 27.37336922 482.28250122
v 10.20003033 1.42104304 455.03549194
v 10.20003033 2.62215304 456.22579956
v 10.20003033 28.42074013 481.37030029
v 10.20003033 27.28363991 480.97290039
v 10.20003033 2.83811808 455.14169312
v 10.20003033 3.92548800 456.38269043
v 10.20003033 28.27924919 479.95620728
v 10.20003033 27.13128090 479.66900635
v 10.20003033 4.24813890 455.31838989
v 10.20003033 5.21981287 456.60180664
v 10.20003033 28.06745911 478.55108643
v 10.20003033 26.91665077 478.37390137
v 10.20003033 5.64760017 455.56518555
v 10.20003033 6.50215912 456.88259888
v 10.20003033 27.78587914 477.15820312
v 10.20003033 26.64023018 477.09060669
v 10.20003033 7.03302097 455.88140869
v 10.20003033 7.76957893 457.22460938
v 10.20003033 12.41232967 460.96231079
v 10.20003033 12.61314964 461.19500732
v 10.20003033 12.50492954 461.08538818
v 10.20003033 27.43523026 475.78109741
v 10.20003033 26.30266953 475.82199097
v 10.20003033 8.40095806 456.26620483
v 10.20003033 9.01916695 457.62689209
v 10.20003033 13.76708031 461.41519165
v 10.20003033 13.61909962 461.45779419
v 10.20003033 13.46673965 461.48028564
v 10.20003033 13.31274986 461.48220825
v 10.20003033 13.15987968 461.46350098
v 10.20003033 27.01637077 474.42318726
v 10.20003033 25.90472984 474.57110596
v 10.20003033 14.03946018 461.27279663
v 10.20003033 13.90804958 461.35308838
v 10.20003033 9.74800873 456.71881104
v 10.20003033 10.24804974 458.08850098
v 10.20003033 12.65703964 459.43591309
v 10.20003033 13.01088047 461.42459106
v 10.20003033 12.86841011 461.36608887
v 10.20003033 12.73503971 461.28909302
v 10.20003033 12.33699989 460.82800293
v 10.20003033 12.28028965 460.68481445
v 10.20003033 12.24322033 460.53540039
v 10.20003033 12.22644997 460.38220215
v 10.20003033 12.23029041 460.22830200
v 10.20003033 12.25467014 460.07620239
v 10.20003033 12.29915047 459.92880249
v 10.20003033 12.36293030 459.78860474
v 10.20003033 12.44487000 459.65820312
v 10.20003033 12.54349041 459.54000854
v 10.20003033 14.35391998 460.93811035
v 10.20003033 14.26441002 461.06350708
v 10.20003033 14.15896034 461.17559814
v 10.20003033 26.53034019 473.08789062
v 10.20003033 25.44733047 473.34060669
v 10.20003033 14.42586994 460.80191040
v 10.20003033 14.47900009 460.65740967
v 10.20003033 11.07083035 457.23800659
v 10.20003033 11.45341969 458.60848999
v 10.20003033 14.51233006 460.50711060
v 10.20003033 12.70926952 459.35348511
v 10.20003033 14.55758953 460.42059326
v 10.20003033 25.97834969 471.77841187
v 10.20003033 24.93152046 472.13339233
v 10.20003033 12.36612034 457.82250977
v 10.20003033 12.63249016 459.18560791
v 10.20003033 25.36178017 470.49810791
v 10.20003033 24.35848045 470.95230103
v 10.20003033 13.63066959 458.47079468
v 10.20003033 12.69974041 459.25640869
v 10.20003033 24.68215942 469.25000000
v 10.20003033 23.72953033 469.80010986
v 10.20003033 23.04611015 468.67929077
v 10.20003033 14.86133957 459.18130493
v 10.20003033 14.74131012 460.40319824
v 10.20003033 14.64645958 460.38031006
v 10.20003033 23.94116974 468.03750610
v 10.20003033 22.30979919 467.59249878
v 10.20003033 16.05505943 459.95230103
v 10.20003033 15.83065987 461.13571167
v 10.20003033 23.14067078 466.86340332
v 10.20003033 21.52227020 466.54220581
v 10.20003033 17.20886040 460.78179932
v 10.20003033 16.88365936 461.91970825
v 10.20003033 22.28263092 465.73059082
v 10.20003033 20.68535042 465.53079224
v 10.20003033 18.31987953 461.66778564
v 10.20003033 17.89792061 462.75299072
v 10.20003033 21.36919975 464.64208984
v 10.20003033 19.80093956 464.56069946
v 10.20003033 19.38536072 462.60809326
v 10.20003033 18.87108994 463.63409424
v 10.20003033 20.40263939 463.60031128
v 11.20003033 12.67858982 507.90319824
v 10.30002975 12.67858982 507.90319824
v 10.30002975 11.49522018 508.48239136
v 11.20003033 11.49522018 508.48239136
v 10.30002975 11.49522018 508.48239136
v 10.30002975 10.28544998 509.00430298
v 11.20003033 11.49522018 508.48239136
v 11.20003033 10.28544998 509.00430298
v 10.30002975 10.28544998 509.00430298
v 10.30002975 9.05208302 509.46771240
v 11.20003033 10.28544998 509.00430298
v 11.20003033 9.05208302 509.46771240
v 10.30002975 9.05208302 509.46771240
v 10.30002975 7.79793406 509.87139893
v 11.20003033 9.05208302 509.46771240
v 11.20003033 7.79793406 509.87139893
v 10.30002975 7.79793406 509.87139893
v 10.30002975 6.52588701 510.21469116
v 11.20003033 7.79793406 509.87139893
v 11.20003033 6.52588701 510.21469116
v 10.30002975 6.52588701 510.21469116
v 10.30002975 5.23886204 510.49649048
v 11.20003033 6.52588701 510.21469116
v 11.20003033 5.23886204 510.49649048
v 10.30002975 5.23886204 510.49649048
v 10.30002975 3.93981290 510.71649170
v 11.20003033 5.23886204 510.49649048
v 11.20003033 3.93981290 510.71649170
v 10.30002975 3.93981290 510.71649170
v 10.30002975 2.63172102 510.87390137
v 11.20003033 3.93981290 510.71649170
v 11.20003033 2.63172102 510.87390137
v 10.30002975 2.63172102 510.87390137
v 10.30002975 1.31759000 510.96850586
v 11.20003033 2.63172102 510.87390137
v 11.20003033 1.31759000 510.96850586
v 10.30002975 1.31759000 510.96850586
v 10.30002975 0.00043477 511.00000000
v 11.20003033 1.31759000 510.96850586
v 11.20003033 0.00043477 511.00000000
v 10.30002975 0.00043477 511.00000000
v 10.30002975 -1.31672001 510.96850586
v 11.20003033 0.00043477 511.00000000
v 11.20003033 -1.31672001 510.96850586
v 10.30002975 -1.31672001 510.96850586
v 10.30002975 -2.63085198 510.87390137
v 11.20003033 -1.31672001 510.96850586
v 11.20003033 -2.63085198 510.87390137
v 10.30002975 -2.63085198 510.87390137
v 10.30002975 -3.93894410 510.71649170
v 11.20003033 -2.63085198 510.87390137
v 11.20003033 -3.93894410 510.71649170
v 10.30002975 -3.93894410 510.71649170
v 10.30002975 -5.23799276 510.49649048
v 11.20003033 -3.93894410 510.71649170
v 11.20003033 -5.23799276 510.49649048
v 11.20003033 -5.23799276 510.49649048
v 10.30002975 -5.23799276 510.49649048
v 10.30002975 -6.52501822 510.21469116
v 11.20003033 -6.52501822 510.21469116
v 11.20003033 -6.52501822 510.21469116
v 10.30002975 -6.52501822 510.21469116
v 10.30002975 -7.79706383 509.87139893
v 11.20003033 -7.79706383 509.87139893
v 11.20003033 -7.79706383 509.87139893
v 10.30002975 -7.79706383 509.87139893
v 10.30002975 -9.05121326 509.46771240
v 11.20003033 -9.05121326 509.46771240
v 11.20003033 -9.05121326 509.46771240
v 10.30002975 -9.05121326 509.46771240
v 10.30002975 -10.28458023 509.00430298
v 11.20003033 -10.28458023 509.00430298
v 10.30002975 -10.28458023 509.00430298
v 10.30002975 -11.49435043 508.48239136
v 11.20003033 -10.28458023 509.00430298
v 11.20003033 -11.49435043 508.48239136
v 11.20003033 -11.49435043 508.48239136
v 10.30002975 -11.49435043 508.48239136
v 10.30002975 -12.67772961 507.90319824
v 11.20003033 -12.67772961 507.90319824
v 11.20003033 -19.87233925 502.50860596
v 11.20003033 -20.89155006 502.88500977
v 11.20003033 -19.89932060 503.90231323
v 11.20003033 -18.93909073 503.43859863
v 11.20003033 -18.85761070 504.86880493
v 11.20003033 -20.75996971 501.53491211
v 11.20003033 -21.83182907 501.81948853
v 11.20003033 -17.96236992 504.32281494
v 11.20003033 -17.76902008 505.78228760
v 11.20003033 -21.59995079 500.51980591
v 11.20003033 -22.71784019 500.70849609
v 11.20003033 -16.94441032 505.15930176
v 11.20003033 -16.63625908 506.64028931
v 11.20003033 -22.39035034 499.46578979
v 11.20003033 -23.54737091 499.55468750
v 11.20003033 -15.88755989 505.94601440
v 11.20003033 -15.46212959 507.44079590
v 11.20003033 -14.18118954 507.33840942
v 11.20003033 -14.24956036 508.18179321
v 11.20003033 -14.07874012 507.44509888
v 11.20003033 -23.12935066 498.37500000
v 11.20003033 -24.31835938 498.36099243
v 11.20003033 -13.96230984 507.53640747
v 11.20003033 -14.26764011 507.21850586
v 11.20003033 -14.79424000 506.68130493
v 11.20003033 -13.83421040 507.61029053
v 11.20003033 -14.33637047 507.08749390
v 11.20003033 -14.67751026 506.71990967
v 11.20003033 -13.69699955 507.66549683
v 11.20003033 -14.38601971 506.94821167
v 11.20003033 -13.55338955 507.70089722
v 11.20003033 -13.00156975 508.86151123
v 11.20003033 -14.41559029 506.80319214
v 11.20003033 -14.55648041 506.69821167
v 11.20003033 -13.40624046 507.71578979
v 11.20003033 -14.42451000 506.65560913
v 11.20003033 -14.46043015 506.62139893
v 11.20003033 -23.81525993 497.25009155
v 11.20003033 -25.02887917 497.13031006
v 11.20003033 -13.25844955 507.70980835
v 11.20003033 -14.41259003 506.50820923
v 11.20003033 -12.76953983 507.82150269
v 11.20003033 -13.11297035 507.68310547
v 11.20003033 -12.97268009 507.63629150
v 11.20003033 -12.67772961 507.90319824
v 11.20003033 -24.44651031 496.09359741
v 11.20003033 -25.67717934 495.86569214
v 11.20003033 -12.81126976 507.70581055
v 11.20003033 -12.84035969 507.57019043
v 11.20003033 -12.79281998 507.58419800
v 11.20003033 -12.71864033 507.48620605
v 11.20003033 -11.49435043 508.48239136
v 11.20003033 -11.72124958 509.47799683
v 11.20003033 -25.02164078 494.90829468
v 11.20003033 -26.26164055 494.57049561
v 11.20003033 -10.28458023 509.00430298
v 11.20003033 -10.41178036 510.02999878
v 11.20003033 -25.53932953 493.69668579
v 11.20003033 -26.78080940 493.24771118
v 11.20003033 -9.05121326 509.46771240
v 11.20003033 -9.07643604 510.51599121
v 11.20003033 -25.99839973 492.46170044
v 11.20003033 -27.23339081 491.90060425
v 11.20003033 -7.79706383 509.87139893
v 11.20003033 -7.71851921 510.93490601
v 11.20003033 -26.39779091 491.20620728
v 11.20003033 -27.61827087 490.53271484
v 11.20003033 -6.52501822 510.21469116
v 11.20003033 -6.34141207 511.28549194
v 11.20003033 -26.73658943 489.93289185
v 11.20003033 -27.93448067 489.14718628
v 11.20003033 -5.23799276 510.49649048
v 11.20003033 -4.94853783 511.56710815
v 11.20003033 -27.01400948 488.64489746
v 11.20003033 -28.18124962 487.74780273
v 11.20003033 -3.93894410 510.71649170
v 11.20003033 -3.54336095 511.77890015
v 11.20003033 -27.22942924 487.34509277
v 11.20003033 -28.35794067 486.33779907
v 11.20003033 -2.63085198 510.87390137
v 11.20003033 -2.12937307 511.92041016
v 11.20003033 -27.38233948 486.03649902
v 11.20003033 -28.46413994 484.92068481
v 11.20003033 -1.31672001 510.96850586
v 11.20003033 -0.71008992 511.99121094
v 11.20003033 -27.47240067 484.72198486
v 11.20003033 -27.44749069 484.60171509
v 11.20003033 -27.38870049 484.33309937
v 11.20003033 -27.36819077 484.50769043
v 11.20003033 -27.49942017 484.23510742
v 11.20003033 -27.59526062 484.12240601
v 11.20003033 -27.26531029 484.41470337
v 11.20003033 -27.25367928 484.46289062
v 11.20003033 -27.67432022 483.99740601
v 11.20003033 -27.13167000 484.47808838
v 11.20003033 -27.73501968 483.86248779
v 11.20003033 -28.49957085 483.50009155
v 11.20003033 -27.77618027 483.72048950
v 11.20003033 -27.79696083 483.57400513
v 11.20003033 -27.79696083 483.42608643
v 11.20003033 -27.77618027 483.27969360
v 11.20003033 0.00043477 511.00000000
v 11.20003033 0.71095949 511.99121094
v 11.20003033 -27.73501968 483.13760376
v 11.20003033 -28.46413994 482.07949829
v 11.20003033 -27.67432022 483.00280762
v 11.20003033 -27.59526062 482.87768555
v 11.20003033 -27.26531029 482.58538818
v 11.20003033 -27.36819077 482.49249268
v 11.20003033 -27.38870049 482.66699219
v 11.20003033 -27.44749069 482.39849854
v 11.20003033 -27.49942017 482.76510620
v 11.20003033 -27.25367928 482.53729248
v 11.20003033 -27.47240067 482.27810669
v 11.20003033 -27.13167000 482.52209473
v 11.20003033 1.31759000 510.96850586
v 11.20003033 2.13024211 511.92041016
v 11.20003033 -27.38233948 480.96371460
v 11.20003033 -28.35794067 480.66241455
v 11.20003033 2.63172102 510.87390137
v 11.20003033 3.54422998 511.77890015
v 11.20003033 -27.22942924 479.65499878
v 11.20003033 -28.18124962 479.25241089
v 11.20003033 3.93981290 510.71649170
v 11.20003033 4.94940805 511.56710815
v 11.20003033 -27.01400948 478.35519409
v 11.20003033 -27.93448067 477.85290527
v 11.20003033 5.23886204 510.49649048
v 11.20003033 6.34228086 511.28549194
v 11.20003033 -26.73658943 477.06719971
v 11.20003033 -27.61827087 476.46749878
v 11.20003033 6.52588701 510.21469116
v 11.20003033 7.71938801 510.93490601
v 11.20003033 -26.39779091 475.79400635
v 11.20003033 -27.23339081 475.09960938
v 11.20003033 7.79793406 509.87139893
v 11.20003033 9.07730389 510.51599121
v 11.20003033 -25.99839973 474.53839111
v 11.20003033 -26.78080940 473.75250244
v 11.20003033 9.05208302 509.46771240
v 11.20003033 10.41265011 510.02999878
v 11.20003033 -25.53932953 473.30349731
v 11.20003033 10.28544998 509.00430298
v 11.20003033 -26.26164055 472.42968750
v 11.20003033 11.72212029 509.47799683
v 11.20003033 -25.02164078 472.09188843
v 11.20003033 11.49522018 508.48239136
v 11.20003033 -25.67717934 471.13439941
v 11.20003033 13.00244045 508.86151123
v 11.20003033 -24.44651031 470.90658569
v 11.20003033 12.67858982 507.90319824
v 11.20003033 12.77040958 507.82150269
v 11.20003033 -25.02887917 469.86990356
v 11.20003033 12.84064960 507.56988525
v 11.20003033 12.71951008 507.48620605
v 11.20003033 12.79368973 507.58419800
v 11.20003033 12.81214046 507.70581055
v 11.20003033 12.97231007 507.63580322
v 11.20003033 13.11190033 507.68270874
v 11.20003033 13.25667000 507.70950317
v 11.20003033 13.40377045 507.71591187
v 11.20003033 13.55031967 507.70159912
v 11.20003033 14.25043011 508.18179321
v 11.20003033 13.69342995 507.66690063
v 11.20003033 13.83028984 507.61260986
v 11.20003033 13.95820045 507.53970337
v 11.20003033 -23.81525993 469.75000000
v 11.20003033 14.07464981 507.44958496
v 11.20003033 14.17735004 507.34399414
v 11.20003033 -24.31835938 468.63919067
v 11.20003033 14.46129990 506.62139893
v 11.20003033 14.42409992 506.61340332
v 11.20003033 14.42543030 506.66629028
v 11.20003033 14.55735016 506.69821167
v 11.20003033 14.41510963 506.81320190
v 11.20003033 14.42010975 506.56060791
v 11.20003033 14.41347027 506.50820923
v 11.20003033 14.67838001 506.71990967
v 11.20003033 14.38434029 506.95709229
v 11.20003033 14.33372974 507.09539795
v 11.20003033 15.46300030 507.44079590
v 11.20003033 14.26428032 507.22518921
v 11.20003033 14.79510975 506.68130493
v 11.20003033 -23.12935066 468.62521362
v 11.20003033 -23.54737091 467.44549561
v 11.20003033 15.88842964 505.94601440
v 11.20003033 16.63713074 506.64028931
v 11.20003033 -22.39035034 467.53439331
v 11.20003033 -22.71784019 466.29168701
v 11.20003033 16.94528008 505.15930176
v 11.20003033 -21.59995079 466.48028564
v 11.20003033 17.76988983 505.78228760
v 11.20003033 -21.83182907 465.18060303
v 11.20003033 17.96323967 504.32281494
v 11.20003033 -20.75996971 465.46520996
v 11.20003033 18.85848045 504.86880493
v 11.20003033 -20.89155006 464.11520386
v 11.20003033 18.93996048 503.43859863
v 11.20003033 -19.87233925 464.49160767
v 11.20003033 19.90019035 503.90231323
v 11.20003033 -19.89932060 463.09790039
v 11.20003033 19.87321091 502.50860596
v 11.20003033 -18.93909073 463.56161499
v 11.20003033 20.89241028 502.88500977
v 11.20003033 -18.85761070 462.13128662
v 11.20003033 20.76083946 501.53491211
v 11.20003033 -17.96236992 462.67730713
v 11.20003033 21.83270073 501.81948853
v 11.20003033 -17.76902008 461.21789551
v 11.20003033 21.60082054 500.51980591
v 11.20003033 -16.94441032 461.84078979
v 11.20003033 22.71870995 500.70849609
v 11.20003033 22.39122009 499.46578979
v 11.20003033 -16.63625908 460.35980225
v 11.20003033 -15.88755989 461.05410767
v 11.20003033 23.54824066 499.55468750
v 11.20003033 23.13022041 498.37500000
v 11.20003033 -15.46212959 459.55929565
v 11.20003033 -14.79424000 460.31890869
v 11.20003033 -14.67751026 460.28030396
v 11.20003033 -14.42451000 460.34451294
v 11.20003033 -14.55648041 460.30191040
v 11.20003033 -14.46043015 460.37869263
v 11.20003033 -14.41259003 460.49200439
v 11.20003033 -14.41559029 460.19689941
v 11.20003033 -14.38601971 460.05200195
v 11.20003033 -14.33637047 459.91259766
v 11.20003033 -14.26764011 459.78170776
v 11.20003033 24.31921959 498.36099243
v 11.20003033 -14.18118954 459.66171265
v 11.20003033 23.81612968 497.25009155
v 11.20003033 -14.24956036 458.81838989
v 11.20003033 -13.96230984 459.46380615
v 11.20003033 -13.83421040 459.38989258
v 11.20003033 -14.07874012 459.55499268
v 11.20003033 -13.69699955 459.33459473
v 11.20003033 -13.55338955 459.29919434
v 11.20003033 -12.79281998 459.41589355
v 11.20003033 -12.84035969 459.42990112
v 11.20003033 -12.71864033 459.51400757
v 11.20003033 -12.81126976 459.29440308
v 11.20003033 -12.97268009 459.36389160
v 11.20003033 25.02975082 497.13031006
v 11.20003033 -12.76953983 459.17871094
v 11.20003033 -13.11297035 459.31698608
v 11.20003033 -13.25844955 459.29040527
v 11.20003033 24.44738007 496.09359741
v 11.20003033 -13.00156975 458.13870239
v 11.20003033 -13.40624046 459.28439331
v 11.20003033 -12.67772961 459.09689331
v 11.20003033 25.67804909 495.86569214
v 11.20003033 -11.49435043 458.51770020
v 11.20003033 25.02251053 494.90829468
v 11.20003033 -11.72124958 457.52218628
v 11.20003033 26.26251030 494.57049561
v 11.20003033 -10.28458023 457.99578857
v 11.20003033 25.54019928 493.69668579
v 11.20003033 -10.41178036 456.97021484
v 11.20003033 -9.05121326 457.53250122
v 11.20003033 26.78167915 493.24771118
v 11.20003033 25.99926949 492.46170044
v 11.20003033 -9.07643604 456.48410034
v 11.20003033 -7.79706383 457.12869263
v 11.20003033 27.23426056 491.90060425
v 11.20003033 26.39866066 491.20620728
v 11.20003033 -7.71851921 456.06530762
v 11.20003033 -6.52501822 456.78549194
v 11.20003033 27.61914062 490.53271484
v 11.20003033 26.73745918 489.93289185
v 11.20003033 -6.34141207 455.71459961
v 11.20003033 -5.23799276 456.50360107
v 11.20003033 27.93535042 489.14718628
v 11.20003033 27.01487923 488.64489746
v 11.20003033 -4.94853783 455.43310547
v 11.20003033 -3.93894410 456.28369141
v 11.20003033 28.18210983 487.74780273
v 11.20003033 27.23030090 487.34509277
v 11.20003033 -3.54336095 455.22131348
v 11.20003033 -2.63085198 456.12631226
v 11.20003033 28.35881042 486.33779907
v 11.20003033 27.38320923 486.03649902
v 11.20003033 -2.12937307 455.07980347
v 11.20003033 -1.31672001 456.03170776
v 11.20003033 27.25900078 484.41870117
v 11.20003033 27.13253975 484.47808838
v 11.20003033 27.25455093 484.46289062
v 11.20003033 27.36906052 484.50769043
v 11.20003033 27.37644005 484.34310913
v 11.20003033 27.48280907 484.25250244
v 11.20003033 27.44836044 484.60171509
v 11.20003033 27.57621956 484.14859009
v 11.20003033 28.46500969 484.92068481
v 11.20003033 27.47327042 484.72198486
v 11.20003033 27.65500069 484.03320312
v 11.20003033 27.71777916 483.90838623
v 11.20003033 -0.71008992 455.00900269
v 11.20003033 0.00043477 456.00009155
v 11.20003033 27.25455093 482.53729248
v 11.20003033 27.13253975 482.52209473
v 11.20003033 27.25900078 482.58151245
v 11.20003033 27.36906052 482.49249268
v 11.20003033 27.37644005 482.65710449
v 11.20003033 27.48280907 482.74758911
v 11.20003033 28.50042915 483.50009155
v 11.20003033 27.76342010 483.77639771
v 11.20003033 27.79113960 483.63949585
v 11.20003033 27.80043030 483.50009155
v 11.20003033 27.79113960 483.36068726
v 11.20003033 27.76342010 483.22378540
v 11.20003033 27.71777916 483.09170532
v 11.20003033 27.44836044 482.39849854
v 11.20003033 27.57621956 482.85159302
v 11.20003033 0.71095949 455.00900269
v 11.20003033 1.31759000 456.03170776
v 11.20003033 28.46500969 482.07949829
v 11.20003033 27.47327042 482.27810669
v 11.20003033 27.65500069 482.96701050
v 11.20003033 27.38320923 480.96371460
v 11.20003033 2.13024211 455.07980347
v 11.20003033 2.63172102 456.12631226
v 11.20003033 28.35881042 480.66241455
v 11.20003033 27.23030090 479.65499878
v 11.20003033 3.54422998 455.22131348
v 11.20003033 3.93981290 456.28369141
v 11.20003033 28.18210983 479.25241089
v 11.20003033 27.01487923 478.35519409
v 11.20003033 4.94940805 455.43310547
v 11.20003033 5.23886204 456.50360107
v 11.20003033 27.93535042 477.85290527
v 11.20003033 26.73745918 477.06719971
v 11.20003033 6.34228086 455.71459961
v 11.20003033 6.52588701 456.78549194
v 11.20003033 27.61914062 476.46749878
v 11.20003033 26.39866066 475.79400635
v 11.20003033 7.71938801 456.06530762
v 11.20003033 7.79793406 457.12869263
v 11.20003033 27.23426056 475.09960938
v 11.20003033 25.99926949 474.53839111
v 11.20003033 9.07730389 456.48410034
v 11.20003033 9.05208302 457.53250122
v 11.20003033 26.78167915 473.75250244
v 11.20003033 25.54019928 473.30349731
v 11.20003033 12.84064960 459.43029785
v 11.20003033 12.79368973 459.41589355
v 11.20003033 12.71951008 459.51400757
v 11.20003033 10.41265011 456.97021484
v 11.20003033 10.28544998 457.99578857
v 11.20003033 12.81214046 459.29440308
v 11.20003033 12.97231007 459.36441040
v 11.20003033 12.77040958 459.17871094
v 11.20003033 13.11190033 459.31750488
v 11.20003033 26.26251030 472.42968750
v 11.20003033 25.02251053 472.09188843
v 11.20003033 13.25667000 459.29058838
v 11.20003033 14.46129990 460.37869263
v 11.20003033 14.42010975 460.43951416
v 11.20003033 14.41347027 460.49200439
v 11.20003033 14.42409992 460.38681030
v 11.20003033 14.42543030 460.33389282
v 11.20003033 11.72212029 457.52218628
v 11.20003033 11.49522018 458.51770020
v 11.20003033 14.55735016 460.30191040
v 11.20003033 14.41510963 460.18701172
v 11.20003033 14.67838001 460.28030396
v 11.20003033 14.38434029 460.04299927
v 11.20003033 14.33372974 459.90469360
v 11.20003033 25.67804909 471.13439941
v 11.20003033 24.44738007 470.90658569
v 11.20003033 13.00244045 458.13870239
v 11.20003033 12.67858982 459.09689331
v 11.20003033 13.40377045 459.28430176
v 11.20003033 13.55031967 459.29861450
v 11.20003033 25.02975082 469.86990356
v 11.20003033 23.81612968 469.75000000
v 11.20003033 14.25043011 458.81838989
v 11.20003033 14.07464981 459.55059814
v 11.20003033 14.17735004 459.65609741
v 11.20003033 13.95820045 459.46051025
v 11.20003033 13.83028984 459.38751221
v 11.20003033 13.69342995 459.33319092
v 11.20003033 24.31921959 468.63919067
v 11.20003033 23.13022041 468.62521362
v 11.20003033 15.46300030 459.55929565
v 11.20003033 14.26428032 459.77490234
v 11.20003033 14.79510975 460.31890869
v 11.20003033 15.88842964 461.05410767
v 11.20003033 23.54824066 467.44549561
v 11.20003033 22.39122009 467.53439331
v 11.20003033 16.63713074 460.35980225
v 11.20003033 16.94528008 461.84078979
v 11.20003033 22.71870995 466.29168701
v 11.20003033 21.60082054 466.48028564
v 11.20003033 17.76988983 461.21789551
v 11.20003033 17.96323967 462.67730713
v 11.20003033 21.83270073 465.18060303
v 11.20003033 20.76083946 465.46520996
v 11.20003033 18.85848045 462.13128662
v 11.20003033 18.93996048 463.56161499
v 11.20003033 20.89241028 464.11520386
v 11.20003033 19.87321091 464.49160767
v 11.20003033 19.90019035 463.09790039
v 13.10002995 28.49036980 484.25738525
v 13.10002995 28.50042915 483.50009155
v 11.20003033 28.50042915 483.50009155
v 13.10002995 28.49036980 484.25738525
v 11.20003033 28.50042915 483.50009155
v 11.20003033 28.46500969 484.92068481
v 13.10002995 28.46018982 485.01431274
v 13.10002995 28.49036980 484.25738525
v 11.20003033 28.46500969 484.92068481
v 13.10002995 28.40990067 485.76998901
v 11.20003033 28.46500969 484.92068481
v 11.20003033 28.35881042 486.33779907
v 13.10002995 28.46018982 485.01431274
v 11.20003033 28.18210983 487.74780273
v 13.10002995 28.40990067 485.76998901
v 11.20003033 28.35881042 486.33779907
v 16.10003090 28.26345062 487.16778564
v 16.10003090 28.40990067 485.76998901
v 13.10002995 28.40990067 485.76998901
v 16.10003090 28.26345062 487.16778564
v 13.10002995 28.40990067 485.76998901
v 11.20003033 28.18210983 487.74780273
v 16.10003090 28.04826927 488.55661011
v 11.20003033 28.18210983 487.74780273
v 11.20003033 27.93535042 489.14718628
v 16.10003090 28.04826927 488.55661011
v 16.10003090 28.26345062 487.16778564
v 11.20003033 28.18210983 487.74780273
v 16.10003090 27.76487923 489.93319702
v 11.20003033 27.93535042 489.14718628
v 11.20003033 27.61914062 490.53271484
v 16.10003090 27.76487923 489.93319702
v 16.10003090 28.04826927 488.55661011
v 11.20003033 27.93535042 489.14718628
v 16.10003090 27.41398048 491.29409790
v 16.10003090 27.76487923 489.93319702
v 11.20003033 27.61914062 490.53271484
v 16.10003090 27.41398048 491.29409790
v 11.20003033 27.61914062 490.53271484
v 11.20003033 27.23426056 491.90060425
v 16.10003090 26.99641037 492.63610840
v 16.10003090 27.41398048 491.29409790
v 11.20003033 27.23426056 491.90060425
v 16.10003090 26.99641037 492.63610840
v 11.20003033 27.23426056 491.90060425
v 11.20003033 26.78167915 493.24771118
v 16.10003090 26.51318932 493.95590210
v 16.10003090 26.99641037 492.63610840
v 11.20003033 26.78167915 493.24771118
v 16.10003090 26.51318932 493.95590210
v 11.20003033 26.78167915 493.24771118
v 11.20003033 26.26251030 494.57049561
v 16.10003090 25.96549034 495.25021362
v 16.10003090 26.51318932 493.95590210
v 11.20003033 26.26251030 494.57049561
v 16.10003090 25.96549034 495.25021362
v 11.20003033 26.26251030 494.57049561
v 11.20003033 25.67804909 495.86569214
v 16.10003090 25.35466003 496.51599121
v 16.10003090 25.96549034 495.25021362
v 11.20003033 25.67804909 495.86569214
v 16.10003090 25.35466003 496.51599121
v 11.20003033 25.67804909 495.86569214
v 11.20003033 25.02975082 497.13031006
v 16.10003090 24.68215942 497.75009155
v 16.10003090 25.35466003 496.51599121
v 11.20003033 25.02975082 497.13031006
v 16.10003090 24.68215942 497.75009155
v 11.20003033 25.02975082 497.13031006
v 11.20003033 24.31921959 498.36099243
v 16.10003090 23.94964027 498.94949341
v 16.10003090 24.68215942 497.75009155
v 11.20003033 24.31921959 498.36099243
v 16.10003090 23.94964027 498.94949341
v 11.20003033 24.31921959 498.36099243
v 11.20003033 23.54824066 499.55468750
v 16.10003090 23.15888023 500.11138916
v 16.10003090 23.94964027 498.94949341
v 11.20003033 23.54824066 499.55468750
v 16.10003090 23.15888023 500.11138916
v 11.20003033 23.54824066 499.55468750
v 11.20003033 22.71870995 500.70849609
v 16.10003090 22.31180954 501.23291016
v 16.10003090 23.15888023 500.11138916
v 11.20003033 22.71870995 500.70849609
v 16.10003090 22.31180954 501.23291016
v 11.20003033 22.71870995 500.70849609
v 11.20003033 21.83270073 501.81948853
v 16.10003090 21.41046906 502.31130981
v 16.10003090 22.31180954 501.23291016
v 11.20003033 21.83270073 501.81948853
v 16.10003090 21.41046906 502.31130981
v 11.20003033 21.83270073 501.81948853
v 11.20003033 20.89241028 502.88500977
v 16.10003090 20.45706940 503.34390259
v 16.10003090 21.41046906 502.31130981
v 11.20003033 20.89241028 502.88500977
v 16.10003090 20.45706940 503.34390259
v 11.20003033 20.89241028 502.88500977
v 11.20003033 19.90019035 503.90231323
v 16.10003090 19.45392990 504.32818604
v 16.10003090 20.45706940 503.34390259
v 11.20003033 19.90019035 503.90231323
v 16.10003090 19.45392990 504.32818604
v 11.20003033 19.90019035 503.90231323
v 11.20003033 18.85848045 504.86880493
v 16.10003090 18.40346909 505.26190186
v 16.10003090 19.45392990 504.32818604
v 11.20003033 18.85848045 504.86880493
v 16.10003090 18.40346909 505.26190186
v 11.20003033 18.85848045 504.86880493
v 11.20003033 17.76988983 505.78228760
v 13.10002995 16.17097092 506.96841431
v 11.20003033 17.76988983 505.78228760
v 11.20003033 16.63713074 506.64028931
v 13.10002995 16.17097092 506.96841431
v 11.20003033 16.63713074 506.64028931
v 11.20003033 15.46300030 507.44079590
v 16.10003090 17.30825996 506.14270020
v 16.10003090 18.40346909 505.26190186
v 11.20003033 17.76988983 505.78228760
v 16.10003090 17.30825996 506.14270020
v 11.20003033 17.76988983 505.78228760
v 13.10002995 16.17097092 506.96841431
v 13.10002995 15.22280025 507.59429932
v 13.10002995 16.17097092 506.96841431
v 11.20003033 15.46300030 507.44079590
v 11.20003033 14.25043011 508.18179321
v 13.10002995 15.22280025 507.59429932
v 11.20003033 15.46300030 507.44079590
v 16.10003090 16.17097092 506.96841431
v 13.10002995 14.25043011 508.18179321
v 13.10002995 15.22280025 507.59429932
v 11.20003033 14.25043011 508.18179321
v 13.10002995 13.25543022 508.73010254
v 13.10002995 14.25043011 508.18179321
v 11.20003033 14.25043011 508.18179321
v 11.20003033 13.00244045 508.86151123
v 13.10002995 12.23935986 509.23840332
v 13.10002995 13.25543022 508.73010254
v 11.20003033 13.00244045 508.86151123
v 13.10002995 12.23935986 509.23840332
v 11.20003033 13.00244045 508.86151123
v 11.20003033 11.72212029 509.47799683
v 11.20003033 10.41265011 510.02999878
v 13.10002995 12.23935986 509.23840332
v 11.20003033 11.72212029 509.47799683
v 16.10003090 10.95561981 509.81039429
v 16.10003090 12.23935986 509.23840332
v 13.10002995 12.23935986 509.23840332
v 16.10003090 10.95561981 509.81039429
v 13.10002995 12.23935986 509.23840332
v 11.20003033 10.41265011 510.02999878
v 16.10003090 9.64523411 510.31851196
v 11.20003033 10.41265011 510.02999878
v 11.20003033 9.07730389 510.51599121
v 16.10003090 9.64523411 510.31851196
v 16.10003090 10.95561981 509.81039429
v 11.20003033 10.41265011 510.02999878
v 16.10003090 8.31139183 510.76141357
v 11.20003033 9.07730389 510.51599121
v 11.20003033 7.71938801 510.93490601
v 16.10003090 8.31139183 510.76141357
v 16.10003090 9.64523411 510.31851196
v 11.20003033 9.07730389 510.51599121
v 16.10003090 6.95733881 511.13800049
v 11.20003033 7.71938801 510.93490601
v 11.20003033 6.34228086 511.28549194
v 16.10003090 6.95733881 511.13800049
v 16.10003090 8.31139183 510.76141357
v 11.20003033 7.71938801 510.93490601
v 16.10003090 5.58636999 511.44729614
v 11.20003033 6.34228086 511.28549194
v 11.20003033 4.94940805 511.56710815
v 16.10003090 5.58636999 511.44729614
v 16.10003090 6.95733881 511.13800049
v 11.20003033 6.34228086 511.28549194
v 16.10003090 4.20181608 511.68869019
v 11.20003033 4.94940805 511.56710815
v 11.20003033 3.54422998 511.77890015
v 16.10003090 4.20181608 511.68869019
v 16.10003090 5.58636999 511.44729614
v 11.20003033 4.94940805 511.56710815
v 16.10003090 2.80704403 511.86160278
v 11.20003033 3.54422998 511.77890015
v 11.20003033 2.13024211 511.92041016
v 16.10003090 2.80704403 511.86160278
v 16.10003090 4.20181608 511.68869019
v 11.20003033 3.54422998 511.77890015
v 16.10003090 1.40544796 511.96539307
v 11.20003033 2.13024211 511.92041016
v 11.20003033 0.71095949 511.99121094
v 16.10003090 1.40544796 511.96539307
v 16.10003090 2.80704403 511.86160278
v 11.20003033 2.13024211 511.92041016
v 16.10003090 0.00043477 512.00012207
v 11.20003033 0.71095949 511.99121094
v 11.20003033 -0.71008992 511.99121094
v 16.10003090 0.00043477 512.00012207
v 16.10003090 1.40544796 511.96539307
v 11.20003033 0.71095949 511.99121094
v 16.10003090 -1.40457797 511.96539307
v 11.20003033 -0.71008992 511.99121094
v 11.20003033 -2.12937307 511.92041016
v 16.10003090 -1.40457797 511.96539307
v 16.10003090 0.00043477 512.00012207
v 11.20003033 -0.71008992 511.99121094
v 16.10003090 -2.80617499 511.86160278
v 11.20003033 -2.12937307 511.92041016
v 11.20003033 -3.54336095 511.77890015
v 16.10003090 -2.80617499 511.86160278
v 16.10003090 -1.40457797 511.96539307
v 11.20003033 -2.12937307 511.92041016
v 16.10003090 -4.20094585 511.68869019
v 11.20003033 -3.54336095 511.77890015
v 11.20003033 -4.94853783 511.56710815
v 16.10003090 -4.20094585 511.68869019
v 16.10003090 -2.80617499 511.86160278
v 11.20003033 -3.54336095 511.77890015
v 16.10003090 -5.58549976 511.44729614
v 11.20003033 -4.94853783 511.56710815
v 11.20003033 -6.34141207 511.28549194
v 16.10003090 -5.58549976 511.44729614
v 16.10003090 -4.20094585 511.68869019
v 11.20003033 -4.94853783 511.56710815
v 16.10003090 -6.95647001 511.13800049
v 11.20003033 -6.34141207 511.28549194
v 11.20003033 -7.71851921 510.93490601
v 16.10003090 -6.95647001 511.13800049
v 16.10003090 -5.58549976 511.44729614
v 11.20003033 -6.34141207 511.28549194
v 16.10003090 -8.31052303 510.76141357
v 11.20003033 -7.71851921 510.93490601
v 11.20003033 -9.07643604 510.51599121
v 16.10003090 -8.31052303 510.76141357
v 16.10003090 -6.95647001 511.13800049
v 11.20003033 -7.71851921 510.93490601
v 16.10003090 -9.64436436 510.31851196
v 11.20003033 -9.07643604 510.51599121
v 11.20003033 -10.41178036 510.02999878
v 16.10003090 -9.64436436 510.31851196
v 16.10003090 -8.31052303 510.76141357
v 11.20003033 -9.07643604 510.51599121
v 13.10002995 -12.23849010 509.23840332
v 11.20003033 -10.41178036 510.02999878
v 11.20003033 -11.72124958 509.47799683
v 13.10002995 -12.23849010 509.23840332
v 11.20003033 -11.72124958 509.47799683
v 11.20003033 -13.00156975 508.86151123
v 16.10003090 -10.95475006 509.81039429
v 16.10003090 -9.64436436 510.31851196
v 11.20003033 -10.41178036 510.02999878
v 16.10003090 -10.95475006 509.81039429
v 11.20003033 -10.41178036 510.02999878
v 13.10002995 -12.23849010 509.23840332
v 13.10002995 -13.25456047 508.73010254
v 13.10002995 -12.23849010 509.23840332
v 11.20003033 -13.00156975 508.86151123
v 11.20003033 -14.24956036 508.18179321
v 13.10002995 -13.25456047 508.73010254
v 11.20003033 -13.00156975 508.86151123
v 16.10003090 -12.23849010 509.23840332
v 16.10003090 -10.95475006 509.81039429
v 13.10002995 -12.23849010 509.23840332
v 13.10002995 -14.24956036 508.18179321
v 13.10002995 -15.22192001 507.59429932
v 11.20003033 -14.24956036 508.18179321
v 11.20003033 -15.46212959 507.44079590
v 13.10002995 -15.22192001 507.59429932
v 13.10002995 -14.24956036 508.18179321
v 11.20003033 -14.24956036 508.18179321
v 13.10002995 -16.17009926 506.96841431
v 11.20003033 -15.46212959 507.44079590
v 11.20003033 -16.63625908 506.64028931
v 13.10002995 -16.17009926 506.96841431
v 13.10002995 -15.22192001 507.59429932
v 11.20003033 -15.46212959 507.44079590
v 11.20003033 -17.76902008 505.78228760
v 13.10002995 -16.17009926 506.96841431
v 11.20003033 -16.63625908 506.64028931
v 16.10003090 -17.30739021 506.14270020
v 16.10003090 -16.17009926 506.96841431
v 13.10002995 -16.17009926 506.96841431
v 11.20003033 -17.76902008 505.78228760
v 16.10003090 -18.40259933 505.26190186
v 11.20003033 -17.76902008 505.78228760
v 11.20003033 -18.85761070 504.86880493
v 16.10003090 -18.40259933 505.26190186
v 16.10003090 -17.30739021 506.14270020
v 11.20003033 -17.76902008 505.78228760
v 16.10003090 -19.45306015 504.32818604
v 11.20003033 -18.85761070 504.86880493
v 11.20003033 -19.89932060 503.90231323
v 16.10003090 -19.45306015 504.32818604
v 16.10003090 -18.40259933 505.26190186
v 11.20003033 -18.85761070 504.86880493
v 16.10003090 -20.45619965 503.34390259
v 11.20003033 -19.89932060 503.90231323
v 11.20003033 -20.89155006 502.88500977
v 16.10003090 -20.45619965 503.34390259
v 16.10003090 -19.45306015 504.32818604
v 11.20003033 -19.89932060 503.90231323
v 16.10003090 -21.40959930 502.31130981
v 11.20003033 -20.89155006 502.88500977
v 11.20003033 -21.83182907 501.81948853
v 16.10003090 -21.40959930 502.31130981
v 16.10003090 -20.45619965 503.34390259
v 11.20003033 -20.89155006 502.88500977
v 16.10003090 -22.31093979 501.23291016
v 11.20003033 -21.83182907 501.81948853
v 11.20003033 -22.71784019 500.70849609
v 16.10003090 -22.31093979 501.23291016
v 16.10003090 -21.40959930 502.31130981
v 11.20003033 -21.83182907 501.81948853
v 16.10003090 -23.15801048 500.11138916
v 11.20003033 -22.71784019 500.70849609
v 11.20003033 -23.54737091 499.55468750
v 16.10003090 -23.15801048 500.11138916
v 16.10003090 -22.31093979 501.23291016
v 11.20003033 -22.71784019 500.70849609
v 16.10003090 -23.94877052 498.94949341
v 11.20003033 -23.54737091 499.55468750
v 11.20003033 -24.31835938 498.36099243
v 16.10003090 -23.94877052 498.94949341
v 16.10003090 -23.15801048 500.11138916
v 11.20003033 -23.54737091 499.55468750
v 16.10003090 -24.68128967 497.75009155
v 16.10003090 -23.94877052 498.94949341
v 11.20003033 -24.31835938 498.36099243
v 16.10003090 -24.68128967 497.75009155
v 11.20003033 -24.31835938 498.36099243
v 11.20003033 -25.02887917 497.13031006
v 16.10003090 -25.35379028 496.51599121
v 16.10003090 -24.68128967 497.75009155
v 11.20003033 -25.02887917 497.13031006
v 16.10003090 -25.35379028 496.51599121
v 11.20003033 -25.02887917 497.13031006
v 11.20003033 -25.67717934 495.86569214
v 16.10003090 -25.96462059 495.25021362
v 16.10003090 -25.35379028 496.51599121
v 11.20003033 -25.67717934 495.86569214
v 16.10003090 -25.96462059 495.25021362
v 11.20003033 -25.67717934 495.86569214
v 11.20003033 -26.26164055 494.57049561
v 16.10003090 -26.51231956 493.95590210
v 16.10003090 -25.96462059 495.25021362
v 11.20003033 -26.26164055 494.57049561
v 16.10003090 -26.51231956 493.95590210
v 11.20003033 -26.26164055 494.57049561
v 11.20003033 -26.78080940 493.24771118
v 16.10003090 -26.99554062 492.63610840
v 16.10003090 -26.51231956 493.95590210
v 11.20003033 -26.78080940 493.24771118
v 16.10003090 -26.99554062 492.63610840
v 11.20003033 -26.78080940 493.24771118
v 11.20003033 -27.23339081 491.90060425
v 16.10003090 -27.41311073 491.29409790
v 16.10003090 -26.99554062 492.63610840
v 11.20003033 -27.23339081 491.90060425
v 16.10003090 -27.41311073 491.29409790
v 11.20003033 -27.23339081 491.90060425
v 11.20003033 -27.61827087 490.53271484
v 16.10003090 -27.76402092 489.93319702
v 16.10003090 -27.41311073 491.29409790
v 11.20003033 -27.61827087 490.53271484
v 16.10003090 -27.76402092 489.93319702
v 11.20003033 -27.61827087 490.53271484
v 11.20003033 -27.93448067 489.14718628
v 16.10003090 -28.04739952 488.55661011
v 16.10003090 -27.76402092 489.93319702
v 11.20003033 -27.93448067 489.14718628
v 16.10003090 -28.04739952 488.55661011
v 11.20003033 -27.93448067 489.14718628
v 11.20003033 -28.18124962 487.74780273
v 13.10002995 -28.40903091 485.76998901
v 11.20003033 -28.18124962 487.74780273
v 11.20003033 -28.35794067 486.33779907
v 13.10002995 -28.40903091 485.76998901
v 11.20003033 -28.35794067 486.33779907
v 11.20003033 -28.46413994 484.92068481
v 16.10003090 -28.26258087 487.16778564
v 16.10003090 -28.04739952 488.55661011
v 11.20003033 -28.18124962 487.74780273
v 16.10003090 -28.26258087 487.16778564
v 11.20003033 -28.18124962 487.74780273
v 13.10002995 -28.40903091 485.76998901
v 13.10002995 -28.47691917 484.63589478
v 13.10002995 -28.40903091 485.76998901
v 11.20003033 -28.46413994 484.92068481
v 11.20003033 -28.49957085 483.50009155
v 13.10002995 -28.47691917 484.63589478
v 11.20003033 -28.46413994 484.92068481
v 16.10003090 -28.40903091 485.76998901
v 16.10003090 -28.26258087 487.16778564
v 13.10002995 -28.40903091 485.76998901
v 13.10002995 -28.49957085 483.50009155
v 13.10002995 -28.47691917 482.36419678
v 11.20003033 -28.49957085 483.50009155
v 11.20003033 -28.46413994 482.07949829
v 13.10002995 -28.49957085 483.50009155
v 13.10002995 -28.40903091 481.23019409
v 11.20003033 -28.46413994 482.07949829
v 11.20003033 -28.35794067 480.66241455
v 13.10002995 -28.40903091 481.23019409
v 13.10002995 -28.47691917 482.36419678
v 11.20003033 -28.46413994 482.07949829
v 11.20003033 -28.18124962 479.25241089
v 13.10002995 -28.40903091 481.23019409
v 11.20003033 -28.35794067 480.66241455
v 16.10003090 -28.26258087 479.83230591
v 13.10002995 -28.40903091 481.23019409
v 11.20003033 -28.18124962 479.25241089
v 16.10003090 -28.26258087 479.83230591
v 16.10003090 -28.40903091 481.23019409
v 13.10002995 -28.40903091 481.23019409
v 16.10003090 -28.04739952 478.44351196
v 11.20003033 -28.18124962 479.25241089
v 11.20003033 -27.93448067 477.85290527
v 16.10003090 -28.04739952 478.44351196
v 16.10003090 -28.26258087 479.83230591
v 11.20003033 -28.18124962 479.25241089
v 16.10003090 -27.76402092 477.06689453
v 11.20003033 -27.93448067 477.85290527
v 11.20003033 -27.61827087 476.46749878
v 16.10003090 -27.76402092 477.06689453
v 16.10003090 -28.04739952 478.44351196
v 11.20003033 -27.93448067 477.85290527
v 16.10003090 -27.41311073 475.70599365
v 11.20003033 -27.61827087 476.46749878
v 11.20003033 -27.23339081 475.09960938
v 16.10003090 -27.41311073 475.70599365
v 16.10003090 -27.76402092 477.06689453
v 11.20003033 -27.61827087 476.46749878
v 16.10003090 -26.99554062 474.36401367
v 11.20003033 -27.23339081 475.09960938
v 11.20003033 -26.78080940 473.75250244
v 16.10003090 -26.99554062 474.36401367
v 16.10003090 -27.41311073 475.70599365
v 11.20003033 -27.23339081 475.09960938
v 16.10003090 -26.51231956 473.04431152
v 11.20003033 -26.78080940 473.75250244
v 11.20003033 -26.26164055 472.42968750
v 16.10003090 -26.51231956 473.04431152
v 16.10003090 -26.99554062 474.36401367
v 11.20003033 -26.78080940 473.75250244
v 16.10003090 -25.96462059 471.74990845
v 11.20003033 -26.26164055 472.42968750
v 11.20003033 -25.67717934 471.13439941
v 16.10003090 -25.96462059 471.74990845
v 16.10003090 -26.51231956 473.04431152
v 11.20003033 -26.26164055 472.42968750
v 16.10003090 -25.35379028 470.48419189
v 11.20003033 -25.67717934 471.13439941
v 11.20003033 -25.02887917 469.86990356
v 16.10003090 -25.35379028 470.48419189
v 16.10003090 -25.96462059 471.74990845
v 11.20003033 -25.67717934 471.13439941
v 16.10003090 -24.68128967 469.25000000
v 11.20003033 -25.02887917 469.86990356
v 11.20003033 -24.31835938 468.63919067
v 16.10003090 -24.68128967 469.25000000
v 16.10003090 -25.35379028 470.48419189
v 11.20003033 -25.02887917 469.86990356
v 16.10003090 -23.94877052 468.05059814
v 11.20003033 -24.31835938 468.63919067
v 11.20003033 -23.54737091 467.44549561
v 16.10003090 -23.94877052 468.05059814
v 16.10003090 -24.68128967 469.25000000
v 11.20003033 -24.31835938 468.63919067
v 16.10003090 -23.15801048 466.88870239
v 11.20003033 -23.54737091 467.44549561
v 11.20003033 -22.71784019 466.29168701
v 16.10003090 -23.15801048 466.88870239
v 16.10003090 -23.94877052 468.05059814
v 11.20003033 -23.54737091 467.44549561
v 16.10003090 -22.31093979 465.76730347
v 16.10003090 -23.15801048 466.88870239
v 11.20003033 -22.71784019 466.29168701
v 16.10003090 -22.31093979 465.76730347
v 11.20003033 -22.71784019 466.29168701
v 11.20003033 -21.83182907 465.18060303
v 16.10003090 -21.40959930 464.68890381
v 16.10003090 -22.31093979 465.76730347
v 11.20003033 -21.83182907 465.18060303
v 16.10003090 -21.40959930 464.68890381
v 11.20003033 -21.83182907 465.18060303
v 11.20003033 -20.89155006 464.11520386
v 16.10003090 -20.45619965 463.65631104
v 16.10003090 -21.40959930 464.68890381
v 11.20003033 -20.89155006 464.11520386
v 16.10003090 -20.45619965 463.65631104
v 11.20003033 -20.89155006 464.11520386
v 11.20003033 -19.89932060 463.09790039
v 16.10003090 -19.45306015 462.67190552
v 16.10003090 -20.45619965 463.65631104
v 11.20003033 -19.89932060 463.09790039
v 16.10003090 -19.45306015 462.67190552
v 11.20003033 -19.89932060 463.09790039
v 11.20003033 -18.85761070 462.13128662
v 16.10003090 -18.40259933 461.73818970
v 16.10003090 -19.45306015 462.67190552
v 11.20003033 -18.85761070 462.13128662
v 16.10003090 -18.40259933 461.73818970
v 11.20003033 -18.85761070 462.13128662
v 11.20003033 -17.76902008 461.21789551
v 13.10002995 -16.17009926 460.03170776
v 11.20003033 -17.76902008 461.21789551
v 11.20003033 -16.63625908 460.35980225
v 13.10002995 -16.17009926 460.03170776
v 11.20003033 -16.63625908 460.35980225
v 11.20003033 -15.46212959 459.55929565
v 16.10003090 -17.30739021 460.85739136
v 11.20003033 -17.76902008 461.21789551
v 13.10002995 -16.17009926 460.03170776
v 16.10003090 -17.30739021 460.85739136
v 16.10003090 -18.40259933 461.73818970
v 11.20003033 -17.76902008 461.21789551
v 13.10002995 -15.22192001 459.40591431
v 13.10002995 -16.17009926 460.03170776
v 11.20003033 -15.46212959 459.55929565
v 11.20003033 -14.24956036 458.81838989
v 13.10002995 -15.22192001 459.40591431
v 11.20003033 -15.46212959 459.55929565
v 16.10003090 -16.17009926 460.03170776
v 13.10002995 -14.24956036 458.81838989
v 13.10002995 -15.22192001 459.40591431
v 11.20003033 -14.24956036 458.81838989
v 13.10002995 -13.25456047 458.26998901
v 13.10002995 -14.24956036 458.81838989
v 11.20003033 -14.24956036 458.81838989
v 11.20003033 -13.00156975 458.13870239
v 13.10002995 -12.23849010 457.76181030
v 13.10002995 -13.25456047 458.26998901
v 11.20003033 -13.00156975 458.13870239
v 13.10002995 -12.23849010 457.76181030
v 11.20003033 -13.00156975 458.13870239
v 11.20003033 -11.72124958 457.52218628
v 11.20003033 -10.41178036 456.97021484
v 13.10002995 -12.23849010 457.76181030
v 11.20003033 -11.72124958 457.52218628
v 16.10003090 -10.95475006 457.18969727
v 13.10002995 -12.23849010 457.76181030
v 11.20003033 -10.41178036 456.97021484
v 16.10003090 -10.95475006 457.18969727
v 16.10003090 -12.23849010 457.76181030
v 13.10002995 -12.23849010 457.76181030
v 16.10003090 -9.64436436 456.68170166
v 16.10003090 -10.95475006 457.18969727
v 11.20003033 -10.41178036 456.97021484
v 16.10003090 -9.64436436 456.68170166
v 11.20003033 -10.41178036 456.97021484
v 11.20003033 -9.07643604 456.48410034
v 16.10003090 -8.31052303 456.23880005
v 16.10003090 -9.64436436 456.68170166
v 11.20003033 -9.07643604 456.48410034
v 16.10003090 -8.31052303 456.23880005
v 11.20003033 -9.07643604 456.48410034
v 11.20003033 -7.71851921 456.06530762
v 16.10003090 -6.95647001 455.86221313
v 16.10003090 -8.31052303 456.23880005
v 11.20003033 -7.71851921 456.06530762
v 16.10003090 -6.95647001 455.86221313
v 11.20003033 -7.71851921 456.06530762
v 11.20003033 -6.34141207 455.71459961
v 16.10003090 -5.58549976 455.55288696
v 11.20003033 -6.34141207 455.71459961
v 11.20003033 -4.94853783 455.43310547
v 16.10003090 -5.58549976 455.55288696
v 16.10003090 -6.95647001 455.86221313
v 11.20003033 -6.34141207 455.71459961
v 16.10003090 -4.20094585 455.31149292
v 16.10003090 -5.58549976 455.55288696
v 11.20003033 -4.94853783 455.43310547
v 16.10003090 -4.20094585 455.31149292
v 11.20003033 -4.94853783 455.43310547
v 11.20003033 -3.54336095 455.22131348
v 16.10003090 -2.80617499 455.13861084
v 11.20003033 -3.54336095 455.22131348
v 11.20003033 -2.12937307 455.07980347
v 16.10003090 -2.80617499 455.13861084
v 16.10003090 -4.20094585 455.31149292
v 11.20003033 -3.54336095 455.22131348
v 16.10003090 -1.40457797 455.03469849
v 11.20003033 -2.12937307 455.07980347
v 11.20003033 -0.71008992 455.00900269
v 16.10003090 -1.40457797 455.03469849
v 16.10003090 -2.80617499 455.13861084
v 11.20003033 -2.12937307 455.07980347
v 16.10003090 0.00043477 455.00009155
v 11.20003033 -0.71008992 455.00900269
v 11.20003033 0.71095949 455.00900269
v 16.10003090 0.00043477 455.00009155
v 16.10003090 -1.40457797 455.03469849
v 11.20003033 -0.71008992 455.00900269
v 16.10003090 1.40544796 455.03469849
v 11.20003033 0.71095949 455.00900269
v 11.20003033 2.13024211 455.07980347
v 16.10003090 1.40544796 455.03469849
v 16.10003090 0.00043477 455.00009155
v 11.20003033 0.71095949 455.00900269
v 16.10003090 2.80704403 455.13861084
v 11.20003033 2.13024211 455.07980347
v 11.20003033 3.54422998 455.22131348
v 16.10003090 2.80704403 455.13861084
v 16.10003090 1.40544796 455.03469849
v 11.20003033 2.13024211 455.07980347
v 16.10003090 4.20181608 455.31149292
v 11.20003033 3.54422998 455.22131348
v 11.20003033 4.94940805 455.43310547
v 16.10003090 4.20181608 455.31149292
v 16.10003090 2.80704403 455.13861084
v 11.20003033 3.54422998 455.22131348
v 16.10003090 5.58636999 455.55288696
v 11.20003033 4.94940805 455.43310547
v 11.20003033 6.34228086 455.71459961
v 16.10003090 5.58636999 455.55288696
v 16.10003090 4.20181608 455.31149292
v 11.20003033 4.94940805 455.43310547
v 16.10003090 6.95733881 455.86221313
v 11.20003033 6.34228086 455.71459961
v 11.20003033 7.71938801 456.06530762
v 16.10003090 6.95733881 455.86221313
v 16.10003090 5.58636999 455.55288696
v 11.20003033 6.34228086 455.71459961
v 16.10003090 8.31139183 456.23880005
v 16.10003090 6.95733881 455.86221313
v 11.20003033 7.71938801 456.06530762
v 16.10003090 8.31139183 456.23880005
v 11.20003033 7.71938801 456.06530762
v 11.20003033 9.07730389 456.48410034
v 16.10003090 9.64523411 456.68170166
v 16.10003090 8.31139183 456.23880005
v 11.20003033 9.07730389 456.48410034
v 16.10003090 9.64523411 456.68170166
v 11.20003033 9.07730389 456.48410034
v 11.20003033 10.41265011 456.97021484
v 13.10002995 12.23935986 457.76181030
v 11.20003033 10.41265011 456.97021484
v 11.20003033 11.72212029 457.52218628
v 13.10002995 12.23935986 457.76181030
v 11.20003033 11.72212029 457.52218628
v 11.20003033 13.00244045 458.13870239
v 16.10003090 10.95561981 457.18969727
v 11.20003033 10.41265011 456.97021484
v 13.10002995 12.23935986 457.76181030
v 16.10003090 10.95561981 457.18969727
v 16.10003090 9.64523411 456.68170166
v 11.20003033 10.41265011 456.97021484
v 13.10002995 13.25543022 458.26998901
v 13.10002995 12.23935986 457.76181030
v 11.20003033 13.00244045 458.13870239
v 11.20003033 14.25043011 458.81838989
v 13.10002995 13.25543022 458.26998901
v 11.20003033 13.00244045 458.13870239
v 16.10003090 12.23935986 457.76181030
v 16.10003090 10.95561981 457.18969727
v 13.10002995 12.23935986 457.76181030
v 13.10002995 14.25043011 458.81838989
v 13.10002995 15.22280025 459.40591431
v 13.10002995 14.25043011 458.81838989
v 11.20003033 14.25043011 458.81838989
v 13.10002995 15.22280025 459.40591431
v 11.20003033 14.25043011 458.81838989
v 11.20003033 15.46300030 459.55929565
v 13.10002995 16.17097092 460.03170776
v 13.10002995 15.22280025 459.40591431
v 11.20003033 15.46300030 459.55929565
v 13.10002995 16.17097092 460.03170776
v 11.20003033 15.46300030 459.55929565
v 11.20003033 16.63713074 460.35980225
v 11.20003033 17.76988983 461.21789551
v 13.10002995 16.17097092 460.03170776
v 11.20003033 16.63713074 460.35980225
v 16.10003090 17.30825996 460.85739136
v 16.10003090 16.17097092 460.03170776
v 13.10002995 16.17097092 460.03170776
v 11.20003033 17.76988983 461.21789551
v 16.10003090 18.40346909 461.73818970
v 16.10003090 17.30825996 460.85739136
v 11.20003033 17.76988983 461.21789551
v 16.10003090 18.40346909 461.73818970
v 11.20003033 17.76988983 461.21789551
v 11.20003033 18.85848045 462.13128662
v 16.10003090 19.45392990 462.67190552
v 16.10003090 18.40346909 461.73818970
v 11.20003033 18.85848045 462.13128662
v 16.10003090 19.45392990 462.67190552
v 11.20003033 18.85848045 462.13128662
v 11.20003033 19.90019035 463.09790039
v 16.10003090 20.45706940 463.65631104
v 16.10003090 19.45392990 462.67190552
v 11.20003033 19.90019035 463.09790039
v 16.10003090 20.45706940 463.65631104
v 11.20003033 19.90019035 463.09790039
v 11.20003033 20.89241028 464.11520386
v 16.10003090 21.41046906 464.68890381
v 16.10003090 20.45706940 463.65631104
v 11.20003033 20.89241028 464.11520386
v 16.10003090 21.41046906 464.68890381
v 11.20003033 20.89241028 464.11520386
v 11.20003033 21.83270073 465.18060303
v 16.10003090 22.31180954 465.76730347
v 16.10003090 21.41046906 464.68890381
v 11.20003033 21.83270073 465.18060303
v 16.10003090 22.31180954 465.76730347
v 11.20003033 21.83270073 465.18060303
v 11.20003033 22.71870995 466.29168701
v 16.10003090 23.15888023 466.88870239
v 16.10003090 22.31180954 465.76730347
v 11.20003033 22.71870995 466.29168701
v 16.10003090 23.15888023 466.88870239
v 11.20003033 22.71870995 466.29168701
v 11.20003033 23.54824066 467.44549561
v 16.10003090 23.94964027 468.05059814
v 16.10003090 23.15888023 466.88870239
v 11.20003033 23.54824066 467.44549561
v 16.10003090 23.94964027 468.05059814
v 11.20003033 23.54824066 467.44549561
v 11.20003033 24.31921959 468.63919067
v 16.10003090 24.68215942 469.25000000
v 16.10003090 23.94964027 468.05059814
v 11.20003033 24.31921959 468.63919067
v 16.10003090 24.68215942 469.25000000
v 11.20003033 24.31921959 468.63919067
v 11.20003033 25.02975082 469.86990356
v 16.10003090 25.35466003 470.48419189
v 16.10003090 24.68215942 469.25000000
v 11.20003033 25.02975082 469.86990356
v 16.10003090 25.35466003 470.48419189
v 11.20003033 25.02975082 469.86990356
v 11.20003033 25.67804909 471.13439941
v 16.10003090 25.96549034 471.74990845
v 16.10003090 25.35466003 470.48419189
v 11.20003033 25.67804909 471.13439941
v 16.10003090 25.96549034 471.74990845
v 11.20003033 25.67804909 471.13439941
v 11.20003033 26.26251030 472.42968750
v 16.10003090 26.51318932 473.04431152
v 16.10003090 25.96549034 471.74990845
v 11.20003033 26.26251030 472.42968750
v 16.10003090 26.51318932 473.04431152
v 11.20003033 26.26251030 472.42968750
v 11.20003033 26.78167915 473.75250244
v 16.10003090 26.99641037 474.36401367
v 16.10003090 26.51318932 473.04431152
v 11.20003033 26.78167915 473.75250244
v 16.10003090 26.99641037 474.36401367
v 11.20003033 26.78167915 473.75250244
v 11.20003033 27.23426056 475.09960938
v 16.10003090 27.41398048 475.70599365
v 16.10003090 26.99641037 474.36401367
v 11.20003033 27.23426056 475.09960938
v 16.10003090 27.41398048 475.70599365
v 11.20003033 27.23426056 475.09960938
v 11.20003033 27.61914062 476.46749878
v 16.10003090 27.76487923 477.06689453
v 16.10003090 27.41398048 475.70599365
v 11.20003033 27.61914062 476.46749878
v 16.10003090 27.76487923 477.06689453
v 11.20003033 27.61914062 476.46749878
v 11.20003033 27.93535042 477.85290527
v 16.10003090 28.04826927 478.44351196
v 11.20003033 27.93535042 477.85290527
v 11.20003033 28.18210983 479.25241089
v 16.10003090 28.04826927 478.44351196
v 16.10003090 27.76487923 477.06689453
v 11.20003033 27.93535042 477.85290527
v 13.10002995 28.40990067 481.23019409
v 11.20003033 28.18210983 479.25241089
v 11.20003033 28.35881042 480.66241455
v 13.10002995 28.40990067 481.23019409
v 11.20003033 28.35881042 480.66241455
v 11.20003033 28.46500969 482.07949829
v 16.10003090 28.26345062 479.83230591
v 16.10003090 28.04826927 478.44351196
v 11.20003033 28.18210983 479.25241089
v 16.10003090 28.26345062 479.83230591
v 11.20003033 28.18210983 479.25241089
v 13.10002995 28.40990067 481.23019409
v 13.10002995 28.46018982 481.98590088
v 13.10002995 28.49036980 482.74270630
v 11.20003033 28.46500969 482.07949829
v 11.20003033 28.50042915 483.50009155
v 13.10002995 28.49036980 482.74270630
v 13.10002995 28.46018982 481.98590088
v 11.20003033 28.46500969 482.07949829
v 16.10003090 28.40990067 481.23019409
v 16.10003090 28.26345062 479.83230591
v 13.10002995 28.40990067 481.23019409
v 13.10002995 28.50042915 483.50009155
v 13.10002995 28.49036980 482.74270630
v 11.20003033 28.50042915 483.50009155
v 16.10003090 -12.34070015 509.14889526
v 16.10003090 -12.23849010 509.23840332
v 13.10002995 -12.23849010 509.23840332
v 16.10003090 -12.34070015 509.14889526
v 13.10002995 -12.23849010 509.23840332
v 13.20003033 -12.37633991 509.06130981
v 16.10003090 -12.38105011 509.01919556
v 13.20003033 -12.38090038 509.00158691
v 13.20003033 -12.37113953 508.94259644
v 16.10003090 -12.38105011 509.01919556
v 13.20003033 -12.37633991 509.06130981
v 13.20003033 -12.38090038 509.00158691
v 16.10003090 -12.38105011 509.01919556
v 16.10003090 -12.34070015 509.14889526
v 13.20003033 -12.37633991 509.06130981
v 16.10003090 -12.34764004 508.88760376
v 13.20003033 -12.37113953 508.94259644
v 13.20003033 -12.34764004 508.88760376
v 16.10003090 -12.34764004 508.88760376
v 16.10003090 -12.38105011 509.01919556
v 13.20003033 -12.37113953 508.94259644
v 13.20003033 -11.64251041 507.66629028
v 16.10003090 -11.64251041 507.66629028
v 13.20003033 -12.34764004 508.88760376
v 16.10003090 -12.34764004 508.88760376
v 16.10003090 -15.10661983 505.66629028
v 16.10003090 -15.02497959 505.53659058
v 13.20003033 -15.10661983 505.66629028
v 13.20003033 -15.02497959 505.53659058
v 13.20003033 -15.02497959 505.53659058
v 16.10003090 -14.93367004 505.41360474
v 13.20003033 -14.93367004 505.41360474
v 16.10003090 -15.02497959 505.53659058
v 13.20003033 -14.93367004 505.41360474
v 16.10003090 -14.83320045 505.29791260
v 13.20003033 -14.83320045 505.29791260
v 16.10003090 -14.93367004 505.41360474
v 16.10003090 -14.83320045 505.29791260
v 16.10003090 -14.72418022 505.19030762
v 13.20003033 -14.83320045 505.29791260
v 13.20003033 -14.72418022 505.19030762
v 16.10003090 -14.72418022 505.19030762
v 16.10003090 -14.60723019 505.09130859
v 13.20003033 -14.72418022 505.19030762
v 13.20003033 -14.60723019 505.09130859
v 16.10003090 -14.60723019 505.09130859
v 16.10003090 -14.48305035 505.00158691
v 13.20003033 -14.60723019 505.09130859
v 13.20003033 -14.48305035 505.00158691
v 16.10003090 -14.48305035 505.00158691
v 16.10003090 -14.35235977 504.92160034
v 13.20003033 -14.48305035 505.00158691
v 13.20003033 -14.35235977 504.92160034
v 16.10003090 -14.35235977 504.92160034
v 16.10003090 -14.21594048 504.85180664
v 13.20003033 -14.35235977 504.92160034
v 13.20003033 -14.21594048 504.85180664
v 16.10003090 -14.21594048 504.85180664
v 16.10003090 -14.07458019 504.79278564
v 13.20003033 -14.21594048 504.85180664
v 13.20003033 -14.07458019 504.79278564
v 16.10003090 -14.07458019 504.79278564
v 16.10003090 -13.92910957 504.74468994
v 13.20003033 -14.07458019 504.79278564
v 13.20003033 -13.92910957 504.74468994
v 16.10003090 -13.92910957 504.74468994
v 16.10003090 -13.78038979 504.70788574
v 13.20003033 -13.92910957 504.74468994
v 13.20003033 -13.78038979 504.70788574
v 13.20003033 -13.78038979 504.70788574
v 16.10003090 -13.78038979 504.70788574
v 13.20003033 -13.62928963 504.68249512
v 16.10003090 -13.62928963 504.68249512
v 16.10003090 -13.62928963 504.68249512
v 16.10003090 -13.47669029 504.66891479
v 13.20003033 -13.62928963 504.68249512
v 13.20003033 -13.47669029 504.66891479
v 16.10003090 -13.47669029 504.66891479
v 16.10003090 -13.32349014 504.66690063
v 13.20003033 -13.47669029 504.66891479
v 13.20003033 -13.32349014 504.66690063
v 13.20003033 -13.32349014 504.66690063
v 16.10003090 -13.32349014 504.66690063
v 13.20003033 -13.17059040 504.67669678
v 16.10003090 -13.17059040 504.67669678
v 16.10003090 -13.17059040 504.67669678
v 16.10003090 -13.01889038 504.69808960
v 13.20003033 -13.17059040 504.67669678
v 13.20003033 -13.01889038 504.69808960
v 16.10003090 -13.01889038 504.69808960
v 16.10003090 -12.86927032 504.73120117
v 13.20003033 -13.01889038 504.69808960
v 13.20003033 -12.86927032 504.73120117
v 13.20003033 -12.86927032 504.73120117
v 16.10003090 -12.86927032 504.73120117
v 13.20003033 -12.72262001 504.77551270
v 16.10003090 -12.72262001 504.77551270
v 13.20003033 -12.72262001 504.77551270
v 16.10003090 -12.57979965 504.83090210
v 13.20003033 -12.57979965 504.83090210
v 16.10003090 -12.72262001 504.77551270
v 13.20003033 -12.57979965 504.83090210
v 16.10003090 -12.44163990 504.89718628
v 13.20003033 -12.44163990 504.89718628
v 16.10003090 -12.57979965 504.83090210
v 13.20003033 -12.44163990 504.89718628
v 16.10003090 -12.44163990 504.89718628
v 13.20003033 -12.30895996 504.97378540
v 16.10003090 -12.30895996 504.97378540
v 13.20003033 -12.30895996 504.97378540
v 16.10003090 -12.18253040 505.06030273
v 13.20003033 -12.18253040 505.06030273
v 16.10003090 -12.30895996 504.97378540
v 13.20003033 -12.18253040 505.06030273
v 16.10003090 -12.06309032 505.15631104
v 13.20003033 -12.06309032 505.15631104
v 13.20003033 -12.06309032 505.15631104
v 16.10003090 -12.06309032 505.15631104
v 13.20003033 -11.95135021 505.26110840
v 16.10003090 -12.18253040 505.06030273
v 16.10003090 -11.95135021 505.26110840
v 13.20003033 -11.95135021 505.26110840
v 16.10003090 -11.84796047 505.37420654
v 13.20003033 -11.84796047 505.37420654
v 16.10003090 -11.95135021 505.26110840
v 13.20003033 -11.84796047 505.37420654
v 16.10003090 -11.75352955 505.49481201
v 13.20003033 -11.75352955 505.49481201
v 13.20003033 -11.75352955 505.49481201
v 16.10003090 -11.75352955 505.49481201
v 13.20003033 -11.66862011 505.62240601
v 16.10003090 -11.84796047 505.37420654
v 16.10003090 -11.66862011 505.62240601
v 13.20003033 -11.66862011 505.62240601
v 16.10003090 -11.59370995 505.75601196
v 13.20003033 -11.59370995 505.75601196
v 16.10003090 -11.66862011 505.62240601
v 16.10003090 -11.59370995 505.75601196
v 16.10003090 -11.52925968 505.89498901
v 13.20003033 -11.59370995 505.75601196
v 13.20003033 -11.52925968 505.89498901
v 16.10003090 -11.52925968 505.89498901
v 16.10003090 -11.47562981 506.03851318
v 13.20003033 -11.52925968 505.89498901
v 13.20003033 -11.47562981 506.03851318
v 13.20003033 -11.47562981 506.03851318
v 16.10003090 -11.47562981 506.03851318
v 13.20003033 -11.43315029 506.18569946
v 13.20003033 -11.43315029 506.18569946
v 16.10003090 -11.43315029 506.18569946
v 13.20003033 -11.40205956 506.33569336
v 16.10003090 -11.43315029 506.18569946
v 16.10003090 -11.40205956 506.33569336
v 13.20003033 -11.40205956 506.33569336
v 16.10003090 -11.40205956 506.33569336
v 13.20003033 -11.38255024 506.48770142
v 16.10003090 -11.38255024 506.48770142
v 16.10003090 -11.38255024 506.48770142
v 16.10003090 -11.37473011 506.64068604
v 13.20003033 -11.38255024 506.48770142
v 13.20003033 -11.37473011 506.64068604
v 13.20003033 -11.37473011 506.64068604
v 16.10003090 -11.37473011 506.64068604
v 13.20003033 -11.37864017 506.79391479
v 16.10003090 -11.37864017 506.79391479
v 16.10003090 -11.37864017 506.79391479
v 16.10003090 -11.39426994 506.94628906
v 13.20003033 -11.37864017 506.79391479
v 13.20003033 -11.39426994 506.94628906
v 13.20003033 -11.39426994 506.94628906
v 16.10003090 -11.39426994 506.94628906
v 13.20003033 -11.42150974 507.09710693
v 16.10003090 -11.42150974 507.09710693
v 16.10003090 -11.42150974 507.09710693
v 16.10003090 -11.46022034 507.24530029
v 13.20003033 -11.42150974 507.09710693
v 13.20003033 -11.46022034 507.24530029
v 16.10003090 -11.46022034 507.24530029
v 16.10003090 -11.51016045 507.39019775
v 13.20003033 -11.46022034 507.24530029
v 13.20003033 -11.51016045 507.39019775
v 16.10003090 -11.51016045 507.39019775
v 16.10003090 -11.57104969 507.53079224
v 13.20003033 -11.51016045 507.39019775
v 13.20003033 -11.57104969 507.53079224
v 16.10003090 -11.57104969 507.53079224
v 16.10003090 -11.64251041 507.66629028
v 13.20003033 -11.57104969 507.53079224
v 13.20003033 -11.64251041 507.66629028
v 13.20003033 -15.10661983 505.66629028
v 13.20003033 -15.81173992 506.88760376
v 16.10003090 -15.10661983 505.66629028
v 16.10003090 -15.81173992 506.88760376
v 13.20003033 -14.79111004 507.74411011
v 13.20003033 -15.94783020 506.99929810
v 13.20003033 -15.89389038 506.97338867
v 13.20003033 -15.84764957 506.93548584
v 13.20003033 -15.81173992 506.88760376
v 13.20003033 -14.20563984 507.30801392
v 13.20003033 -14.10334015 507.42221069
v 13.20003033 -13.98552036 507.52020264
v 13.20003033 -14.29022026 507.18020630
v 13.20003033 -13.85466957 507.60009766
v 13.20003033 -13.59967995 508.43188477
v 13.20003033 -14.35527992 507.04141235
v 13.20003033 -12.38090038 509.00158691
v 13.20003033 -12.37633991 509.06130981
v 13.20003033 -13.71358967 507.66000366
v 13.20003033 -12.37113953 508.94259644
v 13.20003033 -14.39943981 506.89459229
v 13.20003033 -13.56527996 507.69879150
v 13.20003033 -12.34764004 508.88760376
v 13.20003033 -14.42175961 506.74288940
v 13.20003033 -13.41291046 507.71560669
v 13.20003033 -14.42175961 506.58959961
v 13.20003033 -13.25973034 507.70999146
v 13.20003033 -13.10898018 507.68209839
v 13.20003033 -15.10661983 505.66629028
v 13.20003033 -14.39943981 506.43798828
v 13.20003033 -14.35527992 506.29119873
v 13.20003033 -12.96391010 507.63259888
v 13.20003033 -14.29022026 506.15240479
v 13.20003033 -15.02497959 505.53659058
v 13.20003033 -12.82758045 507.56250000
v 13.20003033 -14.20563984 506.02450562
v 13.20003033 -14.93367004 505.41360474
v 13.20003033 -12.70291042 507.47338867
v 13.20003033 -14.83320045 505.29791260
v 13.20003033 -14.10334015 505.91040039
v 13.20003033 -14.72418022 505.19030762
v 13.20003033 -14.60723019 505.09130859
v 13.20003033 -13.98552036 505.81228638
v 13.20003033 -14.48305035 505.00158691
v 13.20003033 -11.64251041 507.66629028
v 13.20003033 -12.49886990 507.24560547
v 13.20003033 -12.42383957 507.11190796
v 13.20003033 -12.59255028 507.36700439
v 13.20003033 -14.35235977 504.92160034
v 13.20003033 -13.85466957 505.73251343
v 13.20003033 -11.57104969 507.53079224
v 13.20003033 -14.21594048 504.85180664
v 13.20003033 -13.71358967 505.67248535
v 13.20003033 -11.51016045 507.39019775
v 13.20003033 -12.36907959 506.96881104
v 13.20003033 -14.07458019 504.79278564
v 13.20003033 -11.46022034 507.24530029
v 13.20003033 -13.92910957 504.74468994
v 13.20003033 -13.56527996 505.63369751
v 13.20003033 -11.42150974 507.09710693
v 13.20003033 -12.33574963 506.81909180
v 13.20003033 -13.78038979 504.70788574
v 13.20003033 -11.39426994 506.94628906
v 13.20003033 -13.62928963 504.68249512
v 13.20003033 -13.41291046 505.61700439
v 13.20003033 -11.37864017 506.79391479
v 13.20003033 -12.32456017 506.66629028
v 13.20003033 -13.47669029 504.66891479
v 13.20003033 -11.37473011 506.64068604
v 13.20003033 -13.32349014 504.66690063
v 13.20003033 -13.25973034 505.62258911
v 13.20003033 -11.38255024 506.48770142
v 13.20003033 -12.33574963 506.51339722
v 13.20003033 -13.17059040 504.67669678
v 13.20003033 -11.40205956 506.33569336
v 13.20003033 -13.01889038 504.69808960
v 13.20003033 -13.10898018 505.65039062
v 13.20003033 -11.43315029 506.18569946
v 13.20003033 -12.36907959 506.36380005
v 13.20003033 -12.86927032 504.73120117
v 13.20003033 -11.47562981 506.03851318
v 13.20003033 -12.72262001 504.77551270
v 13.20003033 -12.96391010 505.69989014
v 13.20003033 -11.52925968 505.89498901
v 13.20003033 -12.42383957 506.22061157
v 13.20003033 -12.57979965 504.83090210
v 13.20003033 -11.59370995 505.75601196
v 13.20003033 -12.44163990 504.89718628
v 13.20003033 -12.82758045 505.76998901
v 13.20003033 -11.66862011 505.62240601
v 13.20003033 -12.49886990 506.08691406
v 13.20003033 -12.30895996 504.97378540
v 13.20003033 -11.75352955 505.49481201
v 13.20003033 -12.59255028 505.96560669
v 13.20003033 -12.18253040 505.06030273
v 13.20003033 -12.70291042 505.85919189
v 13.20003033 -11.84796047 505.37420654
v 13.20003033 -12.06309032 505.15631104
v 13.20003033 -11.95135021 505.26110840
v 16.20002937 -15.71306038 506.51660156
v 16.10003090 -15.81173992 506.88760376
v 16.20002937 -15.89834976 506.83758545
v 16.10003090 -15.10661983 505.66629028
v 16.20002937 -15.39612961 505.96771240
v 16.20002937 -15.19322014 505.61630249
v 16.10003090 -16.17009926 506.96841431
v 16.20002937 -16.11335945 506.88610840
v 16.20002937 -16.03622055 506.91241455
v 16.10003090 -16.04153061 507.01220703
v 16.20002937 -16.03622055 506.91241455
v 16.20002937 -15.95672989 506.89440918
v 16.10003090 -16.04153061 507.01220703
v 16.10003090 -15.90904999 506.98229980
v 16.10003090 -15.81173992 506.88760376
v 16.20002937 -15.95672989 506.89440918
v 16.20002937 -15.89834976 506.83758545
v 16.10003090 -15.90904999 506.98229980
v 16.20002937 -15.19322014 505.61630249
v 16.20002937 -15.11828041 505.49600220
v 16.10003090 -15.10661983 505.66629028
v 16.10003090 -15.10661983 505.66629028
v 16.20002937 -15.11828041 505.49600220
v 16.10003090 -15.02497959 505.53659058
v 16.10003090 -15.02497959 505.53659058
v 16.20002937 -15.03540039 505.38110352
v 16.10003090 -14.93367004 505.41360474
v 16.20002937 -15.11828041 505.49600220
v 16.20002937 -15.03540039 505.38110352
v 16.10003090 -15.02497959 505.53659058
v 16.20002937 -15.03540039 505.38110352
v 16.20002937 -14.94495010 505.27200317
v 16.10003090 -14.93367004 505.41360474
v 16.10003090 -14.93367004 505.41360474
v 16.20002937 -14.94495010 505.27200317
v 16.10003090 -14.83320045 505.29791260
v 16.20002937 -14.94495010 505.27200317
v 16.20002937 -14.84737015 505.16931152
v 16.10003090 -14.83320045 505.29791260
v 16.10003090 -14.83320045 505.29791260
v 16.20002937 -14.84737015 505.16931152
v 16.10003090 -14.72418022 505.19030762
v 16.20002937 -14.84737015 505.16931152
v 16.20002937 -14.74306965 505.07339478
v 16.10003090 -14.72418022 505.19030762
v 16.10003090 -14.72418022 505.19030762
v 16.20002937 -14.74306965 505.07339478
v 16.10003090 -14.60723019 505.09130859
v 16.20002937 -14.74306965 505.07339478
v 16.20002937 -14.63255024 504.98480225
v 16.10003090 -14.60723019 505.09130859
v 16.10003090 -14.60723019 505.09130859
v 16.20002937 -14.63255024 504.98480225
v 16.10003090 -14.48305035 505.00158691
v 16.20002937 -14.63255024 504.98480225
v 16.20002937 -14.51630020 504.90380859
v 16.10003090 -14.48305035 505.00158691
v 16.10003090 -14.48305035 505.00158691
v 16.20002937 -14.51630020 504.90380859
v 16.10003090 -14.35235977 504.92160034
v 16.20002937 -14.51630020 504.90380859
v 16.20002937 -14.39484978 504.83068848
v 16.10003090 -14.35235977 504.92160034
v 16.20002937 -14.39484978 504.83068848
v 16.20002937 -14.26875973 504.76620483
v 16.10003090 -14.35235977 504.92160034
v 16.10003090 -14.21594048 504.85180664
v 16.20002937 -14.26875973 504.76620483
v 16.20002937 -14.13858986 504.71020508
v 16.10003090 -14.21594048 504.85180664
v 16.10003090 -14.21594048 504.85180664
v 16.20002937 -14.13858986 504.71020508
v 16.10003090 -14.07458019 504.79278564
v 16.20002937 -14.13858986 504.71020508
v 16.20002937 -13.99479008 504.65991211
v 16.10003090 -14.07458019 504.79278564
v 16.10003090 -14.07458019 504.79278564
v 16.20002937 -13.99479008 504.65991211
v 16.10003090 -13.92910957 504.74468994
v 16.20002937 -13.99479008 504.65991211
v 16.20002937 -13.84772015 504.62030029
v 16.10003090 -13.92910957 504.74468994
v 16.10003090 -13.92910957 504.74468994
v 16.20002937 -13.84772015 504.62030029
v 16.10003090 -13.78038979 504.70788574
v 16.20002937 -13.84772015 504.62030029
v 16.20002937 -13.69816971 504.59130859
v 16.10003090 -13.78038979 504.70788574
v 16.10003090 -13.78038979 504.70788574
v 16.20002937 -13.69816971 504.59130859
v 16.10003090 -13.62928963 504.68249512
v 16.20002937 -13.69816971 504.59130859
v 16.20002937 -13.54691029 504.57330322
v 16.10003090 -13.62928963 504.68249512
v 16.10003090 -13.62928963 504.68249512
v 16.20002937 -13.54691029 504.57330322
v 16.10003090 -13.47669029 504.66891479
v 16.20002937 -13.54691029 504.57330322
v 16.20002937 -13.39474964 504.56640625
v 16.10003090 -13.47669029 504.66891479
v 16.10003090 -13.47669029 504.66891479
v 16.20002937 -13.39474964 504.56640625
v 16.10003090 -13.32349014 504.66690063
v 16.20002937 -13.39474964 504.56640625
v 16.20002937 -13.24246979 504.57040405
v 16.10003090 -13.32349014 504.66690063
v 16.10003090 -13.32349014 504.66690063
v 16.20002937 -13.24246979 504.57040405
v 16.10003090 -13.17059040 504.67669678
v 16.20002937 -13.24246979 504.57040405
v 16.20002937 -13.09090042 504.58551025
v 16.10003090 -13.17059040 504.67669678
v 16.10003090 -13.17059040 504.67669678
v 16.20002937 -13.09090042 504.58551025
v 16.10003090 -13.01889038 504.69808960
v 16.20002937 -13.09090042 504.58551025
v 16.20002937 -12.94081020 504.61160278
v 16.10003090 -13.01889038 504.69808960
v 16.10003090 -13.01889038 504.69808960
v 16.20002937 -12.94081020 504.61160278
v 16.10003090 -12.86927032 504.73120117
v 16.20002937 -12.94081020 504.61160278
v 16.20002937 -12.79300976 504.64840698
v 16.10003090 -12.86927032 504.73120117
v 16.10003090 -12.86927032 504.73120117
v 16.20002937 -12.79300976 504.64840698
v 16.10003090 -12.72262001 504.77551270
v 16.10003090 -12.72262001 504.77551270
v 16.20002937 -12.64826965 504.69580078
v 16.10003090 -12.57979965 504.83090210
v 16.20002937 -12.79300976 504.64840698
v 16.20002937 -12.64826965 504.69580078
v 16.10003090 -12.72262001 504.77551270
v 16.10003090 -12.57979965 504.83090210
v 16.20002937 -12.50734997 504.75369263
v 16.10003090 -12.44163990 504.89718628
v 16.20002937 -12.64826965 504.69580078
v 16.20002937 -12.50734997 504.75369263
v 16.10003090 -12.57979965 504.83090210
v 16.10003090 -12.44163990 504.89718628
v 16.20002937 -12.37098980 504.82159424
v 16.10003090 -12.30895996 504.97378540
v 16.20002937 -12.50734997 504.75369263
v 16.20002937 -12.37098980 504.82159424
v 16.10003090 -12.44163990 504.89718628
v 16.10003090 -12.30895996 504.97378540
v 16.20002937 -12.23991966 504.89920044
v 16.10003090 -12.18253040 505.06030273
v 16.20002937 -12.37098980 504.82159424
v 16.20002937 -12.23991966 504.89920044
v 16.10003090 -12.30895996 504.97378540
v 16.20002937 -12.11480999 504.98611450
v 16.20002937 -12.11480999 504.98611450
v 16.10003090 -12.06309032 505.15631104
v 16.10003090 -12.18253040 505.06030273
v 16.20002937 -11.99633026 505.08178711
v 16.10003090 -12.06309032 505.15631104
v 16.20002937 -11.88510036 505.18591309
v 16.10003090 -11.95135021 505.26110840
v 16.20002937 -11.99633026 505.08178711
v 16.10003090 -11.95135021 505.26110840
v 16.20002937 -11.78170967 505.29779053
v 16.10003090 -11.84796047 505.37420654
v 16.20002937 -11.88510036 505.18591309
v 16.10003090 -11.84796047 505.37420654
v 16.20002937 -11.68669987 505.41680908
v 16.10003090 -11.75352955 505.49481201
v 16.20002937 -11.78170967 505.29779053
v 16.20002937 -11.68669987 505.41680908
v 16.10003090 -11.84796047 505.37420654
v 16.10003090 -11.75352955 505.49481201
v 16.20002937 -11.60056973 505.54251099
v 16.10003090 -11.66862011 505.62240601
v 16.20002937 -11.68669987 505.41680908
v 16.20002937 -11.60056973 505.54251099
v 16.10003090 -11.75352955 505.49481201
v 16.20002937 -11.60056973 505.54251099
v 16.20002937 -11.52377033 505.67401123
v 16.10003090 -11.66862011 505.62240601
v 16.10003090 -11.66862011 505.62240601
v 16.20002937 -11.52377033 505.67401123
v 16.10003090 -11.59370995 505.75601196
v 16.20002937 -11.52377033 505.67401123
v 16.20002937 -11.45672035 505.81069946
v 16.10003090 -11.59370995 505.75601196
v 16.10003090 -11.59370995 505.75601196
v 16.20002937 -11.45672035 505.81069946
v 16.10003090 -11.52925968 505.89498901
v 16.20002937 -11.45672035 505.81069946
v 16.20002937 -11.39974976 505.95208740
v 16.10003090 -11.52925968 505.89498901
v 16.10003090 -11.52925968 505.89498901
v 16.20002937 -11.39974976 505.95208740
v 16.10003090 -11.47562981 506.03851318
v 16.20002937 -11.39974976 505.95208740
v 16.20002937 -11.35317039 506.09710693
v 16.10003090 -11.47562981 506.03851318
v 16.10003090 -11.47562981 506.03851318
v 16.20002937 -11.35317039 506.09710693
v 16.10003090 -11.43315029 506.18569946
v 16.20002937 -11.35317039 506.09710693
v 16.20002937 -11.31723022 506.24508667
v 16.10003090 -11.43315029 506.18569946
v 16.10003090 -11.43315029 506.18569946
v 16.20002937 -11.31723022 506.24508667
v 16.10003090 -11.40205956 506.33569336
v 16.20002937 -11.31723022 506.24508667
v 16.20002937 -11.29211044 506.39529419
v 16.10003090 -11.40205956 506.33569336
v 16.10003090 -11.40205956 506.33569336
v 16.20002937 -11.29211044 506.39529419
v 16.10003090 -11.38255024 506.48770142
v 16.20002937 -11.29211044 506.39529419
v 16.20002937 -11.27795029 506.54699707
v 16.10003090 -11.38255024 506.48770142
v 16.10003090 -11.38255024 506.48770142
v 16.20002937 -11.27795029 506.54699707
v 16.10003090 -11.37473011 506.64068604
v 16.20002937 -11.27795029 506.54699707
v 16.20002937 -11.27482033 506.69931030
v 16.10003090 -11.37473011 506.64068604
v 16.10003090 -11.37473011 506.64068604
v 16.20002937 -11.27482033 506.69931030
v 16.10003090 -11.37864017 506.79391479
v 16.20002937 -11.27482033 506.69931030
v 16.20002937 -11.28273964 506.85140991
v 16.10003090 -11.37864017 506.79391479
v 16.10003090 -11.37864017 506.79391479
v 16.20002937 -11.28273964 506.85140991
v 16.10003090 -11.39426994 506.94628906
v 16.20002937 -11.28273964 506.85140991
v 16.20002937 -11.30167007 507.00259399
v 16.10003090 -11.39426994 506.94628906
v 16.10003090 -11.39426994 506.94628906
v 16.20002937 -11.30167007 507.00259399
v 16.10003090 -11.42150974 507.09710693
v 16.20002937 -11.30167007 507.00259399
v 16.20002937 -11.33150005 507.15188599
v 16.10003090 -11.42150974 507.09710693
v 16.10003090 -11.42150974 507.09710693
v 16.20002937 -11.33150005 507.15188599
v 16.10003090 -11.46022034 507.24530029
v 16.20002937 -11.33150005 507.15188599
v 16.20002937 -11.37207985 507.29879761
v 16.10003090 -11.46022034 507.24530029
v 16.10003090 -11.46022034 507.24530029
v 16.20002937 -11.37207985 507.29879761
v 16.10003090 -11.51016045 507.39019775
v 16.20002937 -11.37207985 507.29879761
v 16.20002937 -11.42319965 507.44229126
v 16.10003090 -11.51016045 507.39019775
v 16.10003090 -11.51016045 507.39019775
v 16.20002937 -11.42319965 507.44229126
v 16.10003090 -11.57104969 507.53079224
v 16.20002937 -11.42319965 507.44229126
v 16.20002937 -11.48458004 507.58160400
v 16.10003090 -11.57104969 507.53079224
v 16.20002937 -11.48458004 507.58160400
v 16.10003090 -11.64251041 507.66629028
v 16.10003090 -11.57104969 507.53079224
v 16.20002937 -11.48458004 507.58160400
v 16.20002937 -11.55591011 507.71630859
v 16.10003090 -11.64251041 507.66629028
v 16.10003090 -11.64251041 507.66629028
v 16.20002937 -11.55591011 507.71630859
v 16.20002937 -12.26103973 508.93750000
v 16.10003090 -12.34764004 508.88760376
v 16.10003090 -12.34764004 508.88760376
v 16.20002937 -12.26103973 508.93750000
v 16.20002937 -12.28108025 509.01660156
v 16.10003090 -12.38105011 509.01919556
v 16.20002937 -12.28108025 509.01660156
v 16.20002937 -12.25687027 509.09439087
v 16.10003090 -12.38105011 509.01919556
v 16.10003090 -12.34070015 509.14889526
v 16.20002937 -12.25687027 509.09439087
v 16.20002937 -12.19554996 509.14810181
v 16.10003090 -12.34070015 509.14889526
v 16.10003090 -12.23849010 509.23840332
v -27.79997063 -15.53304005 503.19299316
v -27.79997063 -14.97733974 505.96481323
v -27.79997063 -15.09850979 505.87741089
v -27.79997063 -15.21282005 505.78100586
v -27.79997063 -15.31960964 505.67651367
v -27.79997063 -15.41829014 505.56420898
v -27.79997063 -15.50831985 505.44488525
v -27.79997063 -15.58917999 505.31921387
v -27.79997063 -15.66042995 505.18780518
v -27.79997063 -15.72167015 505.05139160
v -27.79997063 -15.77254963 504.91088867
v -27.79997063 -15.81278992 504.76690674
v -27.79997063 -15.84216976 504.62039185
v -27.79997063 -15.86052990 504.47210693
v -27.79997063 -15.86775017 504.32281494
v -27.79997063 -15.86380959 504.17330933
v -27.79997063 -15.84871006 504.02459717
v -27.79997063 -15.82256031 503.87750244
v -27.79997063 -15.78547955 503.73269653
v -27.79997063 -15.73770046 503.59100342
v -27.79997063 -15.67947006 503.45339966
v -27.79997063 -15.61112022 503.32049561
v -27.79997063 -15.45170021 503.06369019
v -27.79997063 -15.37703991 502.93038940
v -27.79997063 -13.94132996 506.62210083
v -27.79997063 -15.30926037 502.79360962
v -27.79997063 -15.24853992 502.65341187
v -27.79997063 -15.19503021 502.51031494
v -27.79997063 -12.87654018 507.23159790
v -27.79997063 -15.14888000 502.36468506
v -27.79997063 -14.97379017 501.82470703
v -27.79997063 -15.07384014 502.08309937
v -27.79997063 -15.02828979 501.95220947
v -27.79997063 -7.19956493 509.52239990
v -27.79997063 -5.91191483 511.27780151
v -27.79997063 -7.19956493 510.97219849
v -27.79997063 -14.83895969 501.58239746
v -27.79997063 -15.11019039 502.21701050
v -27.79997063 -14.91057014 501.70120239
v -27.79997063 -4.61142683 511.52310181
v -27.79997063 -14.67193985 501.36120605
v -27.79997063 -14.75928020 501.46890259
v -27.79997063 -14.57734013 501.25979614
v -27.79997063 -11.78516960 507.79211426
v -27.79997063 -10.66944981 508.30239868
v -27.79997063 -9.53170967 508.76150513
v -27.79997063 -8.37428379 509.16839600
v -27.79997063 -3.30092502 511.70761108
v -27.79997063 -1.98325300 511.83068848
v -27.79997063 -0.66127330 511.89239502
v -27.79997063 7.20043516 509.52239990
v -27.79997063 7.20043516 510.97219849
v -27.79997063 5.91278505 511.27780151
v -27.79997063 4.61229706 511.52310181
v -27.79997063 3.30179405 511.70761108
v -27.79997063 1.98412204 511.83068848
v -27.79997063 0.66214287 511.89239502
v -27.79997063 15.32048035 505.67651367
v -27.79997063 15.21368980 505.78100586
v -27.79997063 15.09937954 505.87741089
v -27.79997063 15.41915989 505.56420898
v -27.79997063 15.50918961 505.44488525
v -27.79997063 15.59004974 505.31921387
v -27.79997063 15.66129971 505.18780518
v -27.79997063 -1.41377902 488.09631348
v -27.79997063 15.84304047 504.62039185
v -27.79997063 15.81365967 504.76690674
v -27.79997063 15.77342033 504.91088867
v -27.79997063 15.72253036 505.05139160
v -27.79997063 -0.93410248 487.74230957
v -27.79997063 -1.30413997 487.99450684
v -27.79997063 -1.18720603 487.90130615
v -27.79997063 -1.06362903 487.81710815
v -27.79997063 15.86139965 504.47210693
v -27.79997063 15.86468029 504.17330933
v -27.79997063 15.86861992 504.32281494
v -27.79997063 -0.66012341 487.62271118
v -27.79997063 -0.79934931 487.67739868
v -27.79997063 -0.51720327 487.57870483
v -27.79997063 15.82343006 503.87750244
v -27.79997063 15.84957981 504.02459717
v -27.79997063 15.78635025 503.73269653
v -27.79997063 15.73857021 503.59100342
v -27.79997063 -0.22349410 487.52310181
v -27.79997063 -0.37138841 487.54541016
v -27.79997063 15.61198997 503.32049561
v -27.79997063 15.68033981 503.45339966
v -27.79997063 15.53390980 503.19299316
v -27.79997063 14.97821045 505.96481323
v -27.79997063 15.45256042 503.06369019
v -27.79997063 15.37790966 502.93038940
v -27.79997063 13.94219971 506.62210083
v -27.79997063 15.31013012 502.79360962
v -27.79997063 15.24940968 502.65341187
v -27.79997063 15.19589996 502.51031494
v -27.79997063 12.87740993 507.23159790
v -27.79997063 15.14974976 502.36468506
v -27.79997063 0.37225801 487.54541016
v -27.79997063 -0.07434761 487.51190186
v -27.79997063 0.07521712 487.51190186
v -27.79997063 0.22436370 487.52310181
v -27.79997063 0.51807290 487.57870483
v -27.79997063 14.97465038 501.82470703
v -27.79997063 15.02915955 501.95220947
v -27.79997063 15.07470036 502.08309937
v -27.79997063 14.91143990 501.70120239
v -27.79997063 1.06449902 487.81710815
v -27.79997063 0.66099292 487.62271118
v -27.79997063 0.80021882 487.67739868
v -27.79997063 0.93497211 487.74230957
v -27.79997063 14.83983040 501.58239746
v -27.79997063 1.18807495 487.90130615
v -27.79997063 14.76014996 501.46890259
v -27.79997063 1.30500996 487.99450684
v -27.79997063 14.57820988 501.25979614
v -27.79997063 8.37515354 509.16839600
v -27.79997063 9.53258038 508.76150513
v -27.79997063 10.67031956 508.30239868
v -27.79997063 11.78604031 507.79211426
v -27.79997063 14.67280960 501.36120605
v -27.79997063 15.11106014 502.21701050
v -27.79997063 1.41464806 488.09631348
v 12.07485008 -5.76711321 495.53759766
v 12.07485008 -5.81710291 495.65570068
v 11.94966984 -6.00359488 495.56289673
v 12.20003033 -5.63061094 495.74859619
v 12.20003033 -5.57062197 495.60690308
v 12.20003033 -5.57062197 495.60690308
v 12.07485008 -5.81710291 495.65570068
v 12.07485008 -5.76711321 495.53759766
v 11.69931984 -6.64793491 495.59548950
v 11.82450008 -6.59711885 495.79760742
v 11.69931984 -6.69836092 495.60488892
v 11.82450008 -6.52378893 495.77420044
v 11.82450008 -6.59711885 495.79760742
v 11.69931984 -6.59904814 495.57998657
v 11.69931984 -6.64793491 495.59548950
v 11.94966984 -6.18815184 495.80731201
v 11.94966984 -6.26808691 495.87161255
v 11.82450008 -6.38845587 495.70150757
v 11.94966984 -6.05489683 495.65170288
v 12.07485008 -5.88122988 495.76681519
v 11.94966984 -6.11672783 495.73361206
v 12.20003033 -5.63061094 495.74859619
v 12.07485008 -5.88122988 495.76681519
v 12.07485008 -5.81710291 495.65570068
v 12.20003033 -5.70756197 495.88189697
v 11.94966984 -6.00359488 495.56289673
v 11.94966984 -6.05489683 495.65170288
v 11.69931984 -6.69836092 495.60488892
v 11.82450008 -6.67276001 495.81170654
v 11.82450008 -6.74956608 495.81640625
v 11.94966984 -6.74956608 496.02481079
v 11.82450008 -6.67276001 495.81170654
v 11.94966984 -6.26808691 495.87161255
v 11.94966984 -6.35531998 495.92559814
v 11.82450008 -6.38845587 495.70150757
v 11.82450008 -6.45388222 495.74200439
v 11.82450008 -6.45388222 495.74200439
v 11.94966984 -6.35531998 495.92559814
v 11.82450008 -6.52378893 495.77420044
v 12.20003033 -5.70756197 495.88189697
v 12.07485008 -5.95851803 495.86920166
v 12.20003033 -5.80030918 496.00469971
v 11.94966984 -6.11672783 495.73361206
v 12.07485008 -5.95851803 495.86920166
v 11.94966984 -6.18815184 495.80731201
v 11.94966984 -6.44853115 495.96850586
v 12.20003033 -5.80030918 496.00469971
v 12.07485008 -6.04779911 495.96121216
v 12.20003033 -5.90744591 496.11520386
v 12.20003033 -6.02734804 496.21170044
v 12.07485008 -6.04779911 495.96121216
v 12.20003033 -5.90744591 496.11520386
v 11.94966984 -6.44853115 495.96850586
v 11.94966984 -6.54630423 495.99960327
v 12.07485008 -6.14771795 496.04159546
v 12.07485008 -6.14771795 496.04159546
v 11.94966984 -6.64715815 496.01840210
v 12.07485008 -6.74956608 496.23309326
v 11.94966984 -6.64715815 496.01840210
v 11.94966984 -6.54630423 495.99960327
v 12.07485008 -6.25676012 496.10910034
v 12.20003033 -6.15819788 496.29269409
v 12.20003033 -6.02734804 496.21170044
v 12.07485008 -6.25676012 496.10910034
v 12.07485008 -6.37327099 496.16268921
v 12.07485008 -6.37327099 496.16268921
v 12.20003033 -6.15819788 496.29269409
v 12.20003033 -6.29801321 496.35699463
v 12.20003033 -6.44467306 496.40368652
v 12.20003033 -6.29801321 496.35699463
v 12.07485008 -6.49548912 496.20159912
v 12.07485008 -6.49548912 496.20159912
v 12.07485008 -6.62155581 496.22518921
v 12.20003033 -6.74956608 496.44140625
v 12.20003033 -6.59595490 496.43188477
v 12.07485008 -6.62155581 496.22518921
v 12.20003033 -6.44467306 496.40368652
v 12.20003033 -6.59595490 496.43188477
v 11.57413960 -6.74956608 495.39968872
v 11.57413960 -6.77516603 495.39819336
v 11.44896030 -6.74956608 495.19140625
v 11.69931984 -6.74956608 495.60809326
v 11.57413960 -6.77516603 495.39819336
v 11.57413960 -6.80038118 495.39349365
v 11.44896030 -6.74956608 495.19140625
v 11.57413960 -6.80038118 495.39349365
v 11.57413960 -6.82482386 495.38571167
v 11.44896030 -6.74956608 495.19140625
v 11.57413960 -6.82482386 495.38571167
v 11.57413960 -6.84812689 495.37500000
v 11.44896030 -6.74956608 495.19140625
v 11.69931984 -6.80076790 495.60488892
v 11.82450008 -6.74956608 495.81640625
v 11.57413960 -6.84812689 495.37500000
v 11.57413960 -6.86993504 495.36151123
v 11.44896030 -6.74956608 495.19140625
v 11.69931984 -6.85119486 495.59548950
v 11.69931984 -6.80076790 495.60488892
v 11.57413960 -6.86993504 495.36151123
v 11.57413960 -6.88991785 495.34539795
v 11.44896030 -6.74956608 495.19140625
v 11.69931984 -6.85119486 495.59548950
v 11.69931984 -6.90008307 495.57998657
v 11.57413960 -6.88991785 495.34539795
v 11.57413960 -6.90777397 495.32690430
v 11.44896030 -6.74956608 495.19140625
v 11.69931984 -6.90008307 495.57998657
v 11.69931984 -6.94668818 495.55850220
v 11.94966984 -6.74956608 496.02481079
v 11.82450008 -6.82637119 495.81170654
v 11.57413960 -6.90777397 495.32690430
v 11.57413960 -6.92323303 495.30648804
v 11.44896030 -6.74956608 495.19140625
v 11.69931984 -6.99030399 495.53149414
v 11.69931984 -6.94668818 495.55850220
v 11.82450008 -6.82637119 495.81170654
v 11.82450008 -6.90201092 495.79760742
v 11.57413960 -6.92323303 495.30648804
v 11.57413960 -6.93605804 495.28430176
v 11.44896030 -6.74956608 495.19140625
v 11.69931984 -7.03027201 495.49929810
v 11.69931984 -6.99030399 495.53149414
v 11.82450008 -6.97534084 495.77420044
v 11.82450008 -6.90201092 495.79760742
v 11.57413960 -6.93605804 495.28430176
v 11.57413960 -6.94605494 495.26058960
v 11.44896030 -6.74956608 495.19140625
v 11.69931984 -7.03027201 495.49929810
v 11.69931984 -7.06598377 495.46249390
v 11.82450008 -6.97534084 495.77420044
v 11.82450008 -7.04524803 495.74200439
v 12.07485008 -6.74956608 496.23309326
v 11.94966984 -6.85197210 496.01840210
v 11.57413960 -6.94605494 495.26058960
v 11.57413960 -6.95307493 495.23599243
v 11.44896030 -6.74956608 495.19140625
v 11.69931984 -7.09689903 495.42160034
v 11.69931984 -7.06598377 495.46249390
v 11.82450008 -7.04524803 495.74200439
v 11.82450008 -7.11067390 495.70150757
v 11.94966984 -6.95282602 495.99960327
v 11.94966984 -6.85197210 496.01840210
v 11.57413960 -6.95307493 495.23599243
v 11.57413960 -6.95700979 495.21060181
v 11.44896030 -6.74956608 495.19140625
v 11.69931984 -7.12255001 495.37710571
v 11.69931984 -7.09689903 495.42160034
v 11.82450008 -7.17062521 495.65328979
v 11.82450008 -7.11067390 495.70150757
v 11.94966984 -7.05060005 495.96850586
v 11.94966984 -6.95282602 495.99960327
v 11.57413960 -6.95700979 495.21060181
v 11.57413960 -6.95779896 495.18499756
v 11.44896030 -6.74956608 495.19140625
v 11.69931984 -7.12255001 495.37710571
v 11.69931984 -7.14254618 495.32989502
v 11.57413960 -6.93605804 495.28430176
v 11.69931984 -7.14254618 495.32989502
v 11.57413960 -6.94605494 495.26058960
v 11.69931984 -7.14254618 495.32989502
v 11.82450008 -7.17062521 495.65328979
v 11.82450008 -7.22419310 495.59811401
v 11.94966984 -7.05060005 495.96850586
v 11.94966984 -7.14380980 495.92559814
v 12.20003033 -6.90317488 496.43188477
v 12.07485008 -6.87757301 496.22518921
v 12.20003033 -6.74956608 496.44140625
v 11.57413960 -6.95779896 495.18499756
v 11.57413960 -6.95543289 495.15948486
v 11.44896030 -6.74956608 495.19140625
v 11.69931984 -7.15658522 495.28060913
v 11.82450008 -7.22419310 495.59811401
v 11.82450008 -7.27056694 495.53671265
v 11.94966984 -7.23104286 495.87161255
v 11.94966984 -7.14380980 495.92559814
v 12.07485008 -7.00364208 496.20159912
v 12.20003033 -7.05445719 496.40368652
v 12.20003033 -6.90317488 496.43188477
v 12.07485008 -6.87757301 496.22518921
v 11.57413960 -6.95543289 495.15948486
v 11.57413960 -6.94994497 495.13439941
v 11.44896030 -6.74956608 495.19140625
v 11.69931984 -7.15658522 495.28060913
v 11.69931984 -7.16445398 495.22988892
v 11.82450008 -7.30904198 495.47000122
v 11.69931984 -7.12255001 495.37710571
v 11.82450008 -7.30904198 495.47000122
v 11.82450008 -7.27056694 495.53671265
v 11.94966984 -7.31097794 495.80731201
v 11.94966984 -7.23104286 495.87161255
v 12.20003033 -7.20111704 496.35699463
v 12.07485008 -7.12585783 496.16268921
v 12.20003033 -7.05445719 496.40368652
v 12.20003033 -7.34093189 496.29269409
v 12.07485008 -7.12585783 496.16268921
v 12.20003033 -7.20111704 496.35699463
v 12.07485008 -7.00364208 496.20159912
v 11.57413960 -6.94994497 495.13439941
v 11.57413960 -6.94142103 495.11019897
v 11.44896030 -6.74956608 495.19140625
v 11.69931984 -7.16445398 495.22988892
v 11.69931984 -7.16603422 495.17858887
v 11.57413960 -6.95700979 495.21060181
v 11.69931984 -7.16603422 495.17858887
v 11.82450008 -7.30904198 495.47000122
v 11.82450008 -7.33903694 495.39910889
v 11.94966984 -7.38240194 495.73361206
v 11.94966984 -7.31097794 495.80731201
v 12.07485008 -7.24237108 496.10910034
v 11.57413960 -6.94142103 495.11019897
v 11.57413960 -6.92998695 495.08731079
v 11.44896030 -6.74956608 495.19140625
v 11.69931984 -7.16603422 495.17858887
v 11.69931984 -7.16130114 495.12750244
v 11.82450008 -7.36009502 495.32510376
v 11.82450008 -7.33903694 495.39910889
v 11.94966984 -7.44423294 495.65170288
v 11.94966984 -7.38240194 495.73361206
v 12.20003033 -7.47178221 496.21170044
v 12.07485008 -7.35141182 496.04159546
v 12.20003033 -7.34093189 496.29269409
v 12.07485008 -7.24237108 496.10910034
v 11.57413960 -6.92998695 495.08731079
v 11.57413960 -6.91581917 495.06588745
v 11.44896030 -6.74956608 495.19140625
v 11.69931984 -7.16130114 495.12750244
v 11.69931984 -7.15032578 495.07739258
v 11.82450008 -7.37189913 495.24911499
v 11.82450008 -7.36009502 495.32510376
v 11.94966984 -7.44423294 495.65170288
v 11.94966984 -7.49553490 495.56289673
v 11.94966984 -7.49553490 495.56289673
v 11.82450008 -7.33903694 495.39910889
v 12.20003033 -7.59168482 496.11520386
v 12.07485008 -7.45133209 495.96121216
v 12.20003033 -7.47178221 496.21170044
v 12.07485008 -7.35141182 496.04159546
v 11.57413960 -6.91581917 495.06588745
v 11.57413960 -6.89912987 495.04638672
v 11.44896030 -6.74956608 495.19140625
v 11.69931984 -7.13327599 495.02899170
v 11.69931984 -7.15032578 495.07739258
v 11.82450008 -7.37426901 495.17221069
v 11.82450008 -7.37426901 495.17221069
v 11.82450008 -7.37189913 495.24911499
v 11.94966984 -7.49553490 495.56289673
v 11.94966984 -7.53552723 495.46841431
v 12.07485008 -7.45133209 495.96121216
v 12.07485008 -7.54061222 495.86920166
v 12.20003033 -7.69882202 496.00469971
v 12.20003033 -7.59168482 496.11520386
v 11.57413960 -6.89912987 495.04638672
v 11.57413960 -6.88017416 495.02911377
v 11.44896030 -6.74956608 495.19140625
v 11.69931984 -7.11040878 494.98309326
v 11.57413960 -6.92998695 495.08731079
v 11.69931984 -7.11040878 494.98309326
v 11.57413960 -6.91581917 495.06588745
v 11.69931984 -7.13327599 495.02899170
v 11.82450008 -7.36716795 495.09561157
v 11.94966984 -7.53552723 495.46841431
v 11.94966984 -7.56360483 495.36968994
v 12.20003033 -7.79156780 495.88189697
v 12.07485008 -7.61790085 495.76681519
v 12.20003033 -7.69882202 496.00469971
v 12.20003033 -7.86851883 495.74859619
v 12.07485008 -7.61790085 495.76681519
v 12.20003033 -7.79156780 495.88189697
v 12.07485008 -7.54061222 495.86920166
v 11.57413960 -6.88017416 495.02911377
v 11.57413960 -6.85923815 495.01431274
v 11.44896030 -6.74956608 495.19140625
v 11.69931984 -7.11040878 494.98309326
v 11.69931984 -7.08207178 494.94030762
v 11.82450008 -7.36716795 495.09561157
v 11.82450008 -7.35070705 495.02038574
v 11.94966984 -7.56360483 495.36968994
v 11.94966984 -7.57934380 495.26831055
v 12.07485008 -7.68202686 495.65570068
v 12.07485008 -7.68202686 495.65570068
v 11.57413960 -6.85923815 495.01431274
v 11.57413960 -6.83664083 495.00219727
v 11.44896030 -6.74956608 495.19140625
v 11.69931984 -7.04869509 494.90139771
v 11.69931984 -7.08207178 494.94030762
v 11.82450008 -7.32513094 494.94781494
v 11.82450008 -7.35070705 495.02038574
v 11.94966984 -7.58250284 495.16571045
v 11.94966984 -7.57934380 495.26831055
v 12.20003033 -7.86851883 495.74859619
v 12.07485008 -7.73201799 495.53759766
v 12.07485008 -7.68202686 495.65570068
v 12.20003033 -7.92850780 495.60690308
v 12.07485008 -7.73201799 495.53759766
v 12.20003033 -7.86851883 495.74859619
v 11.57413960 -6.83664083 495.00219727
v 11.57413960 -6.81272221 494.99288940
v 11.44896030 -6.74956608 495.19140625
v 11.69931984 -7.01078320 494.86679077
v 11.69931984 -7.04869509 494.90139771
v 11.82450008 -7.29083109 494.87890625
v 11.82450008 -7.32513094 494.94781494
v 11.94966984 -7.58250284 495.16571045
v 11.94966984 -7.57303715 495.06359863
v 12.07485008 -7.76711607 495.41430664
v 12.20003033 -7.97062588 495.45880127
v 12.20003033 -7.92850780 495.60690308
v 12.07485008 -7.73201799 495.53759766
v 11.57413960 -6.81272221 494.99288940
v 11.57413960 -6.78784704 494.98669434
v 11.44896030 -6.74956608 495.19140625
v 11.69931984 -6.96891212 494.83718872
v 11.69931984 -6.96891212 494.83718872
v 11.69931984 -7.01078320 494.86679077
v 11.82450008 -7.24832582 494.81478882
v 11.82450008 -7.24832582 494.81478882
v 11.82450008 -7.29083109 494.87890625
v 11.94966984 -7.57303715 495.06359863
v 11.94966984 -7.55108690 494.96340942
v 12.20003033 -7.99423313 495.30679321
v 12.07485008 -7.78678799 495.28750610
v 12.20003033 -7.97062588 495.45880127
v 12.20003033 -7.99897194 495.15289307
v 12.07485008 -7.78678799 495.28750610
v 12.20003033 -7.99423313 495.30679321
v 12.07485008 -7.76711607 495.41430664
v 11.57413960 -6.78784704 494.98669434
v 11.57413960 -6.76239014 494.98348999
v 11.44896030 -6.74956608 495.19140625
v 11.69931984 -6.92371607 494.81289673
v 11.82450008 -7.19825983 494.75628662
v 11.94966984 -7.55108690 494.96340942
v 11.94966984 -7.51698589 494.86660767
v 11.94966984 -7.51698589 494.86660767
v 12.07485008 -7.79073811 495.15930176
v 12.07485008 -7.79073811 495.15930176
v 11.57413960 -6.76239014 494.98348999
v 11.57413960 -6.73674011 494.98348999
v 11.44896030 -6.74956608 495.19140625
v 11.69931984 -6.87587881 494.79440308
v 11.69931984 -6.92371607 494.81289673
v 11.82450008 -7.14139318 494.70449829
v 11.82450008 -7.19825983 494.75628662
v 11.94966984 -7.47125292 494.77481079
v 12.20003033 -7.98477221 494.99969482
v 12.07485008 -7.77890396 495.03170776
v 12.20003033 -7.99897194 495.15289307
v 12.07485008 -7.77890396 495.03170776
v 11.57413960 -6.73674011 494.98348999
v 11.57413960 -6.71128511 494.98669434
v 11.44896030 -6.74956608 495.19140625
v 11.69931984 -6.82612801 494.78189087
v 11.69931984 -6.82612801 494.78189087
v 11.69931984 -6.87587881 494.79440308
v 11.82450008 -7.14139318 494.70449829
v 11.82450008 -7.07858515 494.66000366
v 11.94966984 -7.47125292 494.77481079
v 11.94966984 -7.41457891 494.68920898
v 11.82450008 -7.29083109 494.87890625
v 11.94966984 -7.41457891 494.68920898
v 11.82450008 -7.24832582 494.81478882
v 12.07485008 -7.75146723 494.90631104
v 12.20003033 -7.95184708 494.84930420
v 12.20003033 -7.98477221 494.99969482
v 12.20003033 -7.90069723 494.70419312
v 12.07485008 -7.75146723 494.90631104
v 12.20003033 -7.95184708 494.84930420
v 11.57413960 -6.71128511 494.98669434
v 11.57413960 -6.68640804 494.99288940
v 11.44896030 -6.74956608 495.19140625
v 11.69931984 -6.77521515 494.77560425
v 11.82450008 -7.07858515 494.66000366
v 11.82450008 -7.01078987 494.62359619
v 11.94966984 -7.41457891 494.68920898
v 11.94966984 -7.34782505 494.61129761
v 11.94966984 -7.34782505 494.61129761
v 12.07485008 -7.70884180 494.78540039
v 12.20003033 -7.83209705 494.56640625
v 12.07485008 -7.70884180 494.78540039
v 12.20003033 -7.90069723 494.70419312
v 11.57413960 -6.68640804 494.99288940
v 11.57413960 -6.66248989 495.00219727
v 11.44896030 -6.74956608 495.19140625
v 11.69931984 -6.72391510 494.77560425
v 11.69931984 -6.77521515 494.77560425
v 11.82450008 -6.93903494 494.59588623
v 11.82450008 -7.01078987 494.62359619
v 11.94966984 -7.27200222 494.54220581
v 12.07485008 -7.65167618 494.67059326
v 11.57413960 -6.66248989 495.00219727
v 11.57413960 -6.63989210 495.01431274
v 11.44896030 -6.74956608 495.19140625
v 11.69931984 -6.67300320 494.78189087
v 11.69931984 -6.72391510 494.77560425
v 11.82450008 -6.86440802 494.57708740
v 11.82450008 -6.86440802 494.57708740
v 11.82450008 -6.93903494 494.59588623
v 11.94966984 -7.18825912 494.48291016
v 11.94966984 -7.27200222 494.54220581
v 12.20003033 -7.74708700 494.43811035
v 12.07485008 -7.58083296 494.56369019
v 12.20003033 -7.83209705 494.56640625
v 12.20003033 -7.64695501 494.32128906
v 12.07485008 -7.58083296 494.56369019
v 12.20003033 -7.74708700 494.43811035
v 12.07485008 -7.65167618 494.67059326
v 11.57413960 -6.63989210 495.01431274
v 11.57413960 -6.61895609 495.02911377
v 11.44896030 -6.74956608 495.19140625
v 11.69931984 -6.67300320 494.78189087
v 11.69931984 -6.62325096 494.79440308
v 11.82450008 -6.78804111 494.56759644
v 11.94966984 -7.09786606 494.43438721
v 11.94966984 -7.18825912 494.48291016
v 11.94966984 -7.09786606 494.43438721
v 12.20003033 -7.53321981 494.21749878
v 12.07485008 -7.49738979 494.46630859
v 12.20003033 -7.64695501 494.32128906
v 12.07485008 -7.49738979 494.46630859
v 11.57413960 -6.61895609 495.02911377
v 11.57413960 -6.59999990 495.04638672
v 11.44896030 -6.74956608 495.19140625
v 11.69931984 -6.62325096 494.79440308
v 11.69931984 -6.57541513 494.81289673
v 11.82450008 -6.78804111 494.56759644
v 11.82450008 -6.71109009 494.56759644
v 11.94966984 -7.00219297 494.39730835
v 12.20003033 -7.40760612 494.12860107
v 12.07485008 -7.40260983 494.37991333
v 12.20003033 -7.53321981 494.21749878
v 12.07485008 -7.40260983 494.37991333
v 11.57413960 -6.59999990 495.04638672
v 11.57413960 -6.58331203 495.06588745
v 11.44896030 -6.74956608 495.19140625
v 11.69931984 -6.53021908 494.83718872
v 11.69931984 -6.57541513 494.81289673
v 11.82450008 -6.63472223 494.57708740
v 11.82450008 -6.71109009 494.56759644
v 11.94966984 -7.00219297 494.39730835
v 11.94966984 -6.90268993 494.37231445
v 12.07485008 -7.29793215 494.30578613
v 11.57413960 -6.58331203 495.06588745
v 11.57413960 -6.56914282 495.08731079
v 11.44896030 -6.74956608 495.19140625
v 11.69931984 -6.53021908 494.83718872
v 11.69931984 -6.48834705 494.86679077
v 11.82450008 -6.63472223 494.57708740
v 11.82450008 -6.56009483 494.59588623
v 11.94966984 -6.90268993 494.37231445
v 11.94966984 -6.80086613 494.35958862
v 12.20003033 -7.40760612 494.12860107
v 12.07485008 -7.18494081 494.24508667
v 12.07485008 -7.29793215 494.30578613
v 12.20003033 -7.27201509 494.05578613
v 12.20003033 -7.12850618 494.00030518
v 12.07485008 -7.18494081 494.24508667
v 12.20003033 -7.27201509 494.05578613
v 11.57413960 -6.56914282 495.08731079
v 11.57413960 -6.55770922 495.11019897
v 11.44896030 -6.74956608 495.19140625
v 11.69931984 -6.48834705 494.86679077
v 11.69931984 -6.45043516 494.90139771
v 11.82450008 -6.56009483 494.59588623
v 11.82450008 -6.48833990 494.62359619
v 11.82450008 -6.48833990 494.62359619
v 11.94966984 -6.80086613 494.35958862
v 11.94966984 -6.69826508 494.35958862
v 12.07485008 -7.06534910 494.19869995
v 12.20003033 -6.97925186 493.96270752
v 12.07485008 -7.06534910 494.19869995
v 12.20003033 -7.12850618 494.00030518
v 11.57413960 -6.55770922 495.11019897
v 11.57413960 -6.54918480 495.13439941
v 11.44896030 -6.74956608 495.19140625
v 11.69931984 -6.41705799 494.94030762
v 11.69931984 -6.45043516 494.90139771
v 11.82450008 -6.42054510 494.66000366
v 11.94966984 -6.59644079 494.37231445
v 11.94966984 -6.69826508 494.35958862
v 12.07485008 -6.94097090 494.16751099
v 12.07485008 -6.94097090 494.16751099
v 11.57413960 -6.54918480 495.13439941
v 11.57413960 -6.54369688 495.15948486
v 11.44896030 -6.74956608 495.19140625
v 11.57413960 -6.58331203 495.06588745
v 11.69931984 -6.38872099 494.98309326
v 11.57413960 -6.56914282 495.08731079
v 11.69931984 -6.41705799 494.94030762
v 11.69931984 -6.38872099 494.98309326
v 11.82450008 -6.42054510 494.66000366
v 11.82450008 -6.35773802 494.70449829
v 11.82450008 -6.35773802 494.70449829
v 11.94966984 -6.49693823 494.39730835
v 11.94966984 -6.59644079 494.37231445
v 12.20003033 -6.97925186 493.96270752
v 12.07485008 -6.81369114 494.15170288
v 12.20003033 -6.82651615 493.94378662
v 12.20003033 -6.67261410 493.94378662
v 12.07485008 -6.81369114 494.15170288
v 12.20003033 -6.82651615 493.94378662
v 11.57413960 -6.54369688 495.15948486
v 11.57413960 -6.54132986 495.18499756
v 11.44896030 -6.74956608 495.19140625
v 11.69931984 -6.36585522 495.02899170
v 11.69931984 -6.38872099 494.98309326
v 11.82450008 -6.30086994 494.75628662
v 11.82450008 -6.30086994 494.75628662
v 11.94966984 -6.40126514 494.43438721
v 11.94966984 -6.49693823 494.39730835
v 11.94966984 -6.40126514 494.43438721
v 12.07485008 -6.68543911 494.15170288
v 11.57413960 -6.54132986 495.18499756
v 11.57413960 -6.54211998 495.21060181
v 11.44896030 -6.74956608 495.19140625
v 11.69931984 -6.34880400 495.07739258
v 11.69931984 -6.36585522 495.02899170
v 11.82450008 -6.25080395 494.81478882
v 11.94966984 -6.31087208 494.48291016
v 11.94966984 -6.31087208 494.48291016
v 12.07485008 -6.55815887 494.16751099
v 12.20003033 -6.51987791 493.96270752
v 12.20003033 -6.67261410 493.94378662
v 12.20003033 -6.37062502 494.00030518
v 12.07485008 -6.55815887 494.16751099
v 12.20003033 -6.51987791 493.96270752
v 12.07485008 -6.68543911 494.15170288
v 11.57413960 -6.54211998 495.21060181
v 11.57413960 -6.54605484 495.23599243
v 11.44896030 -6.74956608 495.19140625
v 11.69931984 -6.33783007 495.12750244
v 11.69931984 -6.33783007 495.12750244
v 11.69931984 -6.34880400 495.07739258
v 11.82450008 -6.25080395 494.81478882
v 11.82450008 -6.20829916 494.87890625
v 11.69931984 -6.41705799 494.94030762
v 11.82450008 -6.20829916 494.87890625
v 11.82450008 -6.20829916 494.87890625
v 11.94966984 -6.22712803 494.54220581
v 12.07485008 -6.43378115 494.19869995
v 11.57413960 -6.54605484 495.23599243
v 11.57413960 -6.55307388 495.26058960
v 11.44896030 -6.74956608 495.19140625
v 11.69931984 -6.33309603 495.17858887
v 11.69931984 -6.33309603 495.17858887
v 11.82450008 -6.17399883 494.94781494
v 11.94966984 -6.15130520 494.61129761
v 11.94966984 -6.22712803 494.54220581
v 11.94966984 -6.15130520 494.61129761
v 12.07485008 -6.31418991 494.24508667
v 12.20003033 -6.37062502 494.00030518
v 12.07485008 -6.31418991 494.24508667
v 12.07485008 -6.43378115 494.19869995
v 12.20003033 -6.22711515 494.05578613
v 11.57413960 -6.55307388 495.26058960
v 11.57413960 -6.56307316 495.28430176
v 11.44896030 -6.74956608 495.19140625
v 11.69931984 -6.33309603 495.17858887
v 11.69931984 -6.33467579 495.22988892
v 11.57413960 -6.54211998 495.21060181
v 11.82450008 -6.14842415 495.02038574
v 11.82450008 -6.14842415 495.02038574
v 11.82450008 -6.17399883 494.94781494
v 11.94966984 -6.08455086 494.68920898
v 11.94966984 -6.08455086 494.68920898
v 12.20003033 -6.22711515 494.05578613
v 12.07485008 -6.20119905 494.30578613
v 12.20003033 -6.09152508 494.12860107
v 11.57413960 -6.56307316 495.28430176
v 11.57413960 -6.57589817 495.30648804
v 11.44896030 -6.74956608 495.19140625
v 11.69931984 -6.34254503 495.28060913
v 11.69931984 -6.33467579 495.22988892
v 11.69931984 -6.34254503 495.28060913
v 11.82450008 -6.13196087 495.09561157
v 11.94966984 -6.08455086 494.68920898
v 11.94966984 -6.02787685 494.77481079
v 12.07485008 -6.09651899 494.37991333
v 12.20003033 -5.96590996 494.21749878
v 12.20003033 -6.09152508 494.12860107
v 12.20003033 -5.85217524 494.32128906
v 12.07485008 -6.09651899 494.37991333
v 12.20003033 -5.96590996 494.21749878
v 12.07485008 -6.20119905 494.30578613
v 11.57413960 -6.57589817 495.30648804
v 11.57413960 -6.59135580 495.32690430
v 11.44896030 -6.74956608 495.19140625
v 11.57413960 -6.55307388 495.26058960
v 11.69931984 -6.35658407 495.32989502
v 11.57413960 -6.56307316 495.28430176
v 11.69931984 -6.35658407 495.32989502
v 11.82450008 -6.12486076 495.17221069
v 11.82450008 -6.13196087 495.09561157
v 11.94966984 -5.98214388 494.86660767
v 11.94966984 -5.98214388 494.86660767
v 11.94966984 -6.02787685 494.77481079
v 12.07485008 -6.00173998 494.46630859
v 12.07485008 -6.00173998 494.46630859
v 11.57413960 -6.59135580 495.32690430
v 11.57413960 -6.60921192 495.34539795
v 11.44896030 -6.74956608 495.19140625
v 11.69931984 -6.35658407 495.32989502
v 11.69931984 -6.37658024 495.37710571
v 11.82450008 -6.12723207 495.24911499
v 11.82450008 -6.12723207 495.24911499
v 11.82450008 -6.12486076 495.17221069
v 11.94966984 -5.94804287 494.96340942
v 11.94966984 -5.94804287 494.96340942
v 12.20003033 -5.85217524 494.32128906
v 12.07485008 -5.91829777 494.56369019
v 12.20003033 -5.75204277 494.43811035
v 11.57413960 -6.60921192 495.34539795
v 11.57413960 -6.62919617 495.36151123
v 11.44896030 -6.74956608 495.19140625
v 11.69931984 -6.40223122 495.42160034
v 11.69931984 -6.40223122 495.42160034
v 11.69931984 -6.37658024 495.37710571
v 11.82450008 -6.13903618 495.32510376
v 11.94966984 -5.92609406 495.06359863
v 12.07485008 -5.91829777 494.56369019
v 12.07485008 -5.84745502 494.67059326
v 12.20003033 -5.75204277 494.43811035
v 12.20003033 -5.66703415 494.56640625
v 12.07485008 -5.84745502 494.67059326
v 11.57413960 -6.62919617 495.36151123
v 11.57413960 -6.65100384 495.37500000
v 11.44896030 -6.74956608 495.19140625
v 11.69931984 -6.43314600 495.46249390
v 11.82450008 -6.13903618 495.32510376
v 11.82450008 -6.16009378 495.39910889
v 11.94966984 -5.91662693 495.16571045
v 11.94966984 -5.92609406 495.06359863
v 11.94966984 -5.91662693 495.16571045
v 12.07485008 -5.79028797 494.78540039
v 12.20003033 -5.59843302 494.70419312
v 12.20003033 -5.66703415 494.56640625
v 12.20003033 -5.54728317 494.84930420
v 12.07485008 -5.79028797 494.78540039
v 12.20003033 -5.59843302 494.70419312
v 11.57413960 -6.65100384 495.37500000
v 11.57413960 -6.67430592 495.38571167
v 11.44896030 -6.74956608 495.19140625
v 11.69931984 -6.46885920 495.49929810
v 11.69931984 -6.43314600 495.46249390
v 11.69931984 -6.46885920 495.49929810
v 11.82450008 -6.19008780 495.47000122
v 11.69931984 -6.37658024 495.37710571
v 11.82450008 -6.16009378 495.39910889
v 11.82450008 -6.19008780 495.47000122
v 11.94966984 -5.91978693 495.26831055
v 11.94966984 -5.91978693 495.26831055
v 12.07485008 -5.74766302 494.90631104
v 12.07485008 -5.74766302 494.90631104
v 12.20003033 -5.51435804 494.99969482
v 12.20003033 -5.54728317 494.84930420
v 11.57413960 -6.67430592 495.38571167
v 11.57413960 -6.69875002 495.39349365
v 11.44896030 -6.74956608 495.19140625
v 11.69931984 -6.50882578 495.53149414
v 11.69931984 -6.50882578 495.53149414
v 11.82450008 -6.22856379 495.53671265
v 11.82450008 -6.19008780 495.47000122
v 11.82450008 -6.22856379 495.53671265
v 11.94966984 -5.93552494 495.36968994
v 12.07485008 -5.72022581 495.03170776
v 12.07485008 -5.72022581 495.03170776
v 11.44896030 -6.74956608 495.19140625
v 11.57413960 -6.72396278 495.39819336
v 11.57413960 -6.74956608 495.39968872
v 11.69931984 -6.74956608 495.60809326
v 11.57413960 -6.69875002 495.39349365
v 11.57413960 -6.72396278 495.39819336
v 11.44896030 -6.74956608 495.19140625
v 11.69931984 -6.55244303 495.55850220
v 11.82450008 -6.27493715 495.59811401
v 11.82450008 -6.27493715 495.59811401
v 11.94966984 -5.96360302 495.46841431
v 11.94966984 -5.93552494 495.36968994
v 11.94966984 -5.96360302 495.46841431
v 12.20003033 -5.50015783 495.15289307
v 12.07485008 -5.70839214 495.15930176
v 12.20003033 -5.51435804 494.99969482
v 11.69931984 -6.55244303 495.55850220
v 11.69931984 -6.59904814 495.57998657
v 11.82450008 -6.32850504 495.65328979
v 12.07485008 -5.71234179 495.28750610
v 12.20003033 -5.50489712 495.30679321
v 12.07485008 -5.71234179 495.28750610
v 12.20003033 -5.50015783 495.15289307
v 12.07485008 -5.70839214 495.15930176
v 11.82450008 -6.32850504 495.65328979
v 12.20003033 -5.52850485 495.45880127
v 12.07485008 -5.73201513 495.41430664
v 12.20003033 -5.50489712 495.30679321
v 12.07485008 -5.76711321 495.53759766
v 12.20003033 -5.57062197 495.60690308
v 12.20003033 -5.52850485 495.45880127
v 12.07485008 -5.73201513 495.41430664
v 11.94966984 -5.96360302 495.46841431
v 11.94966984 -6.00359488 495.56289673
f 1 2 3
f 2 4 3
f 5 6 7
f 6 8 7
f 9 10 11
f 10 12 11
f 13 14 15
f 14 16 15
f 17 18 19
f 18 20 19
f 21 22 23
f 22 24 23
f 25 26 27
f 26 28 27
f 29 30 31
f 30 32 31
f 33 34 35
f 36 37 38
f 34 39 35
f 40 41 42
f 37 43 38
f 44 45 46
f 41 47 42
f 48 49 50
f 45 51 46
f 52 53 54
f 49 55 50
f 56 57 58
f 53 59 54
f 57 60 58
f 61 62 63
f 62 64 63
f 65 66 67
f 66 68 67
f 69 70 71
f 70 72 71
f 73 74 75
f 74 76 75
f 77 78 79
f 78 80 79
f 81 82 83
f 82 84 83
f 85 86 87
f 86 88 87
f 89 90 91
f 90 92 91
f 93 94 95
f 94 96 95
f 97 98 99
f 98 100 99
f 101 102 103
f 102 104 103
f 105 106 107
f 106 108 107
f 109 110 111
f 110 112 111
f 113 114 115
f 116 117 118
f 114 119 115
f 120 121 122
f 117 123 118
f 124 125 126
f 121 127 122
f 128 129 130
f 125 131 126
f 132 133 134
f 129 135 130
f 136 137 138
f 133 139 134
f 140 141 142
f 137 143 138
f 144 145 146
f 141 147 142
f 148 149 150
f 145 151 146
f 152 153 154
f 149 155 150
f 156 157 158
f 153 159 154
f 157 160 158
f 161 162 163
f 162 164 163
f 165 166 167
f 166 168 167
f 169 170 171
f 172 173 174
f 170 175 171
f 176 177 178
f 173 179 174
f 180 181 182
f 177 183 178
f 181 184 182
f 185 186 187
f 188 189 190
f 191 186 185
f 192 193 194
f 189 195 190
f 196 197 198
f 193 199 194
f 200 201 202
f 197 203 198
f 204 205 206
f 201 207 202
f 205 208 206
f 209 210 211
f 212 210 209
f 213 214 215
f 216 217 218
f 219 214 213
f 220 221 222
f 217 223 218
f 224 225 226
f 221 227 222
f 228 229 230
f 225 231 226
f 232 233 234
f 229 235 230
f 236 237 238
f 233 239 234
f 240 241 242
f 237 243 238
f 241 244 242
f 245 246 247
f 248 246 245
f 249 250 251
f 252 253 254
f 255 250 249
f 256 257 258
f 253 259 254
f 260 261 262
f 257 263 258
f 261 264 262
f 265 266 267
f 267 266 268
f 269 270 271
f 271 270 272
f 273 274 275
f 275 274 276
f 277 278 279
f 277 279 280
f 281 277 280
f 281 280 282
f 283 278 277
f 283 284 278
f 285 281 282
f 285 282 286
f 287 288 284
f 287 284 283
f 289 285 286
f 289 286 290
f 291 288 287
f 291 292 293
f 291 293 288
f 294 289 290
f 294 290 295
f 294 295 296
f 297 292 291
f 297 298 292
f 299 296 300
f 299 294 296
f 301 298 297
f 301 302 298
f 303 300 304
f 303 299 300
f 305 306 307
f 305 307 302
f 305 302 301
f 308 309 310
f 308 304 309
f 308 303 304
f 311 312 306
f 311 306 305
f 313 310 314
f 313 308 310
f 315 316 312
f 315 312 311
f 317 314 318
f 317 313 314
f 319 320 316
f 319 316 315
f 321 318 322
f 321 322 323
f 321 317 318
f 324 320 319
f 324 325 326
f 324 326 320
f 327 323 328
f 327 321 323
f 329 325 324
f 329 330 325
f 331 328 332
f 331 327 328
f 333 330 329
f 333 334 330
f 335 332 336
f 335 331 332
f 337 334 333
f 338 334 337
f 339 335 336
f 340 339 336
f 341 338 337
f 341 337 342
f 343 344 339
f 343 339 340
f 345 341 342
f 345 342 346
f 347 348 344
f 347 344 343
f 349 345 346
f 349 346 350
f 351 352 348
f 351 348 347
f 353 349 350
f 354 352 351
f 355 353 350
f 355 350 356
f 357 358 352
f 357 352 354
f 359 355 356
f 359 356 360
f 361 362 358
f 361 358 357
f 363 360 364
f 363 359 360
f 365 366 362
f 365 362 361
f 367 363 364
f 368 366 365
f 369 367 364
f 369 364 370
f 371 372 366
f 371 366 368
f 373 369 370
f 373 370 374
f 375 376 372
f 375 372 371
f 377 373 374
f 377 374 378
f 379 380 376
f 379 376 375
f 381 377 378
f 381 378 382
f 383 384 380
f 383 380 379
f 385 381 382
f 386 384 383
f 387 385 382
f 387 382 388
f 389 390 384
f 389 384 386
f 391 388 392
f 391 387 388
f 393 394 390
f 393 390 389
f 395 392 396
f 395 391 392
f 397 396 394
f 397 394 393
f 398 395 396
f 398 396 397
f 399 400 401
f 399 401 402
f 403 404 405
f 406 407 408
f 409 410 411
f 412 413 414
f 415 416 417
f 418 419 420
f 421 422 423
f 424 425 426
f 427 428 429
f 430 431 432
f 433 434 435
f 436 437 438
f 439 440 441
f 442 443 444
f 445 446 447
f 448 449 450
f 451 452 442
f 453 454 455
f 451 442 444
f 451 456 452
f 457 458 459
f 460 453 455
f 461 462 463
f 464 457 459
f 465 466 467
f 468 461 463
f 469 470 471
f 472 465 467
f 473 474 475
f 476 469 471
f 477 478 479
f 480 473 475
f 481 477 479
f 482 483 484
f 485 482 484
f 486 487 488
f 489 486 488
f 490 491 492
f 493 490 492
f 494 495 496
f 497 494 496
f 498 499 500
f 501 498 500
f 502 503 504
f 505 502 504
f 506 507 508
f 509 506 508
f 510 511 512
f 513 510 512
f 514 515 516
f 517 518 519
f 520 514 516
f 521 522 523
f 524 517 519
f 525 526 527
f 528 521 523
f 529 530 531
f 532 525 527
f 533 534 535
f 536 529 531
f 537 538 539
f 540 533 535
f 541 537 539
f 542 543 544
f 545 546 547
f 548 546 545
f 549 550 551
f 552 553 554
f 555 556 557
f 558 559 560
f 561 562 563
f 564 565 566
f 567 568 569
f 570 571 572
f 573 574 575
f 576 577 578
f 579 580 581
f 582 583 584
f 585 586 587
f 588 589 590
f 591 592 593
f 594 595 596
f 597 598 599
f 600 601 602
f 603 604 605
f 606 607 608
f 609 610 611
f 603 612 604
f 613 609 611
f 614 615 616
f 617 618 619
f 617 620 618
f 621 622 623
f 624 614 616
f 625 626 627
f 628 621 623
f 629 630 631
f 632 625 627
f 633 634 635
f 636 629 631
f 637 638 639
f 640 633 635
f 641 642 643
f 644 637 639
f 645 646 647
f 648 641 643
f 649 650 651
f 652 645 647
f 653 654 655
f 656 649 651
f 657 658 659
f 660 653 655
f 661 662 663
f 664 657 659
f 665 666 667
f 668 661 663
f 669 670 671
f 672 665 667
f 673 674 675
f 676 669 671
f 677 678 679
f 680 673 675
f 681 682 683
f 684 677 679
f 685 686 687
f 688 681 683
f 689 685 687
f 690 691 692
f 693 690 692
f 694 695 696
f 694 697 695
f 698 699 700
f 698 701 699
f 702 701 698
f 703 701 702
f 704 705 706
f 707 708 709
f 710 711 712
f 713 714 715
f 716 717 718
f 719 720 721
f 722 723 724
f 725 726 727
f 728 729 730
f 731 732 733
f 734 735 736
f 737 738 739
f 740 741 742
f 743 744 745
f 746 747 748
f 749 750 751
f 752 753 754
f 755 756 757
f 758 759 760
f 761 762 763
f 764 765 766
f 767 768 769
f 770 771 772
f 773 774 775
f 776 777 778
f 779 780 781
f 782 783 784
f 785 786 787
f 788 789 790
f 791 792 793
f 794 795 796
f 797 798 799
f 800 794 796
f 800 801 794
f 800 802 801
f 803 804 805
f 806 803 805
f 807 808 809
f 810 811 812
f 807 809 813
f 814 810 812
f 815 816 817
f 815 817 818
f 819 820 821
f 822 823 824
f 819 821 825
f 826 822 824
f 827 828 829
f 830 831 832
f 827 829 833
f 834 830 832
f 835 836 837
f 835 837 838
f 839 840 841
f 839 841 842
f 843 844 845
f 843 845 846
f 847 848 849
f 850 851 852
f 847 849 853
f 854 850 852
f 855 856 857
f 855 857 858
f 859 860 861
f 859 862 860
f 863 864 865
f 863 866 864
f 867 868 869
f 867 869 870
f 871 872 873
f 871 874 872
f 875 876 877
f 875 878 876
f 879 880 881
f 879 882 880
f 883 884 885
f 883 885 886
f 887 888 889
f 887 889 890
f 891 892 893
f 891 893 894
f 895 896 897
f 895 897 898
f 899 900 901
f 902 903 904
f 899 901 905
f 906 902 904
f 907 908 909
f 910 907 909
f 911 912 913
f 911 913 914
f 915 916 917
f 918 919 920
f 915 917 921
f 922 918 920
f 923 924 925
f 923 925 926
f 927 928 929
f 927 929 930
f 931 932 933
f 934 935 936
f 931 933 937
f 938 934 936
f 939 940 941
f 939 941 942
f 943 944 945
f 943 946 944
f 947 948 949
f 950 951 952
f 950 953 951
f 954 947 949
f 955 956 957
f 955 958 956
f 959 960 961
f 959 962 960
f 963 964 965
f 963 966 964
f 967 968 969
f 967 970 968
f 971 972 973
f 971 974 972
f 975 976 977
f 975 978 976
f 979 980 981
f 979 981 982
f 983 984 985
f 983 985 986
f 987 988 989
f 987 989 990
f 991 992 993
f 991 993 994
f 995 996 997
f 998 999 1000
f 995 997 1001
f 1002 998 1000
f 1003 1004 1005
f 1003 1005 1006
f 1007 1008 1009
f 1007 1009 1010
f 1011 1008 1007
f 1012 1008 1011
f 1013 1014 1015
f 1016 1017 1018
f 1019 1020 1021
f 1022 1023 1024
f 1025 1026 1027
f 1028 1029 1030
f 1031 1032 1033
f 1034 1035 1036
f 1037 1038 1039
f 1040 1041 1042
f 1043 1044 1045
f 1046 1047 1048
f 1049 1050 1051
f 1052 1053 1054
f 1055 1046 1048
f 1056 1057 1058
f 1059 1060 1061
f 1062 1063 1064
f 1065 1066 1067
f 1068 1069 1070
f 1071 1072 1073
f 1074 1075 1076
f 1077 1078 1079
f 1080 1081 1082
f 1083 1084 1085
f 1086 1087 1088
f 1089 1090 1091
f 1092 1093 1094
f 1095 1096 1097
f 1098 1099 1100
f 1101 1102 1103
f 1104 1105 1106
f 1107 1108 1109
f 1110 1111 1112
f 1113 1114 1115
f 1116 1117 1118
f 1119 1120 1121
f 1122 1123 1124
f 1125 1126 1127
f 1128 1129 1130
f 1131 1132 1133
f 1134 1135 1136
f 1137 1138 1139
f 1140 1141 1142
f 1143 1144 1145
f 1146 1144 1143
f 1146 1147 1144
f 1148 1143 1145
f 1148 1145 1149
f 1150 1151 1147
f 1150 1147 1146
f 1152 1148 1149
f 1152 1149 1153
f 1154 1151 1150
f 1154 1155 1151
f 1156 1153 1157
f 1156 1152 1153
f 1158 1159 1155
f 1158 1155 1154
f 1160 1157 1161
f 1160 1156 1157
f 1162 1163 1159
f 1162 1159 1158
f 1164 1163 1162
f 1165 1166 1163
f 1165 1163 1164
f 1167 1160 1161
f 1168 1169 1166
f 1170 1168 1166
f 1171 1167 1161
f 1171 1161 1172
f 1173 1166 1165
f 1173 1165 1174
f 1173 1170 1166
f 1175 1173 1174
f 1175 1174 1176
f 1175 1176 1177
f 1175 1177 1178
f 1179 1175 1178
f 1180 1169 1168
f 1180 1181 1169
f 1182 1171 1172
f 1182 1172 1183
f 1184 1185 1175
f 1186 1175 1179
f 1186 1179 1187
f 1188 1184 1175
f 1189 1175 1186
f 1190 1188 1175
f 1191 1175 1189
f 1192 1190 1175
f 1193 1175 1191
f 1194 1181 1180
f 1194 1195 1181
f 1196 1182 1183
f 1196 1183 1197
f 1198 1192 1175
f 1199 1175 1193
f 1200 1198 1175
f 1201 1175 1199
f 1202 1200 1175
f 1203 1175 1201
f 1204 1202 1175
f 1205 1175 1203
f 1206 1204 1175
f 1207 1175 1205
f 1208 1206 1175
f 1209 1175 1207
f 1210 1208 1175
f 1211 1175 1209
f 1211 1210 1175
f 1212 1195 1194
f 1212 1213 1195
f 1214 1196 1197
f 1214 1197 1215
f 1216 1213 1212
f 1216 1217 1213
f 1218 1214 1215
f 1218 1215 1219
f 1220 1221 1217
f 1220 1217 1216
f 1222 1218 1219
f 1222 1219 1223
f 1224 1221 1220
f 1224 1225 1221
f 1226 1222 1223
f 1226 1223 1227
f 1228 1225 1224
f 1228 1229 1225
f 1230 1226 1227
f 1230 1227 1231
f 1232 1229 1228
f 1233 1229 1232
f 1234 1230 1231
f 1234 1231 1235
f 1236 1233 1232
f 1237 1234 1235
f 1237 1235 1238
f 1239 1233 1236
f 1240 1237 1238
f 1241 1240 1238
f 1242 1243 1244
f 1245 1242 1244
f 1246 1241 1238
f 1247 1245 1244
f 1248 1247 1244
f 1249 1239 1236
f 1250 1248 1244
f 1251 1250 1244
f 1252 1251 1244
f 1253 1252 1244
f 1254 1253 1244
f 1255 1254 1244
f 1256 1241 1246
f 1256 1244 1241
f 1256 1246 1257
f 1258 1257 1246
f 1258 1246 1259
f 1260 1244 1256
f 1261 1262 1239
f 1261 1239 1249
f 1263 1255 1244
f 1264 1244 1260
f 1265 1263 1244
f 1266 1244 1264
f 1267 1265 1244
f 1268 1244 1266
f 1269 1267 1244
f 1270 1244 1268
f 1271 1269 1244
f 1272 1244 1270
f 1273 1271 1244
f 1274 1244 1272
f 1275 1273 1244
f 1276 1244 1274
f 1277 1244 1276
f 1278 1275 1244
f 1278 1244 1277
f 1278 1279 1275
f 1280 1258 1259
f 1281 1280 1259
f 1282 1262 1261
f 1282 1283 1262
f 1284 1280 1281
f 1285 1283 1282
f 1285 1286 1283
f 1287 1284 1281
f 1288 1284 1287
f 1289 1286 1285
f 1289 1290 1286
f 1291 1288 1287
f 1292 1288 1291
f 1293 1290 1289
f 1293 1294 1290
f 1295 1292 1291
f 1296 1292 1295
f 1297 1294 1293
f 1297 1298 1294
f 1299 1296 1295
f 1300 1296 1299
f 1301 1302 1298
f 1301 1298 1297
f 1303 1300 1299
f 1304 1300 1303
f 1305 1306 1302
f 1305 1302 1301
f 1307 1304 1303
f 1308 1304 1307
f 1309 1306 1305
f 1310 1306 1309
f 1311 1308 1307
f 1312 1308 1311
f 1313 1310 1309
f 1314 1313 1315
f 1314 1315 1316
f 1314 1310 1313
f 1317 1318 1319
f 1320 1318 1317
f 1321 1318 1320
f 1322 1321 1323
f 1322 1318 1321
f 1324 1312 1311
f 1325 1322 1326
f 1325 1326 1327
f 1325 1327 1328
f 1325 1318 1322
f 1329 1312 1324
f 1330 1325 1331
f 1332 1325 1330
f 1332 1330 1333
f 1332 1318 1325
f 1334 1332 1335
f 1336 1318 1332
f 1336 1332 1334
f 1337 1318 1336
f 1338 1339 1314
f 1338 1314 1316
f 1340 1316 1318
f 1340 1338 1316
f 1341 1339 1338
f 1342 1318 1337
f 1342 1337 1343
f 1344 1340 1318
f 1345 1339 1341
f 1346 1342 1347
f 1348 1324 1349
f 1348 1329 1324
f 1350 1342 1346
f 1351 1352 1353
f 1351 1353 1344
f 1354 1342 1350
f 1354 1318 1342
f 1354 1344 1318
f 1354 1351 1344
f 1355 1339 1345
f 1356 1355 1345
f 1357 1349 1358
f 1357 1348 1349
f 1359 1355 1356
f 1360 1359 1356
f 1361 1357 1358
f 1362 1361 1358
f 1363 1359 1360
f 1364 1363 1360
f 1365 1361 1362
f 1366 1365 1362
f 1367 1363 1364
f 1368 1367 1364
f 1369 1365 1366
f 1370 1369 1366
f 1371 1367 1368
f 1372 1371 1368
f 1373 1369 1370
f 1374 1373 1370
f 1375 1371 1372
f 1376 1375 1372
f 1377 1373 1374
f 1378 1377 1374
f 1379 1375 1376
f 1380 1379 1376
f 1381 1377 1378
f 1382 1381 1378
f 1383 1379 1380
f 1383 1380 1384
f 1385 1381 1382
f 1386 1385 1382
f 1387 1388 1389
f 1387 1389 1390
f 1391 1392 1388
f 1391 1388 1387
f 1393 1385 1386
f 1394 1387 1395
f 1394 1391 1387
f 1396 1383 1384
f 1396 1384 1397
f 1398 1399 1400
f 1398 1400 1394
f 1398 1394 1395
f 1401 1402 1403
f 1401 1403 1393
f 1401 1393 1386
f 1404 1405 1406
f 1404 1406 1398
f 1407 1398 1395
f 1407 1404 1398
f 1407 1408 1404
f 1409 1407 1395
f 1410 1396 1397
f 1410 1397 1411
f 1412 1395 1413
f 1412 1409 1395
f 1412 1414 1409
f 1415 1412 1413
f 1416 1417 1418
f 1419 1416 1418
f 1419 1415 1413
f 1419 1418 1415
f 1420 1419 1413
f 1420 1421 1419
f 1422 1413 1423
f 1424 1420 1413
f 1424 1413 1422
f 1425 1423 1402
f 1425 1401 1426
f 1425 1422 1423
f 1425 1402 1401
f 1427 1425 1426
f 1428 1427 1426
f 1429 1410 1411
f 1430 1410 1429
f 1431 1428 1426
f 1432 1428 1431
f 1433 1430 1429
f 1434 1430 1433
f 1435 1432 1431
f 1435 1436 1432
f 1437 1434 1433
f 1438 1434 1437
f 1439 1438 1437
f 1440 1436 1435
f 1440 1441 1436
f 1442 1438 1439
f 1443 1442 1439
f 1444 1441 1440
f 1444 1445 1441
f 1446 1442 1443
f 1447 1446 1443
f 1448 1445 1444
f 1448 1449 1445
f 1450 1446 1447
f 1451 1450 1447
f 1452 1449 1448
f 1452 1453 1449
f 1454 1450 1451
f 1455 1454 1451
f 1456 1453 1452
f 1456 1457 1453
f 1458 1454 1455
f 1459 1458 1455
f 1460 1461 1462
f 1463 1462 1464
f 1463 1464 1465
f 1463 1460 1462
f 1466 1467 1457
f 1466 1457 1456
f 1468 1469 1470
f 1468 1470 1471
f 1472 1473 1463
f 1474 1465 1469
f 1474 1469 1468
f 1475 1476 1472
f 1475 1472 1463
f 1475 1465 1474
f 1475 1463 1465
f 1477 1475 1474
f 1478 1474 1479
f 1478 1479 1480
f 1481 1458 1459
f 1481 1459 1482
f 1483 1478 1484
f 1483 1474 1478
f 1485 1467 1466
f 1485 1486 1467
f 1487 1483 1488
f 1487 1488 1489
f 1490 1483 1487
f 1491 1483 1490
f 1492 1481 1482
f 1492 1482 1493
f 1492 1493 1494
f 1495 1491 1496
f 1497 1477 1474
f 1497 1474 1483
f 1497 1491 1495
f 1497 1483 1491
f 1498 1477 1497
f 1499 1494 1477
f 1499 1477 1498
f 1500 1486 1485
f 1500 1501 1486
f 1502 1501 1500
f 1503 1499 1504
f 1503 1504 1505
f 1503 1492 1494
f 1503 1494 1499
f 1506 1502 1500
f 1507 1502 1506
f 1508 1505 1509
f 1508 1503 1505
f 1510 1511 1507
f 1510 1507 1506
f 1512 1509 1513
f 1512 1508 1509
f 1514 1515 1511
f 1514 1511 1510
f 1516 1513 1517
f 1516 1512 1513
f 1518 1515 1514
f 1518 1519 1515
f 1520 1517 1521
f 1520 1516 1517
f 1522 1519 1518
f 1522 1523 1519
f 1524 1525 1526
f 1527 1520 1521
f 1527 1521 1528
f 1529 1523 1522
f 1529 1530 1523
f 1531 1532 1533
f 1531 1533 1534
f 1531 1534 1535
f 1536 1527 1528
f 1536 1528 1537
f 1538 1539 1531
f 1540 1530 1529
f 1540 1541 1530
f 1542 1535 1543
f 1542 1543 1544
f 1542 1544 1545
f 1542 1545 1525
f 1542 1538 1531
f 1542 1524 1546
f 1542 1546 1547
f 1542 1547 1548
f 1542 1548 1549
f 1542 1549 1550
f 1542 1550 1551
f 1542 1551 1552
f 1542 1552 1553
f 1542 1553 1554
f 1542 1554 1555
f 1542 1531 1535
f 1542 1525 1524
f 1556 1557 1558
f 1556 1558 1538
f 1556 1538 1542
f 1559 1536 1537
f 1559 1537 1560
f 1561 1556 1542
f 1562 1561 1542
f 1563 1564 1541
f 1563 1541 1540
f 1565 1542 1566
f 1565 1562 1542
f 1567 1565 1566
f 1568 1560 1569
f 1568 1559 1560
f 1570 1571 1564
f 1570 1564 1563
f 1572 1568 1569
f 1572 1569 1573
f 1574 1571 1570
f 1574 1566 1575
f 1574 1575 1571
f 1576 1573 1577
f 1576 1577 1578
f 1576 1572 1573
f 1579 1567 1566
f 1579 1580 1581
f 1579 1566 1574
f 1579 1581 1567
f 1582 1576 1578
f 1582 1578 1583
f 1584 1580 1579
f 1584 1585 1580
f 1586 1582 1583
f 1586 1583 1587
f 1588 1585 1584
f 1588 1589 1585
f 1590 1586 1587
f 1590 1587 1591
f 1592 1589 1588
f 1592 1593 1589
f 1594 1591 1595
f 1594 1590 1591
f 1596 1597 1593
f 1596 1593 1592
f 1598 1595 1597
f 1598 1594 1595
f 1598 1597 1596
f 1599 1600 1601
f 1602 1603 1604
f 1605 1599 1601
f 1606 1607 1608
f 1609 1602 1604
f 1610 1611 1612
f 1613 1606 1608
f 1614 1615 1616
f 1617 1610 1612
f 1618 1619 1620
f 1621 1614 1616
f 1622 1623 1624
f 1625 1618 1620
f 1626 1627 1628
f 1629 1622 1624
f 1630 1631 1632
f 1633 1626 1628
f 1634 1635 1636
f 1637 1630 1632
f 1638 1639 1640
f 1641 1634 1636
f 1642 1643 1644
f 1645 1638 1640
f 1646 1647 1648
f 1649 1642 1644
f 1650 1651 1652
f 1653 1646 1648
f 1654 1650 1652
f 1655 1656 1657
f 1658 1655 1657
f 1659 1660 1661
f 1662 1659 1661
f 1663 1664 1665
f 1666 1663 1665
f 1667 1668 1669
f 1670 1671 1672
f 1673 1667 1669
f 1674 1670 1672
f 1675 1676 1677
f 1678 1675 1677
f 1679 1680 1681
f 1682 1679 1681
f 1682 1681 1683
f 1684 1680 1679
f 1684 1685 1680
f 1686 1682 1683
f 1686 1683 1687
f 1688 1685 1684
f 1688 1689 1685
f 1690 1686 1687
f 1690 1687 1691
f 1692 1689 1688
f 1692 1693 1689
f 1694 1690 1691
f 1694 1691 1695
f 1696 1695 1697
f 1696 1697 1698
f 1699 1693 1692
f 1699 1700 1693
f 1701 1698 1697
f 1702 1695 1696
f 1703 1694 1695
f 1704 1701 1697
f 1705 1695 1702
f 1706 1703 1695
f 1706 1695 1705
f 1707 1704 1697
f 1708 1706 1705
f 1709 1697 1710
f 1709 1707 1697
f 1711 1712 1706
f 1711 1706 1708
f 1713 1709 1710
f 1714 1715 1712
f 1714 1712 1711
f 1716 1700 1699
f 1716 1717 1700
f 1718 1713 1710
f 1719 1715 1714
f 1720 1721 1718
f 1720 1722 1721
f 1720 1718 1710
f 1723 1720 1710
f 1724 1725 1717
f 1724 1717 1716
f 1726 1722 1720
f 1727 1722 1726
f 1728 1727 1726
f 1729 1727 1728
f 1730 1710 1731
f 1730 1723 1710
f 1732 1725 1724
f 1732 1733 1725
f 1734 1731 1735
f 1734 1730 1731
f 1736 1733 1732
f 1736 1737 1733
f 1738 1734 1735
f 1738 1735 1739
f 1740 1737 1736
f 1740 1741 1737
f 1742 1738 1739
f 1742 1739 1743
f 1744 1741 1740
f 1744 1745 1741
f 1746 1743 1747
f 1746 1742 1743
f 1748 1745 1744
f 1748 1749 1745
f 1750 1747 1751
f 1750 1746 1747
f 1752 1749 1748
f 1752 1753 1749
f 1754 1751 1755
f 1754 1750 1751
f 1756 1753 1752
f 1756 1757 1753
f 1758 1755 1759
f 1758 1754 1755
f 1760 1757 1756
f 1761 1757 1760
f 1762 1759 1763
f 1762 1758 1759
f 1764 1761 1760
f 1765 1761 1764
f 1766 1765 1767
f 1766 1768 1765
f 1769 1761 1765
f 1769 1765 1768
f 1770 1767 1771
f 1770 1766 1767
f 1772 1761 1769
f 1773 1770 1771
f 1774 1775 1761
f 1774 1761 1772
f 1776 1775 1774
f 1777 1775 1776
f 1778 1775 1777
f 1779 1775 1778
f 1780 1763 1781
f 1780 1762 1763
f 1782 1775 1779
f 1783 1775 1782
f 1783 1782 1784
f 1785 1783 1784
f 1786 1787 1788
f 1789 1783 1785
f 1789 1788 1787
f 1789 1790 1788
f 1789 1785 1790
f 1791 1787 1786
f 1792 1783 1789
f 1793 1791 1786
f 1794 1781 1795
f 1794 1780 1781
f 1796 1783 1792
f 1796 1797 1783
f 1798 1794 1795
f 1799 1798 1795
f 1800 1797 1796
f 1800 1801 1797
f 1802 1798 1799
f 1803 1802 1799
f 1804 1801 1800
f 1804 1805 1801
f 1806 1802 1803
f 1807 1806 1803
f 1808 1805 1804
f 1808 1809 1805
f 1810 1806 1807
f 1811 1810 1807
f 1812 1809 1808
f 1812 1813 1809
f 1814 1810 1811
f 1815 1814 1811
f 1816 1813 1812
f 1817 1813 1816
f 1818 1814 1815
f 1819 1818 1815
f 1820 1817 1816
f 1821 1818 1819
f 1822 1817 1820
f 1823 1821 1819
f 1824 1822 1820
f 1825 1821 1823
f 1826 1822 1824
f 1827 1825 1823
f 1828 1826 1824
f 1829 1825 1827
f 1830 1829 1827
f 1831 1826 1828
f 1832 1833 1834
f 1832 1834 1835
f 1836 1832 1835
f 1836 1835 1830
f 1837 1836 1830
f 1838 1837 1830
f 1838 1830 1827
f 1839 1838 1827
f 1840 1839 1827
f 1841 1840 1827
f 1841 1842 1840
f 1843 1842 1841
f 1844 1843 1841
f 1845 1831 1828
f 1846 1844 1841
f 1847 1846 1841
f 1848 1831 1845
f 1849 1850 1851
f 1852 1849 1851
f 1852 1851 1853
f 1854 1850 1849
f 1855 1854 1849
f 1856 1852 1853
f 1856 1857 1858
f 1856 1853 1857
f 1859 1847 1841
f 1859 1856 1858
f 1859 1860 1847
f 1859 1858 1860
f 1861 1856 1859
f 1862 1848 1845
f 1863 1848 1862
f 1864 1861 1859
f 1865 1864 1859
f 1866 1863 1862
f 1867 1863 1866
f 1868 1864 1865
f 1869 1867 1866
f 1870 1868 1865
f 1871 1867 1869
f 1872 1868 1870
f 1873 1871 1869
f 1874 1872 1870
f 1875 1871 1873
f 1876 1872 1874
f 1877 1875 1873
f 1878 1876 1874
f 1879 1875 1877
f 1880 1876 1878
f 1881 1879 1877
f 1882 1880 1878
f 1883 1879 1881
f 1884 1880 1882
f 1885 1883 1881
f 1886 1884 1882
f 1887 1883 1885
f 1888 1884 1886
f 1889 1887 1885
f 1890 1888 1886
f 1891 1888 1890
f 1892 1887 1889
f 1893 1892 1889
f 1894 1891 1890
f 1895 1891 1894
f 1896 1892 1893
f 1896 1893 1897
f 1898 1896 1897
f 1899 1900 1901
f 1899 1901 1902
f 1903 1900 1899
f 1903 1898 1900
f 1904 1898 1903
f 1905 1896 1898
f 1905 1898 1904
f 1906 1896 1905
f 1907 1895 1894
f 1908 1896 1906
f 1909 1895 1907
f 1910 1911 1912
f 1910 1913 1911
f 1910 1908 1913
f 1910 1896 1908
f 1914 1910 1912
f 1915 1910 1914
f 1916 1917 1918
f 1919 1917 1916
f 1919 1920 1917
f 1921 1909 1907
f 1922 1923 1920
f 1922 1924 1923
f 1922 1920 1919
f 1925 1909 1921
f 1926 1927 1924
f 1926 1915 1927
f 1926 1922 1928
f 1926 1910 1915
f 1926 1924 1922
f 1929 1925 1921
f 1930 1926 1928
f 1931 1925 1929
f 1932 1926 1930
f 1933 1931 1929
f 1934 1932 1930
f 1935 1931 1933
f 1936 1932 1934
f 1937 1936 1934
f 1938 1935 1933
f 1939 1935 1938
f 1940 1936 1937
f 1941 1940 1937
f 1942 1939 1938
f 1942 1943 1939
f 1944 1940 1941
f 1945 1944 1941
f 1946 1943 1942
f 1946 1947 1943
f 1948 1944 1945
f 1949 1948 1945
f 1950 1947 1946
f 1950 1951 1947
f 1952 1948 1949
f 1953 1952 1949
f 1954 1955 1951
f 1954 1951 1950
f 1956 1952 1953
f 1957 1956 1953
f 1958 1959 1955
f 1958 1955 1954
f 1960 1957 1961
f 1960 1956 1957
f 1962 1963 1964
f 1965 1962 1964
f 1966 1962 1965
f 1967 1965 1968
f 1967 1966 1965
f 1969 1967 1968
f 1970 1959 1958
f 1970 1968 1971
f 1970 1971 1959
f 1970 1969 1968
f 1972 1969 1970
f 1973 1972 1970
f 1974 1961 1975
f 1974 1960 1961
f 1976 1977 1978
f 1979 1976 1978
f 1979 1980 1981
f 1979 1978 1980
f 1982 1983 1973
f 1982 1984 1983
f 1982 1985 1984
f 1982 1973 1970
f 1982 1986 1985
f 1982 1987 1986
f 1982 1988 1987
f 1989 1979 1981
f 1989 1981 1990
f 1991 1975 1992
f 1991 1974 1975
f 1993 1988 1982
f 1993 1989 1990
f 1993 1994 1989
f 1993 1995 1988
f 1993 1990 1995
f 1996 1994 1993
f 1997 1991 1992
f 1997 1992 1998
f 1999 1996 1993
f 1999 2000 1996
f 2001 1998 2002
f 2001 1997 1998
f 2003 2000 1999
f 2003 2004 2000
f 2005 2002 2006
f 2005 2001 2002
f 2007 2004 2003
f 2007 2008 2004
f 2009 2006 2010
f 2009 2005 2006
f 2011 2008 2007
f 2011 2012 2008
f 2013 2010 2014
f 2013 2009 2010
f 2015 2012 2011
f 2015 2016 2012
f 2017 2014 2018
f 2017 2013 2014
f 2019 2016 2015
f 2019 2020 2016
f 2021 2022 2023
f 2024 2018 2025
f 2024 2017 2018
f 2026 2022 2021
f 2027 2028 2026
f 2027 2026 2021
f 2029 2028 2027
f 2030 2031 2020
f 2030 2020 2019
f 2032 2028 2029
f 2033 2034 2035
f 2033 2036 2034
f 2037 2036 2033
f 2038 2025 2039
f 2038 2024 2025
f 2040 2037 2033
f 2040 2041 2037
f 2042 2041 2040
f 2042 2043 2041
f 2044 2043 2042
f 2045 2031 2030
f 2045 2046 2031
f 2047 2038 2039
f 2047 2039 2048
f 2047 2048 2028
f 2047 2049 2050
f 2047 2032 2049
f 2047 2028 2032
f 2051 2046 2045
f 2051 2052 2046
f 2053 2047 2050
f 2053 2054 2055
f 2053 2056 2054
f 2053 2057 2056
f 2053 2058 2057
f 2053 2050 2058
f 2059 2052 2051
f 2059 2060 2052
f 2061 2053 2055
f 2061 2044 2042
f 2061 2062 2044
f 2061 2055 2062
f 2061 2042 2063
f 2061 2063 2064
f 2065 2066 2060
f 2065 2060 2059
f 2067 2061 2064
f 2067 2064 2068
f 2069 2070 2066
f 2069 2066 2065
f 2071 2068 2072
f 2071 2067 2068
f 2073 2070 2069
f 2073 2074 2070
f 2075 2072 2076
f 2075 2071 2072
f 2077 2078 2074
f 2077 2074 2073
f 2079 2076 2078
f 2079 2078 2077
f 2079 2075 2076
f 2080 2081 2082
f 2083 2084 2085
f 2086 2087 2088
f 2089 2090 2091
f 2089 2092 2090
f 2093 2094 2095
f 2096 2097 2098
f 2099 2100 2101
f 2102 2103 2104
f 2105 2106 2107
f 2108 2109 2110
f 2111 2112 2113
f 2114 2115 2116
f 2117 2118 2119
f 2120 2121 2122
f 2123 2124 2125
f 2126 2127 2128
f 2129 2130 2131
f 2132 2133 2134
f 2135 2136 2137
f 2138 2139 2140
f 2141 2142 2143
f 2144 2145 2146
f 2147 2148 2149
f 2150 2151 2152
f 2153 2154 2155
f 2156 2157 2158
f 2159 2160 2161
f 2162 2163 2164
f 2165 2166 2167
f 2168 2169 2170
f 2171 2172 2173
f 2174 2175 2176
f 2177 2178 2179
f 2180 2181 2182
f 2183 2184 2185
f 2186 2187 2188
f 2189 2190 2191
f 2192 2193 2194
f 2195 2196 2197
f 2198 2199 2200
f 2201 2202 2203
f 2204 2205 2206
f 2207 2208 2209
f 2210 2201 2203
f 2211 2212 2213
f 2214 2215 2216
f 2214 2216 2217
f 2218 2219 2220
f 2221 2222 2223
f 2224 2225 2226
f 2227 2228 2229
f 2230 2231 2232
f 2233 2234 2235
f 2236 2237 2238
f 2239 2240 2241
f 2242 2243 2244
f 2245 2246 2247
f 2248 2249 2250
f 2251 2252 2253
f 2254 2255 2256
f 2257 2258 2259
f 2260 2261 2262
f 2263 2264 2265
f 2266 2267 2268
f 2269 2270 2271
f 2272 2273 2274
f 2275 2276 2277
f 2278 2279 2280
f 2281 2282 2283
f 2284 2285 2286
f 2287 2288 2289
f 2290 2291 2292
f 2293 2294 2295
f 2296 2297 2298
f 2299 2300 2301
f 2302 2303 2304
f 2305 2306 2307
f 2308 2309 2310
f 2311 2312 2313
f 2314 2315 2316
f 2317 2318 2319
f 2320 2321 2322
f 2323 2324 2325
f 2326 2327 2328
f 2329 2330 2331
f 2332 2333 2334
f 2335 2336 2337
f 2338 2339 2340
f 2341 2342 2343
f 2344 2339 2338
f 2345 2346 2347
f 2348 2349 2350
f 2351 2352 2353
f 2354 2355 2356
f 2357 2358 2359
f 2360 2361 2362
f 2360 2362 2363
f 2364 2365 2366
f 2367 2368 2369
f 2370 2371 2372
f 2373 2374 2375
f 2376 2377 2378
f 2379 2380 2381
f 2382 2383 2384
f 2385 2386 2387
f 2388 2389 2390
f 2391 2392 2393
f 2394 2395 2396
f 2397 2398 2399
f 2400 2401 2402
f 2403 2404 2405
f 2406 2407 2408
f 2409 2410 2411
f 2412 2413 2414
f 2415 2416 2417
f 2418 2419 2420
f 2421 2422 2423
f 2424 2425 2426
f 2427 2428 2429
f 2430 2431 2432
f 2433 2434 2435
f 2436 2437 2438
f 2439 2440 2441
f 2442 2443 2444
f 2445 2446 2447
f 2448 2449 2450
f 2451 2452 2453
f 2454 2455 2456
f 2457 2458 2459
f 2460 2461 2462
f 2463 2464 2465
f 2466 2467 2468
f 2469 2470 2471
f 2472 2473 2474
f 2475 2470 2469
f 2476 2477 2478
f 2476 2479 2477
f 2480 2481 2482
f 2483 2484 2485
f 2486 2487 2488
f 2489 2490 2491
f 2492 2493 2494
f 2495 2496 2497
f 2498 2499 2500
f 2501 2502 2503
f 2504 2505 2506
f 2507 2508 2509
f 2510 2511 2512
f 2513 2514 2515
f 2516 2517 2518
f 2519 2520 2521
f 2522 2523 2524
f 2525 2526 2527
f 2528 2529 2530
f 2531 2532 2533
f 2534 2535 2536
f 2537 2538 2539
f 2540 2541 2542
f 2543 2544 2545
f 2546 2547 2548
f 2549 2550 2551
f 2552 2553 2554
f 2555 2556 2557
f 2558 2559 2560
f 2561 2562 2563
f 2564 2565 2566
f 2567 2568 2569
f 2570 2571 2572
f 2573 2574 2575
f 2576 2577 2578
f 2579 2580 2581
f 2582 2583 2584
f 2585 2586 2587
f 2588 2589 2590
f 2591 2592 2593
f 2594 2595 2596
f 2597 2598 2599
f 2600 2601 2602
f 2603 2591 2593
f 2604 2605 2606
f 2607 2608 2609
f 2607 2609 2610
f 2611 2612 2613
f 2614 2615 2616
f 2617 2618 2619
f 2620 2621 2622
f 2623 2624 2625
f 2626 2627 2628
f 2629 2630 2631
f 2632 2633 2634
f 2635 2636 2637
f 2638 2639 2640
f 2641 2642 2643
f 2644 2645 2646
f 2647 2648 2649
f 2650 2651 2652
f 2653 2654 2655
f 2656 2657 2658
f 2659 2660 2661
f 2662 2663 2664
f 2665 2666 2667
f 2668 2669 2670
f 2671 2672 2673
f 2674 2675 2676
f 2677 2678 2679
f 2680 2681 2682
f 2683 2684 2685
f 2686 2687 2688
f 2689 2690 2691
f 2692 2693 2694
f 2695 2696 2697
f 2698 2699 2700
f 2701 2702 2703
f 2704 2705 2706
f 2707 2708 2709
f 2710 2711 2712
f 2713 2714 2715
f 2716 2717 2718
f 2719 2720 2721
f 2722 2723 2724
f 2725 2726 2727
f 2728 2729 2730
f 2731 2732 2733
f 2734 2735 2736
f 2737 2732 2731
f 2738 2739 2740
f 2741 2742 2743
f 2744 2745 2746
f 2747 2748 2749
f 2750 2751 2752
f 2753 2754 2755
f 2753 2755 2756
f 2757 2758 2759
f 2760 2761 2762
f 2763 2764 2765
f 2766 2767 2768
f 2769 2770 2771
f 2772 2773 2774
f 2775 2776 2777
f 2778 2779 2780
f 2781 2782 2783
f 2784 2785 2786
f 2787 2788 2789
f 2790 2791 2792
f 2793 2794 2795
f 2796 2797 2798
f 2799 2800 2801
f 2802 2803 2804
f 2805 2806 2807
f 2808 2809 2810
f 2811 2812 2813
f 2814 2815 2816
f 2817 2818 2819
f 2820 2821 2822
f 2823 2824 2825
f 2826 2827 2828
f 2829 2830 2831
f 2832 2833 2834
f 2835 2836 2837
f 2838 2839 2840
f 2841 2842 2843
f 2844 2845 2846
f 2847 2848 2849
f 2850 2851 2852
f 2853 2854 2855
f 2856 2857 2858
f 2859 2850 2852
f 2860 2861 2862
f 2863 2864 2865
f 2866 2867 2868
f 2869 2870 2871
f 2872 2873 2874
f 2875 2876 2877
f 2878 2879 2880
f 2881 2882 2883
f 2884 2885 2886
f 2887 2888 2889
f 2890 2891 2892
f 2893 2894 2895
f 2895 2894 2896
f 2897 2898 2899
f 2899 2898 2900
f 2901 2902 2903
f 2904 2902 2901
f 2905 2906 2907
f 2908 2906 2905
f 2909 2910 2911
f 2911 2910 2912
f 2913 2914 2915
f 2915 2914 2916
f 2917 2918 2919
f 2919 2918 2920
f 2921 2922 2923
f 2923 2922 2924
f 2925 2926 2927
f 2927 2926 2928
f 2929 2930 2931
f 2931 2930 2932
f 2933 2934 2935
f 2935 2934 2936
f 2937 2938 2939
f 2939 2938 2940
f 2941 2942 2943
f 2942 2944 2943
f 2945 2946 2947
f 2947 2946 2948
f 2949 2950 2951
f 2951 2950 2952
f 2953 2954 2955
f 2954 2956 2955
f 2957 2958 2959
f 2959 2958 2960
f 2961 2962 2963
f 2963 2962 2964
f 2965 2966 2967
f 2966 2968 2967
f 2969 2970 2971
f 2972 2970 2969
f 2973 2974 2975
f 2976 2974 2973
f 2977 2978 2979
f 2978 2980 2979
f 2981 2982 2983
f 2984 2982 2981
f 2985 2986 2987
f 2988 2989 2990
f 2991 2986 2985
f 2989 2992 2990
f 2993 2994 2995
f 2996 2994 2993
f 2997 2998 2999
f 3000 3001 3002
f 3003 2998 2997
f 3001 3004 3002
f 3005 3006 3007
f 3008 3006 3005
f 3009 3010 3011
f 3011 3010 3012
f 3013 3014 3015
f 3015 3014 3016
f 3017 3018 3019
f 3020 3021 3022
f 3018 3023 3019
f 3021 3024 3022
f 3025 3026 3027
f 3026 3028 3027
f 3029 3030 3031
f 3031 3030 3032
f 3033 3034 3035
f 3034 3036 3035
f 3037 3038 3039
f 3039 3038 3040
f 3041 3042 3043
f 3042 3044 3043
f 3045 3046 3047
f 3047 3046 3048
f 3049 3050 3051
f 3051 3050 3052
f 3053 3054 3055
f 3055 3054 3056
f 3057 3058 3059
f 3059 3058 3060
f 3061 3062 3063
f 3063 3062 3064
f 3065 3066 3067
f 3065 3067 3068
f 3065 3068 3069
f 3070 3071 3065
f 3072 3065 3071
f 3073 3070 3065
f 3074 3075 3065
f 3074 3065 3072
f 3076 3073 3065
f 3077 3078 3075
f 3079 3075 3074
f 3080 3077 3075
f 3081 3065 3069
f 3081 3076 3065
f 3082 3075 3079
f 3083 3080 3075
f 3084 3081 3069
f 3085 3075 3082
f 3086 3084 3069
f 3087 3075 3085
f 3088 3083 3075
f 3088 3075 3087
f 3089 3086 3069
f 3089 3090 3086
f 3091 3090 3089
f 3092 3083 3088
f 3093 3089 3094
f 3093 3091 3089
f 3095 3083 3092
f 3096 3094 3097
f 3096 3093 3094
f 3098 3083 3095
f 3099 3096 3097
f 3100 3096 3099
f 3101 3100 3099
f 3102 3100 3101
f 3102 3103 3100
f 3104 3103 3102
f 3105 3106 3107
f 3105 3108 3106
f 3105 3098 3108
f 3105 3083 3098
f 3109 3110 3103
f 3109 3103 3104
f 3111 3105 3107
f 3112 3113 3110
f 3112 3110 3109
f 3114 3107 3115
f 3114 3111 3107
f 3116 3113 3112
f 3117 3114 3115
f 3118 3113 3116
f 3118 3119 3113
f 3120 3117 3115
f 3120 3115 3121
f 3122 3119 3118
f 3123 3120 3121
f 3124 3119 3122
f 3124 3125 3119
f 3126 3123 3121
f 3126 3121 3127
f 3128 3125 3124
f 3129 3126 3127
f 3130 3125 3128
f 3130 3131 3125
f 3132 3129 3127
f 3132 3127 3133
f 3134 3131 3130
f 3135 3132 3133
f 3136 3131 3134
f 3136 3137 3131
f 3138 3135 3133
f 3138 3133 3139
f 3140 3137 3136
f 3141 3138 3139
f 3142 3137 3140
f 3142 3143 3137
f 3144 3141 3139
f 3144 3139 3145
f 3146 3143 3142
f 3147 3144 3145
f 3148 3143 3146
f 3148 3149 3143
f 3150 3147 3145
f 3150 3145 3151
f 3152 3149 3148
f 3153 3150 3151
f 3153 3151 3154
f 3155 3149 3152
f 3155 3156 3149
f 3157 3153 3154
f 3158 3156 3155
f 3159 3157 3154
f 3159 3156 3158
f 3159 3154 3156
f 3160 3161 3162
f 3163 3164 3165
f 3163 3161 3160
f 3163 3160 3164
f 3166 3167 3168
f 3169 3170 3171
f 3172 3166 3168
f 3173 3169 3171
f 3174 3175 3176
f 3174 3177 3175
f 3178 3179 3180
f 3181 3182 3183
f 3184 3185 3186
f 3187 3188 3189
f 3190 3191 3192
f 3193 3194 3195
f 3196 3197 3198
f 3199 3200 3201
f 3202 3203 3204
f 3205 3206 3207
f 3208 3209 3210
f 3211 3212 3213
f 3214 3215 3216
f 3217 3218 3219
f 3220 3221 3222
f 3223 3224 3225
f 3225 3224 3226
f 3227 3228 3229
f 3230 3231 3232
f 3233 3234 3235
f 3236 3237 3238
f 3239 3240 3241
f 3242 3243 3244
f 3245 3246 3247
f 3248 3249 3250
f 3251 3252 3253
f 3254 3255 3256
f 3257 3258 3259
f 3260 3261 3262
f 3263 3264 3265
f 3266 3267 3268
f 3269 3270 3271
f 3272 3273 3274
f 3275 3276 3277
f 3278 3279 3280
f 3281 3282 3283
f 3284 3285 3286
f 3287 3288 3289
f 3290 3291 3292
f 3293 3294 3295
f 3296 3297 3298
f 3299 3300 3301
f 3302 3303 3304
f 3305 3306 3307
f 3308 3309 3310
f 3306 3311 3307
f 3312 3313 3314
f 3312 3315 3313
f 3316 3317 3318
f 3319 3317 3316
f 3320 3321 3322
f 3323 3321 3320
f 3324 3325 3326
f 3327 3328 3329
f 3330 3331 3332
f 3333 3334 3335
f 3336 3337 3338
f 3339 3340 3341
f 3342 3343 3344
f 3345 3346 3347
f 3348 3349 3350
f 3351 3352 3353
f 3354 3355 3356
f 3357 3358 3359
f 3360 3361 3362
f 3363 3364 3365
f 3366 3367 3368
f 3369 3370 3371
f 3372 3373 3374
f 3375 3376 3377
f 3378 3379 3380
f 3381 3382 3383
f 3384 3385 3386
f 3387 3388 3389
f 3390 3391 3392
f 3393 3394 3395
f 3396 3397 3398
f 3399 3400 3401
f 3402 3403 3404
f 3405 3406 3407
f 3408 3409 3410
f 3411 3412 3413
f 3414 3415 3416
f 3417 3418 3419
f 3420 3421 3422
f 3423 3424 3425
f 3423 3425 3426
f 3427 3428 3429
f 3430 3431 3432
f 3433 3427 3429
f 3434 3435 3436
f 3437 3430 3432
f 3438 3434 3436
f 3439 3440 3441
f 3439 3441 3442
f 3439 3442 3443
f 3439 3443 3444
f 3439 3444 3445
f 3439 3445 3446
f 3439 3446 3447
f 3439 3447 3448
f 3439 3448 3449
f 3439 3449 3450
f 3439 3450 3451
f 3439 3451 3452
f 3439 3452 3453
f 3439 3453 3454
f 3439 3454 3455
f 3439 3455 3456
f 3439 3456 3457
f 3439 3457 3458
f 3439 3458 3459
f 3439 3459 3460
f 3461 3440 3439
f 3462 3463 3440
f 3462 3440 3461
f 3464 3463 3462
f 3465 3463 3464
f 3466 3467 3463
f 3466 3463 3465
f 3468 3467 3466
f 3469 3470 3471
f 3472 3473 3474
f 3475 3470 3469
f 3475 3476 3470
f 3475 3469 3477
f 3478 3473 3472
f 3479 3476 3475
f 3479 3475 3480
f 3481 3476 3479
f 3481 3482 3467
f 3481 3483 3482
f 3481 3484 3483
f 3481 3485 3484
f 3481 3472 3485
f 3481 3467 3468
f 3481 3468 3476
f 3486 3478 3472
f 3487 3486 3472
f 3488 3487 3472
f 3489 3490 3491
f 3489 3491 3492
f 3489 3492 3493
f 3489 3493 3494
f 3489 3494 3495
f 3496 3497 3498
f 3499 3496 3498
f 3500 3499 3498
f 3501 3500 3498
f 3502 3501 3498
f 3503 3495 3488
f 3503 3472 3481
f 3503 3488 3472
f 3504 3505 3506
f 3504 3506 3507
f 3508 3503 3509
f 3508 3509 3510
f 3508 3510 3511
f 3512 3507 3502
f 3512 3504 3507
f 3513 3514 3512
f 3513 3512 3502
f 3515 3508 3516
f 3517 3503 3508
f 3517 3508 3515
f 3518 3519 3513
f 3520 3518 3513
f 3521 3520 3513
f 3521 3513 3502
f 3522 3517 3523
f 3522 3503 3517
f 3524 3525 3521
f 3526 3524 3521
f 3526 3498 3527
f 3526 3502 3498
f 3526 3521 3502
f 3528 3526 3527
f 3529 3528 3527
f 3529 3527 3530
f 3531 3529 3530
f 3532 3531 3530
f 3533 3532 3530
f 3533 3530 3534
f 3535 3533 3534
f 3536 3537 3538
f 3536 3538 3539
f 3540 3537 3536
f 3540 3522 3537
f 3541 3542 3543
f 3544 3541 3543
f 3545 3546 3547
f 3545 3547 3548
f 3549 3544 3543
f 3550 3522 3540
f 3550 3546 3545
f 3550 3540 3546
f 3551 3549 3543
f 3552 3503 3522
f 3552 3522 3550
f 3553 3554 3489
f 3553 3555 3554
f 3553 3556 3555
f 3553 3557 3556
f 3553 3551 3543
f 3553 3534 3557
f 3553 3558 3551
f 3553 3543 3559
f 3553 3559 3535
f 3553 3535 3534
f 3560 3553 3489
f 3560 3489 3495
f 3560 3503 3552
f 3560 3495 3503
f 3561 3562 3563
f 3564 3562 3565
f 3566 3567 3568
f 3569 3570 3571
f 3572 3573 3574
f 3574 3573 3575
f 3576 3577 3578
f 3579 3580 3581
f 3582 3583 3584
f 3585 3583 3582
f 3584 3583 3586
f 3586 3583 3587
f 3588 3589 3590
f 3590 3589 3591
f 3570 3592 3571
f 3593 3594 3595
f 3595 3594 3596
f 3597 3598 3599
f 3600 3601 3580
f 3602 3601 3600
f 3603 3604 3605
f 3580 3601 3581
f 3598 3606 3599
f 3607 3608 3604
f 3609 3608 3607
f 3610 3611 3612
f 3604 3608 3605
f 3613 3614 3572
f 3572 3614 3573
f 3593 3615 3594
f 3576 3616 3577
f 3611 3616 3576
f 3610 3616 3611
f 3591 3617 3618
f 3589 3617 3591
f 3570 3619 3592
f 3620 3619 3570
f 3615 3621 3594
f 3622 3621 3623
f 3623 3621 3615
f 3624 3625 3598
f 3613 3626 3614
f 3627 3625 3624
f 3598 3625 3606
f 3628 3625 3627
f 3629 3626 3630
f 3620 3631 3619
f 3626 3632 3614
f 3629 3632 3626
f 3618 3633 3634
f 3617 3633 3618
f 3635 3636 3637
f 3634 3633 3638
f 3631 3636 3619
f 3637 3636 3631
f 3639 3640 3641
f 3642 3640 3639
f 3643 3644 3645
f 3646 3647 3648
f 3649 3650 3651
f 3642 3652 3640
f 3653 3652 3642
f 3654 3655 3656
f 3643 3657 3644
f 3658 3657 3643
f 3659 3660 3661
f 3662 3663 3646
f 3646 3663 3647
f 3664 3665 3666
f 3667 3668 3649
f 3649 3668 3650
f 3669 3670 3653
f 3653 3670 3652
f 3671 3672 3673
f 3654 3674 3655
f 3675 3674 3654
f 3676 3677 3658
f 3658 3677 3657
f 3678 3679 3680
f 3659 3681 3660
f 3682 3681 3659
f 3662 3683 3663
f 3684 3683 3662
f 3685 3686 3687
f 3688 3689 3664
f 3664 3689 3665
f 3690 3691 3667
f 3667 3691 3668
f 3692 3693 3669
f 3669 3693 3670
f 3694 3695 3696
f 3671 3697 3672
f 3698 3697 3671
f 3699 3700 3675
f 3675 3700 3674
f 3676 3701 3677
f 3702 3701 3676
f 3703 3704 3705
f 3678 3706 3679
f 3707 3706 3678
f 3682 3708 3681
f 3709 3708 3682
f 3684 3710 3683
f 3711 3710 3684
f 3712 3713 3714
f 3715 3716 3685
f 3717 3718 3719
f 3694 3720 3695
f 3721 3722 3688
f 3688 3722 3689
f 3723 3724 3690
f 3690 3724 3691
f 3725 3726 3727
f 3692 3726 3693
f 3727 3726 3692
f 3728 3729 3730
f 3720 3731 3695
f 3732 3733 3698
f 3698 3733 3697
f 3699 3734 3700
f 3735 3734 3699
f 3702 3736 3701
f 3737 3736 3738
f 3739 3736 3702
f 3738 3736 3739
f 3740 3741 3742
f 3743 3744 3703
f 3703 3744 3704
f 3707 3745 3706
f 3746 3747 3718
f 3748 3745 3707
f 3709 3749 3708
f 3750 3749 3709
f 3751 3752 3753
f 3754 3755 3756
f 3753 3752 3757
f 3757 3752 3711
f 3711 3752 3710
f 3758 3759 3760
f 3761 3762 3763
f 3712 3764 3713
f 3765 3766 3716
f 3721 3767 3722
f 3768 3767 3721
f 3754 3769 3755
f 3723 3769 3724
f 3755 3769 3723
f 3770 3771 3772
f 3773 3774 3728
f 3728 3774 3729
f 3720 3775 3731
f 3776 3775 3720
f 3732 3777 3733
f 3778 3777 3732
f 3779 3780 3781
f 3781 3780 3782
f 3735 3780 3734
f 3782 3780 3735
f 3783 3784 3785
f 3786 3787 3740
f 3740 3787 3741
f 3743 3788 3744
f 3789 3788 3743
f 3790 3791 3748
f 3748 3791 3745
f 3747 3792 3793
f 3794 3795 3796
f 3796 3795 3797
f 3750 3795 3749
f 3797 3795 3750
f 3798 3799 3800
f 3758 3801 3759
f 3802 3801 3758
f 3773 3803 3774
f 3761 3804 3762
f 3805 3804 3761
f 3806 3807 3766
f 3808 3809 3768
f 3810 3809 3811
f 3811 3809 3808
f 3768 3809 3767
f 3812 3813 3814
f 3770 3815 3771
f 3816 3817 3818
f 3819 3815 3770
f 3803 3820 3774
f 3821 3822 3776
f 3776 3822 3775
f 3823 3824 3825
f 3826 3827 3828
f 3829 3824 3778
f 3825 3824 3829
f 3778 3824 3777
f 3830 3831 3832
f 3833 3834 3784
f 3835 3836 3786
f 3786 3836 3787
f 3837 3838 3789
f 3789 3838 3788
f 3790 3839 3791
f 3827 3839 3790
f 3806 3840 3807
f 3826 3839 3827
f 3841 3842 3843
f 3798 3844 3799
f 3845 3844 3798
f 3802 3846 3801
f 3847 3846 3802
f 3805 3848 3804
f 3849 3848 3805
f 3850 3851 3852
f 3853 3854 3855
f 3840 3854 3807
f 3856 3857 3858
f 3812 3859 3813
f 3860 3859 3812
f 3819 3861 3815
f 3862 3861 3819
f 3863 3864 3803
f 3803 3864 3820
f 3821 3865 3822
f 3866 3865 3867
f 3867 3865 3868
f 3868 3865 3821
f 3869 3870 3871
f 3841 3872 3842
f 3830 3873 3831
f 3874 3873 3830
f 3833 3875 3834
f 3845 3876 3844
f 3877 3875 3833
f 3878 3879 3835
f 3835 3879 3836
f 3880 3881 3882
f 3883 3884 3885
f 3837 3881 3838
f 3882 3881 3886
f 3886 3881 3837
f 3887 3888 3889
f 3872 3890 3842
f 3876 3891 3844
f 3892 3893 3847
f 3847 3893 3846
f 3862 3894 3861
f 3863 3895 3864
f 3883 3896 3884
f 3849 3896 3848
f 3884 3896 3849
f 3897 3898 3899
f 3856 3900 3857
f 3901 3900 3856
f 3860 3902 3859
f 3903 3902 3860
f 3894 3904 3861
f 3905 3906 3907
f 3878 3908 3879
f 3907 3906 3895
f 3895 3906 3864
f 3909 3910 3911
f 3887 3912 3888
f 3869 3913 3870
f 3914 3913 3869
f 3915 3916 3874
f 3874 3916 3873
f 3917 3918 3877
f 3919 3920 3921
f 3908 3922 3879
f 3923 3922 3924
f 3925 3926 3927
f 3924 3922 3908
f 3928 3929 3930
f 3912 3931 3888
f 3932 3933 3872
f 3872 3933 3890
f 3934 3935 3876
f 3903 3936 3902
f 3876 3935 3891
f 3926 3937 3892
f 3938 3939 3940
f 3925 3937 3926
f 3892 3937 3893
f 3941 3942 3943
f 3897 3944 3898
f 3945 3944 3897
f 3901 3946 3900
f 3947 3946 3901
f 3936 3948 3902
f 3894 3949 3904
f 3938 3949 3939
f 3939 3949 3894
f 3950 3951 3952
f 3909 3953 3910
f 3954 3953 3909
f 3914 3955 3913
f 3912 3956 3931
f 3957 3955 3914
f 3915 3958 3916
f 3959 3958 3915
f 3960 3961 3962
f 3963 3964 3965
f 3962 3961 3966
f 3966 3961 3917
f 3934 3964 3935
f 3917 3961 3918
f 3967 3968 3969
f 3970 3971 3928
f 3928 3971 3929
f 3956 3972 3931
f 3932 3973 3933
f 3974 3973 3932
f 3947 3975 3946
f 3976 3977 3978
f 3963 3979 3964
f 3964 3979 3935
f 3980 3981 3982
f 3983 3984 3941
f 3941 3984 3942
f 3985 3986 3945
f 3945 3986 3944
f 3975 3987 3946
f 3988 3989 3990
f 3977 3991 3936
f 3976 3991 3977
f 3936 3991 3948
f 3992 3993 3994
f 3950 3995 3951
f 3996 3995 3950
f 3954 3997 3953
f 3998 3997 3954
f 3999 4000 3957
f 3957 4000 3955
f 3989 4001 3959
f 3959 4001 3958
f 3988 4001 3989
f 4002 4003 4004
f 4005 4006 3967
f 3967 4006 3968
f 4007 4008 3970
f 3970 4008 3971
f 4009 4010 3956
f 3956 4010 3972
f 4011 4012 4013
f 4013 4012 3974
f 4014 4012 4011
f 4015 4016 4017
f 3974 4012 3973
f 4018 4019 4020
f 4021 4022 3980
f 3980 4022 3981
f 4023 4024 3983
f 3996 4025 3995
f 3983 4024 3984
f 4026 4027 3985
f 3985 4027 3986
f 3975 4028 3987
f 4029 4030 4031
f 4016 4028 3975
f 4015 4028 4016
f 4032 4033 4034
f 3992 4035 3993
f 4036 4035 3992
f 4025 4037 3995
f 3998 4038 3997
f 4039 4038 3998
f 3999 4040 4000
f 4009 4041 4010
f 4030 4040 3999
f 4029 4040 4030
f 4042 4043 4044
f 4045 4046 4047
f 4048 4049 4002
f 4050 4051 4005
f 4021 4052 4022
f 4005 4051 4006
f 4007 4053 4008
f 4054 4053 4007
f 4055 4056 4041
f 4057 4056 4055
f 4058 4059 4060
f 4041 4056 4010
f 4061 4062 4063
f 4018 4064 4019
f 4065 4064 4018
f 4036 4066 4035
f 4052 4067 4022
f 4023 4068 4024
f 4069 4068 4023
f 4025 4070 4037
f 4058 4071 4059
f 4026 4071 4027
f 4059 4071 4026
f 4072 4073 4074
f 4032 4075 4033
f 4076 4075 4032
f 4066 4077 4035
f 4050 4078 4051
f 4070 4079 4037
f 4039 4080 4038
f 4081 4080 4082
f 4083 4084 4085
f 4086 4080 4039
f 4082 4080 4086
f 4087 4088 4089
f 4061 4090 4062
f 4042 4091 4043
f 4092 4091 4042
f 4093 4094 4095
f 4065 4096 4064
f 4048 4097 4049
f 4078 4098 4051
f 4084 4099 4054
f 4054 4099 4053
f 4083 4099 4084
f 4100 4101 4102
f 4072 4103 4073
f 4090 4104 4062
f 4096 4105 4064
f 4066 4106 4077
f 4107 4108 4052
f 4052 4108 4067
f 4070 4109 4079
f 4110 4111 4112
f 4112 4111 4069
f 4113 4111 4110
f 4069 4111 4068
f 4114 4115 4116
f 4117 4118 4119
f 4076 4120 4075
f 4092 4121 4091
f 4122 4120 4076
f 4106 4123 4077
f 4093 4124 4094
f 4125 4126 4109
f 4109 4126 4079
f 4127 4126 4125
f 4128 4129 4130
f 4100 4131 4101
f 4132 4133 4087
f 4087 4133 4088
f 4121 4134 4091
f 4135 4136 4097
f 4078 4137 4098
f 4138 4137 4139
f 4140 4141 4142
f 4139 4137 4143
f 4143 4137 4078
f 4107 4141 4108
f 4144 4145 4146
f 4147 4148 4149
f 4131 4150 4101
f 4090 4151 4104
f 4152 4151 4090
f 4096 4153 4105
f 4122 4154 4120
f 4155 4153 4096
f 4106 4156 4123
f 4140 4157 4141
f 4141 4157 4108
f 4158 4159 4160
f 4161 4162 4115
f 4117 4163 4118
f 4132 4164 4133
f 4165 4163 4117
f 4121 4166 4134
f 4154 4167 4120
f 4168 4169 4156
f 4170 4169 4168
f 4156 4169 4123
f 4171 4172 4173
f 4128 4174 4129
f 4144 4175 4145
f 4176 4174 4128
f 4164 4177 4133
f 4166 4178 4134
f 4179 4180 4135
f 4181 4180 4179
f 4182 4180 4181
f 4135 4180 4136
f 4155 4183 4153
f 4184 4185 4186
f 4175 4187 4145
f 4188 4189 4131
f 4131 4189 4150
f 4165 4190 4163
f 4191 4192 4152
f 4152 4192 4151
f 4183 4193 4153
f 4194 4193 4195
f 4196 4197 4198
f 4195 4193 4183
f 4199 4200 4201
f 4171 4202 4172
f 4203 4204 4158
f 4158 4204 4159
f 4148 4205 4206
f 4207 4208 4161
f 4190 4209 4163
f 4164 4210 4177
f 4154 4211 4167
f 4166 4212 4178
f 4196 4211 4197
f 4213 4212 4214
f 4197 4211 4154
f 4215 4216 4217
f 4184 4218 4185
f 4202 4219 4172
f 4176 4220 4174
f 4221 4220 4176
f 4175 4222 4187
f 4210 4223 4177
f 4191 4224 4192
f 4212 4225 4178
f 4213 4225 4212
f 4226 4227 4228
f 4228 4227 4229
f 4230 4231 4232
f 4218 4233 4185
f 4222 4234 4187
f 4203 4235 4204
f 4207 4236 4208
f 4237 4238 4188
f 4188 4238 4189
f 4239 4240 4241
f 4224 4240 4192
f 4241 4240 4224
f 4242 4243 4199
f 4199 4243 4200
f 4215 3574 4216
f 4235 4244 4204
f 4236 3563 4208
f 4221 3586 4220
f 4210 4245 4223
f 4246 4247 4248
f 4248 4247 4249
f 4249 4247 4190
f 4190 4247 4209
f 4230 3569 4231
f 3574 3575 4216
f 4202 3578 4219
f 4250 3578 4202
f 3586 3587 4220
f 4251 4252 4253
f 4245 4252 4223
f 4253 4252 4245
f 4229 3588 3590
f 4227 3588 4229
f 3569 3571 4231
f 3595 3596 4218
f 4218 3596 4233
f 4222 3581 4234
f 3579 3581 4222
f 4235 3603 4244
f 4237 4254 4238
f 4255 4254 4256
f 4257 4254 4237
f 4258 3568 4259
f 4256 4254 4257
f 3597 3599 4242
f 4242 3599 4243
f 3603 3605 4244
f 4250 3576 3578

