mtllib material.mtl
usemtl material_link1_3
v -46.00000000 0.00000000 65.99965668
v -45.99906921 0.00001054 72.99965668
v -45.94678879 2.20149302 72.99965668
v -45.94572067 2.23409605 65.99965668
v -45.94572067 2.23409605 65.99965668
v -45.94678879 2.20149302 72.99965668
v -45.78897858 4.39793015 72.99965668
v -45.78298950 4.46292019 65.99965668
v -45.78298950 4.46292019 65.99965668
v -45.78897858 4.39793015 72.99965668
v -45.52621078 6.58430099 72.99965668
v -45.51221085 6.68121004 65.99965668
v -45.51221085 6.68121004 65.99965668
v -45.52621078 6.58430099 72.99965668
v -45.15903854 8.75559139 72.99965668
v -45.13401031 8.88373184 65.99965668
v -45.13401031 8.88373184 65.99965668
v -45.15903854 8.75559139 72.99965668
v -44.68819046 10.90678024 72.99965668
v -44.64928818 11.06527996 65.99965668
v -45.13401031 8.88373184 65.99965668
v -44.68819046 10.90678024 72.99965668
v -44.64928818 11.06527996 65.99965668
v -44.68819046 10.90678024 72.99965668
v -44.11491013 13.03297043 72.99965668
v -44.05918884 13.22072029 65.99965668
v -44.64928818 11.06527996 65.99965668
v -44.11491013 13.03297043 72.99965668
v -44.05918884 13.22072029 65.99965668
v -44.11491013 13.03297043 72.99965668
v -43.44067001 15.12932968 72.99965668
v -43.36510086 15.34496021 65.99965668
v -43.36510086 15.34496021 65.99965668
v -43.44067001 15.12932968 72.99965668
v -42.66693878 17.19104004 72.99965668
v -42.56866074 17.43297958 65.99965668
v -43.36510086 15.34496021 65.99965668
v -42.66693878 17.19104004 72.99965668
v -42.56866074 17.43297958 65.99965668
v -42.66693878 17.19104004 72.99965668
v -41.79524994 19.21327972 72.99965668
v -41.67176056 19.47985077 65.99965668
v -41.67176056 19.47985077 65.99965668
v -41.79524994 19.21327972 72.99965668
v -40.82775116 21.19148064 72.99965668
v -40.67649841 21.48074913 65.99965668
v -41.67176056 19.47985077 65.99965668
v -40.82775116 21.19148064 72.99965668
v -40.67649841 21.48074913 65.99965668
v -40.82775116 21.19148064 72.99965668
v -39.76681137 23.12117958 72.99965668
v -39.58523178 23.43095016 65.99965668
v -40.67649841 21.48074913 65.99965668
v -39.76681137 23.12117958 72.99965668
v -39.58523178 23.43095016 65.99965668
v -39.76681137 23.12117958 72.99965668
v -38.61479187 24.99793053 72.99965668
v -38.40053940 25.32584000 65.99965668
v -39.58523178 23.43095016 65.99965668
v -38.61479187 24.99793053 72.99965668
v -38.40053940 25.32584000 65.99965668
v -38.61479187 24.99793053 72.99965668
v -37.37414932 26.81730080 72.99965668
v -37.12522125 27.16097069 65.99965668
v -38.40053940 25.32584000 65.99965668
v -37.37414932 26.81730080 72.99965668
v -37.12522125 27.16097069 65.99965668
v -37.37414932 26.81730080 72.99965668
v -36.04779816 28.57517052 72.99965668
v -35.76227188 28.93198967 65.99965668
v -37.12522125 27.16097069 65.99965668
v -36.04779816 28.57517052 72.99965668
v -35.76227188 28.93198967 65.99965668
v -36.04779816 28.57517052 72.99965668
v -34.63895035 30.26763916 72.99965668
v -34.31491852 30.63471985 65.99965668
v -35.76227188 28.93198967 65.99965668
v -34.63895035 30.26763916 72.99965668
v -34.31491852 30.63471985 65.99965668
v -34.63895035 30.26763916 72.99965668
v -33.15077972 31.89081001 72.99965668
v -32.78657913 32.26514816 65.99965668
v -34.31491852 30.63471985 65.99965668
v -33.15077972 31.89081001 72.99965668
v -32.78657913 32.26514816 65.99965668
v -33.15077972 31.89081001 72.99965668
v -31.58654022 33.44078827 72.99965668
v -31.18086052 33.81943130 65.99965668
v -32.78657913 32.26514816 65.99965668
v -31.58654022 33.44078827 72.99965668
v -31.18086052 33.81943130 65.99965668
v -31.58654022 33.44078827 72.99965668
v -29.94984055 34.91407013 72.99965668
v -29.50153923 35.29389191 65.99965668
v -29.94984055 34.91407013 72.99965668
v -28.24459076 36.30743027 72.99965668
v -29.50153923 35.29389191 65.99965668
v -31.18086052 33.81943130 65.99965668
v -29.94984055 34.91407013 72.99965668
v -27.75259972 36.68505096 65.99965668
v -28.24459076 36.30743027 72.99965668
v -26.47467041 37.61766052 72.99965668
v -27.75259972 36.68505096 65.99965668
v -29.50153923 35.29389191 65.99965668
v -28.24459076 36.30743027 72.99965668
v -25.93815041 37.98963165 65.99965668
v -26.47467041 37.61766052 72.99965668
v -24.64402008 38.84159088 72.99965668
v -25.93815041 37.98963165 65.99965668
v -27.75259972 36.68505096 65.99965668
v -26.47467041 37.61766052 72.99965668
v -23.70642090 39.42087173 67.70906067
v -24.64402008 38.84159088 72.99965668
v -23.56098938 39.50796890 67.97100067
v -23.36758041 39.62266922 68.25955200
v -23.56098938 39.50796890 67.97100067
v -24.64402008 38.84159088 72.99965668
v -23.89459991 39.30709839 67.25977325
v -24.64402008 38.84159088 72.99965668
v -23.70642090 39.42087173 67.70906067
v -23.89459991 39.30709839 67.25977325
v -25.93815041 37.98963165 65.99965668
v -24.64402008 38.84159088 72.99965668
v -23.12434959 39.76511002 68.56121063
v -23.12434959 39.76511002 68.56121063
v -22.75682068 39.97640991 72.99965668
v -23.96780014 39.26251984 67.00964355
v -25.93815041 37.98963165 65.99965668
v -23.89459991 39.30709839 67.25977325
v -24.01999092 39.23062134 66.75782013
v -22.78754997 39.95906830 68.90619659
v -23.12434959 39.76511002 68.56121063
v -22.75682068 39.97640991 72.99965668
v -22.58309937 40.07495880 69.08677673
v -22.78754997 39.95906830 68.90619659
v -22.75682068 39.97640991 72.99965668
v -24.06249046 39.20455170 66.24965668
v -24.01999092 39.23062134 66.75782013
v -22.34305954 40.20928955 69.27748871
v -24.06249046 39.20455170 65.99965668
v -22.06230927 40.36402130 69.47691345
v -22.34305954 40.20928955 69.27748871
v -22.75682068 39.97640991 72.99965668
v -21.81414032 40.49866104 69.63577271
v -21.41114998 40.71313858 69.86511230
v -21.81414032 40.49866104 69.63577271
v -22.75682068 39.97640991 72.99965668
v -20.81752014 41.01969910 72.99965668
v -21.01478004 40.91915131 70.06188202
v -21.41114998 40.71313858 69.86511230
v -20.81752014 41.01969910 72.99965668
v -20.57987022 41.13962173 70.25079346
v -21.01478004 40.91915131 70.06188202
v -20.81752014 41.01969910 72.99965668
v -20.06394005 41.39368057 70.44522095
v -20.57987022 41.13962173 70.25079346
v -20.81752014 41.01969910 72.99965668
v -19.45005035 41.68563843 70.64147949
v -20.06394005 41.39368057 70.44522095
v -20.81752014 41.01969910 72.99965668
v -19.45005035 41.68563843 70.64147949
v -20.81752014 41.01969910 72.99965668
v -18.83057022 41.96910095 72.99965668
v -18.73789978 42.01060104 70.82987976
v -19.45005035 41.68563843 70.64147949
v -18.83057022 41.96910095 72.99965668
v -17.91049957 42.36994171 71.00598145
v -18.73789978 42.01060104 70.82987976
v -18.83057022 41.96910095 72.99965668
v -17.91049957 42.36994171 71.00598145
v -18.83057022 41.96910095 72.99965668
v -16.80043030 42.82223129 72.99965668
v -16.95063972 42.76300812 71.16391754
v -17.91049957 42.36994171 71.00598145
v -16.80043030 42.82223129 72.99965668
v -15.79076004 43.20476151 71.30280304
v -16.95063972 42.76300812 71.16391754
v -16.80043030 42.82223129 72.99965668
v -14.73173046 43.57709122 72.99965668
v -15.79076004 43.20476151 71.30280304
v -16.80043030 42.82223129 72.99965668
v -14.39540005 43.68949890 71.41103363
v -15.79076004 43.20476151 71.30280304
v -14.73173046 43.57709122 72.99965668
v -12.62930965 44.23217010 72.99965668
v -14.39540005 43.68949890 71.41103363
v -14.73173046 43.57709122 72.99965668
v -12.75790977 44.19543076 71.47750854
v -14.39540005 43.68949890 71.41103363
v -12.62930965 44.23217010 72.99965668
v -10.88665009 44.69318008 71.49965668
v -12.75790977 44.19543076 71.47750854
v -12.62930965 44.23217010 72.99965668
v -10.88665009 44.69318008 71.49965668
v -12.62930965 44.23217010 72.99965668
v -10.49798012 44.78601074 72.99965668
v -8.69080353 45.17155838 71.49965668
v -10.88665009 44.69318008 71.49965668
v -10.49798012 44.78601074 72.99965668
v -8.69080353 45.17155838 71.49965668
v -10.49798012 44.78601074 72.99965668
v -8.34256744 45.23715973 72.99965668
v -6.47421312 45.54212189 71.49965668
v -8.69080353 45.17155838 71.49965668
v -8.34256744 45.23715973 72.99965668
v -6.16801119 45.58446884 72.99965668
v -4.24216890 45.80397034 71.49965668
v -6.47421312 45.54212189 71.49965668
v -6.16801119 45.58446884 72.99965668
v -4.24216890 45.80397034 71.49965668
v -6.16801119 45.58446884 72.99965668
v -3.97933102 45.82740021 72.99965668
v -2.00000000 45.95650101 71.49965668
v -3.97933102 45.82740021 72.99965668
v -1.99153399 45.95682907 72.99965668
v -2.00000000 45.95650101 71.49965668
v -4.24216890 45.80397034 71.49965668
v -3.97933102 45.82740021 72.99965668
v 0.00000000 46.00009155 72.99965668
v -2.00000000 45.95650101 71.49965668
v -1.99153399 45.95682907 72.99965668
v 0.28420630 45.99911880 65.99965668
v 0.00000000 46.00009155 72.99965668
v 1.76095498 45.96754074 72.99965668
v 0.28420630 45.99911880 65.99965668
v -2.00000000 45.95650101 65.99965668
v 2.56771207 45.92827988 65.99965668
v 1.76095498 45.96754074 72.99965668
v 3.51941395 45.86734009 72.99965668
v 2.56771207 45.92827988 65.99965668
v 0.28420630 45.99911880 65.99965668
v 1.76095498 45.96754074 72.99965668
v 4.84488297 45.74414825 65.99965668
v 3.51941395 45.86734009 72.99965668
v 5.27273703 45.69971848 72.99965668
v 4.84488297 45.74414825 65.99965668
v 2.56771207 45.92827988 65.99965668
v 3.51941395 45.86734009 72.99965668
v 7.11010408 45.44718170 65.99965668
v 5.27273703 45.69971848 72.99965668
v 7.01831102 45.46482849 72.99965668
v 7.11010408 45.44718170 65.99965668
v 7.01831102 45.46482849 72.99965668
v 8.75356293 45.16302872 72.99965668
v 4.84488297 45.74414825 65.99965668
v 9.35778809 45.03812027 65.99965668
v 8.75356293 45.16302872 72.99965668
v 10.47595978 44.79475021 72.99965668
v 9.35778809 45.03812027 65.99965668
v 7.11010408 45.44718170 65.99965668
v 8.75356293 45.16302872 72.99965668
v 11.58238983 44.51794815 65.99965668
v 9.35778809 45.03812027 65.99965668
v 10.47595978 44.79475021 72.99965668
v 11.58238983 44.51794815 65.99965668
v 10.47595978 44.79475021 72.99965668
v 12.18295002 44.36054993 72.99965668
v 13.77842045 43.88798141 65.99965668
v 11.58238983 44.51794815 65.99965668
v 12.18295002 44.36054993 72.99965668
v 13.87199020 43.86111069 72.99965668
v 13.77842045 43.88798141 65.99965668
v 13.87199020 43.86111069 72.99965668
v 15.54057980 43.29722977 72.99965668
v 15.94046021 43.14976120 65.99965668
v 15.94046021 43.14976120 65.99965668
v 15.54057980 43.29722977 72.99965668
v 17.18630981 42.66986847 72.99965668
v 18.06319046 42.30509186 65.99965668
v 17.18630981 42.66986847 72.99965668
v 18.80682945 41.98011017 72.99965668
v 18.06319046 42.30509186 65.99965668
v 15.94046021 43.14976120 65.99965668
v 17.18630981 42.66986847 72.99965668
v 20.14135933 41.35607910 65.99965668
v 18.80682945 41.98011017 72.99965668
v 20.39990997 41.22916031 72.99965668
v 20.14135933 41.35607910 65.99965668
v 18.06319046 42.30509186 65.99965668
v 18.80682945 41.98011017 72.99965668
v 20.14135933 41.35607910 65.99965668
v 20.39990997 41.22916031 72.99965668
v 21.53906059 40.64564133 72.99965668
v 22.16984940 40.30506134 65.99965668
v 22.16984940 40.30506134 65.99965668
v 21.53906059 40.64564133 72.99965668
v 22.66161919 40.03059006 72.99965668
v 24.14365005 39.15462112 65.99965668
v 22.66161919 40.03059006 72.99965668
v 24.44857979 38.96485138 72.99965668
v 24.14365005 39.15462112 65.99965668
v 22.16984940 40.30506134 65.99965668
v 22.66161919 40.03059006 72.99965668
v 26.05789948 37.90760040 65.99965668
v 24.44857979 38.96485138 72.99965668
v 26.18564034 37.81932068 72.99965668
v 26.05789948 37.90760040 65.99965668
v 24.14365005 39.15462112 65.99965668
v 24.44857979 38.96485138 72.99965668
v 27.90786934 36.56707001 65.99965668
v 27.86919975 36.59637833 72.99965668
v 29.49575043 35.29859161 72.99965668
v 27.90786934 36.56707001 65.99965668
v 26.18564034 37.81932068 72.99965668
v 27.86919975 36.59637833 72.99965668
v 26.05789948 37.90760040 65.99965668
v 29.68901062 35.13634109 65.99965668
v 29.49575043 35.29859161 72.99965668
v 31.06188011 33.92864990 72.99965668
v 29.68901062 35.13634109 65.99965668
v 27.90786934 36.56707001 65.99965668
v 29.49575043 35.29859161 72.99965668
v 31.39690971 33.61894989 65.99965668
v 31.06188011 33.92864990 72.99965668
v 32.56433868 32.48941040 72.99965668
v 31.39690971 33.61894989 65.99965668
v 33.02737045 32.01863098 65.99965668
v 32.56433868 32.48941040 72.99965668
v 34.00000000 30.98386955 72.99965668
v 33.02737045 32.01863098 65.99965668
v 31.39690971 33.61894989 65.99965668
v 32.56433868 32.48941040 72.99965668
v 34.57635880 30.33934021 65.99965668
v 34.00000000 30.98386955 72.99965668
v 35.29650116 29.49840927 72.99965668
v 34.57635880 30.33934021 65.99965668
v 33.02737045 32.01863098 65.99965668
v 34.00000000 30.98386955 72.99965668
v 36.04005814 28.58519936 65.99965668
v 35.29650116 29.49840927 72.99965668
v 36.52814865 27.95877075 72.99965668
v 36.04005814 28.58519936 65.99965668
v 34.57635880 30.33934021 65.99965668
v 35.29650116 29.49840927 72.99965668
v 37.41487122 26.76055908 65.99965668
v 36.52814865 27.95877075 72.99965668
v 37.69269943 26.36775970 72.99965668
v 37.41487122 26.76055908 65.99965668
v 36.04005814 28.58519936 65.99965668
v 36.52814865 27.95877075 72.99965668
v 38.69739151 24.86990929 65.99965668
v 37.69269943 26.36775970 72.99965668
v 38.78800964 24.72830963 72.99965668
v 37.41487122 26.76055908 65.99965668
v 39.88444901 22.91790962 65.99965668
v 38.78800964 24.72830963 72.99965668
v 39.81224060 23.04353905 72.99965668
v 39.88444901 22.91790962 65.99965668
v 39.81224060 23.04353905 72.99965668
v 40.78115845 21.28120041 72.99965668
v 38.69739151 24.86990929 65.99965668
v 40.97314072 20.90937996 65.99965668
v 40.78115845 21.28120041 72.99965668
v 41.67182159 19.47806931 72.99965668
v 40.97314072 20.90937996 65.99965668
v 41.96075058 18.84927940 65.99965668
v 41.67182159 19.47806931 72.99965668
v 42.48257828 17.63767052 72.99965668
v 41.96075058 18.84927940 65.99965668
v 40.97314072 20.90937996 65.99965668
v 41.67182159 19.47806931 72.99965668
v 42.84487152 16.74267960 65.99965668
v 42.48257828 17.63767052 72.99965668
v 43.21195984 15.76356983 72.99965668
v 42.84487152 16.74267960 65.99965668
v 41.96075058 18.84927940 65.99965668
v 42.48257828 17.63767052 72.99965668
v 43.62329865 14.59477997 65.99965668
v 43.21195984 15.76356983 72.99965668
v 43.85868073 13.85939980 72.99965668
v 43.62329865 14.59477997 65.99965668
v 42.84487152 16.74267960 65.99965668
v 43.21195984 15.76356983 72.99965668
v 44.29412842 12.41088963 65.99965668
v 43.85868073 13.85939980 72.99965668
v 44.42155838 11.92881012 72.99965668
v 44.29412842 12.41088963 65.99965668
v 43.62329865 14.59477997 65.99965668
v 43.85868073 13.85939980 72.99965668
v 44.85570145 10.19637966 65.99965668
v 44.29412842 12.41088963 65.99965668
v 44.42155838 11.92881012 72.99965668
v 44.85570145 10.19637966 65.99965668
v 44.42155838 11.92881012 72.99965668
v 44.89965057 9.97552204 72.99965668
v 45.30662918 7.95671606 65.99965668
v 44.85570145 10.19637966 65.99965668
v 44.89965057 9.97552204 72.99965668
v 45.30662918 7.95671606 65.99965668
v 45.29211044 8.00325584 72.99965668
v 45.59833145 6.01577997 72.99965668
v 45.29211044 8.00325584 72.99965668
v 45.64580154 5.69742918 65.99965668
v 45.64580154 5.69742918 65.99965668
v 45.59833145 6.01577997 72.99965668
v 45.81784058 4.01687717 72.99965668
v 45.87237930 3.42408800 65.99965668
v 45.64580154 5.69742918 65.99965668
v 45.81784058 4.01687717 72.99965668
v 45.87237930 3.42408800 65.99965668
v 45.81784058 4.01687717 72.99965668
v 45.95032120 2.01034689 72.99965668
v 45.98580933 1.14230204 65.99965668
v 45.87237930 3.42408800 65.99965668
v 45.95032120 2.01034689 72.99965668
v 45.98580933 1.14230204 65.99965668
v 45.95032120 2.01034689 72.99965668
v 45.99568176 0.00000000 72.99965668
v 45.98580933 -1.14230204 65.99965668
v 45.98580933 1.14230204 65.99965668
v 45.99568176 0.00000000 72.99965668
v 45.98580933 -1.14230204 65.99965668
v 45.99568176 0.00000000 72.99965668
v 45.95032120 -2.01034689 72.99965668
v 45.87237930 -3.42408800 65.99965668
v 45.98580933 -1.14230204 65.99965668
v 45.95032120 -2.01034689 72.99965668
v 45.87237930 -3.42408800 65.99965668
v 45.95032120 -2.01034689 72.99965668
v 45.81784058 -4.01687717 72.99965668
v 45.64580154 -5.69742918 65.99965668
v 45.87237930 -3.42408800 65.99965668
v 45.81784058 -4.01687717 72.99965668
v 45.64580154 -5.69742918 65.99965668
v 45.81784058 -4.01687717 72.99965668
v 45.59833145 -6.01577997 72.99965668
v 45.30662918 -7.95671606 65.99965668
v 45.64580154 -5.69742918 65.99965668
v 45.59833145 -6.01577997 72.99965668
v 45.30662918 -7.95671606 65.99965668
v 45.29211044 -8.00325584 72.99965668
v 44.89965057 -9.97552204 72.99965668
v 45.29211044 -8.00325584 72.99965668
v 44.85570145 -10.19637966 65.99965668
v 44.85570145 -10.19637966 65.99965668
v 44.89965057 -9.97552204 72.99965668
v 44.42155838 -11.92881012 72.99965668
v 44.29412842 -12.41088963 65.99965668
v 44.42155838 -11.92881012 72.99965668
v 43.85868073 -13.85939980 72.99965668
v 44.29412842 -12.41088963 65.99965668
v 44.85570145 -10.19637966 65.99965668
v 44.42155838 -11.92881012 72.99965668
v 43.62329865 -14.59477997 65.99965668
v 43.85868073 -13.85939980 72.99965668
v 43.21195984 -15.76356983 72.99965668
v 43.62329865 -14.59477997 65.99965668
v 44.29412842 -12.41088963 65.99965668
v 43.85868073 -13.85939980 72.99965668
v 42.84487152 -16.74267960 65.99965668
v 43.21195984 -15.76356983 72.99965668
v 42.48257828 -17.63767052 72.99965668
v 42.84487152 -16.74267960 65.99965668
v 43.62329865 -14.59477997 65.99965668
v 43.21195984 -15.76356983 72.99965668
v 41.96075058 -18.84927940 65.99965668
v 42.48257828 -17.63767052 72.99965668
v 41.67182159 -19.47806931 72.99965668
v 41.96075058 -18.84927940 65.99965668
v 42.84487152 -16.74267960 65.99965668
v 42.48257828 -17.63767052 72.99965668
v 40.97314072 -20.90937996 65.99965668
v 41.67182159 -19.47806931 72.99965668
v 40.78116989 -21.28120041 72.99965668
v 40.97314072 -20.90937996 65.99965668
v 41.96075058 -18.84927940 65.99965668
v 41.67182159 -19.47806931 72.99965668
v 39.88444901 -22.91790962 65.99965668
v 40.78116989 -21.28120041 72.99965668
v 39.81224060 -23.04353905 72.99965668
v 39.88444901 -22.91790962 65.99965668
v 39.81224060 -23.04353905 72.99965668
v 38.78802109 -24.72831917 72.99965668
v 40.97314072 -20.90937996 65.99965668
v 38.69739151 -24.86990929 65.99965668
v 38.78802109 -24.72831917 72.99965668
v 37.69271088 -26.36776924 72.99965668
v 38.69739151 -24.86990929 65.99965668
v 37.41487122 -26.76055908 65.99965668
v 37.69271088 -26.36776924 72.99965668
v 36.52816010 -27.95878029 72.99965668
v 37.41487122 -26.76055908 65.99965668
v 36.04005814 -28.58519936 65.99965668
v 36.52816010 -27.95878029 72.99965668
v 35.29650116 -29.49842072 72.99965668
v 36.04005814 -28.58519936 65.99965668
v 37.41487122 -26.76055908 65.99965668
v 36.52816010 -27.95878029 72.99965668
v 34.57635880 -30.33934021 65.99965668
v 35.29650116 -29.49842072 72.99965668
v 34.00000000 -30.98386955 72.99965668
v 34.57635880 -30.33934021 65.99965668
v 36.04005814 -28.58519936 65.99965668
v 35.29650116 -29.49842072 72.99965668
v 33.02737045 -32.01863098 65.99965668
v 34.00000000 -30.98386955 72.99965668
v 32.52177811 -32.53205109 72.99965668
v 33.02737045 -32.01863098 65.99965668
v 34.57635880 -30.33934021 65.99965668
v 34.00000000 -30.98386955 72.99965668
v 31.39690971 -33.61894989 65.99965668
v 32.52177811 -32.53205109 72.99965668
v 30.97312927 -34.00978088 72.99965668
v 31.39690971 -33.61894989 65.99965668
v 33.02737045 -32.01863098 65.99965668
v 32.52177811 -32.53205109 72.99965668
v 29.68901062 -35.13634109 65.99965668
v 30.97312927 -34.00978088 72.99965668
v 29.35741997 -35.41387177 72.99965668
v 31.39690971 -33.61894989 65.99965668
v 27.90786934 -36.56707001 65.99965668
v 29.35741997 -35.41387177 72.99965668
v 27.67812920 -36.74126816 72.99965668
v 27.90786934 -36.56707001 65.99965668
v 29.68901062 -35.13634109 65.99965668
v 29.35741997 -35.41387177 72.99965668
v 26.05789948 -37.90760040 65.99965668
v 27.90786934 -36.56707001 65.99965668
v 27.67812920 -36.74126816 72.99965668
v 26.05789948 -37.90760040 65.99965668
v 27.67812920 -36.74126816 72.99965668
v 25.93890953 -37.98912048 72.99965668
v 24.14365005 -39.15462112 65.99965668
v 26.05789948 -37.90760040 65.99965668
v 25.93890953 -37.98912048 72.99965668
v 24.14365005 -39.15462112 65.99965668
v 24.14352036 -39.15470123 72.99965668
v 22.29585075 -40.23548889 72.99965668
v 24.14365005 -39.15462112 65.99965668
v 25.93890953 -37.98912048 72.99965668
v 24.14352036 -39.15470123 72.99965668
v 22.16984940 -40.30506134 65.99965668
v 22.16984940 -40.30506134 65.99965668
v 22.29585075 -40.23548889 72.99965668
v 20.39990044 -41.22916031 72.99965668
v 20.14135933 -41.35607910 65.99965668
v 20.14135933 -41.35607910 65.99965668
v 20.39990044 -41.22916031 72.99965668
v 18.80681992 -41.98011017 72.99965668
v 18.06319046 -42.30509186 65.99965668
v 20.14135933 -41.35607910 65.99965668
v 18.80681992 -41.98011017 72.99965668
v 18.06319046 -42.30509186 65.99965668
v 18.80681992 -41.98011017 72.99965668
v 17.18630028 -42.66986847 72.99965668
v 15.94046021 -43.14976120 65.99965668
v 18.06319046 -42.30509186 65.99965668
v 17.18630028 -42.66986847 72.99965668
v 15.94046021 -43.14976120 65.99965668
v 17.18630028 -42.66986847 72.99965668
v 15.54057980 -43.29721832 72.99965668
v 13.77842045 -43.88798141 65.99965668
v 15.94046021 -43.14976120 65.99965668
v 15.54057980 -43.29721832 72.99965668
v 13.87197971 -43.86109924 72.99965668
v 13.77842045 -43.88798141 65.99965668
v 13.87197971 -43.86109924 72.99965668
v 12.18293953 -44.36053848 72.99965668
v 11.58238983 -44.51794815 65.99965668
v 11.58238983 -44.51794815 65.99965668
v 12.18293953 -44.36053848 72.99965668
v 10.47595024 -44.79475021 72.99965668
v 9.35778809 -45.03812027 65.99965668
v 11.58238983 -44.51794815 65.99965668
v 10.47595024 -44.79475021 72.99965668
v 9.35778809 -45.03812027 65.99965668
v 10.47595024 -44.79475021 72.99965668
v 8.75356007 -45.16302109 72.99965668
v 7.11010408 -45.44718170 65.99965668
v 9.35778809 -45.03812027 65.99965668
v 8.75356007 -45.16302109 72.99965668
v 7.11010408 -45.44718170 65.99965668
v 8.75356007 -45.16302109 72.99965668
v 7.01830816 -45.46482849 72.99965668
v 7.11010408 -45.44718170 65.99965668
v 7.01830816 -45.46482849 72.99965668
v 5.27273512 -45.69971848 72.99965668
v 4.84488297 -45.74414825 65.99965668
v 4.84488297 -45.74414825 65.99965668
v 5.27273512 -45.69971848 72.99965668
v 3.51941299 -45.86735153 72.99965668
v 2.56771207 -45.92827988 65.99965668
v 4.84488297 -45.74414825 65.99965668
v 3.51941299 -45.86735153 72.99965668
v 2.56771207 -45.92827988 65.99965668
v 3.51941299 -45.86735153 72.99965668
v 1.76095498 -45.96754837 72.99965668
v -2.00000000 -45.95650101 71.49965668
v 0.00000000 -46.00011063 72.99965668
v -2.20531106 -45.94704819 72.99965668
v 0.28420630 -45.99911880 65.99965668
v 2.56771207 -45.92827988 65.99965668
v 1.76095498 -45.96754837 72.99965668
v 0.28420630 -45.99911880 65.99965668
v 0.28420630 -45.99911880 65.99965668
v 1.76095498 -45.96754837 72.99965668
v 0.00000000 -46.00011063 72.99965668
v -4.24216890 -45.80397034 71.49965668
v -2.00000000 -45.95650101 71.49965668
v -2.20531106 -45.94704819 72.99965668
v -4.40555096 -45.78837967 72.99965668
v -2.00000000 -45.95650101 65.99965668
v -6.47421312 -45.54212189 71.49965668
v -4.24216890 -45.80397034 71.49965668
v -4.40555096 -45.78837967 72.99965668
v -6.59567308 -45.52457809 72.99965668
v -8.69080353 -45.17155838 71.49965668
v -6.47421312 -45.54212189 71.49965668
v -6.59567308 -45.52457809 72.99965668
v -8.69080353 -45.17155838 71.49965668
v -6.59567308 -45.52457809 72.99965668
v -8.77063274 -45.15613174 72.99965668
v -10.88665009 -44.69318008 71.49965668
v -8.69080353 -45.17155838 71.49965668
v -8.77063274 -45.15613174 72.99965668
v -10.92539024 -44.68363953 72.99965668
v -11.82973003 -44.45288086 71.49478149
v -10.88665009 -44.69318008 71.49965668
v -10.92539024 -44.68363953 72.99965668
v -13.05500984 -44.10839081 72.99965668
v -11.82973003 -44.45288086 71.49478149
v -10.92539024 -44.68363953 72.99965668
v -12.69470024 -44.21363831 71.47988892
v -11.82973003 -44.45288086 71.49478149
v -13.05500984 -44.10839081 72.99965668
v -14.07802010 -43.79280853 71.42862701
v -12.69470024 -44.21363831 71.47988892
v -13.05500984 -44.10839081 72.99965668
v -15.15466022 -43.43185043 72.99965668
v -14.07802010 -43.79280853 71.42862701
v -13.05500984 -44.10839081 72.99965668
v -15.44260979 -43.33041000 71.33522034
v -14.07802010 -43.79280853 71.42862701
v -15.15466022 -43.43185043 72.99965668
v -16.62002945 -42.89258957 71.20906067
v -15.15466022 -43.43185043 72.99965668
v -17.21946907 -42.65547180 72.99965668
v -16.62002945 -42.89258957 71.20906067
v -15.44260979 -43.33041000 71.33522034
v -15.15466022 -43.43185043 72.99965668
v -17.63619995 -42.48487091 71.05605316
v -16.62002945 -42.89258957 71.20906067
v -17.21946907 -42.65547180 72.99965668
v -18.40167999 -42.15895844 70.90654755
v -17.21946907 -42.65547180 72.99965668
v -19.24461937 -41.78083038 72.99965668
v -18.40167999 -42.15895844 70.90654755
v -17.63619995 -42.48487091 71.05605316
v -17.21946907 -42.65547180 72.99965668
v -19.20175934 -41.80062866 70.71144104
v -18.40167999 -42.15895844 70.90654755
v -19.24461937 -41.78083038 72.99965668
v -19.84781075 -41.49776077 70.51818085
v -19.24461937 -41.78083038 72.99965668
v -21.22549057 -40.81008148 72.99965668
v -19.84781075 -41.49776077 70.51818085
v -19.20175934 -41.80062866 70.71144104
v -19.24461937 -41.78083038 72.99965668
v -20.43214989 -41.21318817 70.30950165
v -19.84781075 -41.49776077 70.51818085
v -21.22549057 -40.81008148 72.99965668
v -20.92962074 -40.96278000 70.10096741
v -20.43214989 -41.21318817 70.30950165
v -21.22549057 -40.81008148 72.99965668
v -21.35481071 -40.74272156 69.89488220
v -20.92962074 -40.96278000 70.10096741
v -21.22549057 -40.81008148 72.99965668
v -21.74564934 -40.53548050 69.67723083
v -21.35481071 -40.74272156 69.89488220
v -21.22549057 -40.81008148 72.99965668
v -21.74564934 -40.53548050 69.67723083
v -21.22549057 -40.81008148 72.99965668
v -23.15760994 -39.74560165 72.99965668
v -22.13561058 -40.32387161 69.42700958
v -22.40130043 -40.17686081 69.23300171
v -22.13561058 -40.32387161 69.42700958
v -23.15760994 -39.74560165 72.99965668
v -22.64402008 -40.04056931 69.03479004
v -22.84590912 -39.92573166 68.85105896
v -23.04740906 -39.80974960 68.64620972
v -22.84590912 -39.92573166 68.85105896
v -23.15760994 -39.74560165 72.99965668
v -23.22830963 -39.70447159 68.43885040
v -23.04740906 -39.80974960 68.64620972
v -23.15760994 -39.74560165 72.99965668
v -23.22830963 -39.70447159 68.43885040
v -23.15760994 -39.74560165 72.99965668
v -25.03652000 -38.58979034 72.99965668
v -23.38990021 -39.60950089 68.22882843
v -23.22830963 -39.70447159 68.43885040
v -25.03652000 -38.58979034 72.99965668
v -23.65016937 -39.45465088 67.81654358
v -23.38990021 -39.60950089 68.22882843
v -25.03652000 -38.58979034 72.99965668
v -23.84770966 -39.33557129 67.38996887
v -23.65016937 -39.45465088 67.81654358
v -25.93815041 -37.98963165 65.99965668
v -24.06249046 -39.20455170 65.99965668
v -24.06249046 -39.20455170 66.24965668
v -24.03199005 -39.22328186 66.68315887
v -23.84770966 -39.33557129 67.38996887
v -25.03652000 -38.58979034 72.99965668
v -25.93815041 -37.98963165 65.99965668
v -24.03199005 -39.22328186 66.68315887
v -23.97784996 -39.25637817 66.96955872
v -25.93815041 -37.98963165 65.99965668
v -23.97784996 -39.25637817 66.96955872
v -23.84770966 -39.33557129 67.38996887
v -25.93815041 -37.98963165 65.99965668
v -25.03652000 -38.58979034 72.99965668
v -26.85775948 -37.34508133 72.99965668
v -27.75259972 -36.68505096 65.99965668
v -25.93815041 -37.98963165 65.99965668
v -26.85775948 -37.34508133 72.99965668
v -27.75259972 -36.68505096 65.99965668
v -26.85775948 -37.34508133 72.99965668
v -28.61720085 -36.01445007 72.99965668
v -29.50153923 -35.29389191 65.99965668
v -27.75259972 -36.68505096 65.99965668
v -28.61720085 -36.01445007 72.99965668
v -29.50153923 -35.29389191 65.99965668
v -28.61720085 -36.01445007 72.99965668
v -30.31090927 -34.60108948 72.99965668
v -31.18086052 -33.81943130 65.99965668
v -29.50153923 -35.29389191 65.99965668
v -30.31090927 -34.60108948 72.99965668
v -31.18086052 -33.81943130 65.99965668
v -30.31090927 -34.60108948 72.99965668
v -31.93498039 -33.10823822 72.99965668
v -32.78657913 -32.26514816 65.99965668
v -31.18086052 -33.81943130 65.99965668
v -31.93498039 -33.10823822 72.99965668
v -32.78657913 -32.26514816 65.99965668
v -31.93498039 -33.10823822 72.99965668
v -33.48550034 -31.53912926 72.99965668
v -34.31491852 -30.63471985 65.99965668
v -32.78657913 -32.26514816 65.99965668
v -33.48550034 -31.53912926 72.99965668
v -34.31491852 -30.63471985 65.99965668
v -33.48550034 -31.53912926 72.99965668
v -34.95895004 -29.89743996 72.99965668
v -35.76227188 -28.93198967 65.99965668
v -34.31491852 -30.63471985 65.99965668
v -34.95895004 -29.89743996 72.99965668
v -35.76227188 -28.93198967 65.99965668
v -34.95895004 -29.89743996 72.99965668
v -36.35210037 -28.18707085 72.99965668
v -37.12522125 -27.16097069 65.99965668
v -35.76227188 -28.93198967 65.99965668
v -36.35210037 -28.18707085 72.99965668
v -37.12522125 -27.16097069 65.99965668
v -36.35210037 -28.18707085 72.99965668
v -37.66173172 -26.41194916 72.99965668
v -38.40053940 -25.32584000 65.99965668
v -37.12522125 -27.16097069 65.99965668
v -37.66173172 -26.41194916 72.99965668
v -38.40053940 -25.32584000 65.99965668
v -37.66173172 -26.41194916 72.99965668
v -38.88465118 -24.57600975 72.99965668
v -39.58523178 -23.43095016 65.99965668
v -38.40053940 -25.32584000 65.99965668
v -38.88465118 -24.57600975 72.99965668
v -39.58523178 -23.43095016 65.99965668
v -38.88465118 -24.57600975 72.99965668
v -40.01805115 -22.68350029 72.99965668
v -40.67649841 -21.48074913 65.99965668
v -39.58523178 -23.43095016 65.99965668
v -40.01805115 -22.68350029 72.99965668
v -40.67649841 -21.48074913 65.99965668
v -40.01805115 -22.68350029 72.99965668
v -41.05952835 -20.73887062 72.99965668
v -41.67176056 -19.47985077 65.99965668
v -40.67649841 -21.48074913 65.99965668
v -41.05952835 -20.73887062 72.99965668
v -41.67176056 -19.47985077 65.99965668
v -41.05952835 -20.73887062 72.99965668
v -42.00667953 -18.74661064 72.99965668
v -42.56866074 -17.43297958 65.99965668
v -42.00667953 -18.74661064 72.99965668
v -42.85712814 -16.71118927 72.99965668
v -42.56866074 -17.43297958 65.99965668
v -41.67176056 -19.47985077 65.99965668
v -42.00667953 -18.74661064 72.99965668
v -43.36510086 -15.34496021 65.99965668
v -42.85712814 -16.71118927 72.99965668
v -43.60889816 -14.63729000 72.99965668
v -43.36510086 -15.34496021 65.99965668
v -42.56866074 -17.43297958 65.99965668
v -42.85712814 -16.71118927 72.99965668
v -44.05918884 -13.22072029 65.99965668
v -43.36510086 -15.34496021 65.99965668
v -43.60889816 -14.63729000 72.99965668
v -44.05918884 -13.22072029 65.99965668
v -43.60889816 -14.63729000 72.99965668
v -44.26047897 -12.52976036 72.99965668
v -44.64928818 -11.06527996 65.99965668
v -44.26047897 -12.52976036 72.99965668
v -44.81039047 -10.39344978 72.99965668
v -44.64928818 -11.06527996 65.99965668
v -44.05918884 -13.22072029 65.99965668
v -44.26047897 -12.52976036 72.99965668
v -45.13401031 -8.88373184 65.99965668
v -44.81039047 -10.39344978 72.99965668
v -45.25717926 -8.23322392 72.99965668
v -45.13401031 -8.88373184 65.99965668
v -44.64928818 -11.06527996 65.99965668
v -44.81039047 -10.39344978 72.99965668
v -45.51221085 -6.68121004 65.99965668
v -45.25717926 -8.23322392 72.99965668
v -45.59970093 -6.05403614 72.99965668
v -45.51221085 -6.68121004 65.99965668
v -45.13401031 -8.88373184 65.99965668
v -45.25717926 -8.23322392 72.99965668
v -45.78298950 -4.46292019 65.99965668
v -45.59970093 -6.05403614 72.99965668
v -45.83734131 -3.86093593 72.99965668
v -45.78298950 -4.46292019 65.99965668
v -45.51221085 -6.68121004 65.99965668
v -45.59970093 -6.05403614 72.99965668
v -45.94572067 -2.23409605 65.99965668
v -45.83734131 -3.86093593 72.99965668
v -45.95888138 -1.93216896 72.99965668
v -45.94572067 -2.23409605 65.99965668
v -45.78298950 -4.46292019 65.99965668
v -45.83734131 -3.86093593 72.99965668
v -46.00000000 0.00000000 65.99965668
v -45.94572067 -2.23409605 65.99965668
v -45.95888138 -1.93216896 72.99965668
v -45.99906921 0.00001054 72.99965668
v 45.19168091 -28.36503983 97.49965668
v 49.00000000 -26.51651001 101.21880341
v 49.00000000 -27.54567909 102.56890106
v 45.19168091 -28.36503983 97.49965668
v 49.00000000 -25.42123032 99.92176819
v 49.00000000 -26.51651001 101.21880341
v 45.19168091 -28.36503983 97.49965668
v 49.00000000 -24.26258087 98.68103027
v 49.00000000 -25.42123032 99.92176819
v 45.19168091 -28.36503983 97.49965668
v 49.00000000 -23.04343987 97.49965668
v 49.00000000 -24.26258087 98.68103027
v 34.00000000 -43.30908966 99.57975006
v 34.00000000 -42.14262009 97.49965668
v 37.62017822 -37.87379074 97.49965668
v 45.06953049 28.52787018 97.49965668
v 49.00000000 24.26258087 98.68103027
v 49.00000000 23.04343987 97.49965668
v 45.06953049 28.52787018 97.49965668
v 49.00000000 25.42123032 99.92176819
v 49.00000000 24.26258087 98.68103027
v 45.06953049 28.52787018 97.49965668
v 49.00000000 26.51651001 101.21880341
v 49.00000000 25.42123032 99.92176819
v 45.06953049 28.52787018 97.49965668
v 49.00000000 27.54567909 102.56890106
v 49.00000000 26.51651001 101.21880341
v 44.00000000 -31.59651947 99.63790131
v 41.16608047 -33.54457092 97.49965668
v 45.19168091 -28.36503983 97.49965668
v 44.00000000 -31.59651947 99.63790131
v 49.00000000 -27.54567909 102.56890106
v 49.00000000 -28.50617981 103.96869659
v 49.00000000 -27.54567909 102.56890106
v 44.00000000 -33.71849823 102.90209961
v 44.00000000 -31.59651947 99.63790131
v 49.00000000 -28.50617981 103.96869659
v 41.16608047 -33.54457092 97.49965668
v 44.00000000 -33.71849823 102.90209961
v 49.00000000 -29.39562035 105.41459656
v 49.00000000 -30.21176910 106.90319824
v 44.00000000 -33.71849823 102.90209961
v 49.00000000 -28.50617981 103.96869659
v 49.00000000 -29.39562035 105.41459656
v 44.00000000 -35.50445175 106.36170197
v 44.00000000 -33.71849823 102.90209961
v 49.00000000 -30.21176910 106.90319824
v 44.00000000 -35.50445175 106.36170197
v 49.00000000 -30.95260048 108.43070221
v 49.00000000 -31.61627007 109.99320221
v 44.00000000 -35.50445175 106.36170197
v 49.00000000 -30.21176910 106.90319824
v 49.00000000 -30.95260048 108.43070221
v 39.00000000 -38.04138184 100.38960266
v 41.16608047 -33.54457092 97.49965668
v 44.00000000 -33.71849823 102.90209961
v 39.00000000 -38.04138184 100.38960266
v 34.00000000 -43.30908966 99.57975006
v 37.62017822 -37.87379074 97.49965668
v 39.00000000 -38.04138184 100.38960266
v 44.00000000 -33.71849823 102.90209961
v 44.00000000 -35.50445175 106.36170197
v 39.00000000 -38.04138184 100.38960266
v 37.62017822 -37.87379074 97.49965668
v 41.16608047 -33.54457092 97.49965668
v 44.00000000 -36.93656158 109.98210144
v 44.00000000 -35.50445175 106.36170197
v 49.00000000 -31.61627007 109.99320221
v 44.00000000 -36.93656158 109.98210144
v 49.00000000 -32.20111084 111.58689880
v 49.00000000 -32.70568085 113.20780182
v 44.00000000 -36.93656158 109.98210144
v 49.00000000 -31.61627007 109.99320221
v 49.00000000 -32.20111084 111.58689880
v 39.00000000 -40.05630112 104.29270172
v 44.00000000 -35.50445175 106.36170197
v 44.00000000 -36.93656158 109.98210144
v 39.00000000 -40.05630112 104.29270172
v 34.00000000 -45.33174896 103.89769745
v 34.00000000 -44.37297058 101.71410370
v 39.00000000 -40.05630112 104.29270172
v 34.00000000 -43.30908966 99.57975006
v 34.00000000 -44.37297058 101.71410370
v 44.00000000 -38.00056839 113.72720337
v 44.00000000 -36.93656158 109.98210144
v 49.00000000 -32.70568085 113.20780182
v 44.00000000 -38.00056839 113.72720337
v 49.00000000 -33.12871170 114.85189819
v 49.00000000 -33.46915054 116.51499939
v 44.00000000 -38.00056839 113.72720337
v 49.00000000 -32.70568085 113.20780182
v 49.00000000 -33.12871170 114.85189819
v 39.00000000 -41.67201996 108.37719727
v 39.00000000 -41.67201996 108.37719727
v 34.00000000 -46.92515182 108.39179993
v 34.00000000 -46.18315125 106.12539673
v 39.00000000 -41.67201996 108.37719727
v 34.00000000 -46.18315125 106.12539673
v 34.00000000 -45.33174896 103.89769745
v 39.00000000 -41.67201996 108.37719727
v 34.00000000 -45.33174896 103.89769745
v 39.00000000 -40.05630112 104.29270172
v 44.00000000 -38.68587875 117.55970001
v 44.00000000 -38.00056839 113.72720337
v 49.00000000 -33.46915054 116.51499939
v 44.00000000 -38.68587875 117.55970001
v 49.00000000 -33.72615051 118.19309998
v 49.00000000 -33.89907074 119.88189697
v 44.00000000 -38.68587875 117.55970001
v 49.00000000 -33.46915054 116.51499939
v 49.00000000 -33.72615051 118.19309998
v 39.00000000 -42.87244034 112.60250092
v 39.00000000 -41.67201996 108.37719727
v 44.00000000 -36.93656158 109.98210144
v 44.00000000 -38.00056839 113.72720337
v 39.00000000 -42.87244034 112.60250092
v 34.00000000 -48.07418823 113.01959991
v 34.00000000 -47.55598831 110.69170380
v 34.00000000 -47.55598831 110.69170380
v 34.00000000 -46.92515182 108.39179993
v 44.00000000 -38.98564148 121.44149780
v 49.00000000 -33.98748016 121.57720184
v 49.00000000 -33.99116135 123.27480316
v 44.00000000 -38.98564148 121.44149780
v 49.00000000 -33.89907074 119.88189697
v 49.00000000 -33.98748016 121.57720184
v 44.00000000 -38.98564148 121.44149780
v 44.00000000 -38.68587875 117.55970001
v 49.00000000 -33.89907074 119.88189697
v 39.00000000 -43.64561081 116.92639923
v 44.00000000 -38.00056839 113.72720337
v 44.00000000 -38.68587875 117.55970001
v 39.00000000 -43.64561081 116.92639923
v 34.00000000 -48.76800156 117.73709869
v 34.00000000 -48.47851181 115.36990356
v 34.00000000 -48.47851181 115.36990356
v 34.00000000 -48.07418823 113.01959991
v 39.00000000 -43.64561081 116.92639923
v 34.00000000 -48.07418823 113.01959991
v 39.00000000 -42.87244034 112.60250092
v 39.00000000 -42.87244034 112.60250092
v 44.00000000 -38.89688110 125.33390045
v 44.00000000 -38.98564148 121.44149780
v 49.00000000 -33.99116135 123.27480316
v 44.00000000 -38.89688110 125.33390045
v 49.00000000 -33.91009903 124.97049713
v 49.00000000 -33.74449921 126.66000366
v 44.00000000 -38.89688110 125.33390045
v 49.00000000 -33.99116135 123.27480316
v 49.00000000 -33.91009903 124.97049713
v 39.00000000 -43.98379898 121.30590057
v 39.00000000 -43.64561081 116.92639923
v 44.00000000 -38.68587875 117.55970001
v 44.00000000 -38.98564148 121.44149780
v 39.00000000 -43.98379898 121.30590057
v 34.00000000 -49.00000000 122.49970245
v 34.00000000 -48.94197083 120.11550140
v 39.00000000 -43.98379898 121.30590057
v 34.00000000 -48.94197083 120.11550140
v 34.00000000 -48.76800156 117.73709869
v 39.00000000 -43.64561081 116.92639923
v 44.00000000 -38.42047882 129.19790649
v 44.00000000 -38.89688110 125.33390045
v 49.00000000 -33.74449921 126.66000366
v 44.00000000 -38.42047882 129.19790649
v 49.00000000 -33.49477005 128.33920288
v 49.00000000 -33.16154099 130.00379944
v 44.00000000 -38.42047882 129.19790649
v 49.00000000 -33.74449921 126.66000366
v 49.00000000 -33.49477005 128.33920288
v 39.00000000 -43.88365936 125.69719696
v 44.00000000 -38.98564148 121.44149780
v 44.00000000 -38.89688110 125.33390045
v 39.00000000 -43.88365936 125.69719696
v 44.00000000 -38.89688110 125.33390045
v 44.00000000 -38.42047882 129.19790649
v 39.00000000 -43.88365936 125.69719696
v 34.00000000 -49.00000000 122.49970245
v 39.00000000 -43.98379898 121.30590057
v 39.00000000 -43.88365936 125.69719696
v 34.00000000 -48.75822830 127.36119843
v 34.00000000 -48.93952179 124.93340302
v 34.00000000 -48.93952179 124.93340302
v 39.00000000 -43.98379898 121.30590057
v 44.00000000 -37.56118011 132.99530029
v 44.00000000 -38.42047882 129.19790649
v 49.00000000 -33.16154099 130.00379944
v 44.00000000 -37.56118011 132.99530029
v 49.00000000 -32.74563980 131.64970398
v 49.00000000 -32.24811172 133.27270508
v 44.00000000 -37.56118011 132.99530029
v 49.00000000 -33.16154099 130.00379944
v 49.00000000 -32.74563980 131.64970398
v 39.00000000 -43.34617996 130.05670166
v 39.00000000 -43.34617996 130.05670166
v 34.00000000 -48.03532028 132.17480469
v 34.00000000 -48.45658112 129.77699280
v 34.00000000 -48.45658112 129.77699280
v 34.00000000 -48.75822830 127.36119843
v 44.00000000 -36.32754898 136.68800354
v 44.00000000 -37.56118011 132.99530029
v 49.00000000 -32.24811172 133.27270508
v 44.00000000 -36.32754898 136.68800354
v 49.00000000 -31.67016983 134.86900330
v 49.00000000 -31.01329041 136.43440247
v 44.00000000 -36.32754898 136.68800354
v 49.00000000 -32.24811172 133.27270508
v 49.00000000 -31.67016983 134.86900330
v 39.00000000 -42.37672043 134.34080505
v 44.00000000 -38.42047882 129.19790649
v 44.00000000 -37.56118011 132.99530029
v 39.00000000 -43.34617996 130.05670166
v 39.00000000 -42.37672043 134.34080505
v 34.00000000 -46.83839035 136.89289856
v 34.00000000 -47.49547958 134.54870605
v 34.00000000 -47.49547958 134.54870605
v 34.00000000 -48.03532028 132.17480469
v 44.00000000 -34.73189163 140.23930359
v 44.00000000 -36.32754898 136.68800354
v 49.00000000 -31.01329041 136.43440247
v 44.00000000 -34.73189163 140.23930359
v 49.00000000 -30.27909088 137.96499634
v 49.00000000 -29.46940041 139.45710754
v 44.00000000 -34.73189163 140.23930359
v 49.00000000 -31.01329041 136.43440247
v 49.00000000 -30.27909088 137.96499634
v 39.00000000 -40.98492813 138.50700378
v 34.00000000 -46.83839035 136.89289856
v 39.00000000 -42.37672043 134.34080505
v 44.00000000 -37.56118011 132.99530029
v 44.00000000 -36.32754898 136.68800354
v 39.00000000 -40.98492813 138.50700378
v 34.00000000 -45.17926025 141.46890259
v 34.00000000 -46.06568146 139.20150757
v 34.00000000 -46.06568146 139.20150757
v 39.00000000 -40.98492813 138.50700378
v 44.00000000 -36.32754898 136.68800354
v 44.00000000 -34.73189163 140.23930359
v 44.00000000 -32.79010010 143.61390686
v 49.00000000 -28.58624077 140.90690613
v 49.00000000 -27.63180923 142.31080627
v 44.00000000 -32.79010010 143.61390686
v 49.00000000 -29.46940041 139.45710754
v 49.00000000 -28.58624077 140.90690613
v 44.00000000 -32.79010010 143.61390686
v 44.00000000 -34.73189163 140.23930359
v 49.00000000 -29.46940041 139.45710754
v 39.00000000 -39.18470001 142.51359558
v 34.00000000 -45.17926025 141.46890259
v 39.00000000 -40.98492813 138.50700378
v 39.00000000 -39.18470001 142.51359558
v 34.00000000 -41.86095810 147.96839905
v 34.00000000 -43.07429886 145.85780334
v 39.00000000 -39.18470001 142.51359558
v 34.00000000 -43.07429886 145.85780334
v 34.00000000 -44.18130875 143.68949890
v 34.00000000 -44.18130875 143.68949890
v 39.00000000 -39.18470001 142.51359558
v 44.00000000 -30.52152061 146.77799988
v 44.00000000 -32.79010010 143.61390686
v 49.00000000 -27.63180923 142.31080627
v 44.00000000 -30.52152061 146.77799988
v 49.00000000 -26.60849953 143.66540527
v 49.00000000 -25.51885986 144.96710205
v 44.00000000 -30.52152061 146.77799988
v 49.00000000 -27.63180923 142.31080627
v 49.00000000 -26.60849953 143.66540527
v 39.00000000 -36.99396133 146.32080078
v 44.00000000 -34.73189163 140.23930359
v 44.00000000 -32.79010010 143.61390686
v 39.00000000 -36.99396133 146.32080078
v 34.00000000 -39.12752914 151.99600220
v 34.00000000 -40.54428864 150.01620483
v 39.00000000 -36.99396133 146.32080078
v 34.00000000 -40.54428864 150.01620483
v 34.00000000 -41.86095810 147.96839905
v 39.00000000 -36.99396133 146.32080078
v 44.00000000 -32.79010010 143.61390686
v 44.00000000 -30.52152061 146.77799988
v 44.00000000 -27.94877052 149.70010376
v 49.00000000 -24.36558914 146.21290588
v 49.00000000 -23.15158081 147.39950562
v 44.00000000 -27.94877052 149.70010376
v 49.00000000 -25.51885986 144.96710205
v 49.00000000 -24.36558914 146.21290588
v 44.00000000 -27.94877052 149.70010376
v 44.00000000 -30.52152061 146.77799988
v 49.00000000 -25.51885986 144.96710205
v 39.00000000 -34.43452835 149.89059448
v 39.00000000 -34.43452835 149.89059448
v 34.00000000 -36.00798035 155.73249817
v 34.00000000 -37.61418152 153.90299988
v 39.00000000 -34.43452835 149.89059448
v 34.00000000 -37.61418152 153.90299988
v 34.00000000 -39.12752914 151.99600220
v 39.00000000 -34.43452835 149.89059448
v 44.00000000 -25.09748077 152.35119629
v 44.00000000 -27.94877052 149.70010376
v 49.00000000 -23.15158081 147.39950562
v 44.00000000 -25.09748077 152.35119629
v 49.00000000 -21.87985992 148.52409363
v 49.00000000 -20.55357933 149.58380127
v 44.00000000 -25.09748077 152.35119629
v 49.00000000 -23.15158081 147.39950562
v 49.00000000 -21.87985992 148.52409363
v 39.00000000 -31.53194046 153.18739319
v 34.00000000 -36.00798035 155.73249817
v 39.00000000 -34.43452835 149.89059448
v 44.00000000 -30.52152061 146.77799988
v 44.00000000 -27.94877052 149.70010376
v 39.00000000 -31.53194046 153.18739319
v 34.00000000 -32.53311157 159.14109802
v 34.00000000 -34.31290054 157.47999573
v 39.00000000 -31.53194046 153.18739319
v 34.00000000 -34.31290054 157.47999573
v 34.00000000 -36.00798035 155.73249817
v 44.00000000 -21.99608040 154.70480347
v 49.00000000 -19.17606926 150.57589722
v 49.00000000 -17.75074959 151.49809265
v 44.00000000 -21.99608040 154.70480347
v 49.00000000 -20.55357933 149.58380127
v 49.00000000 -19.17606926 150.57589722
v 44.00000000 -21.99608040 154.70480347
v 44.00000000 -25.09748077 152.35119629
v 49.00000000 -20.55357933 149.58380127
v 39.00000000 -28.31510925 156.17829895
v 39.00000000 -28.31510925 156.17829895
v 34.00000000 -28.73719978 162.18809509
v 34.00000000 -30.67300987 160.71180725
v 44.00000000 -25.09748077 152.35119629
v 44.00000000 -21.99608040 154.70480347
v 39.00000000 -28.31510925 156.17829895
v 34.00000000 -30.67300987 160.71180725
v 34.00000000 -32.53311157 159.14109802
v 44.00000000 -27.94877052 149.70010376
v 44.00000000 -25.09748077 152.35119629
v 44.00000000 -18.67547035 156.73750305
v 49.00000000 -16.28117943 152.34800720
v 49.00000000 -14.77101040 153.12350464
v 44.00000000 -18.67547035 156.73750305
v 49.00000000 -17.75074959 151.49809265
v 49.00000000 -16.28117943 152.34800720
v 44.00000000 -18.67547035 156.73750305
v 44.00000000 -21.99608040 154.70480347
v 49.00000000 -17.75074959 151.49809265
v 39.00000000 -24.81608963 158.83369446
v 39.00000000 -24.81608963 158.83369446
v 34.00000000 -24.65770912 164.84350586
v 34.00000000 -26.73044014 163.56649780
v 39.00000000 -24.81608963 158.83369446
v 34.00000000 -26.73044014 163.56649780
v 34.00000000 -28.73719978 162.18809509
v 44.00000000 -15.16874027 158.42889404
v 44.00000000 -18.67547035 156.73750305
v 49.00000000 -14.77101040 153.12350464
v 44.00000000 -15.16874027 158.42889404
v 49.00000000 -13.22402954 153.82260132
v 49.00000000 -11.64406967 154.44360352
v 44.00000000 -15.16874027 158.42889404
v 49.00000000 -14.77101040 153.12350464
v 49.00000000 -13.22402954 153.82260132
v 39.00000000 -21.06975937 161.12690735
v 44.00000000 -21.99608040 154.70480347
v 44.00000000 -18.67547035 156.73750305
v 39.00000000 -21.06975937 161.12690735
v 44.00000000 -18.67547035 156.73750305
v 44.00000000 -15.16874027 158.42889404
v 39.00000000 -21.06975937 161.12690735
v 34.00000000 -20.33489037 167.08090210
v 34.00000000 -22.52409935 166.01589966
v 39.00000000 -21.06975937 161.12690735
v 34.00000000 -22.52409935 166.01589966
v 34.00000000 -24.65770912 164.84350586
v 44.00000000 -11.51082993 159.76220703
v 44.00000000 -15.16874027 158.42889404
v 49.00000000 -11.64406967 154.44360352
v 44.00000000 -11.51082993 159.76220703
v 49.00000000 -10.03509045 154.98500061
v 49.00000000 -8.40108585 155.44540405
v 44.00000000 -11.51082993 159.76220703
v 49.00000000 -11.64406967 154.44360352
v 49.00000000 -10.03509045 154.98500061
v 39.00000000 -17.11344910 163.03520203
v 34.00000000 -15.81140995 168.87849426
v 34.00000000 -18.09548950 168.03590393
v 39.00000000 -17.11344910 163.03520203
v 34.00000000 -18.09548950 168.03590393
v 34.00000000 -20.33489037 167.08090210
v 39.00000000 -17.11344910 163.03520203
v 39.00000000 -17.11344910 163.03520203
v 44.00000000 -7.73821878 160.72430420
v 49.00000000 -6.74614000 155.82369995
v 49.00000000 -5.07437611 156.11880493
v 44.00000000 -7.73821878 160.72430420
v 49.00000000 -8.40108585 155.44540405
v 49.00000000 -6.74614000 155.82369995
v 44.00000000 -7.73821878 160.72430420
v 44.00000000 -11.51082993 159.76220703
v 49.00000000 -8.40108585 155.44540405
v 39.00000000 -12.98657990 164.53950500
v 44.00000000 -15.16874027 158.42889404
v 44.00000000 -11.51082993 159.76220703
v 39.00000000 -12.98657990 164.53950500
v 34.00000000 -11.13191032 170.21839905
v 34.00000000 -13.48830986 169.60659790
v 39.00000000 -12.98657990 164.53950500
v 34.00000000 -13.48830986 169.60659790
v 34.00000000 -15.81140995 168.87849426
v 44.00000000 -3.88848591 161.30529785
v 44.00000000 -7.73821878 160.72430420
v 49.00000000 -5.07437611 156.11880493
v 44.00000000 -3.88848591 161.30529785
v 49.00000000 -3.38996196 156.33020020
v 49.00000000 -1.69709599 156.45730591
v 44.00000000 -3.88848591 161.30529785
v 49.00000000 -5.07437611 156.11880493
v 49.00000000 -3.38996196 156.33020020
v 39.00000000 -8.73029900 165.62480164
v 44.00000000 -11.51082993 159.76220703
v 44.00000000 -7.73821878 160.72430420
v 39.00000000 -12.98657990 164.53950500
v 39.00000000 -8.73029900 165.62480164
v 34.00000000 -6.34255409 171.08740234
v 34.00000000 -8.74802876 170.71240234
v 39.00000000 -8.73029900 165.62480164
v 34.00000000 -8.74802876 170.71240234
v 34.00000000 -11.13191032 170.21839905
v 39.00000000 -8.73029900 165.62480164
v 34.00000000 -11.13191032 170.21839905
v 39.00000000 -12.98657990 164.53950500
v 44.00000000 0.00000000 161.49960327
v 49.00000000 0.00000000 156.49960327
v 49.00000000 1.69709599 156.45730591
v 44.00000000 0.00000000 161.49960327
v 49.00000000 -1.69709599 156.45730591
v 49.00000000 0.00000000 156.49960327
v 44.00000000 0.00000000 161.49960327
v 44.00000000 -3.88848591 161.30529785
v 49.00000000 -1.69709599 156.45730591
v 39.00000000 -4.38701010 166.28039551
v 44.00000000 -7.73821878 160.72430420
v 44.00000000 -3.88848591 161.30529785
v 39.00000000 -4.38701010 166.28039551
v 34.00000000 -1.49061000 171.47700500
v 34.00000000 -3.92142200 171.34249878
v 39.00000000 -4.38701010 166.28039551
v 34.00000000 -3.92142200 171.34249878
v 34.00000000 -6.34255409 171.08740234
v 44.00000000 3.88848591 161.30529785
v 44.00000000 0.00000000 161.49960327
v 49.00000000 1.69709599 156.45730591
v 44.00000000 3.88848591 161.30529785
v 49.00000000 3.38996196 156.33020020
v 49.00000000 5.07437611 156.11880493
v 44.00000000 3.88848591 161.30529785
v 49.00000000 1.69709599 156.45730591
v 49.00000000 3.38996196 156.33020020
v 39.00000000 0.00000000 166.49960327
v 44.00000000 -3.88848591 161.30529785
v 44.00000000 0.00000000 161.49960327
v 39.00000000 0.00000000 166.49960327
v 44.00000000 0.00000000 161.49960327
v 44.00000000 3.88848591 161.30529785
v 39.00000000 -4.38701010 166.28039551
v 39.00000000 0.00000000 166.49960327
v 34.00000000 3.37604403 171.38319397
v 34.00000000 0.94388211 171.49060059
v 39.00000000 0.00000000 166.49960327
v 34.00000000 0.94388211 171.49060059
v 34.00000000 -1.49061000 171.47700500
v 39.00000000 0.00000000 166.49960327
v 44.00000000 7.73821878 160.72430420
v 49.00000000 6.74614000 155.82369995
v 49.00000000 8.40108585 155.44540405
v 44.00000000 7.73821878 160.72430420
v 49.00000000 5.07437611 156.11880493
v 49.00000000 6.74614000 155.82369995
v 44.00000000 7.73821878 160.72430420
v 44.00000000 3.88848591 161.30529785
v 49.00000000 5.07437611 156.11880493
v 39.00000000 4.38701010 166.28039551
v 34.00000000 3.37604403 171.38319397
v 39.00000000 0.00000000 166.49960327
v 39.00000000 4.38701010 166.28039551
v 34.00000000 8.20938301 170.80709839
v 34.00000000 5.79987097 171.15519714
v 39.00000000 4.38701010 166.28039551
v 34.00000000 5.79987097 171.15519714
v 34.00000000 3.37604403 171.38319397
v 39.00000000 4.38701010 166.28039551
v 44.00000000 11.51082993 159.76220703
v 49.00000000 10.03509045 154.98500061
v 49.00000000 11.64406967 154.44360352
v 44.00000000 11.51082993 159.76220703
v 49.00000000 8.40108585 155.44540405
v 49.00000000 10.03509045 154.98500061
v 44.00000000 11.51082993 159.76220703
v 44.00000000 7.73821878 160.72430420
v 49.00000000 8.40108585 155.44540405
v 39.00000000 8.73029900 165.62480164
v 44.00000000 3.88848591 161.30529785
v 44.00000000 7.73821878 160.72430420
v 39.00000000 4.38701010 166.28039551
v 34.00000000 8.20938301 170.80709839
v 39.00000000 8.73029900 165.62480164
v 34.00000000 12.96170998 169.75419617
v 34.00000000 10.59862995 170.33970642
v 39.00000000 8.73029900 165.62480164
v 34.00000000 10.59862995 170.33970642
v 34.00000000 8.20938301 170.80709839
v 44.00000000 15.16874027 158.42889404
v 49.00000000 13.22402954 153.82260132
v 49.00000000 14.77101040 153.12350464
v 44.00000000 15.16874027 158.42889404
v 49.00000000 11.64406967 154.44360352
v 49.00000000 13.22402954 153.82260132
v 44.00000000 15.16874027 158.42889404
v 44.00000000 11.51082993 159.76220703
v 49.00000000 11.64406967 154.44360352
v 39.00000000 12.98657990 164.53950500
v 34.00000000 17.58613014 168.23510742
v 34.00000000 15.29279995 169.05209351
v 39.00000000 12.98657990 164.53950500
v 34.00000000 15.29279995 169.05209351
v 34.00000000 12.96170998 169.75419617
v 39.00000000 12.98657990 164.53950500
v 39.00000000 8.73029900 165.62480164
v 44.00000000 7.73821878 160.72430420
v 39.00000000 12.98657990 164.53950500
v 44.00000000 11.51082993 159.76220703
v 44.00000000 18.67547035 156.73750305
v 49.00000000 16.28117943 152.34800720
v 49.00000000 17.75074959 151.49809265
v 44.00000000 18.67547035 156.73750305
v 49.00000000 14.77101040 153.12350464
v 49.00000000 16.28117943 152.34800720
v 44.00000000 18.67547035 156.73750305
v 44.00000000 15.16874027 158.42889404
v 49.00000000 14.77101040 153.12350464
v 39.00000000 17.11344910 163.03520203
v 44.00000000 11.51082993 159.76220703
v 44.00000000 15.16874027 158.42889404
v 39.00000000 17.11344910 163.03520203
v 34.00000000 22.03701019 166.26460266
v 34.00000000 19.83605957 167.30509949
v 39.00000000 17.11344910 163.03520203
v 34.00000000 19.83605957 167.30509949
v 34.00000000 17.58613014 168.23510742
v 44.00000000 21.99608040 154.70480347
v 49.00000000 19.17606926 150.57589722
v 49.00000000 20.55357933 149.58380127
v 44.00000000 21.99608040 154.70480347
v 49.00000000 17.75074959 151.49809265
v 49.00000000 19.17606926 150.57589722
v 44.00000000 21.99608040 154.70480347
v 44.00000000 18.67547035 156.73750305
v 49.00000000 17.75074959 151.49809265
v 39.00000000 21.06975937 161.12690735
v 34.00000000 26.27042961 163.86219788
v 34.00000000 24.18357086 165.11599731
v 39.00000000 21.06975937 161.12690735
v 34.00000000 24.18357086 165.11599731
v 34.00000000 22.03701019 166.26460266
v 39.00000000 21.06975937 161.12690735
v 44.00000000 15.16874027 158.42889404
v 44.00000000 18.67547035 156.73750305
v 39.00000000 21.06975937 161.12690735
v 34.00000000 22.03701019 166.26460266
v 39.00000000 17.11344910 163.03520203
v 39.00000000 21.06975937 161.12690735
v 44.00000000 18.67547035 156.73750305
v 44.00000000 21.99608040 154.70480347
v 39.00000000 17.11344910 163.03520203
v 44.00000000 25.09748077 152.35119629
v 44.00000000 21.99608040 154.70480347
v 49.00000000 20.55357933 149.58380127
v 44.00000000 25.09748077 152.35119629
v 49.00000000 21.87985992 148.52409363
v 49.00000000 23.15158081 147.39950562
v 44.00000000 25.09748077 152.35119629
v 49.00000000 20.55357933 149.58380127
v 49.00000000 21.87985992 148.52409363
v 39.00000000 24.81608963 158.83369446
v 34.00000000 30.24461937 161.05169678
v 34.00000000 28.29244995 162.50639343
v 39.00000000 24.81608963 158.83369446
v 34.00000000 28.29244995 162.50639343
v 34.00000000 26.27042961 163.86219788
v 39.00000000 24.81608963 158.83369446
v 34.00000000 26.27042961 163.86219788
v 44.00000000 27.94877052 149.70010376
v 49.00000000 24.36558914 146.21290588
v 49.00000000 25.51885986 144.96710205
v 44.00000000 27.94877052 149.70010376
v 49.00000000 23.15158081 147.39950562
v 49.00000000 24.36558914 146.21290588
v 44.00000000 27.94877052 149.70010376
v 44.00000000 25.09748077 152.35119629
v 49.00000000 23.15158081 147.39950562
v 39.00000000 28.31510925 156.17829895
v 44.00000000 21.99608040 154.70480347
v 44.00000000 25.09748077 152.35119629
v 39.00000000 28.31510925 156.17829895
v 34.00000000 33.92034149 157.86079407
v 34.00000000 32.12213135 159.50190735
v 39.00000000 28.31510925 156.17829895
v 34.00000000 32.12213135 159.50190735
v 34.00000000 30.24461937 161.05169678
v 39.00000000 24.81608963 158.83369446
v 34.00000000 30.24461937 161.05169678
v 44.00000000 30.52152061 146.77799988
v 49.00000000 26.60849953 143.66540527
v 49.00000000 27.63180923 142.31080627
v 44.00000000 30.52152061 146.77799988
v 49.00000000 25.51885986 144.96710205
v 49.00000000 26.60849953 143.66540527
v 44.00000000 30.52152061 146.77799988
v 44.00000000 27.94877052 149.70010376
v 49.00000000 25.51885986 144.96710205
v 39.00000000 31.53194046 153.18739319
v 44.00000000 25.09748077 152.35119629
v 44.00000000 27.94877052 149.70010376
v 39.00000000 31.53194046 153.18739319
v 34.00000000 37.26134872 154.32090759
v 34.00000000 35.63483047 156.13240051
v 39.00000000 31.53194046 153.18739319
v 34.00000000 35.63483047 156.13240051
v 34.00000000 33.92034149 157.86079407
v 44.00000000 32.79010010 143.61390686
v 49.00000000 28.58624077 140.90690613
v 49.00000000 29.46940041 139.45710754
v 44.00000000 32.79010010 143.61390686
v 49.00000000 27.63180923 142.31080627
v 49.00000000 28.58624077 140.90690613
v 44.00000000 32.79010010 143.61390686
v 44.00000000 30.52152061 146.77799988
v 49.00000000 27.63180923 142.31080627
v 39.00000000 34.43452835 149.89059448
v 34.00000000 40.23464966 150.46699524
v 34.00000000 38.79587936 152.43089294
v 39.00000000 34.43452835 149.89059448
v 34.00000000 38.79587936 152.43089294
v 34.00000000 37.26134872 154.32090759
v 39.00000000 34.43452835 149.89059448
v 44.00000000 27.94877052 149.70010376
v 39.00000000 34.43452835 149.89059448
v 34.00000000 37.26134872 154.32090759
v 39.00000000 31.53194046 153.18739319
v 44.00000000 30.52152061 146.77799988
v 44.00000000 34.73189163 140.23930359
v 44.00000000 32.79010010 143.61390686
v 49.00000000 29.46940041 139.45710754
v 44.00000000 34.73189163 140.23930359
v 49.00000000 30.27909088 137.96499634
v 49.00000000 31.01329041 136.43440247
v 44.00000000 34.73189163 140.23930359
v 49.00000000 29.46940041 139.45710754
v 49.00000000 30.27909088 137.96499634
v 39.00000000 36.99396133 146.32080078
v 34.00000000 42.81092072 146.33709717
v 34.00000000 41.57410049 148.43409729
v 39.00000000 36.99396133 146.32080078
v 34.00000000 41.57410049 148.43409729
v 34.00000000 40.23464966 150.46699524
v 39.00000000 36.99396133 146.32080078
v 44.00000000 30.52152061 146.77799988
v 44.00000000 32.79010010 143.61390686
v 39.00000000 34.43452835 149.89059448
v 39.00000000 36.99396133 146.32080078
v 44.00000000 32.79010010 143.61390686
v 44.00000000 34.73189163 140.23930359
v 39.00000000 36.99396133 146.32080078
v 34.00000000 40.23464966 150.46699524
v 39.00000000 34.43452835 149.89059448
v 44.00000000 36.32754898 136.68800354
v 49.00000000 31.67016983 134.86900330
v 49.00000000 32.24811172 133.27270508
v 44.00000000 36.32754898 136.68800354
v 49.00000000 31.01329041 136.43440247
v 49.00000000 31.67016983 134.86900330
v 44.00000000 36.32754898 136.68800354
v 44.00000000 34.73189163 140.23930359
v 49.00000000 31.01329041 136.43440247
v 39.00000000 39.18470001 142.51359558
v 34.00000000 44.96474075 141.97200012
v 34.00000000 43.94207001 144.18130493
v 39.00000000 39.18470001 142.51359558
v 34.00000000 43.94207001 144.18130493
v 34.00000000 42.81092072 146.33709717
v 39.00000000 39.18470001 142.51359558
v 34.00000000 42.81092072 146.33709717
v 44.00000000 37.56118011 132.99530029
v 44.00000000 36.32754898 136.68800354
v 49.00000000 32.24811172 133.27270508
v 44.00000000 37.56118011 132.99530029
v 49.00000000 32.74563980 131.64970398
v 49.00000000 33.16154099 130.00379944
v 44.00000000 37.56118011 132.99530029
v 49.00000000 32.24811172 133.27270508
v 49.00000000 32.74563980 131.64970398
v 39.00000000 40.98492813 138.50700378
v 34.00000000 46.67483139 137.41470337
v 34.00000000 45.87641144 139.71459961
v 39.00000000 40.98492813 138.50700378
v 34.00000000 45.87641144 139.71459961
v 34.00000000 44.96474075 141.97200012
v 39.00000000 40.98492813 138.50700378
v 34.00000000 44.96474075 141.97200012
v 39.00000000 39.18470001 142.51359558
v 39.00000000 40.98492813 138.50700378
v 44.00000000 34.73189163 140.23930359
v 44.00000000 36.32754898 136.68800354
v 39.00000000 39.18470001 142.51359558
v 39.00000000 40.98492813 138.50700378
v 44.00000000 36.32754898 136.68800354
v 44.00000000 37.56118011 132.99530029
v 44.00000000 38.42047882 129.19790649
v 49.00000000 33.49477005 128.33920288
v 49.00000000 33.74449921 126.66000366
v 44.00000000 38.42047882 129.19790649
v 49.00000000 33.16154099 130.00379944
v 49.00000000 33.49477005 128.33920288
v 44.00000000 38.42047882 129.19790649
v 44.00000000 37.56118011 132.99530029
v 49.00000000 33.16154099 130.00379944
v 39.00000000 42.37672043 134.34080505
v 39.00000000 42.37672043 134.34080505
v 34.00000000 47.92433929 132.71029663
v 34.00000000 47.35803986 135.07800293
v 39.00000000 42.37672043 134.34080505
v 34.00000000 47.35803986 135.07800293
v 34.00000000 46.67483139 137.41470337
v 34.00000000 46.67483139 137.41470337
v 44.00000000 38.89688110 125.33390045
v 49.00000000 33.91009903 124.97049713
v 49.00000000 33.99116135 123.27480316
v 44.00000000 38.89688110 125.33390045
v 49.00000000 33.74449921 126.66000366
v 49.00000000 33.91009903 124.97049713
v 44.00000000 38.89688110 125.33390045
v 44.00000000 38.42047882 129.19790649
v 49.00000000 33.74449921 126.66000366
v 39.00000000 43.34617996 130.05670166
v 34.00000000 48.70093155 127.90509796
v 34.00000000 48.37234116 130.31730652
v 39.00000000 43.34617996 130.05670166
v 34.00000000 48.37234116 130.31730652
v 34.00000000 47.92433929 132.71029663
v 39.00000000 43.34617996 130.05670166
v 44.00000000 37.56118011 132.99530029
v 39.00000000 43.34617996 130.05670166
v 44.00000000 38.42047882 129.19790649
v 44.00000000 38.89688110 125.33390045
v 44.00000000 38.42047882 129.19790649
v 44.00000000 38.98564148 121.44149780
v 49.00000000 33.98748016 121.57720184
v 49.00000000 33.89907074 119.88189697
v 44.00000000 38.98564148 121.44149780
v 49.00000000 33.99116135 123.27480316
v 49.00000000 33.98748016 121.57720184
v 44.00000000 38.98564148 121.44149780
v 44.00000000 38.89688110 125.33390045
v 49.00000000 33.99116135 123.27480316
v 39.00000000 43.88365936 125.69719696
v 34.00000000 48.99694061 123.04650116
v 34.00000000 48.90930176 125.47949982
v 39.00000000 43.88365936 125.69719696
v 34.00000000 48.90930176 125.47949982
v 34.00000000 48.70093155 127.90509796
v 39.00000000 43.88365936 125.69719696
v 34.00000000 48.70093155 127.90509796
v 44.00000000 38.68587875 117.55970001
v 49.00000000 33.72615051 118.19309998
v 49.00000000 33.46915054 116.51499939
v 44.00000000 38.68587875 117.55970001
v 49.00000000 33.89907074 119.88189697
v 49.00000000 33.72615051 118.19309998
v 44.00000000 38.68587875 117.55970001
v 44.00000000 38.98564148 121.44149780
v 49.00000000 33.89907074 119.88189697
v 39.00000000 43.98379898 121.30590057
v 34.00000000 48.80944824 118.18260193
v 34.00000000 48.96363068 120.61219788
v 39.00000000 43.98379898 121.30590057
v 34.00000000 48.96363068 120.61219788
v 34.00000000 48.99694061 123.04650116
v 39.00000000 43.98379898 121.30590057
v 34.00000000 48.99694061 123.04650116
v 39.00000000 43.88365936 125.69719696
v 39.00000000 43.98379898 121.30590057
v 44.00000000 38.89688110 125.33390045
v 44.00000000 38.98564148 121.44149780
v 39.00000000 43.88365936 125.69719696
v 44.00000000 38.00056839 113.72720337
v 49.00000000 33.12871170 114.85189819
v 49.00000000 32.70568085 113.20780182
v 44.00000000 38.00056839 113.72720337
v 49.00000000 33.46915054 116.51499939
v 49.00000000 33.12871170 114.85189819
v 44.00000000 38.00056839 113.72720337
v 44.00000000 38.68587875 117.55970001
v 49.00000000 33.46915054 116.51499939
v 39.00000000 43.64561081 116.92639923
v 39.00000000 43.98379898 121.30590057
v 44.00000000 38.98564148 121.44149780
v 39.00000000 43.64561081 116.92639923
v 34.00000000 48.14030838 113.36129761
v 34.00000000 48.53479004 115.76360321
v 39.00000000 43.64561081 116.92639923
v 34.00000000 48.53479004 115.76360321
v 34.00000000 48.80944824 118.18260193
v 39.00000000 43.64561081 116.92639923
v 44.00000000 38.68587875 117.55970001
v 44.00000000 38.00056839 113.72720337
v 39.00000000 43.64561081 116.92639923
v 34.00000000 48.80944824 118.18260193
v 39.00000000 43.98379898 121.30590057
v 44.00000000 38.68587875 117.55970001
v 44.00000000 36.93656158 109.98210144
v 49.00000000 32.20111084 111.58689880
v 49.00000000 31.61627007 109.99320221
v 44.00000000 36.93656158 109.98210144
v 49.00000000 32.70568085 113.20780182
v 49.00000000 32.20111084 111.58689880
v 44.00000000 36.93656158 109.98210144
v 44.00000000 38.00056839 113.72720337
v 49.00000000 32.70568085 113.20780182
v 39.00000000 42.87244034 112.60250092
v 34.00000000 46.99612045 108.63009644
v 34.00000000 47.62699890 110.98149872
v 39.00000000 42.87244034 112.60250092
v 34.00000000 47.62699890 110.98149872
v 34.00000000 48.14030838 113.36129761
v 39.00000000 42.87244034 112.60250092
v 39.00000000 42.87244034 112.60250092
v 44.00000000 38.00056839 113.72720337
v 44.00000000 36.93656158 109.98210144
v 39.00000000 42.87244034 112.60250092
v 34.00000000 48.14030838 113.36129761
v 39.00000000 43.64561081 116.92639923
v 44.00000000 35.50445175 106.36170197
v 49.00000000 30.95260048 108.43070221
v 49.00000000 30.21176910 106.90319824
v 44.00000000 35.50445175 106.36170197
v 49.00000000 31.61627007 109.99320221
v 49.00000000 30.95260048 108.43070221
v 44.00000000 35.50445175 106.36170197
v 44.00000000 36.93656158 109.98210144
v 49.00000000 31.61627007 109.99320221
v 39.00000000 41.67201996 108.37719727
v 34.00000000 45.38816833 104.03579712
v 34.00000000 46.24922180 106.31300354
v 39.00000000 41.67201996 108.37719727
v 34.00000000 46.24922180 106.31300354
v 34.00000000 46.99612045 108.63009644
v 39.00000000 41.67201996 108.37719727
v 34.00000000 46.99612045 108.63009644
v 44.00000000 33.71849823 102.90209961
v 49.00000000 29.39562035 105.41459656
v 49.00000000 28.50617981 103.96869659
v 44.00000000 33.71849823 102.90209961
v 49.00000000 30.21176910 106.90319824
v 49.00000000 29.39562035 105.41459656
v 44.00000000 33.71849823 102.90209961
v 44.00000000 35.50445175 106.36170197
v 49.00000000 30.21176910 106.90319824
v 39.00000000 40.05630112 104.29270172
v 34.00000000 43.33232117 99.62368774
v 34.00000000 44.41506958 101.80419922
v 39.00000000 40.05630112 104.29270172
v 34.00000000 44.41506958 101.80419922
v 34.00000000 45.38816833 104.03579712
v 39.00000000 40.05630112 104.29270172
v 44.00000000 36.93656158 109.98210144
v 44.00000000 35.50445175 106.36170197
v 39.00000000 41.67201996 108.37719727
v 39.00000000 40.05630112 104.29270172
v 34.00000000 45.38816833 104.03579712
v 39.00000000 41.67201996 108.37719727
v 44.00000000 31.59651947 99.63790131
v 49.00000000 28.50617981 103.96869659
v 49.00000000 27.54567909 102.56890106
v 44.00000000 31.59651947 99.63790131
v 44.00000000 33.71849823 102.90209961
v 49.00000000 28.50617981 103.96869659
v 40.91904068 33.85269165 97.49965668
v 44.00000000 31.59651947 99.63790131
v 49.00000000 27.54567909 102.56890106
v 45.06953049 28.52787018 97.49965668
v 40.91904068 33.85269165 97.49965668
v 39.00000000 38.04138184 100.38960266
v 39.00000000 40.05630112 104.29270172
v 44.00000000 35.50445175 106.36170197
v 34.00000000 43.33232117 99.62368774
v 44.00000000 33.71849823 102.90209961
v 39.00000000 38.04138184 100.38960266
v 44.00000000 33.71849823 102.90209961
v 40.91904068 33.85269165 97.49965668
v 34.00000000 42.14262009 97.49965668
v 39.00000000 38.04138184 100.38960266
v 34.00000000 42.14262009 97.49965668
v 34.00000000 43.33232117 99.62368774
v 15.89999962 -48.93973160 124.92929840
v 34.00000000 -49.00000000 122.49970245
v 34.00000000 -48.93952179 124.93340302
v 15.89999962 -49.00000000 122.49970245
v 15.89999962 -48.75905991 127.35289764
v 34.00000000 -48.93952179 124.93340302
v 34.00000000 -48.75822830 127.36119843
v 15.89999962 -48.93973160 124.92929840
v 15.89999962 -48.45845032 129.76460266
v 15.89999962 -48.75905991 127.35289764
v 34.00000000 -48.75822830 127.36119843
v 34.00000000 -48.45658112 129.77699280
v 15.89999962 -48.03862000 132.15840149
v 15.89999962 -48.45845032 129.76460266
v 34.00000000 -48.45658112 129.77699280
v 34.00000000 -48.03532028 132.17480469
v 15.89999962 -47.50061035 134.52839661
v 15.89999962 -48.03862000 132.15840149
v 34.00000000 -48.03532028 132.17480469
v 34.00000000 -47.49547958 134.54870605
v 15.89999962 -46.84574890 136.86889648
v 15.89999962 -47.50061035 134.52839661
v 34.00000000 -47.49547958 134.54870605
v 34.00000000 -46.83839035 136.89289856
v 15.89999962 -46.07564926 139.17399597
v 15.89999962 -46.84574890 136.86889648
v 34.00000000 -46.83839035 136.89289856
v 34.00000000 -46.06568146 139.20150757
v 15.89999962 -45.19219971 141.43809509
v 15.89999962 -46.07564926 139.17399597
v 34.00000000 -46.06568146 139.20150757
v 34.00000000 -45.17926025 141.46890259
v 15.89999962 -44.19757080 143.65559387
v 15.89999962 -45.19219971 141.43809509
v 34.00000000 -45.17926025 141.46890259
v 34.00000000 -44.18130875 143.68949890
v 15.89999962 -43.09421158 145.82110596
v 15.89999962 -44.19757080 143.65559387
v 34.00000000 -44.18130875 143.68949890
v 34.00000000 -43.07429886 145.85780334
v 15.89999962 -41.88483810 147.92919922
v 15.89999962 -43.09421158 145.82110596
v 34.00000000 -43.07429886 145.85780334
v 34.00000000 -41.86095810 147.96839905
v 15.89999962 -40.57242966 149.97470093
v 15.89999962 -41.88483810 147.92919922
v 34.00000000 -41.86095810 147.96839905
v 34.00000000 -40.54428864 150.01620483
v 15.89999962 -39.16020966 151.95260620
v 15.89999962 -40.57242966 149.97470093
v 34.00000000 -40.54428864 150.01620483
v 34.00000000 -39.12752914 151.99600220
v 15.89999962 -37.65164948 153.85809326
v 15.89999962 -39.16020966 151.95260620
v 34.00000000 -39.12752914 151.99600220
v 34.00000000 -37.61418152 153.90299988
v 15.89999962 -36.05046844 155.68640137
v 15.89999962 -37.65164948 153.85809326
v 34.00000000 -37.61418152 153.90299988
v 34.00000000 -36.00798035 155.73249817
v 15.89999962 -34.36059952 157.43310547
v 34.00000000 -36.00798035 155.73249817
v 34.00000000 -34.31290054 157.47999573
v 15.89999962 -36.05046844 155.68640137
v 15.89999962 -32.58620071 159.09390259
v 15.89999962 -34.36059952 157.43310547
v 34.00000000 -34.31290054 157.47999573
v 34.00000000 -32.53311157 159.14109802
v 15.89999962 -30.73163986 160.66459656
v 34.00000000 -32.53311157 159.14109802
v 34.00000000 -30.67300987 160.71180725
v 15.89999962 -32.58620071 159.09390259
v 15.89999962 -28.80147934 162.14149475
v 34.00000000 -30.67300987 160.71180725
v 34.00000000 -28.73719978 162.18809509
v 15.89999962 -28.80147934 162.14149475
v 15.89999962 -30.73163986 160.66459656
v 34.00000000 -30.67300987 160.71180725
v 15.89999962 -26.80046082 163.52079773
v 34.00000000 -28.73719978 162.18809509
v 34.00000000 -26.73044014 163.56649780
v 15.89999962 -28.80147934 162.14149475
v 15.89999962 -24.73350906 164.79919434
v 34.00000000 -26.73044014 163.56649780
v 34.00000000 -24.65770912 164.84350586
v 15.89999962 -24.73350906 164.79919434
v 15.89999962 -26.80046082 163.52079773
v 34.00000000 -26.73044014 163.56649780
v 15.89999962 -22.60572052 165.97360229
v 34.00000000 -24.65770912 164.84350586
v 34.00000000 -22.52409935 166.01589966
v 15.89999962 -24.73350906 164.79919434
v 15.89999962 -20.42230988 167.04100037
v 34.00000000 -22.52409935 166.01589966
v 34.00000000 -20.33489037 167.08090210
v 15.89999962 -22.60572052 165.97360229
v 15.89999962 -18.18866920 167.99879456
v 34.00000000 -20.33489037 167.08090210
v 34.00000000 -18.09548950 168.03590393
v 15.89999962 -20.42230988 167.04100037
v 15.89999962 -15.91026974 168.84469604
v 34.00000000 -18.09548950 168.03590393
v 34.00000000 -15.81140995 168.87849426
v 15.89999962 -18.18866920 167.99879456
v 15.89999962 -13.59274006 169.57659912
v 34.00000000 -15.81140995 168.87849426
v 34.00000000 -13.48830986 169.60659790
v 15.89999962 -15.91026974 168.84469604
v 15.89999962 -11.24176979 170.19270325
v 34.00000000 -13.48830986 169.60659790
v 34.00000000 -11.13191032 170.21839905
v 15.89999962 -13.59274006 169.57659912
v 15.89999962 -8.86314583 170.69140625
v 15.89999962 -11.24176979 170.19270325
v 34.00000000 -11.13191032 170.21839905
v 15.89999962 -8.86314583 170.69140625
v 34.00000000 -11.13191032 170.21839905
v 34.00000000 -8.74802876 170.71240234
v 15.89999962 -6.46271706 171.07159424
v 15.89999962 -8.86314583 170.69140625
v 34.00000000 -8.74802876 170.71240234
v 15.89999962 -6.46271706 171.07159424
v 34.00000000 -8.74802876 170.71240234
v 34.00000000 -6.34255409 171.08740234
v 15.89999962 -4.04638815 171.33230591
v 15.89999962 -6.46271706 171.07159424
v 34.00000000 -6.34255409 171.08740234
v 15.89999962 -4.04638815 171.33230591
v 34.00000000 -6.34255409 171.08740234
v 34.00000000 -3.92142200 171.34249878
v 15.89999962 -1.62010503 171.47290039
v 15.89999962 -4.04638815 171.33230591
v 34.00000000 -3.92142200 171.34249878
v 34.00000000 -1.49061000 171.47700500
v 15.89999962 0.81016338 171.49290466
v 15.89999962 -1.62010503 171.47290039
v 34.00000000 -1.49061000 171.47700500
v 34.00000000 0.94388211 171.49060059
v 15.89999962 3.23843908 171.39250183
v 15.89999962 0.81016338 171.49290466
v 34.00000000 0.94388211 171.49060059
v 34.00000000 3.37604403 171.38319397
v 15.89999962 5.65874720 171.17179871
v 15.89999962 3.23843908 171.39250183
v 34.00000000 3.37604403 171.38319397
v 34.00000000 5.79987097 171.15519714
v 15.89999962 8.06513500 170.83140564
v 15.89999962 5.65874720 171.17179871
v 34.00000000 5.79987097 171.15519714
v 34.00000000 8.20938301 170.80709839
v 15.89999962 10.45168018 170.37199402
v 34.00000000 8.20938301 170.80709839
v 34.00000000 10.59862995 170.33970642
v 15.89999962 8.06513500 170.83140564
v 15.89999962 12.81252003 169.79490662
v 34.00000000 10.59862995 170.33970642
v 34.00000000 12.96170998 169.75419617
v 15.89999962 10.45168018 170.37199402
v 15.89999962 15.14183044 169.10139465
v 34.00000000 12.96170998 169.75419617
v 34.00000000 15.29279995 169.05209351
v 15.89999962 12.81252003 169.79490662
v 15.89999962 17.43390083 168.29330444
v 34.00000000 15.29279995 169.05209351
v 34.00000000 17.58613014 168.23510742
v 15.89999962 17.43390083 168.29330444
v 15.89999962 15.14183044 169.10139465
v 34.00000000 15.29279995 169.05209351
v 15.89999962 19.68308067 167.37249756
v 34.00000000 17.58613014 168.23510742
v 34.00000000 19.83605957 167.30509949
v 15.89999962 19.68308067 167.37249756
v 15.89999962 17.43390083 168.29330444
v 34.00000000 17.58613014 168.23510742
v 15.89999962 21.88382912 166.34140015
v 34.00000000 19.83605957 167.30509949
v 34.00000000 22.03701019 166.26460266
v 15.89999962 21.88382912 166.34140015
v 15.89999962 19.68308067 167.37249756
v 34.00000000 19.83605957 167.30509949
v 15.89999962 24.03075027 165.20239258
v 34.00000000 22.03701019 166.26460266
v 34.00000000 24.18357086 165.11599731
v 15.89999962 21.88382912 166.34140015
v 15.89999962 26.11856079 163.95829773
v 34.00000000 24.18357086 165.11599731
v 34.00000000 26.27042961 163.86219788
v 15.89999962 24.03075027 165.20239258
v 15.89999962 28.14211082 162.61230469
v 34.00000000 26.27042961 163.86219788
v 34.00000000 28.29244995 162.50639343
v 15.89999962 28.14211082 162.61230469
v 15.89999962 26.11856079 163.95829773
v 34.00000000 26.27042961 163.86219788
v 15.89999962 30.09642029 161.16749573
v 34.00000000 28.29244995 162.50639343
v 34.00000000 30.24461937 161.05169678
v 15.89999962 30.09642029 161.16749573
v 15.89999962 28.14211082 162.61230469
v 34.00000000 28.29244995 162.50639343
v 15.89999962 31.97669983 159.62770081
v 34.00000000 30.24461937 161.05169678
v 34.00000000 32.12213135 159.50190735
v 15.89999962 31.97669983 159.62770081
v 15.89999962 30.09642029 161.16749573
v 34.00000000 30.24461937 161.05169678
v 15.89999962 33.77832031 157.99650574
v 34.00000000 32.12213135 159.50190735
v 34.00000000 33.92034149 157.86079407
v 15.89999962 31.97669983 159.62770081
v 15.89999962 35.49682999 156.27799988
v 34.00000000 33.92034149 157.86079407
v 34.00000000 35.63483047 156.13240051
v 15.89999962 35.49682999 156.27799988
v 15.89999962 33.77832031 157.99650574
v 34.00000000 33.92034149 157.86079407
v 15.89999962 37.12802887 154.47630310
v 34.00000000 35.63483047 156.13240051
v 34.00000000 37.26134872 154.32090759
v 15.89999962 35.49682999 156.27799988
v 15.89999962 38.66788101 152.59609985
v 34.00000000 37.26134872 154.32090759
v 34.00000000 38.79587936 152.43089294
v 15.89999962 38.66788101 152.59609985
v 15.89999962 37.12802887 154.47630310
v 34.00000000 37.26134872 154.32090759
v 15.89999962 40.11262131 150.64169312
v 34.00000000 38.79587936 152.43089294
v 34.00000000 40.23464966 150.46699524
v 15.89999962 40.11262131 150.64169312
v 15.89999962 38.66788101 152.59609985
v 34.00000000 38.79587936 152.43089294
v 15.89999962 41.45867157 148.61819458
v 34.00000000 40.23464966 150.46699524
v 34.00000000 41.57410049 148.43409729
v 15.89999962 41.45867157 148.61819458
v 15.89999962 40.11262131 150.64169312
v 34.00000000 40.23464966 150.46699524
v 15.89999962 42.70272827 146.53039551
v 34.00000000 41.57410049 148.43409729
v 34.00000000 42.81092072 146.33709717
v 15.89999962 41.45867157 148.61819458
v 15.89999962 43.84172821 144.38349915
v 15.89999962 42.70272827 146.53039551
v 34.00000000 42.81092072 146.33709717
v 15.89999962 43.84172821 144.38349915
v 34.00000000 42.81092072 146.33709717
v 34.00000000 43.94207001 144.18130493
v 15.89999962 44.87289047 142.18269348
v 15.89999962 43.84172821 144.38349915
v 34.00000000 43.94207001 144.18130493
v 34.00000000 44.96474075 141.97200012
v 15.89999962 45.79365921 139.93350220
v 15.89999962 44.87289047 142.18269348
v 34.00000000 44.96474075 141.97200012
v 15.89999962 45.79365921 139.93350220
v 34.00000000 44.96474075 141.97200012
v 34.00000000 45.87641144 139.71459961
v 15.89999962 46.60176849 137.64149475
v 34.00000000 45.87641144 139.71459961
v 34.00000000 46.67483139 137.41470337
v 15.89999962 45.79365921 139.93350220
v 15.89999962 47.29523849 135.31219482
v 34.00000000 46.67483139 137.41470337
v 34.00000000 47.35803986 135.07800293
v 15.89999962 47.29523849 135.31219482
v 15.89999962 46.60176849 137.64149475
v 34.00000000 46.67483139 137.41470337
v 15.89999962 47.87236023 132.95129395
v 34.00000000 47.35803986 135.07800293
v 34.00000000 47.92433929 132.71029663
v 15.89999962 47.87236023 132.95129395
v 15.89999962 47.29523849 135.31219482
v 34.00000000 47.35803986 135.07800293
v 15.89999962 48.33169937 130.56480408
v 34.00000000 47.92433929 132.71029663
v 34.00000000 48.37234116 130.31730652
v 15.89999962 48.33169937 130.56480408
v 15.89999962 47.87236023 132.95129395
v 34.00000000 47.92433929 132.71029663
v 15.89999962 48.67214966 128.15840149
v 34.00000000 48.37234116 130.31730652
v 34.00000000 48.70093155 127.90509796
v 15.89999962 48.67214966 128.15840149
v 15.89999962 48.33169937 130.56480408
v 34.00000000 48.37234116 130.31730652
v 15.89999962 48.89287186 125.73809814
v 34.00000000 48.70093155 127.90509796
v 34.00000000 48.90930176 125.47949982
v 15.89999962 48.67214966 128.15840149
v 15.89999962 48.99330139 123.30979919
v 34.00000000 48.90930176 125.47949982
v 34.00000000 48.99694061 123.04650116
v 15.89999962 48.89287186 125.73809814
v 15.89999962 48.97320938 120.87960052
v 34.00000000 48.99694061 123.04650116
v 34.00000000 48.96363068 120.61219788
v 15.89999962 48.99330139 123.30979919
v 15.89999962 48.83264160 118.45330048
v 34.00000000 48.96363068 120.61219788
v 34.00000000 48.80944824 118.18260193
v 15.89999962 48.97320938 120.87960052
v 15.89999962 48.57194138 116.03690338
v 34.00000000 48.80944824 118.18260193
v 34.00000000 48.53479004 115.76360321
v 15.89999962 48.83264160 118.45330048
v 15.89999962 48.19174957 113.63649750
v 34.00000000 48.53479004 115.76360321
v 34.00000000 48.14030838 113.36129761
v 15.89999962 48.57194138 116.03690338
v 15.89999962 47.69300079 111.25789642
v 34.00000000 48.14030838 113.36129761
v 34.00000000 47.62699890 110.98149872
v 15.89999962 48.19174957 113.63649750
v 15.89999962 47.07693100 108.90689850
v 34.00000000 47.62699890 110.98149872
v 34.00000000 46.99612045 108.63009644
v 15.89999962 47.07693100 108.90689850
v 15.89999962 47.69300079 111.25789642
v 34.00000000 47.62699890 110.98149872
v 15.89999962 46.34503937 106.58940125
v 34.00000000 46.99612045 108.63009644
v 34.00000000 46.24922180 106.31300354
v 15.89999962 46.34503937 106.58940125
v 15.89999962 47.07693100 108.90689850
v 34.00000000 46.99612045 108.63009644
v 26.89999962 44.40908051 101.79139709
v 34.00000000 44.41506958 101.80419922
v 27.28269958 44.37685013 101.72239685
v 26.89999962 44.40908051 101.79139709
v 34.00000000 45.38816833 104.03579712
v 34.00000000 44.41506958 101.80419922
v 27.60713005 44.28450012 101.52629852
v 27.28269958 44.37685013 101.72239685
v 34.00000000 44.41506958 101.80419922
v 15.89999962 45.49914932 104.31099701
v 15.89999962 46.34503937 106.58940125
v 34.00000000 46.24922180 106.31300354
v 15.89999962 45.49914932 104.31099701
v 34.00000000 45.38816833 104.03579712
v 27.82389069 44.14464951 101.23349762
v 27.89999962 43.97721100 100.88939667
v 27.82389069 44.14464951 101.23349762
v 34.00000000 44.41506958 101.80419922
v 34.00000000 43.33232117 99.62368774
v 20.39999962 44.40908051 101.79139709
v 27.89999962 43.39538956 99.74355316
v 27.89999962 43.97721100 100.88939667
v 34.00000000 43.33232117 99.62368774
v 15.89999962 44.54132080 102.07730103
v 20.39999962 44.26419067 101.48339844
v 20.39999962 44.11716843 101.17649841
v 20.39999962 44.40908051 101.79139709
v 15.89999962 44.54132080 102.07730103
v 15.89999962 45.49914932 104.31099701
v 20.39999962 44.40908051 101.79139709
v 20.39999962 43.96802139 100.87069702
v 15.89999962 44.54132080 102.07730103
v 20.39999962 44.11716843 101.17649841
v 27.89999962 42.78371048 98.61338806
v 27.89999962 43.39538956 99.74355316
v 34.00000000 43.33232117 99.62368774
v 27.89999962 42.78371048 98.61338806
v 34.00000000 43.33232117 99.62368774
v 34.00000000 42.14262009 97.49965668
v 23.39999962 42.91727066 98.85418701
v 20.39999962 43.96802139 100.87069702
v 23.39999962 43.96802139 100.87069702
v 27.89999962 42.14262009 97.49965668
v 27.89999962 42.78371048 98.61338806
v 34.00000000 42.14262009 97.49965668
v 15.89999962 43.47391891 99.89394379
v 15.89999962 43.47391891 99.89394379
v 15.89999962 42.29956818 97.76615143
v 15.89999962 43.47391891 99.89394379
v 23.39999962 42.91727066 98.85418701
v 15.89999962 42.29956818 97.76615143
v 23.39999962 42.91727066 98.85418701
v 23.39999962 41.77410126 96.88864136
v 15.89999962 41.02116013 95.69920349
v 15.89999962 42.29956818 97.76615143
v 23.39999962 41.77410126 96.88864136
v 15.89999962 41.02116013 95.69920349
v 23.39999962 41.77410126 96.88864136
v 23.39999962 40.54098129 94.97821808
v 15.89999962 39.64183044 93.69818115
v 15.89999962 41.02116013 95.69920349
v 23.39999962 40.54098129 94.97821808
v 15.89999962 39.64183044 93.69818115
v 23.39999962 40.54098129 94.97821808
v 23.39999962 39.22055817 93.12709045
v 15.89999962 38.16498184 91.76802063
v 15.89999962 39.64183044 93.69818115
v 23.39999962 39.22055817 93.12709045
v 15.89999962 38.16498184 91.76802063
v 23.39999962 39.22055817 93.12709045
v 23.39999962 37.81568146 91.33920288
v 15.89999962 36.59424973 89.91345978
v 15.89999962 38.16498184 91.76802063
v 23.39999962 37.81568146 91.33920288
v 23.39999962 36.32936859 89.61840057
v 15.89999962 34.93349075 88.13905334
v 15.89999962 36.59424973 89.91345978
v 23.39999962 36.32936859 89.61840057
v 15.89999962 34.93349075 88.13905334
v 23.39999962 36.32936859 89.61840057
v 23.39999962 34.76483154 87.96840668
v 20.39999962 33.12543106 86.39277649
v 15.89999962 34.93349075 88.13905334
v 23.39999962 34.76483154 87.96840668
v 23.39999962 33.12543106 86.39277649
v 15.89999962 33.18679810 86.44918060
v 15.89999962 34.93349075 88.13905334
v 20.39999962 33.12543106 86.39277649
v 15.89999962 31.35845947 84.84799957
v 20.39999962 33.12543106 86.39277649
v 20.39999962 31.29865074 84.79827118
v 15.89999962 33.18679810 86.44918060
v 15.89999962 29.45298004 83.33943939
v 20.39999962 31.29865074 84.79827118
v 20.39999962 29.39521980 83.29606628
v 15.89999962 31.35845947 84.84799957
v 15.89999962 27.47504044 81.92723083
v 20.39999962 29.39521980 83.29606628
v 20.39999962 27.41979980 81.88986969
v 15.89999962 29.45298004 83.33943939
v 15.89999962 25.42951012 80.61480713
v 20.39999962 27.41979980 81.88986969
v 20.39999962 25.37725067 80.58312225
v 15.89999962 27.47504044 81.92723083
v 15.89999962 23.32142067 79.40544128
v 20.39999962 25.37725067 80.58312225
v 20.39999962 23.27253914 79.37902069
v 15.89999962 25.42951012 80.61480713
v 15.89999962 21.15596008 78.30209351
v 20.39999962 23.27253914 79.37902069
v 20.39999962 21.11084938 78.28051758
v 15.89999962 23.32142067 79.40544128
v 15.89999962 18.93845940 77.30745697
v 20.39999962 21.11084938 78.28051758
v 20.39999962 18.89744949 77.29029083
v 15.89999962 21.15596008 78.30209351
v 15.89999962 16.67436981 76.42401123
v 20.39999962 18.89744949 77.29029083
v 20.39999962 16.63779068 76.41078186
v 15.89999962 18.93845940 77.30745697
v 15.89999962 14.36925030 75.65390015
v 20.39999962 16.63779068 76.41078186
v 20.39999962 14.33738041 75.64414215
v 15.89999962 16.67436981 76.42401123
v 15.89999962 12.02879047 74.99903870
v 20.39999962 14.33738041 75.64414215
v 20.39999962 12.00185013 74.99223328
v 15.89999962 14.36925030 75.65390015
v 15.89999962 9.65873528 74.46103668
v 20.39999962 12.00185013 74.99223328
v 20.39999962 9.63694382 74.45665741
v 15.89999962 12.02879047 74.99903870
v 15.89999962 7.26491785 74.04120636
v 20.39999962 9.63694382 74.45665741
v 20.39999962 7.24843311 74.03874207
v 15.89999962 7.26491785 74.04120636
v 15.89999962 9.65873528 74.46103668
v 20.39999962 9.63694382 74.45665741
v 15.89999962 4.85323095 73.74060059
v 20.39999962 7.24843311 74.03874207
v 20.39999962 4.84217310 73.73950195
v 15.89999962 7.26491785 74.04120636
v 15.89999962 2.42960405 73.55992889
v 20.39999962 4.84217310 73.73950195
v 20.39999962 2.42405391 73.55964661
v 15.89999962 4.85323095 73.74060059
v 15.89999962 0.00000000 73.49965668
v 20.39999962 2.42405391 73.55964661
v 20.39999962 0.00000000 73.49965668
v 15.89999962 2.42960405 73.55992889
v 15.89999962 -2.40431595 73.55867767
v 20.39999962 0.00000000 73.49965668
v 20.39999962 -2.42405391 73.55964661
v 15.89999962 0.00000000 73.49965668
v 15.89999962 -4.80284023 73.73561096
v 20.39999962 -2.42405391 73.55964661
v 20.39999962 -4.84217310 73.73950195
v 15.89999962 -2.40431595 73.55867767
v 15.89999962 -7.18979311 74.03000641
v 20.39999962 -4.84217310 73.73950195
v 20.39999962 -7.24843311 74.03874207
v 15.89999962 -4.80284023 73.73561096
v 15.89999962 -9.55942631 74.44117737
v 20.39999962 -7.24843311 74.03874207
v 20.39999962 -9.63694382 74.45665741
v 15.89999962 -7.18979311 74.03000641
v 15.89999962 -11.90602970 74.96813202
v 20.39999962 -9.63694382 74.45665741
v 20.39999962 -12.00185013 74.99223328
v 15.89999962 -9.55942631 74.44117737
v 15.89999962 -14.22395039 75.60958099
v 20.39999962 -12.00185013 74.99223328
v 20.39999962 -14.33738041 75.64414215
v 15.89999962 -11.90602970 74.96813202
v 15.89999962 -16.50760078 76.36399078
v 15.89999962 -14.22395039 75.60958099
v 20.39999962 -14.33738041 75.64414215
v 15.89999962 -16.50760078 76.36399078
v 20.39999962 -14.33738041 75.64414215
v 20.39999962 -16.63779068 76.41078186
v 15.89999962 -18.75148964 77.22956085
v 15.89999962 -16.50760078 76.36399078
v 20.39999962 -16.63779068 76.41078186
v 20.39999962 -18.89744949 77.29029083
v 15.89999962 -20.95019913 78.20417786
v 15.89999962 -18.75148964 77.22956085
v 20.39999962 -18.89744949 77.29029083
v 20.39999962 -21.11084938 78.28051758
v 15.89999962 -23.09844017 79.28552246
v 15.89999962 -20.95019913 78.20417786
v 20.39999962 -21.11084938 78.28051758
v 20.39999962 -23.27253914 79.37902069
v 15.89999962 -25.19104004 80.47096252
v 15.89999962 -23.09844017 79.28552246
v 20.39999962 -23.27253914 79.37902069
v 15.89999962 -25.19104004 80.47096252
v 20.39999962 -23.27253914 79.37902069
v 20.39999962 -25.37725067 80.58312225
v 15.89999962 -27.22294044 81.75765228
v 15.89999962 -25.19104004 80.47096252
v 20.39999962 -25.37725067 80.58312225
v 15.89999962 -27.22294044 81.75765228
v 20.39999962 -25.37725067 80.58312225
v 20.39999962 -27.41979980 81.88986969
v 15.89999962 -29.18927002 83.14248657
v 15.89999962 -27.22294044 81.75765228
v 20.39999962 -27.41979980 81.88986969
v 15.89999962 -29.18927002 83.14248657
v 20.39999962 -27.41979980 81.88986969
v 20.39999962 -29.39521980 83.29606628
v 15.89999962 -31.08526993 84.62213898
v 15.89999962 -29.18927002 83.14248657
v 20.39999962 -29.39521980 83.29606628
v 15.89999962 -31.08526993 84.62213898
v 20.39999962 -29.39521980 83.29606628
v 20.39999962 -31.29865074 84.79827118
v 15.89999962 -32.90639114 86.19304657
v 15.89999962 -31.08526993 84.62213898
v 20.39999962 -31.29865074 84.79827118
v 15.89999962 -32.90639114 86.19304657
v 20.39999962 -31.29865074 84.79827118
v 20.39999962 -33.12543106 86.39277649
v 23.39999962 -34.76483154 87.96840668
v 20.39999962 -33.12543106 86.39277649
v 23.39999962 -33.12543106 86.39277649
v 15.89999962 -34.64823151 87.85143280
v 15.89999962 -32.90639114 86.19304657
v 15.89999962 -36.30661011 89.59326172
v 23.39999962 -34.76483154 87.96840668
v 23.39999962 -36.32936859 89.61840057
v 15.89999962 -36.30661011 89.59326172
v 15.89999962 -34.64823151 87.85143280
v 23.39999962 -34.76483154 87.96840668
v 23.39999962 -37.81568146 91.33920288
v 15.89999962 -36.30661011 89.59326172
v 23.39999962 -36.32936859 89.61840057
v 15.89999962 -37.87751007 91.41439056
v 23.39999962 -39.22055817 93.12709045
v 15.89999962 -37.87751007 91.41439056
v 23.39999962 -37.81568146 91.33920288
v 15.89999962 -39.35717010 93.31037903
v 23.39999962 -40.54098129 94.97821808
v 15.89999962 -39.35717010 93.31037903
v 23.39999962 -39.22055817 93.12709045
v 15.89999962 -40.74200821 95.27671051
v 23.39999962 -40.54098129 94.97821808
v 23.39999962 -41.77410126 96.88864136
v 15.89999962 -40.74200821 95.27671051
v 15.89999962 -39.35717010 93.31037903
v 23.39999962 -40.54098129 94.97821808
v 27.89999962 -42.78371048 98.61338806
v 27.89999962 -42.14262009 97.49965668
v 34.00000000 -42.14262009 97.49965668
v 27.89999962 -42.78371048 98.61338806
v 34.00000000 -42.14262009 97.49965668
v 34.00000000 -43.30908966 99.57975006
v 27.89999962 -43.39538956 99.74355316
v 27.89999962 -42.78371048 98.61338806
v 34.00000000 -43.30908966 99.57975006
v 15.89999962 -42.02870178 97.30861664
v 23.39999962 -41.77410126 96.88864136
v 23.39999962 -42.91727066 98.85418701
v 15.89999962 -42.02870178 97.30861664
v 15.89999962 -40.74200821 95.27671051
v 23.39999962 -41.77410126 96.88864136
v 27.89999962 -43.97721100 100.88939667
v 34.00000000 -43.30908966 99.57975006
v 34.00000000 -44.37297058 101.71410370
v 27.89999962 -43.39538956 99.74355316
v 27.82389069 -44.14464951 101.23349762
v 27.89999962 -43.97721100 100.88939667
v 34.00000000 -44.37297058 101.71410370
v 27.60713005 -44.28450012 101.52629852
v 27.82389069 -44.14464951 101.23349762
v 34.00000000 -44.37297058 101.71410370
v 27.28269958 -44.37685013 101.72239685
v 15.89999962 -43.21414185 99.40122223
v 15.89999962 -42.02870178 97.30861664
v 23.39999962 -42.91727066 98.85418701
v 34.00000000 -45.33174896 103.89769745
v 27.28269958 -44.37685013 101.72239685
v 34.00000000 -44.37297058 101.71410370
v 34.00000000 -45.33174896 103.89769745
v 26.89999962 -44.40908051 101.79139709
v 27.28269958 -44.37685013 101.72239685
v 20.39999962 -43.96802139 100.87069702
v 15.89999962 -43.21414185 99.40122223
v 23.39999962 -42.91727066 98.85418701
v 23.39999962 -43.96802139 100.87069702
v 15.89999962 -44.29547119 101.54949951
v 15.89999962 -43.21414185 99.40122223
v 20.39999962 -43.96802139 100.87069702
v 15.89999962 -44.29547119 101.54949951
v 20.39999962 -44.26419067 101.48339844
v 20.39999962 -44.40908051 101.79139709
v 20.39999962 -44.11716843 101.17649841
v 15.89999962 -44.29547119 101.54949951
v 20.39999962 -43.96802139 100.87069702
v 20.39999962 -44.11716843 101.17649841
v 15.89999962 -45.27008820 103.74819946
v 26.89999962 -44.40908051 101.79139709
v 15.89999962 -45.27008820 103.74819946
v 15.89999962 -44.29547119 101.54949951
v 20.39999962 -44.40908051 101.79139709
v 20.39999962 -44.40908051 101.79139709
v 15.89999962 -46.13565826 105.99210358
v 15.89999962 -45.27008820 103.74819946
v 34.00000000 -45.33174896 103.89769745
v 34.00000000 -46.18315125 106.12539673
v 15.89999962 -46.89007187 108.27570343
v 15.89999962 -46.13565826 105.99210358
v 34.00000000 -46.18315125 106.12539673
v 34.00000000 -46.92515182 108.39179993
v 15.89999962 -47.53152847 110.59359741
v 15.89999962 -46.89007187 108.27570343
v 34.00000000 -46.92515182 108.39179993
v 15.89999962 -47.53152847 110.59359741
v 34.00000000 -46.92515182 108.39179993
v 34.00000000 -47.55598831 110.69170380
v 15.89999962 -48.05847931 112.94020081
v 15.89999962 -47.53152847 110.59359741
v 34.00000000 -47.55598831 110.69170380
v 34.00000000 -48.07418823 113.01959991
v 15.89999962 -48.46965027 115.30989838
v 34.00000000 -48.07418823 113.01959991
v 34.00000000 -48.47851181 115.36990356
v 15.89999962 -48.05847931 112.94020081
v 15.89999962 -48.76404953 117.69680023
v 15.89999962 -48.46965027 115.30989838
v 34.00000000 -48.47851181 115.36990356
v 34.00000000 -48.76800156 117.73709869
v 15.89999962 -48.94097900 120.09529877
v 34.00000000 -48.76800156 117.73709869
v 34.00000000 -48.94197083 120.11550140
v 15.89999962 -48.76404953 117.69680023
v 15.89999962 -49.00000000 122.49970245
v 34.00000000 -48.94197083 120.11550140
v 34.00000000 -49.00000000 122.49970245
v 15.89999962 -48.94097900 120.09529877
v 49.00000000 27.63180923 142.31080627
v 49.00000000 26.60849953 143.66540527
v 49.00000000 25.51885986 144.96710205
v 49.00000000 19.17606926 150.57589722
v 49.00000000 24.36558914 146.21290588
v 49.00000000 23.15158081 147.39950562
v 49.00000000 21.87985992 148.52409363
v 49.00000000 20.55357933 149.58380127
v 49.00000000 30.27909088 137.96499634
v 49.00000000 29.46940041 139.45710754
v 49.00000000 28.58624077 140.90690613
v 49.00000000 31.01329041 136.43440247
v 49.00000000 17.75074959 151.49809265
v 49.00000000 11.64406967 154.44360352
v 49.00000000 16.28117943 152.34800720
v 49.00000000 14.77101040 153.12350464
v 49.00000000 13.22402954 153.82260132
v 49.00000000 32.24811172 133.27270508
v 49.00000000 31.67016983 134.86900330
v 49.00000000 32.74563980 131.64970398
v 49.00000000 8.40108585 155.44540405
v 49.00000000 10.03509045 154.98500061
v 49.00000000 33.49477005 128.33920288
v 49.00000000 33.16154099 130.00379944
v 49.00000000 5.07437611 156.11880493
v 49.00000000 6.74614000 155.82369995
v 49.00000000 1.69709599 156.45730591
v 49.00000000 3.38996196 156.33020020
v 49.00000000 33.99116135 123.27480316
v 49.00000000 33.91009903 124.97049713
v 49.00000000 33.74449921 126.66000366
v 49.00000000 -1.69709599 156.45730591
v 49.00000000 0.00000000 156.49960327
v 49.00000000 33.89907074 119.88189697
v 49.00000000 33.98748016 121.57720184
v 49.00000000 -6.74614000 155.82369995
v 49.00000000 -3.38996196 156.33020020
v 49.00000000 -5.07437611 156.11880493
v 49.00000000 33.12871170 114.85189819
v 49.00000000 33.46915054 116.51499939
v 49.00000000 33.72615051 118.19309998
v 49.00000000 -8.40108585 155.44540405
v 49.00000000 32.20111084 111.58689880
v 49.00000000 32.70568085 113.20780182
v 49.00000000 -11.64406967 154.44360352
v 49.00000000 -10.03509045 154.98500061
v 49.00000000 31.61627007 109.99320221
v 49.00000000 30.95260048 108.43070221
v 49.00000000 -16.28117943 152.34800720
v 49.00000000 -13.22402954 153.82260132
v 49.00000000 -14.77101040 153.12350464
v 49.00000000 -17.75074959 151.49809265
v 49.00000000 28.50617981 103.96869659
v 49.00000000 29.39562035 105.41459656
v 49.00000000 30.21176910 106.90319824
v 49.00000000 27.54567909 102.56890106
v 49.00000000 -20.55357933 149.58380127
v 49.00000000 -19.17606926 150.57589722
v 49.00000000 25.42123032 99.92176819
v 49.00000000 26.51651001 101.21880341
v 49.00000000 -27.63180923 142.31080627
v 49.00000000 -21.87985992 148.52409363
v 49.00000000 -23.15158081 147.39950562
v 49.00000000 -24.36558914 146.21290588
v 49.00000000 -25.51885986 144.96710205
v 49.00000000 -26.60849953 143.66540527
v 49.00000000 -31.01329041 136.43440247
v 49.00000000 -28.58624077 140.90690613
v 49.00000000 -29.46940041 139.45710754
v 49.00000000 -30.27909088 137.96499634
v 49.00000000 -32.24811172 133.27270508
v 49.00000000 23.04343987 97.49965668
v 49.00000000 24.26258087 98.68103027
v 49.00000000 -31.67016983 134.86900330
v 49.00000000 -33.74449921 126.66000366
v 49.00000000 -32.74563980 131.64970398
v 49.00000000 -33.16154099 130.00379944
v 49.00000000 -33.49477005 128.33920288
v 49.00000000 -33.98748016 121.57720184
v 49.00000000 -33.91009903 124.97049713
v 49.00000000 -33.99116135 123.27480316
v 49.00000000 -33.89907074 119.88189697
v 49.00000000 -33.46915054 116.51499939
v 49.00000000 -33.72615051 118.19309998
v 49.00000000 -32.20111084 111.58689880
v 49.00000000 -33.12871170 114.85189819
v 49.00000000 -32.70568085 113.20780182
v 49.00000000 -31.61627007 109.99320221
v 49.00000000 -30.21176910 106.90319824
v 49.00000000 -30.95260048 108.43070221
v 49.00000000 -28.50617981 103.96869659
v 49.00000000 -29.39562035 105.41459656
v 49.00000000 -27.54567909 102.56890106
v 49.00000000 -25.42123032 99.92176819
v 49.00000000 -26.51651001 101.21880341
v 49.00000000 -24.26258087 98.68103027
v 49.00000000 -23.04343987 97.49965668
v 40.78115845 21.28120041 72.99965668
v 39.84133148 23.02935982 73.81333160
v 39.89216995 23.00436974 74.35858154
v 40.78115845 21.28120041 72.99965668
v 39.81935120 23.03997040 73.40309143
v 39.84133148 23.02935982 73.81333160
v 40.78115845 21.28120041 72.99965668
v 39.81224060 23.04353905 72.99965668
v 39.81935120 23.03997040 73.40309143
v 39.84133148 -23.02935982 73.81333160
v 40.78116989 -21.28120041 72.99965668
v 39.89216995 -23.00436020 74.35858154
v 39.81935120 -23.03997040 73.40309143
v 40.78116989 -21.28120041 72.99965668
v 39.84133148 -23.02935982 73.81333160
v 39.81224060 -23.04353905 72.99965668
v 40.78116989 -21.28120041 72.99965668
v 39.81935120 -23.03997040 73.40309143
v 48.87194824 0.00000000 94.19441986
v 48.80513000 10.40491962 94.34519196
v 49.00000000 23.04343987 97.49965668
v 48.87194824 0.00000000 94.19441986
v 49.00000000 23.04343987 97.49965668
v 49.00000000 -23.04343987 97.49965668
v 48.87194824 0.00000000 94.19441986
v 48.43505096 10.15904045 92.32840729
v 48.80513000 10.40491962 94.34519196
v 48.62876129 0.00000000 92.14279938
v 48.43505096 10.15904045 92.32840729
v 48.87194824 0.00000000 94.19441986
v 44.96791840 11.59669018 78.36061096
v 44.89965057 9.97552204 72.99965668
v 44.42155838 11.92881012 72.99965668
v 48.25289154 0.00000000 89.75173187
v 48.43505096 10.15904045 92.32840729
v 48.62876129 0.00000000 92.14279938
v 48.25289154 0.00000000 89.75173187
v 47.86304855 10.17381954 89.94013214
v 48.43505096 10.15904045 92.32840729
v 48.80513000 -10.40491962 94.34526062
v 48.87194824 0.00000000 94.19441986
v 49.00000000 -23.04343987 97.49965668
v 48.43505096 -10.15904045 92.32853699
v 48.62876129 0.00000000 92.14279938
v 48.87194824 0.00000000 94.19441986
v 48.43505096 -10.15904045 92.32853699
v 48.87194824 0.00000000 94.19441986
v 48.80513000 -10.40491962 94.34526062
v 46.35047913 0.00000000 78.32749176
v 45.81784058 -4.01687717 72.99965668
v 45.95032120 -2.01034689 72.99965668
v 46.35047913 0.00000000 78.32749176
v 45.95032120 -2.01034689 72.99965668
v 45.99568176 0.00000000 72.99965668
v 46.35047913 0.00000000 78.32749176
v 45.99568176 0.00000000 72.99965668
v 45.95032120 2.01034689 72.99965668
v 46.35047913 0.00000000 78.32749176
v 45.95032120 2.01034689 72.99965668
v 45.81784058 4.01687717 72.99965668
v 47.86304855 -10.17381954 89.94039154
v 48.62876129 0.00000000 92.14279938
v 48.43505096 -10.15904045 92.32853699
v 47.86304855 -10.17381954 89.94039154
v 48.25289154 0.00000000 89.75173187
v 48.62876129 0.00000000 92.14279938
v 44.96791840 -11.59669018 78.36112213
v 44.42155838 -11.92881012 72.99965668
v 44.89965057 -9.97552204 72.99965668
v 48.65734863 15.51511955 94.23992920
v 48.69062042 15.55778980 94.38661194
v 48.80513000 10.40491962 94.34519196
v 48.62186813 15.47459030 94.08962250
v 48.65734863 15.51511955 94.23992920
v 48.80513000 10.40491962 94.34519196
v 48.62186813 15.47459030 94.08962250
v 48.12493134 20.36113930 93.48870087
v 48.29932022 20.47170067 93.92297363
v 48.62186813 15.47459030 94.08962250
v 48.80513000 10.40491962 94.34519196
v 48.43505096 10.15904045 92.32840729
v 48.21673965 15.22436047 92.62879944
v 48.12493134 20.36113930 93.48870087
v 48.62186813 15.47459030 94.08962250
v 48.43505096 10.15904045 92.32840729
v 48.21673965 15.22436047 92.62879944
v 47.92491150 20.27297974 93.02037811
v 48.12493134 20.36113930 93.48870087
v 48.14485168 15.20483971 92.39849091
v 48.21673965 15.22436047 92.62879944
v 48.43505096 10.15904045 92.32840729
v 48.14485168 15.20483971 92.39849091
v 47.92491150 20.27297974 93.02037811
v 48.21673965 15.22436047 92.62879944
v 48.14485168 15.20483971 92.39849091
v 47.72037125 20.21368027 92.56443787
v 47.92491150 20.27297974 93.02037811
v 48.06721115 15.18912029 92.15572357
v 48.14485168 15.20483971 92.39849091
v 48.43505096 10.15904045 92.32840729
v 48.06721115 15.18912029 92.15572357
v 47.72037125 20.21368027 92.56443787
v 48.14485168 15.20483971 92.39849091
v 47.96839142 15.17601967 91.85420227
v 47.96839142 15.17601967 91.85420227
v 47.96839142 15.17601967 91.85420227
v 48.43505096 10.15904045 92.32840729
v 47.86304855 10.17381954 89.94013214
v 47.96839142 15.17601967 91.85420227
v 47.49037170 20.17476082 92.07160187
v 47.72037125 20.21368027 92.56443787
v 47.96839142 15.17601967 91.85420227
v 47.18659973 20.15724945 91.44365692
v 47.49037170 20.17476082 92.07160187
v 47.55168915 15.18439960 90.64842987
v 47.96839142 15.17601967 91.85420227
v 47.86304855 10.17381954 89.94013214
v 47.55168915 15.18439960 90.64842987
v 47.18659973 20.15724945 91.44365692
v 47.96839142 15.17601967 91.85420227
v 47.55168915 15.18439960 90.64842987
v 46.80905151 20.17560005 90.68829346
v 47.18659973 20.15724945 91.44365692
v 47.41384125 15.20413971 90.26576996
v 47.55168915 15.18439960 90.64842987
v 47.86304855 10.17381954 89.94013214
v 47.41384125 15.20413971 90.26576996
v 46.80905151 20.17560005 90.68829346
v 47.55168915 15.18439960 90.64842987
v 47.23957825 15.23818016 89.78980255
v 47.23957825 15.23818016 89.78980255
v 47.41384125 15.20413971 90.26576996
v 47.86304855 10.17381954 89.94013214
v 47.23957825 15.23818016 89.78980255
v 46.31177139 20.24925041 89.72017670
v 46.80905151 20.17560005 90.68829346
v 46.99362946 15.30066967 89.12902832
v 46.31177139 20.24925041 89.72017670
v 47.23957825 15.23818016 89.78980255
v 46.99362946 15.30066967 89.12902832
v 46.99362946 15.30066967 89.12902832
v 45.58597946 20.42793083 88.33544922
v 46.31177139 20.24925041 89.72017670
v 45.91027069 15.71313000 86.28131104
v 45.58597946 20.42793083 88.33544922
v 46.99362946 15.30066967 89.12902832
v 45.91027069 15.71313000 86.28131104
v 46.99362946 15.30066967 89.12902832
v 47.86304855 10.17381954 89.94013214
v 45.91027069 15.71313000 86.28131104
v 44.29188156 20.88253021 85.87326050
v 45.58597946 20.42793083 88.33544922
v 45.91027069 15.71313000 86.28131104
v 47.86304855 10.17381954 89.94013214
v 46.34954834 10.79139042 84.30969238
v 45.44337845 15.93712044 85.04622650
v 45.91027069 15.71313000 86.28131104
v 46.34954834 10.79139042 84.30969238
v 45.44337845 15.93712044 85.04622650
v 44.29188156 20.88253021 85.87326050
v 45.91027069 15.71313000 86.28131104
v 45.44337845 15.93712044 85.04622650
v 43.08319092 21.40653992 83.49118805
v 44.29188156 20.88253021 85.87326050
v 45.01367188 16.15983963 83.88462830
v 43.08319092 21.40653992 83.49118805
v 45.44337845 15.93712044 85.04622650
v 45.01367188 16.15983963 83.88462830
v 45.44337845 15.93712044 85.04622650
v 46.34954834 10.79139042 84.30969238
v 44.59490967 16.38895988 82.71460724
v 46.34954834 10.79139042 84.30969238
v 44.96791840 11.59669018 78.36061096
v 44.59490967 16.38895988 82.71460724
v 45.01367188 16.15983963 83.88462830
v 46.34954834 10.79139042 84.30969238
v 44.59490967 16.38895988 82.71460724
v 41.95909119 21.94787025 81.09042358
v 43.08319092 21.40653992 83.49118805
v 44.59490967 16.38895988 82.71460724
v 43.08319092 21.40653992 83.49118805
v 45.01367188 16.15983963 83.88462830
v 43.60876846 16.96215057 79.67170715
v 41.95909119 21.94787025 81.09042358
v 44.59490967 16.38895988 82.71460724
v 43.60876846 16.96215057 79.67170715
v 41.24377060 22.30986023 79.37084198
v 41.95909119 21.94787025 81.09042358
v 43.60876846 16.96215057 79.67170715
v 44.59490967 16.38895988 82.71460724
v 44.96791840 11.59669018 78.36061096
v 41.00231171 21.16378021 75.43190765
v 41.00231171 21.16378021 75.43190765
v 40.24328995 22.82613945 76.27335358
v 40.46487045 22.71183968 77.09792328
v 41.00231171 21.16378021 75.43190765
v 40.08174896 22.90885925 75.55055237
v 40.24328995 22.82613945 76.27335358
v 41.00231171 21.16378021 75.43190765
v 39.96813965 22.96640968 74.91622925
v 40.08174896 22.90885925 75.55055237
v 41.00231171 21.16378021 75.43190765
v 39.89216995 23.00436974 74.35858154
v 39.96813965 22.96640968 74.91622925
v 41.54806137 20.21303940 76.00003052
v 41.00231171 21.16378021 75.43190765
v 40.46487045 22.71183968 77.09792328
v 41.54806137 20.21303940 76.00003052
v 40.78596115 22.54571915 78.11518097
v 41.24377060 22.30986023 79.37084198
v 41.54806137 20.21303940 76.00003052
v 40.46487045 22.71183968 77.09792328
v 40.78596115 22.54571915 78.11518097
v 43.37596893 17.10203934 78.84365845
v 41.54806137 20.21303940 76.00003052
v 41.24377060 22.30986023 79.37084198
v 43.37596893 17.10203934 78.84365845
v 41.24377060 22.30986023 79.37084198
v 43.60876846 16.96215057 79.67170715
v 43.37596893 17.10203934 78.84365845
v 43.60876846 16.96215057 79.67170715
v 44.96791840 11.59669018 78.36061096
v 41.44530106 20.27047920 75.42957306
v 40.78115845 21.28120041 72.99965668
v 41.00231171 21.16378021 75.43190765
v 41.44530106 20.27047920 75.42957306
v 41.44530106 20.27047920 75.42957306
v 42.48257828 17.63767052 72.99965668
v 41.67182159 19.47806931 72.99965668
v 41.67182159 19.47806931 72.99965668
v 41.44530106 20.27047920 75.42957306
v 41.54806137 20.21303940 76.00003052
v 42.48257828 17.63767052 72.99965668
v 43.71165848 14.71469975 75.57836151
v 43.37596893 17.10203934 78.84365845
v 44.96791840 11.59669018 78.36061096
v 43.71165848 14.71469975 75.57836151
v 44.96791840 11.59669018 78.36061096
v 44.42155838 11.92881012 72.99965668
v 43.71165848 14.71469975 75.57836151
v 41.54806137 20.21303940 76.00003052
v 43.37596893 17.10203934 78.84365845
v 43.71165848 14.71469975 75.57836151
v 44.42155838 11.92881012 72.99965668
v 43.85868073 13.85939980 72.99965668
v 43.71165848 14.71469975 75.57836151
v 43.85868073 13.85939980 72.99965668
v 43.21195984 15.76356983 72.99965668
v 43.71165848 14.71469975 75.57836151
v 43.21195984 15.76356983 72.99965668
v 42.48257828 17.63767052 72.99965668
v 43.71165848 14.71469975 75.57836151
v 42.48257828 17.63767052 72.99965668
v 41.54806137 20.21303940 76.00003052
v 46.46735001 5.64688015 81.25122070
v 47.25836945 0.00000000 84.18713379
v 46.35047913 0.00000000 78.32749176
v 46.46735001 5.64688015 81.25122070
v 48.25289154 0.00000000 89.75173187
v 47.25836945 0.00000000 84.18713379
v 46.46735001 5.64688015 81.25122070
v 44.96791840 11.59669018 78.36061096
v 46.34954834 10.79139042 84.30969238
v 46.46735001 5.64688015 81.25122070
v 47.86304855 10.17381954 89.94013214
v 48.25289154 0.00000000 89.75173187
v 46.46735001 5.64688015 81.25122070
v 46.34954834 10.79139042 84.30969238
v 47.86304855 10.17381954 89.94013214
v 46.00344849 5.84321785 78.33528137
v 44.96791840 11.59669018 78.36061096
v 46.46735001 5.64688015 81.25122070
v 46.00344849 5.84321785 78.33528137
v 46.35047913 0.00000000 78.32749176
v 45.81784058 4.01687717 72.99965668
v 46.00344849 5.84321785 78.33528137
v 44.89965057 9.97552204 72.99965668
v 44.96791840 11.59669018 78.36061096
v 46.00344849 5.84321785 78.33528137
v 46.00344849 5.84321785 78.33528137
v 45.81784058 4.01687717 72.99965668
v 45.59833145 6.01577997 72.99965668
v 46.00344849 5.84321785 78.33528137
v 45.59833145 6.01577997 72.99965668
v 45.29211044 8.00325584 72.99965668
v 46.00344849 5.84321785 78.33528137
v 45.29211044 8.00325584 72.99965668
v 44.89965057 9.97552204 72.99965668
v 48.65734863 -15.51511955 94.23995209
v 48.80513000 -10.40491962 94.34526062
v 48.69062042 -15.55778980 94.38662720
v 48.62186813 -15.47459030 94.08965302
v 48.29932022 -20.47170067 93.92297363
v 48.12493134 -20.36113930 93.48870087
v 48.62186813 -15.47459030 94.08965302
v 48.43505096 -10.15904045 92.32853699
v 48.80513000 -10.40491962 94.34526062
v 48.62186813 -15.47459030 94.08965302
v 48.80513000 -10.40491962 94.34526062
v 48.65734863 -15.51511955 94.23995209
v 46.46735001 -5.64688015 81.25184631
v 46.35047913 0.00000000 78.32749176
v 47.25836945 0.00000000 84.18713379
v 46.46735001 -5.64688015 81.25184631
v 48.25289154 0.00000000 89.75173187
v 47.86304855 -10.17381954 89.94039154
v 46.46735001 -5.64688015 81.25184631
v 47.25836945 0.00000000 84.18713379
v 48.25289154 0.00000000 89.75173187
v 46.46735001 -5.64688015 81.25184631
v 47.86304855 -10.17381954 89.94039154
v 46.34954834 -10.79139042 84.31020355
v 46.46735001 -5.64688015 81.25184631
v 46.34954834 -10.79139042 84.31020355
v 44.96791840 -11.59669018 78.36112213
v 48.21673965 -15.22436047 92.62885284
v 48.12493134 -20.36113930 93.48870087
v 47.92491150 -20.27297974 93.02037811
v 48.21673965 -15.22436047 92.62885284
v 48.43505096 -10.15904045 92.32853699
v 48.62186813 -15.47459030 94.08965302
v 48.12493134 -20.36113930 93.48870087
v 48.14485168 -15.20483971 92.39853668
v 48.21673965 -15.22436047 92.62885284
v 47.92491150 -20.27297974 93.02037811
v 48.14485168 -15.20483971 92.39853668
v 48.43505096 -10.15904045 92.32853699
v 48.21673965 -15.22436047 92.62885284
v 48.14485168 -15.20483971 92.39853668
v 47.92491150 -20.27297974 93.02037811
v 47.72037125 -20.21368027 92.56443787
v 48.06721115 -15.18912029 92.15577698
v 48.14485168 -15.20483971 92.39853668
v 47.72037125 -20.21368027 92.56443787
v 48.06721115 -15.18912029 92.15577698
v 48.43505096 -10.15904045 92.32853699
v 48.14485168 -15.20483971 92.39853668
v 47.96839142 -15.17601967 91.85427094
v 47.96839142 -15.17601967 91.85427094
v 47.96839142 -15.17601967 91.85427094
v 47.72037125 -20.21368027 92.56443787
v 47.49037170 -20.17476082 92.07160187
v 47.96839142 -15.17601967 91.85427094
v 47.49037170 -20.17476082 92.07160187
v 47.18659973 -20.15724945 91.44365692
v 47.96839142 -15.17601967 91.85427094
v 47.86304855 -10.17381954 89.94039154
v 48.43505096 -10.15904045 92.32853699
v 46.00344849 -5.84321785 78.33586121
v 46.46735001 -5.64688015 81.25184631
v 44.96791840 -11.59669018 78.36112213
v 46.00344849 -5.84321785 78.33586121
v 44.89965057 -9.97552204 72.99965668
v 45.29211044 -8.00325584 72.99965668
v 46.00344849 -5.84321785 78.33586121
v 45.29211044 -8.00325584 72.99965668
v 45.59833145 -6.01577997 72.99965668
v 46.00344849 -5.84321785 78.33586121
v 45.59833145 -6.01577997 72.99965668
v 45.81784058 -4.01687717 72.99965668
v 46.00344849 -5.84321785 78.33586121
v 45.81784058 -4.01687717 72.99965668
v 46.35047913 0.00000000 78.32749176
v 46.00344849 -5.84321785 78.33586121
v 44.96791840 -11.59669018 78.36112213
v 44.89965057 -9.97552204 72.99965668
v 46.00344849 -5.84321785 78.33586121
v 47.55168915 -15.18439960 90.64852142
v 47.96839142 -15.17601967 91.85427094
v 47.18659973 -20.15724945 91.44365692
v 47.55168915 -15.18439960 90.64852142
v 47.86304855 -10.17381954 89.94039154
v 47.96839142 -15.17601967 91.85427094
v 47.55168915 -15.18439960 90.64852142
v 47.18659973 -20.15724945 91.44365692
v 46.80905151 -20.17560005 90.68829346
v 47.41384125 -15.20413971 90.26586914
v 47.55168915 -15.18439960 90.64852142
v 46.80905151 -20.17560005 90.68829346
v 47.41384125 -15.20413971 90.26586914
v 47.86304855 -10.17381954 89.94039154
v 47.55168915 -15.18439960 90.64852142
v 47.23957825 -15.23818016 89.78990173
v 47.86304855 -10.17381954 89.94039154
v 47.41384125 -15.20413971 90.26586914
v 47.23957825 -15.23818016 89.78990173
v 46.80905151 -20.17560005 90.68829346
v 46.31177139 -20.24925041 89.72017670
v 47.23957825 -15.23818016 89.78990173
v 46.99362946 -15.30066967 89.12915039
v 46.31177139 -20.24925041 89.72017670
v 45.58597946 -20.42793083 88.33544922
v 46.99362946 -15.30066967 89.12915039
v 46.99362946 -15.30066967 89.12915039
v 47.23957825 -15.23818016 89.78990173
v 46.31177139 -20.24925041 89.72017670
v 45.91027069 -15.71313000 86.28147888
v 45.58597946 -20.42793083 88.33544922
v 44.29188156 -20.88253021 85.87326050
v 45.91027069 -15.71313000 86.28147888
v 46.99362946 -15.30066967 89.12915039
v 45.58597946 -20.42793083 88.33544922
v 45.91027069 -15.71313000 86.28147888
v 47.86304855 -10.17381954 89.94039154
v 46.99362946 -15.30066967 89.12915039
v 45.91027069 -15.71313000 86.28147888
v 46.34954834 -10.79139042 84.31020355
v 47.86304855 -10.17381954 89.94039154
v 45.44337845 -15.93712044 85.04640961
v 45.91027069 -15.71313000 86.28147888
v 44.29188156 -20.88253021 85.87326050
v 45.44337845 -15.93712044 85.04640961
v 44.29188156 -20.88253021 85.87326050
v 43.08319092 -21.40653992 83.49118805
v 45.44337845 -15.93712044 85.04640961
v 46.34954834 -10.79139042 84.31020355
v 45.91027069 -15.71313000 86.28147888
v 45.01366043 -16.15983963 83.88482666
v 46.34954834 -10.79139042 84.31020355
v 45.44337845 -15.93712044 85.04640961
v 45.01366043 -16.15983963 83.88482666
v 45.44337845 -15.93712044 85.04640961
v 43.08319092 -21.40653992 83.49118805
v 44.59490967 -16.38895988 82.71482086
v 43.08319092 -21.40653992 83.49118805
v 41.95909119 -21.94787025 81.09042358
v 44.59490967 -16.38895988 82.71482086
v 45.01366043 -16.15983963 83.88482666
v 43.08319092 -21.40653992 83.49118805
v 44.59490967 -16.38895988 82.71482086
v 46.34954834 -10.79139042 84.31020355
v 45.01366043 -16.15983963 83.88482666
v 44.59490967 -16.38895988 82.71482086
v 44.96791840 -11.59669018 78.36112213
v 46.34954834 -10.79139042 84.31020355
v 43.60876846 -16.96215057 79.67192078
v 41.95909119 -21.94787025 81.09042358
v 41.24377060 -22.30986023 79.37084198
v 43.60876846 -16.96215057 79.67192078
v 44.59490967 -16.38895988 82.71482086
v 41.95909119 -21.94787025 81.09042358
v 43.60876846 -16.96215057 79.67192078
v 44.96791840 -11.59669018 78.36112213
v 44.59490967 -16.38895988 82.71482086
v 43.37596893 -17.10203934 78.84385681
v 44.96791840 -11.59669018 78.36112213
v 43.60876846 -16.96215057 79.67192078
v 43.37596893 -17.10203934 78.84385681
v 43.60876846 -16.96215057 79.67192078
v 41.24377060 -22.30986023 79.37084198
v 43.71165848 -14.71469975 75.57859039
v 44.42155838 -11.92881012 72.99965668
v 44.96791840 -11.59669018 78.36112213
v 43.71165848 -14.71469975 75.57859039
v 42.48257828 -17.63767052 72.99965668
v 43.21195984 -15.76356983 72.99965668
v 43.71165848 -14.71469975 75.57859039
v 43.21195984 -15.76356983 72.99965668
v 43.85868073 -13.85939980 72.99965668
v 43.71165848 -14.71469975 75.57859039
v 43.85868073 -13.85939980 72.99965668
v 44.42155838 -11.92881012 72.99965668
v 43.71165848 -14.71469975 75.57859039
v 44.96791840 -11.59669018 78.36112213
v 43.37596893 -17.10203934 78.84385681
v 41.54806137 -20.21303940 76.00006104
v 41.24377060 -22.30986023 79.37084198
v 40.78596115 -22.54571915 78.11518097
v 41.54806137 -20.21303940 76.00006104
v 40.78596115 -22.54571915 78.11518097
v 40.46487045 -22.71183968 77.09792328
v 41.54806137 -20.21303940 76.00006104
v 43.71165848 -14.71469975 75.57859039
v 43.37596893 -17.10203934 78.84385681
v 41.54806137 -20.21303940 76.00006104
v 43.37596893 -17.10203934 78.84385681
v 41.24377060 -22.30986023 79.37084198
v 41.54806137 -20.21303940 76.00006104
v 42.48257828 -17.63767052 72.99965668
v 43.71165848 -14.71469975 75.57859039
v 41.44530106 -20.27047920 75.42960358
v 40.78116989 -21.28120041 72.99965668
v 41.67182159 -19.47806931 72.99965668
v 41.44530106 -20.27047920 75.42960358
v 41.67182159 -19.47806931 72.99965668
v 42.48257828 -17.63767052 72.99965668
v 41.44530106 -20.27047920 75.42960358
v 42.48257828 -17.63767052 72.99965668
v 41.54806137 -20.21303940 76.00006104
v 41.00231171 -21.16378021 75.43193054
v 41.54806137 -20.21303940 76.00006104
v 40.46487045 -22.71183968 77.09792328
v 41.00231171 -21.16378021 75.43193054
v 40.46487045 -22.71183968 77.09792328
v 40.24328995 -22.82613945 76.27333832
v 41.00231171 -21.16378021 75.43193054
v 40.24328995 -22.82613945 76.27333832
v 40.08174896 -22.90885925 75.55055237
v 41.00231171 -21.16378021 75.43193054
v 40.08174896 -22.90885925 75.55055237
v 39.96813965 -22.96640968 74.91622925
v 41.00231171 -21.16378021 75.43193054
v 39.96813965 -22.96640968 74.91622925
v 39.89216995 -23.00436020 74.35858154
v 41.44530106 -20.27047920 75.42960358
v 41.00231171 -21.16378021 75.43193054
v 41.00231171 -21.16378021 75.43193054
v 48.94657135 19.02072906 96.14093018
v 48.80513000 10.40491962 94.34519196
v 48.69062042 15.55778980 94.38661194
v 48.94657135 19.02072906 96.14093018
v 48.98973846 22.32843018 96.83706665
v 49.00000000 23.04343987 97.49965668
v 48.94657135 19.02072906 96.14093018
v 48.97629166 22.09753990 96.60929108
v 48.98973846 22.32843018 96.83706665
v 48.94657135 19.02072906 96.14093018
v 48.94992828 21.83395958 96.33084106
v 48.97629166 22.09753990 96.60929108
v 48.94657135 19.02072906 96.14093018
v 49.00000000 23.04343987 97.49965668
v 48.80513000 10.40491962 94.34519196
v 48.94657135 -19.02072906 96.14093018
v 49.00000000 -23.04343987 97.49965668
v 48.98973846 -22.32843018 96.83706665
v 48.94657135 -19.02072906 96.14093018
v 48.98973846 -22.32843018 96.83706665
v 48.97629166 -22.09753990 96.60929108
v 48.94657135 -19.02072906 96.14093018
v 48.97629166 -22.09753990 96.60929108
v 48.94992828 -21.83395958 96.33084106
v 48.94657135 -19.02072906 96.14093018
v 48.80513000 -10.40491962 94.34526062
v 49.00000000 -23.04343987 97.49965668
v 48.94657135 -19.02072906 96.14093018
v 48.69062042 -15.55778980 94.38662720
v 48.80513000 -10.40491962 94.34526062
v 48.82994080 19.89598083 95.49208832
v 48.91505814 21.60992050 96.07212067
v 48.94992828 21.83395958 96.33084106
v 48.82994080 19.89598083 95.49208832
v 48.87160873 21.41226006 95.82070160
v 48.91505814 21.60992050 96.07212067
v 48.82994080 19.89598083 95.49208832
v 48.81940079 21.23484993 95.57041168
v 48.87160873 21.41226006 95.82070160
v 48.82994080 19.89598083 95.49208832
v 48.94992828 21.83395958 96.33084106
v 48.94657135 19.02072906 96.14093018
v 48.80374146 19.82283974 95.36891174
v 48.65734863 15.51511955 94.23992920
v 48.62186813 15.47459030 94.08962250
v 48.80374146 19.82283974 95.36891174
v 48.62186813 15.47459030 94.08962250
v 48.29932022 20.47170067 93.92297363
v 48.80374146 19.82283974 95.36891174
v 48.69062042 15.55778980 94.38661194
v 48.65734863 15.51511955 94.23992920
v 48.80374146 19.82283974 95.36891174
v 48.80374146 19.82283974 95.36891174
v 48.75815964 21.07423019 95.31735229
v 48.81940079 21.23484993 95.57041168
v 48.80374146 19.82283974 95.36891174
v 48.68748856 20.92831993 95.05866241
v 48.75815964 21.07423019 95.31735229
v 48.80374146 19.82283974 95.36891174
v 48.60691833 20.79578018 94.79196930
v 48.68748856 20.92831993 95.05866241
v 48.80374146 19.82283974 95.36891174
v 48.51586151 20.67579079 94.51519012
v 48.60691833 20.79578018 94.79196930
v 48.80374146 19.82283974 95.36891174
v 48.82994080 19.89598083 95.49208832
v 48.94657135 19.02072906 96.14093018
v 48.80374146 19.82283974 95.36891174
v 48.41360092 20.56782913 94.22619629
v 48.51586151 20.67579079 94.51519012
v 48.80374146 19.82283974 95.36891174
v 48.29932022 20.47170067 93.92297363
v 48.41360092 20.56782913 94.22619629
v 48.80374146 19.82283974 95.36891174
v 48.94657135 19.02072906 96.14093018
v 48.69062042 15.55778980 94.38661194
v 48.82994080 -19.89598083 95.49208832
v 48.94992828 -21.83395958 96.33084106
v 48.91505814 -21.60992050 96.07212067
v 48.82994080 -19.89598083 95.49208832
v 48.91505814 -21.60992050 96.07212067
v 48.87160873 -21.41226006 95.82070160
v 48.82994080 -19.89598083 95.49208832
v 48.87160873 -21.41226006 95.82070160
v 48.81940079 -21.23484993 95.57041168
v 48.82994080 -19.89598083 95.49208832
v 48.94657135 -19.02072906 96.14093018
v 48.94992828 -21.83395958 96.33084106
v 48.80374146 -19.82283974 95.36891174
v 48.81940079 -21.23484993 95.57041168
v 48.75815964 -21.07423019 95.31735229
v 48.80374146 -19.82283974 95.36891174
v 48.75815964 -21.07423019 95.31735229
v 48.68748856 -20.92831993 95.05866241
v 48.80374146 -19.82283974 95.36891174
v 48.68748856 -20.92831993 95.05866241
v 48.60691833 -20.79578018 94.79196930
v 48.80374146 -19.82283974 95.36891174
v 48.60691833 -20.79578018 94.79196930
v 48.51586151 -20.67579079 94.51519012
v 48.80374146 -19.82283974 95.36891174
v 48.51586151 -20.67579079 94.51519012
v 48.41360092 -20.56782913 94.22619629
v 48.80374146 -19.82283974 95.36891174
v 48.41360092 -20.56782913 94.22619629
v 48.29932022 -20.47170067 93.92297363
v 48.80374146 -19.82283974 95.36891174
v 48.80374146 -19.82283974 95.36891174
v 48.94657135 -19.02072906 96.14093018
v 48.82994080 -19.89598083 95.49208832
v 48.80374146 -19.82283974 95.36891174
v 48.69062042 -15.55778980 94.38662720
v 48.94657135 -19.02072906 96.14093018
v 48.80374146 -19.82283974 95.36891174
v 48.29932022 -20.47170067 93.92297363
v 48.62186813 -15.47459030 94.08965302
v 48.80374146 -19.82283974 95.36891174
v 48.65734863 -15.51511955 94.23995209
v 48.69062042 -15.55778980 94.38662720
v 48.80374146 -19.82283974 95.36891174
v 48.62186813 -15.47459030 94.08965302
v 48.65734863 -15.51511955 94.23995209
f 1 2 3
f 4 1 3
f 5 6 7
f 8 5 7
f 9 10 11
f 12 9 11
f 13 14 15
f 16 13 15
f 17 18 19
f 20 21 22
f 23 24 25
f 26 27 28
f 29 30 31
f 32 29 31
f 33 34 35
f 36 37 38
f 39 40 41
f 42 39 41
f 43 44 45
f 46 47 48
f 49 50 51
f 52 53 54
f 55 56 57
f 58 59 60
f 61 62 63
f 64 65 66
f 67 68 69
f 70 71 72
f 73 74 75
f 76 77 78
f 79 80 81
f 82 83 84
f 85 86 87
f 88 89 90
f 91 92 93
f 94 95 96
f 97 98 99
f 100 101 102
f 103 104 105
f 106 107 108
f 109 110 111
f 112 113 114
f 115 116 117
f 118 119 120
f 121 122 123
f 124 115 117
f 125 113 126
f 127 128 129
f 130 128 127
f 131 132 133
f 134 135 136
f 137 122 138
f 139 134 136
f 140 122 137
f 141 142 143
f 144 141 143
f 145 146 147
f 145 147 148
f 149 150 151
f 152 153 154
f 155 156 157
f 158 159 160
f 161 162 163
f 164 165 166
f 167 168 169
f 170 171 172
f 173 174 175
f 176 177 178
f 179 180 181
f 182 183 184
f 185 186 187
f 188 189 190
f 191 192 193
f 194 195 196
f 197 198 199
f 200 201 202
f 203 204 205
f 203 205 206
f 207 208 209
f 210 211 212
f 213 214 215
f 216 217 218
f 219 220 221
f 222 223 224
f 225 226 220
f 225 220 219
f 227 228 229
f 230 231 232
f 233 234 235
f 236 237 238
f 239 240 241
f 242 243 244
f 239 245 240
f 246 247 248
f 249 250 251
f 252 253 254
f 255 256 257
f 258 259 260
f 258 260 261
f 262 263 264
f 265 262 264
f 266 267 268
f 269 270 271
f 272 273 274
f 275 276 277
f 278 279 280
f 281 282 283
f 284 281 283
f 285 286 287
f 288 289 290
f 291 292 293
f 294 295 296
f 297 298 299
f 300 301 302
f 303 304 305
f 303 306 304
f 307 308 309
f 310 311 312
f 313 314 315
f 316 307 309
f 317 318 319
f 320 321 322
f 323 324 325
f 326 327 328
f 329 330 331
f 332 333 334
f 335 336 337
f 338 339 340
f 341 342 343
f 341 344 342
f 345 346 347
f 348 349 350
f 345 351 346
f 352 353 354
f 355 348 350
f 356 357 358
f 359 360 361
f 362 363 364
f 365 366 367
f 368 369 370
f 371 372 373
f 374 375 376
f 377 378 379
f 380 381 382
f 383 384 385
f 386 387 388
f 389 390 391
f 386 388 392
f 393 389 391
f 394 395 396
f 397 398 399
f 400 401 402
f 403 404 405
f 406 407 408
f 409 410 411
f 412 413 414
f 415 416 417
f 418 419 420
f 421 422 423
f 424 425 426
f 427 428 429
f 430 431 432
f 427 429 433
f 434 430 432
f 435 436 437
f 438 439 440
f 441 442 443
f 444 445 446
f 447 448 449
f 450 451 452
f 453 454 455
f 456 457 458
f 459 460 461
f 462 463 464
f 465 466 467
f 468 469 470
f 471 472 473
f 468 474 469
f 475 476 477
f 478 471 473
f 479 480 481
f 482 475 477
f 483 484 485
f 486 487 488
f 489 490 491
f 492 493 494
f 495 496 497
f 498 499 500
f 501 502 503
f 504 505 506
f 507 508 509
f 507 510 508
f 511 512 513
f 514 515 516
f 517 518 519
f 520 521 522
f 523 524 525
f 526 527 528
f 529 530 531
f 532 526 528
f 533 534 535
f 536 533 535
f 537 538 539
f 540 541 542
f 543 544 545
f 546 547 548
f 549 550 551
f 552 553 554
f 552 554 555
f 556 557 558
f 559 556 558
f 560 561 562
f 563 564 565
f 566 567 568
f 569 570 571
f 572 573 574
f 575 576 577
f 578 575 577
f 579 580 581
f 582 583 584
f 585 586 587
f 588 589 590
f 591 592 593
f 594 589 588
f 595 596 597
f 598 599 600
f 598 600 601
f 602 594 588
f 603 604 605
f 603 605 606
f 607 608 609
f 610 611 612
f 613 614 615
f 613 615 616
f 617 618 619
f 620 621 622
f 623 624 625
f 626 627 628
f 629 630 631
f 632 633 634
f 635 636 637
f 638 639 640
f 641 642 643
f 644 645 646
f 647 648 649
f 650 651 652
f 653 654 655
f 656 657 658
f 659 660 661
f 662 663 664
f 665 666 667
f 668 669 670
f 671 672 673
f 674 671 673
f 675 676 677
f 678 675 677
f 679 678 677
f 680 681 682
f 683 684 685
f 686 687 688
f 689 690 691
f 692 693 694
f 695 696 688
f 697 698 699
f 697 699 700
f 697 701 702
f 703 704 705
f 706 707 708
f 709 710 711
f 712 713 714
f 715 716 717
f 718 719 720
f 721 722 723
f 724 725 726
f 727 728 729
f 730 731 732
f 733 734 735
f 736 737 738
f 739 740 741
f 742 743 744
f 745 746 747
f 748 749 750
f 751 752 753
f 754 755 756
f 757 758 759
f 760 761 762
f 763 764 765
f 766 767 768
f 769 770 771
f 772 773 774
f 775 776 777
f 778 779 780
f 781 782 783
f 784 785 786
f 787 788 789
f 790 791 792
f 793 794 795
f 796 797 798
f 799 800 801
f 802 803 804
f 805 806 807
f 808 809 810
f 811 812 813
f 814 815 816
f 817 818 819
f 820 821 822
f 823 824 825
f 826 827 828
f 826 828 829
f 830 831 832
f 833 834 835
f 836 837 838
f 839 840 841
f 842 843 844
f 845 846 847
f 848 849 850
f 851 852 853
f 854 855 856
f 857 858 859
f 860 861 862
f 857 859 863
f 864 865 866
f 864 867 865
f 868 869 870
f 871 872 873
f 874 875 876
f 877 878 879
f 880 881 882
f 883 884 885
f 886 887 888
f 889 890 891
f 892 893 894
f 895 896 897
f 898 899 900
f 901 902 903
f 904 905 906
f 907 908 909
f 910 911 889
f 910 912 911
f 910 889 891
f 913 914 915
f 916 917 918
f 919 920 921
f 922 904 906
f 923 924 925
f 926 927 928
f 929 930 931
f 932 933 934
f 935 936 937
f 938 939 940
f 941 942 943
f 941 943 944
f 945 946 947
f 941 948 949
f 941 949 942
f 950 951 952
f 953 954 955
f 956 957 958
f 959 960 961
f 962 963 964
f 959 965 966
f 967 968 969
f 959 970 960
f 971 972 973
f 974 975 976
f 977 978 979
f 980 981 982
f 980 982 983
f 984 985 986
f 987 988 989
f 987 989 990
f 991 992 993
f 994 995 996
f 997 998 999
f 1000 1001 1002
f 1003 1004 1005
f 1006 1007 1008
f 1009 1010 1011
f 1006 1012 1007
f 1000 1013 1001
f 1014 1015 1016
f 1017 1018 1019
f 1020 1021 1022
f 1023 1003 1005
f 1024 1025 1026
f 1023 1027 1028
f 1023 1028 1003
f 1029 1030 1031
f 1032 1033 1034
f 1035 1036 1037
f 1038 1039 1040
f 1038 1041 1039
f 1042 1043 1044
f 1038 1045 1046
f 1038 1046 1041
f 1047 1048 1049
f 1050 1051 1052
f 1053 1054 1055
f 1056 1057 1058
f 1056 1058 1059
f 1056 1059 1060
f 1061 1062 1063
f 1056 1064 1057
f 1065 1066 1067
f 1068 1069 1070
f 1071 1072 1073
f 1074 1075 1076
f 1077 1078 1079
f 1080 1081 1082
f 1083 1084 1085
f 1077 1086 1078
f 1087 1065 1067
f 1088 1089 1090
f 1091 1092 1093
f 1094 1095 1096
f 1097 1098 1099
f 1097 1080 1098
f 1097 1081 1080
f 1100 1101 1102
f 1103 1104 1105
f 1106 1107 1108
f 1109 1110 1111
f 1112 1113 1114
f 1115 1116 1117
f 1118 1106 1108
f 1119 1120 1121
f 1122 1123 1124
f 1125 1101 1100
f 1126 1127 1128
f 1129 1130 1131
f 1132 1133 1134
f 1135 1136 1137
f 1135 1138 1139
f 1140 1141 1142
f 1143 1144 1145
f 1135 1137 1138
f 1146 1147 1148
f 1149 1150 1151
f 1152 1153 1154
f 1155 1141 1140
f 1156 1157 1158
f 1156 1159 1160
f 1161 1162 1163
f 1155 1140 1164
f 1155 1164 1165
f 1166 1167 1168
f 1169 1170 1171
f 1172 1173 1174
f 1175 1156 1160
f 1176 1177 1178
f 1179 1180 1181
f 1175 1157 1156
f 1182 1183 1184
f 1185 1186 1187
f 1188 1189 1190
f 1191 1192 1193
f 1191 1177 1176
f 1191 1176 1192
f 1194 1195 1196
f 1197 1198 1199
f 1200 1201 1202
f 1203 1204 1205
f 1206 1207 1208
f 1209 1210 1211
f 1212 1213 1214
f 1215 1216 1217
f 1218 1194 1196
f 1219 1198 1197
f 1220 1221 1222
f 1223 1224 1225
f 1226 1227 1228
f 1229 1230 1231
f 1232 1233 1234
f 1235 1236 1237
f 1229 1213 1212
f 1229 1212 1230
f 1238 1239 1240
f 1241 1242 1243
f 1244 1245 1246
f 1247 1248 1249
f 1247 1250 1248
f 1251 1252 1253
f 1254 1255 1256
f 1257 1258 1259
f 1260 1261 1262
f 1263 1264 1265
f 1266 1267 1268
f 1269 1270 1271
f 1269 1252 1251
f 1272 1273 1274
f 1269 1251 1270
f 1275 1276 1277
f 1278 1279 1280
f 1281 1282 1283
f 1284 1285 1286
f 1287 1288 1289
f 1290 1291 1292
f 1287 1293 1288
f 1294 1295 1296
f 1297 1298 1299
f 1300 1273 1272
f 1301 1302 1303
f 1304 1305 1306
f 1307 1308 1309
f 1310 1311 1312
f 1313 1314 1315
f 1316 1317 1318
f 1319 1290 1292
f 1320 1321 1322
f 1323 1324 1325
f 1326 1327 1328
f 1329 1330 1331
f 1329 1332 1330
f 1329 1333 1332
f 1334 1335 1336
f 1337 1338 1339
f 1340 1341 1342
f 1343 1344 1345
f 1346 1347 1348
f 1349 1350 1351
f 1352 1353 1354
f 1355 1356 1357
f 1358 1335 1334
f 1355 1357 1359
f 1360 1361 1362
f 1363 1364 1365
f 1366 1367 1368
f 1369 1349 1370
f 1369 1370 1371
f 1369 1350 1349
f 1372 1373 1374
f 1375 1376 1377
f 1378 1379 1380
f 1381 1382 1383
f 1384 1385 1386
f 1387 1388 1389
f 1390 1391 1392
f 1393 1394 1395
f 1396 1397 1398
f 1399 1400 1401
f 1393 1402 1394
f 1403 1404 1405
f 1406 1407 1408
f 1409 1410 1411
f 1412 1413 1414
f 1415 1416 1417
f 1418 1419 1399
f 1418 1399 1401
f 1420 1421 1422
f 1423 1424 1425
f 1426 1427 1428
f 1429 1430 1431
f 1432 1433 1434
f 1435 1436 1437
f 1429 1438 1430
f 1429 1439 1438
f 1440 1441 1442
f 1443 1444 1445
f 1446 1447 1448
f 1449 1450 1451
f 1449 1432 1450
f 1452 1453 1454
f 1455 1456 1457
f 1449 1433 1432
f 1458 1459 1460
f 1461 1462 1463
f 1464 1465 1466
f 1467 1468 1469
f 1470 1471 1472
f 1473 1452 1474
f 1475 1476 1477
f 1473 1474 1478
f 1479 1480 1481
f 1482 1483 1484
f 1485 1486 1487
f 1488 1489 1490
f 1491 1492 1493
f 1494 1495 1496
f 1494 1497 1495
f 1498 1499 1500
f 1501 1502 1503
f 1504 1505 1506
f 1507 1508 1509
f 1510 1511 1512
f 1513 1514 1515
f 1516 1517 1518
f 1519 1498 1500
f 1519 1520 1498
f 1521 1522 1523
f 1524 1525 1526
f 1527 1528 1529
f 1530 1531 1532
f 1533 1534 1535
f 1536 1537 1538
f 1539 1540 1541
f 1539 1542 1540
f 1543 1544 1545
f 1546 1547 1548
f 1549 1550 1551
f 1552 1553 1554
f 1555 1543 1545
f 1556 1557 1558
f 1559 1560 1561
f 1555 1562 1543
f 1563 1564 1565
f 1566 1567 1568
f 1569 1570 1571
f 1572 1573 1574
f 1575 1576 1577
f 1578 1557 1556
f 1578 1556 1579
f 1580 1581 1582
f 1578 1579 1583
f 1584 1585 1586
f 1587 1588 1589
f 1590 1591 1592
f 1593 1594 1595
f 1596 1597 1598
f 1599 1600 1580
f 1599 1580 1582
f 1601 1602 1603
f 1604 1605 1606
f 1607 1608 1609
f 1610 1611 1612
f 1613 1614 1615
f 1616 1617 1618
f 1619 1620 1621
f 1619 1622 1620
f 1623 1624 1625
f 1626 1627 1628
f 1629 1630 1631
f 1632 1633 1634
f 1635 1636 1637
f 1638 1639 1640
f 1641 1642 1643
f 1644 1645 1646
f 1632 1634 1647
f 1648 1649 1650
f 1651 1652 1653
f 1654 1655 1656
f 1657 1658 1659
f 1660 1661 1662
f 1663 1641 1643
f 1664 1665 1666
f 1667 1668 1669
f 1670 1671 1672
f 1673 1674 1675
f 1676 1677 1678
f 1679 1680 1681
f 1682 1683 1684
f 1685 1664 1666
f 1685 1686 1664
f 1687 1688 1689
f 1690 1691 1692
f 1693 1694 1695
f 1696 1697 1698
f 1699 1700 1701
f 1702 1703 1704
f 1702 1705 1703
f 1706 1707 1708
f 1709 1710 1711
f 1712 1713 1714
f 1712 1715 1713
f 1716 1717 1718
f 1716 1718 1719
f 1720 1721 1722
f 1720 1723 1721
f 1720 1722 1724
f 1725 1726 1727
f 1725 1727 1728
f 1729 1730 1731
f 1732 1733 1734
f 1732 1735 1733
f 1736 1737 1738
f 1736 1739 1737
f 1740 1741 1742
f 1740 1742 1743
f 1744 1745 1746
f 1744 1746 1747
f 1748 1749 1750
f 1748 1750 1751
f 1752 1753 1754
f 1752 1754 1755
f 1756 1757 1758
f 1756 1758 1759
f 1760 1761 1762
f 1760 1762 1763
f 1764 1765 1766
f 1764 1766 1767
f 1768 1769 1770
f 1768 1770 1771
f 1772 1773 1774
f 1772 1774 1775
f 1776 1777 1778
f 1776 1778 1779
f 1780 1781 1782
f 1780 1782 1783
f 1784 1785 1786
f 1784 1786 1787
f 1788 1789 1790
f 1788 1790 1791
f 1792 1793 1794
f 1792 1795 1793
f 1796 1797 1798
f 1796 1798 1799
f 1800 1801 1802
f 1800 1803 1801
f 1804 1805 1806
f 1807 1808 1809
f 1810 1811 1812
f 1810 1813 1811
f 1814 1815 1816
f 1817 1818 1819
f 1820 1821 1822
f 1820 1823 1821
f 1824 1825 1826
f 1824 1827 1825
f 1828 1829 1830
f 1828 1831 1829
f 1832 1833 1834
f 1832 1835 1833
f 1836 1837 1838
f 1836 1839 1837
f 1840 1841 1842
f 1840 1843 1841
f 1844 1845 1846
f 1847 1848 1849
f 1850 1851 1852
f 1853 1854 1855
f 1856 1857 1858
f 1859 1860 1861
f 1862 1863 1864
f 1862 1864 1865
f 1866 1867 1868
f 1866 1868 1869
f 1870 1871 1872
f 1870 1872 1873
f 1874 1875 1876
f 1874 1876 1877
f 1878 1879 1880
f 1878 1880 1881
f 1882 1883 1884
f 1882 1885 1883
f 1886 1887 1888
f 1886 1889 1887
f 1890 1891 1892
f 1890 1893 1891
f 1894 1895 1896
f 1897 1898 1899
f 1900 1901 1902
f 1903 1904 1905
f 1906 1907 1908
f 1909 1910 1911
f 1912 1913 1914
f 1912 1915 1913
f 1916 1917 1918
f 1916 1919 1917
f 1920 1921 1922
f 1923 1924 1925
f 1926 1927 1928
f 1929 1930 1931
f 1932 1933 1934
f 1935 1936 1937
f 1938 1939 1940
f 1938 1941 1939
f 1942 1943 1944
f 1945 1946 1947
f 1948 1949 1950
f 1948 1951 1949
f 1952 1953 1954
f 1955 1956 1957
f 1958 1959 1960
f 1961 1962 1963
f 1964 1965 1966
f 1967 1968 1969
f 1970 1971 1972
f 1970 1973 1971
f 1974 1975 1976
f 1977 1978 1979
f 1980 1981 1982
f 1980 1982 1983
f 1984 1985 1986
f 1987 1988 1989
f 1990 1991 1992
f 1990 1993 1991
f 1994 1995 1996
f 1997 1998 1999
f 2000 2001 2002
f 2003 2004 2005
f 2006 2007 2008
f 2009 2010 2011
f 2012 2013 2014
f 2015 2016 2017
f 2018 2019 2020
f 2018 2021 2019
f 2022 2023 2024
f 2022 2025 2023
f 2026 2027 2028
f 2026 2029 2027
f 2030 2031 2032
f 2030 2033 2031
f 2034 2035 2036
f 2034 2037 2035
f 2038 2039 2040
f 2038 2041 2039
f 2042 2043 2044
f 2042 2045 2043
f 2046 2047 2048
f 2049 2050 2051
f 2052 2053 2054
f 2055 2056 2057
f 2058 2059 2060
f 2061 2062 2063
f 2064 2065 2066
f 2067 2068 2069
f 2070 2062 2061
f 2067 2069 2071
f 2072 2064 2066
f 2073 2074 2075
f 2073 2075 2076
f 2077 2070 2061
f 2078 2079 2080
f 2081 2082 2083
f 2081 2084 2082
f 2085 2086 2087
f 2088 2089 2090
f 2091 2092 2093
f 2094 2095 2096
f 2097 2098 2099
f 2100 2101 2102
f 2103 2098 2097
f 2104 2089 2088
f 2105 2106 2107
f 2108 2109 2110
f 2111 2112 2113
f 2114 2115 2116
f 2117 2118 2119
f 2120 2121 2122
f 2123 2124 2125
f 2126 2127 2128
f 2129 2130 2131
f 2129 2131 2132
f 2133 2134 2135
f 2136 2137 2138
f 2139 2140 2141
f 2139 2141 2142
f 2143 2144 2145
f 2146 2147 2148
f 2146 2149 2147
f 2150 2151 2152
f 2150 2153 2151
f 2154 2155 2156
f 2154 2157 2155
f 2158 2159 2160
f 2158 2161 2159
f 2162 2163 2164
f 2162 2165 2163
f 2166 2167 2168
f 2166 2169 2167
f 2170 2171 2172
f 2170 2173 2171
f 2174 2175 2176
f 2174 2177 2175
f 2178 2179 2180
f 2178 2181 2179
f 2182 2183 2184
f 2182 2185 2183
f 2186 2187 2188
f 2186 2189 2187
f 2190 2191 2192
f 2193 2194 2195
f 2196 2197 2198
f 2196 2199 2197
f 2200 2201 2202
f 2200 2203 2201
f 2204 2205 2206
f 2204 2207 2205
f 2208 2209 2210
f 2208 2211 2209
f 2212 2213 2214
f 2212 2215 2213
f 2216 2217 2218
f 2216 2219 2217
f 2220 2221 2222
f 2220 2223 2221
f 2224 2225 2226
f 2224 2227 2225
f 2228 2229 2230
f 2228 2231 2229
f 2232 2233 2234
f 2235 2236 2237
f 2238 2239 2240
f 2238 2240 2241
f 2242 2243 2244
f 2242 2244 2245
f 2246 2247 2248
f 2246 2248 2249
f 2250 2251 2252
f 2253 2254 2255
f 2256 2257 2258
f 2259 2260 2261
f 2262 2263 2264
f 2265 2266 2267
f 2268 2269 2270
f 2271 2272 2273
f 2274 2275 2276
f 2277 2278 2279
f 2280 2281 2282
f 2283 2284 2281
f 2283 2281 2280
f 2285 2286 2287
f 2288 2289 2290
f 2291 2292 2293
f 2294 2292 2291
f 2295 2296 2297
f 2298 2296 2295
f 2299 2300 2301
f 2302 2303 2304
f 2305 2306 2307
f 2308 2309 2310
f 2311 2312 2313
f 2314 2315 2316
f 2317 2318 2319
f 2320 2321 2322
f 2323 2324 2325
f 2323 2326 2324
f 2327 2328 2329
f 2330 2331 2332
f 2333 2330 2332
f 2334 2335 2336
f 2337 2338 2339
f 2340 2341 2342
f 2343 2344 2345
f 2343 2345 2346
f 2347 2348 2349
f 2350 2351 2352
f 2350 2353 2351
f 2354 2355 2356
f 2357 2358 2337
f 2359 2360 2361
f 2357 2362 2358
f 2363 2364 2365
f 2363 2365 2366
f 2367 2368 2369
f 2367 2369 2370
f 2371 2372 2373
f 2374 2375 2376
f 2377 2378 2379
f 2377 2379 2380
f 2381 2382 2383
f 2381 2384 2382
f 2385 2386 2387
f 2385 2387 2388
f 2389 2390 2391
f 2389 2392 2390
f 2393 2394 2395
f 2393 2396 2394
f 2397 2398 2399
f 2400 2397 2399
f 2400 2399 2401
f 2400 2401 2402
f 2400 2402 2403
f 2400 2403 2404
f 2405 2406 2407
f 2408 2397 2400
f 2408 2405 2407
f 2408 2407 2397
f 2408 2400 2409
f 2410 2409 2411
f 2410 2411 2412
f 2410 2412 2413
f 2414 2415 2408
f 2416 2414 2408
f 2417 2410 2418
f 2419 2420 2416
f 2419 2416 2408
f 2419 2408 2409
f 2421 2409 2410
f 2421 2410 2417
f 2421 2417 2422
f 2423 2421 2424
f 2425 2426 2427
f 2425 2427 2419
f 2428 2423 2429
f 2430 2431 2425
f 2432 2428 2433
f 2432 2433 2434
f 2435 2436 2437
f 2435 2437 2430
f 2435 2430 2425
f 2438 2423 2428
f 2438 2428 2432
f 2439 2440 2435
f 2441 2438 2442
f 2441 2423 2438
f 2443 2439 2435
f 2444 2419 2409
f 2444 2409 2421
f 2444 2421 2423
f 2444 2425 2419
f 2444 2435 2425
f 2444 2443 2435
f 2445 2441 2446
f 2445 2446 2447
f 2445 2423 2441
f 2448 2423 2445
f 2449 2450 2451
f 2452 2451 2444
f 2452 2449 2451
f 2452 2444 2423
f 2453 2448 2454
f 2453 2423 2448
f 2455 2456 2452
f 2457 2423 2453
f 2457 2453 2458
f 2457 2458 2459
f 2457 2459 2460
f 2457 2460 2461
f 2457 2461 2462
f 2463 2423 2457
f 2463 2457 2464
f 2463 2464 2465
f 2463 2465 2466
f 2467 2468 2469
f 2467 2469 2455
f 2467 2455 2452
f 2467 2452 2423
f 2467 2423 2463
f 2467 2463 2470
f 2471 2467 2472
f 2471 2472 2473
f 2471 2473 2474
f 2475 2468 2467
f 2475 2467 2471
f 2475 2471 2476
f 2475 2476 2477
f 2478 2468 2475
f 2479 2478 2480
f 2481 2482 2483
f 2484 2482 2481
f 2484 2479 2482
f 2485 2478 2479
f 2485 2479 2484
f 2485 2484 2486
f 2487 2485 2488
f 2489 2485 2487
f 2490 2468 2478
f 2490 2478 2485
f 2490 2485 2489
f 2490 2489 2491
f 2492 2468 2490
f 2492 2493 2468
f 2494 2495 2496
f 2497 2498 2499
f 2500 2501 2502
f 2503 2504 2505
f 2506 2507 2508
f 2509 2510 2511
f 2512 2513 2514
f 2515 2516 2517
f 2518 2519 2520
f 2521 2522 2523
f 2524 2525 2526
f 2527 2528 2529
f 2530 2531 2532
f 2533 2534 2535
f 2536 2537 2538
f 2539 2540 2541
f 2542 2543 2544
f 2545 2546 2547
f 2548 2549 2550
f 2551 2552 2553
f 2554 2555 2556
f 2557 2558 2559
f 2560 2561 2562
f 2563 2564 2565
f 2566 2567 2568
f 2569 2570 2571
f 2572 2573 2574
f 2575 2576 2577
f 2575 2577 2578
f 2579 2580 2581
f 2582 2583 2584
f 2585 2586 2587
f 2588 2589 2590
f 2591 2592 2593
f 2594 2595 2596
f 2597 2595 2594
f 2598 2591 2593
f 2599 2600 2601
f 2602 2603 2604
f 2605 2606 2607
f 2608 2609 2610
f 2611 2612 2613
f 2614 2615 2616
f 2617 2618 2619
f 2620 2621 2622
f 2623 2621 2620
f 2624 2625 2626
f 2627 2628 2629
f 2630 2631 2632
f 2633 2624 2626
f 2634 2635 2636
f 2637 2638 2639
f 2640 2641 2642
f 2643 2644 2645
f 2646 2647 2648
f 2649 2650 2651
f 2652 2653 2654
f 2655 2656 2657
f 2658 2659 2660
f 2661 2662 2663
f 2664 2665 2666
f 2667 2668 2669
f 2670 2671 2672
f 2673 2674 2675
f 2676 2677 2678
f 2679 2680 2681
f 2682 2683 2684
f 2685 2494 2496
f 2686 2687 2688
f 2689 2690 2691
f 2692 2693 2694
f 2695 2696 2697
f 2698 2699 2700
f 2701 2702 2703
f 2704 2705 2706
f 2707 2708 2709
f 2710 2711 2712
f 2713 2714 2715
f 2716 2717 2718
f 2719 2699 2698
f 2720 2721 2722
f 2716 2723 2717
f 2724 2725 2726
f 2727 2728 2729
f 2730 2731 2732
f 2733 2734 2735
f 2736 2737 2738
f 2739 2740 2741
f 2742 2743 2744
f 2745 2746 2747
f 2748 2749 2750
f 2751 2752 2753
f 2754 2755 2756
f 2757 2758 2759
f 2760 2761 2762
f 2763 2764 2765
f 2766 2767 2768
f 2769 2770 2771
f 2772 2748 2750
f 2773 2774 2775
f 2776 2777 2778
f 2779 2780 2781
f 2782 2783 2784
f 2785 2786 2787
f 2788 2789 2790
f 2791 2792 2793
f 2794 2795 2796
f 2797 2798 2799
f 2800 2801 2802
f 2803 2804 2805
f 2806 2807 2808
f 2809 2810 2811
f 2812 2813 2814
f 2812 2814 2815
f 2816 2817 2818
f 2819 2820 2821
f 2822 2823 2824
f 2825 2826 2827
f 2828 2829 2830
f 2831 2825 2827
f 2832 2829 2828
f 2833 2834 2835
f 2836 2837 2838
f 2839 2840 2841
f 2842 2843 2844
f 2845 2846 2847
f 2848 2849 2850
f 2851 2852 2853
f 2854 2855 2856
f 2857 2858 2859
f 2860 2795 2794
f 2861 2862 2863
f 2864 2865 2866
f 2867 2868 2869
f 2870 2871 2872
f 2873 2874 2875
f 2876 2877 2878
f 2879 2880 2881
f 2882 2870 2872
f 2883 2884 2885
f 2886 2877 2876
f 2887 2888 2889
f 2890 2891 2892
f 2893 2894 2895
f 2896 2897 2898
f 2899 2900 2901
f 2902 2903 2904
f 2905 2906 2907
f 2908 2909 2910
f 2911 2912 2913
f 2914 2915 2916
f 2917 2918 2919
f 2920 2921 2922
f 2923 2924 2925
f 2926 2927 2928
f 2929 2930 2931
f 2932 2933 2934
f 2935 2936 2937
f 2938 2939 2940
f 2941 2942 2943
f 2944 2945 2946
f 2947 2948 2949
f 2950 2951 2952
f 2953 2954 2955
f 2956 2957 2958
f 2959 2960 2961
f 2962 2963 2964
f 2965 2966 2967
f 2968 2969 2970
f 2971 2972 2973
f 2974 2975 2976
f 2977 2978 2979
f 2980 2981 2982
f 2983 2984 2985
f 2986 2987 2988
f 2989 2990 2991
f 2992 2993 2994
f 2995 2996 2997
f 2983 2998 2984
f 2999 2975 2974
f 3000 2505 2504
f 3001 3002 3003
f 3004 3005 3006
f 3007 3008 3009
f 3010 3011 3012
f 3013 3014 3015
f 3016 3017 3018
f 3019 3020 3021
f 3022 3023 3024
f 3025 3026 3027
f 3028 3029 3030
f 3031 3032 3033
f 3034 3035 3036
f 3037 3038 3039
f 3040 3041 3042
f 3043 3044 3045
f 3046 3047 3048
f 3049 3050 3051
f 3052 3038 3037
f 3053 3054 3055
f 3056 3057 3058
f 3059 3060 3061
f 3062 3063 3064
f 3065 3066 3067
f 3068 3069 3070
f 3071 3072 3073
f 3074 3075 3076
f 3077 3078 3079
f 3080 3081 3082
f 3083 3084 3085
f 3086 3087 3088
f 3089 3090 3091
f 3092 3093 3094
f 3095 3096 3097
f 3098 3099 3100
f 3101 3102 3103
f 3104 3105 3106
f 3107 3083 3085
f 3108 3109 3110
f 3111 3112 3113
f 3114 3115 3116
f 3117 3118 3119
f 3120 3121 3122

