<?xml version="1.0" encoding="UTF-8"?>
<COLLADA xmlns="http://www.collada.org/2005/11/COLLADASchema" version="1.4.1">
<!--
# File generated by ImageToStl.com - Free Image and 3D model conversion tools
-->
  <asset>
    <contributor>
      <author>ImageToStl.com</author>
      <authoring_tool>ImageToStl.com</authoring_tool>
    </contributor>
    <created>2026-05-12T02:55:22</created>
    <modified>2026-05-12T02:55:22</modified>
    <up_axis>Z_UP</up_axis>
  </asset>
  <library_effects>
    <effect id="effect_0">
        <profile_COMMON>
          <technique sid="common">
            <phong>
              <diffuse>
                <color>0.85 0.85 0.85 1</color>
              </diffuse>
              <specular>
                <color>0.05 0.05 0.05 1</color>
              </specular>
              <shininess>
                <float>64</float>
              </shininess>
            </phong>
          </technique>
        </profile_COMMON>
    </effect>
  </library_effects>
  <library_materials>
    <material id="mat_0">
      <instance_effect url="#effect_0"/>
    </material>
  </library_materials>
  <library_geometries>
    <geometry id="geometry_4e0c7228_a301_4d69_9908_772b9be1bb37">
      <mesh>
        <source id="pos_0">
          <float_array id="pos_0-array" count="6288">250.3999939 112.80000305 1210.10412598 250.3999939 92.79999542 1210.10412598 250.3999939 112.80000305 210.1040802 250.3999939 92.79999542 210.1040802 230.3999939 112.80000305 1210.10412598 230.3999939 112.80000305 210.1040802 230.3999939 92.79999542 1210.10412598 230.3999939 92.79999542 210.1040802 30.00000191 112.80000305 1190.10412598 30.00000191 192.80000305 1190.10412598 30.00000191 112.80000305 1210.10412598 30.00000191 192.80000305 1210.10412598 9.99999809 112.80000305 1190.10412598 9.99999809 112.80000305 1210.10412598 9.99999809 192.80000305 1190.10412598 9.99999809 192.80000305 1210.10412598 230.3999939 92.79999542 1190.10412598 230.3999939 112.80000305 1190.10412598 30.00000191 92.79999542 1190.10412598 30.00000191 92.79999542 1210.10412598 9.99999809 212.80000305 1210.10412598 9.99999809 192.80000305 210.1040802 9.99999809 212.80000305 210.1040802 30.00000191 192.80000305 210.1040802 30.00000191 212.80000305 1210.10412598 30.00000191 212.80000305 210.1040802 9.99999809 92.79999542 1210.10412598 9.99999809 92.79999542 210.1040802 9.99999809 112.80000305 210.1040802 30.00000191 92.79999542 210.1040802 30.00000191 112.80000305 210.1040802 250.3999939 212.80000305 1210.10412598 250.3999939 192.80000305 1210.10412598 250.3999939 212.80000305 210.1040802 250.3999939 192.80000305 210.1040802 230.3999939 212.80000305 1210.10412598 230.3999939 212.80000305 210.1040802 230.3999939 192.80000305 1210.10412598 230.3999939 192.80000305 210.1040802 230.3999939 92.79999542 840.10412598 230.3999939 112.80000305 840.10412598 230.3999939 92.79999542 860.10406494 230.3999939 112.80000305 860.10406494 30.00000191 92.79999542 840.10412598 30.00000191 92.79999542 860.10406494 30.00000191 112.80000305 840.10412598 30.00000191 112.80000305 860.10406494 230.3999939 92.79999542 490.10406494 230.3999939 112.80000305 490.10406494 230.3999939 92.79999542 510.10406494 230.3999939 112.80000305 510.10406494 30.00000191 92.79999542 490.10406494 30.00000191 92.79999542 510.10406494 30.00000191 112.80000305 490.10406494 30.00000191 112.80000305 510.10406494 250.3999939 192.80000305 840.10412598 230.3999939 192.80000305 840.10412598 250.3999939 192.80000305 860.10406494 230.3999939 192.80000305 860.10406494 250.3999939 112.80000305 840.10412598 250.3999939 112.80000305 860.10406494 250.3999939 192.80000305 490.10406494 230.3999939 192.80000305 490.10406494 250.3999939 192.80000305 510.10406494 230.3999939 192.80000305 510.10406494 250.3999939 112.80000305 490.10406494 250.3999939 112.80000305 510.10406494 250.3999939 192.80000305 1190.10412598 230.3999939 192.80000305 1190.10412598 250.3999939 112.80000305 1190.10412598 230.3999939 212.80000305 1190.10412598 30.00000191 212.80000305 1190.10412598 230.3999939 212.80000305 840.10412598 230.3999939 212.80000305 860.10406494 30.00000191 192.80000305 840.10412598 30.00000191 192.80000305 860.10406494 30.00000191 212.80000305 840.10412598 30.00000191 212.80000305 860.10406494 230.3999939 212.80000305 490.10406494 230.3999939 212.80000305 510.10406494 30.00000191 192.80000305 490.10406494 30.00000191 192.80000305 510.10406494 30.00000191 212.80000305 490.10406494 30.00000191 212.80000305 510.10406494 9.99999809 112.80000305 840.10412598 9.99999809 112.80000305 860.10406494 9.99999809 192.80000305 840.10412598 9.99999809 192.80000305 860.10406494 9.99999809 112.80000305 490.10406494 9.99999809 112.80000305 510.10406494 9.99999809 192.80000305 490.10406494 9.99999809 192.80000305 510.10406494 230.3999939 212.80000305 230.1040802 230.3999939 192.80000305 230.1040802 30.00000191 212.80000305 230.1040802 30.00000191 192.80000305 230.1040802 230.3999939 112.80000305 230.1040802 230.3999939 92.79999542 230.1040802 30.00000191 112.80000305 230.1040802 30.00000191 92.79999542 230.1040802 105.19999695 112.80000305 217.45407104 105.19999695 115.80000305 217.45407104 103.875 112.80000305 217.80911255 103.875 115.80000305 217.80911255 102.9050293 112.80000305 218.77906799 102.9050293 115.80000305 218.77906799 102.54999542 112.80000305 220.1040802 102.54999542 115.80000305 220.1040802 102.9050293 112.80000305 221.42907715 102.9050293 115.80000305 221.42907715 103.875 112.80000305 222.39904785 103.875 115.80000305 222.39904785 105.19999695 112.80000305 222.7540741 105.19999695 115.80000305 222.7540741 19.99999619 112.80000305 217.45407104 19.99999619 115.80000305 217.45407104 18.67499924 112.80000305 217.80911255 18.67499924 115.80000305 217.80911255 17.70503044 112.80000305 218.77906799 17.70503044 115.80000305 218.77906799 17.34999657 112.80000305 220.1040802 17.34999657 115.80000305 220.1040802 17.70503044 112.80000305 221.42907715 17.70503044 115.80000305 221.42907715 18.67499924 112.80000305 222.39904785 18.67499924 115.80000305 222.39904785 19.99999619 112.80000305 222.7540741 19.99999619 115.80000305 222.7540741 155.19999695 112.80000305 217.45407104 155.19999695 115.80000305 217.45407104 153.875 112.80000305 217.80911255 153.875 115.80000305 217.80911255 152.9050293 112.80000305 218.77906799 152.9050293 115.80000305 218.77906799 152.55000305 112.80000305 220.1040802 152.55000305 115.80000305 220.1040802 152.9050293 112.80000305 221.42907715 152.9050293 115.80000305 221.42907715 153.875 112.80000305 222.39904785 153.875 115.80000305 222.39904785 155.19999695 112.80000305 222.7540741 155.19999695 115.80000305 222.7540741 205.19999695 112.80000305 217.45407104 205.19999695 115.80000305 217.45407104 203.875 112.80000305 217.80911255 203.875 115.80000305 217.80911255 202.9050293 112.80000305 218.77906799 202.9050293 115.80000305 218.77906799 202.55000305 112.80000305 220.1040802 202.55000305 115.80000305 220.1040802 202.9050293 112.80000305 221.42907715 202.9050293 115.80000305 221.42907715 203.875 112.80000305 222.39904785 203.875 115.80000305 222.39904785 205.19999695 112.80000305 222.7540741 205.19999695 115.80000305 222.7540741 55.19999695 112.80000305 217.45407104 55.19999695 115.80000305 217.45407104 53.875 112.80000305 217.80911255 53.875 115.80000305 217.80911255 52.9050293 112.80000305 218.77906799 52.9050293 115.80000305 218.77906799 52.54999542 112.80000305 220.1040802 52.54999542 115.80000305 220.1040802 52.9050293 112.80000305 221.42907715 52.9050293 115.80000305 221.42907715 53.875 112.80000305 222.39904785 53.875 115.80000305 222.39904785 55.19999695 112.80000305 222.7540741 55.19999695 115.80000305 222.7540741 240.3999939 112.80000305 217.45407104 240.3999939 115.80000305 217.45407104 239.07499695 112.80000305 217.80911255 239.07499695 115.80000305 217.80911255 238.10502625 112.80000305 218.77906799 238.10502625 115.80000305 218.77906799 237.75 112.80000305 220.1040802 237.75 115.80000305 220.1040802 238.10502625 112.80000305 221.42907715 238.10502625 115.80000305 221.42907715 239.07499695 112.80000305 222.39904785 239.07499695 115.80000305 222.39904785 240.3999939 112.80000305 222.7540741 240.3999939 115.80000305 222.7540741 127.54999542 182.79998779 210.1040802 127.54999542 182.79998779 213.1040802 127.9050293 181.4750061 210.1040802 127.9050293 181.4750061 213.1040802 128.875 180.5050354 210.1040802 128.875 180.5050354 213.1040802 130.19999695 180.15000916 210.1040802 130.19999695 180.15000916 213.1040802 131.5249939 180.5050354 210.1040802 131.5249939 180.5050354 213.1040802 132.4949646 181.4750061 210.1040802 132.4949646 181.4750061 213.1040802 132.8500061 182.79998779 210.1040802 132.8500061 182.79998779 213.1040802 227.75 182.79998779 210.1040802 227.75 182.79998779 213.1040802 228.10502625 181.4750061 210.1040802 228.10502625 181.4750061 213.1040802 229.07499695 180.5050354 210.1040802 229.07499695 180.5050354 213.1040802 230.3999939 180.15000916 210.1040802 230.3999939 180.15000916 213.1040802 231.7250061 180.5050354 210.1040802 231.7250061 180.5050354 213.1040802 232.69496155 181.4750061 210.1040802 232.69496155 181.4750061 213.1040802 233.05000305 182.79998779 210.1040802 233.05000305 182.79998779 213.1040802 227.75 142.80000305 210.1040802 227.75 142.80000305 213.1040802 228.10502625 141.4750061 210.1040802 228.10502625 141.4750061 213.1040802 229.07499695 140.5050354 210.1040802 229.07499695 140.5050354 213.1040802 230.3999939 140.1499939 210.1040802 230.3999939 140.1499939 213.1040802 231.7250061 140.5050354 210.1040802 231.7250061 140.5050354 213.1040802 232.69496155 141.4750061 210.1040802 232.69496155 141.4750061 213.1040802 233.05000305 142.80000305 210.1040802 233.05000305 142.80000305 213.1040802 27.35000038 142.80000305 210.1040802 27.35000038 142.80000305 213.1040802 27.70502853 141.4750061 210.1040802 27.70502853 141.4750061 213.1040802 28.67499733 140.5050354 210.1040802 28.67499733 140.5050354 213.1040802 30.00000191 140.1499939 210.1040802 30.00000191 140.1499939 213.1040802 31.32499695 140.5050354 210.1040802 31.32499695 140.5050354 213.1040802 32.29496765 141.4750061 210.1040802 32.29496765 141.4750061 213.1040802 32.65000153 142.80000305 210.1040802 32.65000153 142.80000305 213.1040802 27.35000038 182.79998779 210.1040802 27.35000038 182.79998779 213.1040802 27.70502853 181.4750061 210.1040802 27.70502853 181.4750061 213.1040802 28.67499733 180.5050354 210.1040802 28.67499733 180.5050354 213.1040802 30.00000191 180.15000916 210.1040802 30.00000191 180.15000916 213.1040802 31.32499695 180.5050354 210.1040802 31.32499695 180.5050354 213.1040802 32.29496765 181.4750061 210.1040802 32.29496765 181.4750061 213.1040802 32.65000153 182.79998779 210.1040802 32.65000153 182.79998779 213.1040802 105.19999695 192.80000305 222.7540741 105.19999695 189.79998779 222.7540741 103.875 192.80000305 222.39904785 103.875 189.79998779 222.39904785 102.9050293 192.80000305 221.42907715 102.9050293 189.79998779 221.42907715 102.54999542 192.80000305 220.1040802 102.54999542 189.79998779 220.1040802 102.9050293 192.80000305 218.77906799 102.9050293 189.79998779 218.77906799 103.875 192.80000305 217.80911255 103.875 189.79998779 217.80911255 105.19999695 192.80000305 217.45407104 105.19999695 189.79998779 217.45407104 19.99999619 192.80000305 222.7540741 19.99999619 189.79998779 222.7540741 18.67499924 192.80000305 222.39904785 18.67499924 189.79998779 222.39904785 17.70503044 192.80000305 221.42907715 17.70503044 189.79998779 221.42907715 17.34999657 192.80000305 220.1040802 17.34999657 189.79998779 220.1040802 17.70503044 192.80000305 218.77906799 17.70503044 189.79998779 218.77906799 18.67499924 192.80000305 217.80911255 18.67499924 189.79998779 217.80911255 19.99999619 192.80000305 217.45407104 19.99999619 189.79998779 217.45407104 155.19999695 192.80000305 222.7540741 155.19999695 189.79998779 222.7540741 153.875 192.80000305 222.39904785 153.875 189.79998779 222.39904785 152.9050293 192.80000305 221.42907715 152.9050293 189.79998779 221.42907715 152.55000305 192.80000305 220.1040802 152.55000305 189.79998779 220.1040802 152.9050293 192.80000305 218.77906799 152.9050293 189.79998779 218.77906799 153.875 192.80000305 217.80911255 153.875 189.79998779 217.80911255 155.19999695 192.80000305 217.45407104 155.19999695 189.79998779 217.45407104 205.19999695 192.80000305 222.7540741 205.19999695 189.79998779 222.7540741 203.875 192.80000305 222.39904785 203.875 189.79998779 222.39904785 202.9050293 192.80000305 221.42907715 202.9050293 189.79998779 221.42907715 202.55000305 192.80000305 220.1040802 202.55000305 189.79998779 220.1040802 202.9050293 192.80000305 218.77906799 202.9050293 189.79998779 218.77906799 203.875 192.80000305 217.80911255 203.875 189.79998779 217.80911255 205.19999695 192.80000305 217.45407104 205.19999695 189.79998779 217.45407104 55.19999695 192.80000305 222.7540741 55.19999695 189.79998779 222.7540741 53.875 192.80000305 222.39904785 53.875 189.79998779 222.39904785 52.9050293 192.80000305 221.42907715 52.9050293 189.79998779 221.42907715 52.54999542 192.80000305 220.1040802 52.54999542 189.79998779 220.1040802 52.9050293 192.80000305 218.77906799 52.9050293 189.79998779 218.77906799 53.875 192.80000305 217.80911255 53.875 189.79998779 217.80911255 55.19999695 192.80000305 217.45407104 55.19999695 189.79998779 217.45407104 240.3999939 192.80000305 222.7540741 240.3999939 189.79998779 222.7540741 239.07499695 192.80000305 222.39904785 239.07499695 189.79998779 222.39904785 238.10502625 192.80000305 221.42907715 238.10502625 189.79998779 221.42907715 237.75 192.80000305 220.1040802 237.75 189.79998779 220.1040802 238.10502625 192.80000305 218.77906799 238.10502625 189.79998779 218.77906799 239.07499695 192.80000305 217.80911255 239.07499695 189.79998779 217.80911255 240.3999939 192.80000305 217.45407104 240.3999939 189.79998779 217.45407104 250.3999939 188.80000305 213.1040802 250.3999939 188.80000305 210.1040802 250.3999939 189.30000305 213.23806763 250.3999939 190.80000305 210.63998413 250.3999939 189.66603088 213.6040802 250.3999939 192.26409912 212.1040802 250.3999939 189.79998779 214.1040802 250.3999939 192.80000305 214.1040802 250.3999939 192.80000305 230.1040802 250.3999939 189.79998779 230.1040802 250.3999939 192.80000305 226.42907715 250.3999939 189.79998779 226.42907715 9.99999809 192.80000305 230.1040802 9.99999809 189.79998779 230.1040802 13.67499638 192.80000305 230.1040802 13.67499638 189.79998779 230.1040802 37.59999466 192.80000305 230.1040802 37.59999466 189.79998779 230.1040802 80.19999695 192.80000305 230.1040802 80.19999695 189.79998779 230.1040802 130.19999695 192.80000305 230.1040802 130.19999695 189.79998779 230.1040802 180.19999695 192.80000305 230.1040802 180.19999695 189.79998779 230.1040802 222.80000305 192.80000305 230.1040802 222.80000305 189.79998779 230.1040802 9.99999809 192.80000305 214.1040802 9.99999809 189.79998779 214.1040802 9.99999809 192.80000305 226.42907715 9.99999809 189.79998779 226.42907715 9.99999809 189.66603088 213.6040802 9.99999809 192.26409912 212.1040802 9.99999809 189.30000305 213.23806763 9.99999809 190.80000305 210.63998413 9.99999809 188.80000305 213.1040802 9.99999809 188.80000305 210.1040802 9.99999809 116.80000305 210.1040802 9.99999809 116.80000305 213.1040802 9.99999809 162.80000305 210.1040802 9.99999809 162.80000305 213.1040802 9.99999809 116.30000305 213.23806763 9.99999809 114.79999542 210.63998413 9.99999809 115.93397522 213.6040802 9.99999809 113.33589935 212.1040802 9.99999809 115.80000305 214.1040802 9.99999809 112.80000305 214.1040802 9.99999809 112.80000305 230.1040802 9.99999809 115.80000305 230.1040802 9.99999809 112.80000305 226.42907715 9.99999809 115.80000305 226.42907715 250.3999939 112.80000305 230.1040802 250.3999939 115.80000305 230.1040802 222.80000305 112.80000305 230.1040802 222.80000305 115.80000305 230.1040802 180.19999695 112.80000305 230.1040802 180.19999695 115.80000305 230.1040802 130.19999695 112.80000305 230.1040802 130.19999695 115.80000305 230.1040802 80.19999695 112.80000305 230.1040802 80.19999695 115.80000305 230.1040802 37.59999466 112.80000305 230.1040802 37.59999466 115.80000305 230.1040802 13.67499638 112.80000305 230.1040802 13.67499638 115.80000305 230.1040802 250.3999939 112.80000305 214.1040802 250.3999939 115.80000305 214.1040802 250.3999939 112.80000305 226.42907715 250.3999939 115.80000305 226.42907715 250.3999939 115.93397522 213.6040802 250.3999939 113.33589935 212.1040802 250.3999939 116.30000305 213.23806763 250.3999939 114.79999542 210.63998413 250.3999939 116.80000305 213.1040802 250.3999939 116.80000305 210.1040802 241.72499084 192.80000305 217.80911255 241.72499084 189.79998779 217.80911255 242.69496155 192.80000305 218.77906799 242.69496155 189.79998779 218.77906799 243.05000305 192.80000305 220.1040802 243.05000305 189.79998779 220.1040802 242.69496155 192.80000305 221.42907715 242.69496155 189.79998779 221.42907715 241.72499084 192.80000305 222.39904785 241.72499084 189.79998779 222.39904785 56.52499771 192.80000305 217.80911255 56.52499771 189.79998779 217.80911255 57.49496841 192.80000305 218.77906799 57.49496841 189.79998779 218.77906799 57.84999466 192.80000305 220.1040802 57.84999466 189.79998779 220.1040802 57.49496841 192.80000305 221.42907715 57.49496841 189.79998779 221.42907715 56.52499771 192.80000305 222.39904785 56.52499771 189.79998779 222.39904785 206.5249939 192.80000305 217.80911255 206.5249939 189.79998779 217.80911255 207.4949646 192.80000305 218.77906799 207.4949646 189.79998779 218.77906799 207.8500061 192.80000305 220.1040802 207.8500061 189.79998779 220.1040802 207.4949646 192.80000305 221.42907715 207.4949646 189.79998779 221.42907715 206.5249939 192.80000305 222.39904785 206.5249939 189.79998779 222.39904785 156.5249939 192.80000305 217.80911255 156.5249939 189.79998779 217.80911255 157.4949646 192.80000305 218.77906799 157.4949646 189.79998779 218.77906799 157.8500061 192.80000305 220.1040802 157.8500061 189.79998779 220.1040802 157.4949646 192.80000305 221.42907715 157.4949646 189.79998779 221.42907715 156.5249939 192.80000305 222.39904785 156.5249939 189.79998779 222.39904785 21.32499886 192.80000305 217.80911255 21.32499886 189.79998779 217.80911255 22.29496765 192.80000305 218.77906799 22.29496765 189.79998779 218.77906799 22.6499958 192.80000305 220.1040802 22.6499958 189.79998779 220.1040802 22.29496765 192.80000305 221.42907715 22.29496765 189.79998779 221.42907715 21.32499886 192.80000305 222.39904785 21.32499886 189.79998779 222.39904785 106.52500153 192.80000305 217.80911255 106.52500153 189.79998779 217.80911255 107.4949646 192.80000305 218.77906799 107.4949646 189.79998779 218.77906799 107.84999847 192.80000305 220.1040802 107.84999847 189.79998779 220.1040802 107.4949646 192.80000305 221.42907715 107.4949646 189.79998779 221.42907715 106.52500153 192.80000305 222.39904785 106.52500153 189.79998779 222.39904785 32.29496765 184.125 210.1040802 32.29496765 184.125 213.1040802 31.32499695 185.0949707 210.1040802 31.32499695 185.0949707 213.1040802 30.00000191 185.44999695 210.1040802 30.00000191 185.44999695 213.1040802 28.67499733 185.0949707 210.1040802 28.67499733 185.0949707 213.1040802 27.70502853 184.125 210.1040802 27.70502853 184.125 213.1040802 32.29496765 144.125 210.1040802 32.29496765 144.125 213.1040802 31.32499695 145.09495544 210.1040802 31.32499695 145.09495544 213.1040802 30.00000191 145.44999695 210.1040802 30.00000191 145.44999695 213.1040802 28.67499733 145.09495544 210.1040802 28.67499733 145.09495544 213.1040802 27.70502853 144.125 210.1040802 27.70502853 144.125 213.1040802 232.69496155 144.125 210.1040802 232.69496155 144.125 213.1040802 231.7250061 145.09495544 210.1040802 231.7250061 145.09495544 213.1040802 230.3999939 145.44999695 210.1040802 230.3999939 145.44999695 213.1040802 229.07499695 145.09495544 210.1040802 229.07499695 145.09495544 213.1040802 228.10502625 144.125 210.1040802 228.10502625 144.125 213.1040802 232.69496155 184.125 210.1040802 232.69496155 184.125 213.1040802 231.7250061 185.0949707 210.1040802 231.7250061 185.0949707 213.1040802 230.3999939 185.44999695 210.1040802 230.3999939 185.44999695 213.1040802 229.07499695 185.0949707 210.1040802 229.07499695 185.0949707 213.1040802 228.10502625 184.125 210.1040802 228.10502625 184.125 213.1040802 132.4949646 184.125 210.1040802 132.4949646 184.125 213.1040802 131.5249939 185.0949707 210.1040802 131.5249939 185.0949707 213.1040802 130.19999695 185.44999695 210.1040802 130.19999695 185.44999695 213.1040802 128.875 185.0949707 210.1040802 128.875 185.0949707 213.1040802 127.9050293 184.125 210.1040802 127.9050293 184.125 213.1040802 241.72499084 112.80000305 222.39904785 241.72499084 115.80000305 222.39904785 242.69496155 112.80000305 221.42907715 242.69496155 115.80000305 221.42907715 243.05000305 112.80000305 220.1040802 243.05000305 115.80000305 220.1040802 242.69496155 112.80000305 218.77906799 242.69496155 115.80000305 218.77906799 241.72499084 112.80000305 217.80911255 241.72499084 115.80000305 217.80911255 56.52499771 112.80000305 222.39904785 56.52499771 115.80000305 222.39904785 57.49496841 112.80000305 221.42907715 57.49496841 115.80000305 221.42907715 57.84999466 112.80000305 220.1040802 57.84999466 115.80000305 220.1040802 57.49496841 112.80000305 218.77906799 57.49496841 115.80000305 218.77906799 56.52499771 112.80000305 217.80911255 56.52499771 115.80000305 217.80911255 206.5249939 112.80000305 222.39904785 206.5249939 115.80000305 222.39904785 207.4949646 112.80000305 221.42907715 207.4949646 115.80000305 221.42907715 207.8500061 112.80000305 220.1040802 207.8500061 115.80000305 220.1040802 207.4949646 112.80000305 218.77906799 207.4949646 115.80000305 218.77906799 206.5249939 112.80000305 217.80911255 206.5249939 115.80000305 217.80911255 156.5249939 112.80000305 222.39904785 156.5249939 115.80000305 222.39904785 157.4949646 112.80000305 221.42907715 157.4949646 115.80000305 221.42907715 157.8500061 112.80000305 220.1040802 157.8500061 115.80000305 220.1040802 157.4949646 112.80000305 218.77906799 157.4949646 115.80000305 218.77906799 156.5249939 112.80000305 217.80911255 156.5249939 115.80000305 217.80911255 21.32499886 112.80000305 222.39904785 21.32499886 115.80000305 222.39904785 22.29496765 112.80000305 221.42907715 22.29496765 115.80000305 221.42907715 22.6499958 112.80000305 220.1040802 22.6499958 115.80000305 220.1040802 22.29496765 112.80000305 218.77906799 22.29496765 115.80000305 218.77906799 21.32499886 112.80000305 217.80911255 21.32499886 115.80000305 217.80911255 106.52500153 112.80000305 222.39904785 106.52500153 115.80000305 222.39904785 107.4949646 112.80000305 221.42907715 107.4949646 115.80000305 221.42907715 107.84999847 112.80000305 220.1040802 107.84999847 115.80000305 220.1040802 107.4949646 112.80000305 218.77906799 107.4949646 115.80000305 218.77906799 106.52500153 112.80000305 217.80911255 106.52500153 115.80000305 217.80911255 250.3999939 162.80000305 210.1040802 250.3999939 162.80000305 213.1040802 80.09999847 116.80000305 213.1040802 13.67499638 115.80000305 214.1040802 37.59999466 115.80000305 214.1040802 80.19999695 115.80000305 214.1040802 130.19999695 115.80000305 214.1040802 180.19999695 115.80000305 214.1040802 222.80000305 115.80000305 214.1040802 130.19999695 115.80000305 226.42907715 222.80000305 115.80000305 226.42907715 180.19999695 115.80000305 226.42907715 80.19999695 115.80000305 226.42907715 37.59999466 115.80000305 226.42907715 13.67499638 115.80000305 226.42907715 80.09999847 188.80000305 213.1040802 222.80000305 189.79998779 214.1040802 180.19999695 189.79998779 214.1040802 130.19999695 189.79998779 214.1040802 80.19999695 189.79998779 214.1040802 37.59999466 189.79998779 214.1040802 13.67499638 189.79998779 214.1040802 80.09999847 162.80000305 213.1040802 222.80000305 189.79998779 226.42907715 180.19999695 189.79998779 226.42907715 130.19999695 189.79998779 226.42907715 80.19999695 189.79998779 226.42907715 37.59999466 189.79998779 226.42907715 13.67499638 189.79998779 226.42907715 80.09999847 116.80000305 210.1040802 222.80000305 112.80000305 214.1040802 180.19999695 112.80000305 214.1040802 130.19999695 112.80000305 214.1040802 80.19999695 112.80000305 214.1040802 37.59999466 112.80000305 214.1040802 13.67499638 112.80000305 214.1040802 13.67499638 112.80000305 226.42907715 222.80000305 112.80000305 226.42907715 180.19999695 112.80000305 226.42907715 130.19999695 112.80000305 226.42907715 80.19999695 112.80000305 226.42907715 37.59999466 112.80000305 226.42907715 80.09999847 188.80000305 210.1040802 222.80000305 192.80000305 214.1040802 13.67499638 192.80000305 214.1040802 37.59999466 192.80000305 214.1040802 80.19999695 192.80000305 214.1040802 130.19999695 192.80000305 214.1040802 180.19999695 192.80000305 214.1040802 80.09999847 162.80000305 210.1040802 222.80000305 192.80000305 226.42907715 13.67499638 192.80000305 226.42907715 37.59999466 192.80000305 226.42907715 80.19999695 192.80000305 226.42907715 130.19999695 192.80000305 226.42907715 180.19999695 192.80000305 226.42907715 252.3999939 102.79999542 993.10412598 250.3999939 102.79999542 993.10412598 252.3999939 101.30000305 993.50604248 250.3999939 101.30000305 993.50604248 252.3999939 100.20192719 994.60406494 250.3999939 100.20192719 994.60406494 252.3999939 99.79999542 996.10406494 250.3999939 99.79999542 996.10406494 252.3999939 100.20192719 997.60406494 250.3999939 100.20192719 997.60406494 252.3999939 101.30000305 998.70214844 250.3999939 101.30000305 998.70214844 252.3999939 102.79999542 999.10406494 250.3999939 102.79999542 999.10406494 252.3999939 102.79999542 1096.10400391 250.3999939 102.79999542 1096.10400391 252.3999939 101.30000305 1096.50598145 250.3999939 101.30000305 1096.50598145 252.3999939 100.20192719 1097.60400391 250.3999939 100.20192719 1097.60400391 252.3999939 99.79999542 1099.10400391 250.3999939 99.79999542 1099.10400391 252.3999939 100.20192719 1100.60400391 250.3999939 100.20192719 1100.60400391 252.3999939 101.30000305 1101.70227051 250.3999939 101.30000305 1101.70227051 252.3999939 102.79999542 1102.10412598 250.3999939 102.79999542 1102.10412598 252.3999939 202.80000305 1096.10400391 250.3999939 202.80000305 1096.10400391 252.3999939 201.29998779 1096.50598145 250.3999939 201.29998779 1096.50598145 252.3999939 200.20193481 1097.60400391 250.3999939 200.20193481 1097.60400391 252.3999939 199.80000305 1099.10400391 250.3999939 199.80000305 1099.10400391 252.3999939 200.20193481 1100.60400391 250.3999939 200.20193481 1100.60400391 252.3999939 201.29998779 1101.70227051 250.3999939 201.29998779 1101.70227051 252.3999939 202.80000305 1102.10412598 250.3999939 202.80000305 1102.10412598 252.3999939 202.80000305 993.10412598 250.3999939 202.80000305 993.10412598 252.3999939 201.29998779 993.50604248 250.3999939 201.29998779 993.50604248 252.3999939 200.20193481 994.60406494 250.3999939 200.20193481 994.60406494 252.3999939 199.80000305 996.10406494 250.3999939 199.80000305 996.10406494 252.3999939 200.20193481 997.60406494 250.3999939 200.20193481 997.60406494 252.3999939 201.29998779 998.70214844 250.3999939 201.29998779 998.70214844 252.3999939 202.80000305 999.10406494 250.3999939 202.80000305 999.10406494 250.3999939 152.79998779 1080.10412598 260.3999939 152.79998779 1080.10412598 250.3999939 146.12437439 1079.35192871 260.3999939 146.12437439 1079.35192871 250.3999939 139.78349304 1077.13317871 260.3999939 139.78349304 1077.13317871 250.3999939 134.0953064 1073.55908203 260.3999939 134.0953064 1073.55908203 250.3999939 129.34506226 1068.80883789 260.3999939 129.34506226 1068.80883789 250.3999939 125.77094269 1063.12060547 260.3999939 125.77094269 1063.12060547 250.3999939 123.55216217 1056.77978516 260.3999939 123.55216217 1056.77978516 250.3999939 122.80000305 1050.10400391 260.3999939 122.80000305 1050.10400391 250.3999939 123.55216217 1043.4284668 260.3999939 123.55216217 1043.4284668 250.3999939 125.77094269 1037.08752441 260.3999939 125.77094269 1037.08752441 250.3999939 129.34506226 1031.39941406 260.3999939 129.34506226 1031.39941406 250.3999939 134.0953064 1026.64916992 260.3999939 134.0953064 1026.64916992 250.3999939 139.78349304 1023.07501221 260.3999939 139.78349304 1023.07501221 250.3999939 146.12437439 1020.85626221 260.3999939 146.12437439 1020.85626221 250.3999939 152.79998779 1020.10406494 260.3999939 152.79998779 1020.10406494 260.3999939 139.48402405 1098.20410156 250.3999939 139.48402405 1098.20410156 260.3999939 137.78401184 1098.65966797 250.3999939 137.78401184 1098.65966797 260.3999939 136.53953552 1099.90405273 250.3999939 136.53953552 1099.90405273 260.3999939 136.08401489 1101.60412598 250.3999939 136.08401489 1101.60412598 260.3999939 136.53953552 1103.30407715 250.3999939 136.53953552 1103.30407715 260.3999939 137.78401184 1104.54858398 250.3999939 137.78401184 1104.54858398 260.3999939 139.48402405 1105.00402832 250.3999939 139.48402405 1105.00402832 260.3999939 169.48402405 993.20404053 250.3999939 169.48402405 993.20404053 260.3999939 167.7840271 993.65960693 250.3999939 167.7840271 993.65960693 260.3999939 166.53953552 994.90411377 250.3999939 166.53953552 994.90411377 260.3999939 166.08401489 996.60406494 250.3999939 166.08401489 996.60406494 260.3999939 166.53953552 998.30407715 250.3999939 166.53953552 998.30407715 260.3999939 167.7840271 999.54858398 250.3999939 167.7840271 999.54858398 260.3999939 169.48402405 1000.00402832 250.3999939 169.48402405 1000.00402832 260.3999939 139.48402405 993.20404053 250.3999939 139.48402405 993.20404053 260.3999939 137.78401184 993.65960693 250.3999939 137.78401184 993.65960693 260.3999939 136.53953552 994.90411377 250.3999939 136.53953552 994.90411377 260.3999939 136.08401489 996.60406494 250.3999939 136.08401489 996.60406494 260.3999939 136.53953552 998.30407715 250.3999939 136.53953552 998.30407715 260.3999939 137.78401184 999.54858398 250.3999939 137.78401184 999.54858398 260.3999939 139.48402405 1000.00402832 250.3999939 139.48402405 1000.00402832 260.3999939 169.48402405 1098.20410156 250.3999939 169.48402405 1098.20410156 260.3999939 167.7840271 1098.65966797 250.3999939 167.7840271 1098.65966797 260.3999939 166.53953552 1099.90405273 250.3999939 166.53953552 1099.90405273 260.3999939 166.08401489 1101.60412598 250.3999939 166.08401489 1101.60412598 260.3999939 166.53953552 1103.30407715 250.3999939 166.53953552 1103.30407715 260.3999939 167.7840271 1104.54858398 250.3999939 167.7840271 1104.54858398 260.3999939 169.48402405 1105.00402832 250.3999939 169.48402405 1105.00402832 260.3999939 102.79991913 1077.1204834 258.3999939 102.79991913 1077.1204834 260.3999939 101.29991913 1077.52233887 258.3999939 101.29991913 1077.52233887 260.3999939 100.20184326 1078.6204834 258.3999939 100.20184326 1078.6204834 260.3999939 99.79991913 1080.1204834 258.3999939 99.79991913 1080.1204834 260.3999939 100.20184326 1081.6204834 258.3999939 100.20184326 1081.6204834 260.3999939 101.29991913 1082.71850586 258.3999939 101.29991913 1082.71850586 260.3999939 102.79991913 1083.1204834 258.3999939 102.79991913 1083.1204834 260.3999939 102.79991913 1017.10388184 258.3999939 102.79991913 1017.10388184 260.3999939 101.29991913 1017.50585938 258.3999939 101.29991913 1017.50585938 260.3999939 100.20184326 1018.60394287 258.3999939 100.20184326 1018.60394287 260.3999939 99.79991913 1020.10394287 258.3999939 99.79991913 1020.10394287 260.3999939 100.20184326 1021.60394287 258.3999939 100.20184326 1021.60394287 260.3999939 101.29991913 1022.70196533 258.3999939 101.29991913 1022.70196533 260.3999939 102.79991913 1023.10394287 258.3999939 102.79991913 1023.10394287 260.3999939 202.80014038 1017.10388184 258.3999939 202.80014038 1017.10388184 260.3999939 201.30014038 1017.50585938 258.3999939 201.30014038 1017.50585938 260.3999939 200.20205688 1018.60394287 258.3999939 200.20205688 1018.60394287 260.3999939 199.80015564 1020.10394287 258.3999939 199.80015564 1020.10394287 260.3999939 200.20205688 1021.60394287 258.3999939 200.20205688 1021.60394287 260.3999939 201.30014038 1022.70196533 258.3999939 201.30014038 1022.70196533 260.3999939 202.80014038 1023.10394287 258.3999939 202.80014038 1023.10394287 260.3999939 202.79589844 1077.1204834 258.3999939 202.79589844 1077.1204834 260.3999939 201.29589844 1077.52233887 258.3999939 201.29589844 1077.52233887 260.3999939 200.19781494 1078.6204834 258.3999939 200.19781494 1078.6204834 260.3999939 199.79589844 1080.1204834 258.3999939 199.79589844 1080.1204834 260.3999939 200.19781494 1081.6204834 258.3999939 200.19781494 1081.6204834 260.3999939 201.29589844 1082.71850586 258.3999939 201.29589844 1082.71850586 260.3999939 202.79589844 1083.1204834 258.3999939 202.79589844 1083.1204834 260.3999939 154.48402405 1018.60406494 260.3999939 115.80000305 1018.60406494 260.3999939 115.80000305 1009.60400391 260.3999939 98.29995728 1110.10412598 260.3999939 92.79999542 1110.10412598 260.3999939 92.79999542 1105.05407715 260.3999939 154.48402405 1088.11218262 260.3999939 99.79999542 1105.10412598 260.3999939 98.29995728 1105.05407715 260.3999939 98.30000305 1104.70214844 260.3999939 97.20191956 1103.60412598 260.3999939 196.79998779 999.10406494 260.3999939 197.20191956 1000.60400391 260.3999939 189.79998779 1001.05407715 260.3999939 212.80000305 1001.05407715 260.3999939 212.80000305 1009.60400391 260.3999939 207.30000305 1001.70220947 260.3999939 198.29794312 1009.60400391 260.3999939 198.30000305 1001.70220947 260.3999939 199.80000305 1002.10406494 260.3999939 197.20191956 991.60406494 260.3999939 189.79998779 985.10406494 260.3999939 198.30000305 990.50598145 260.3999939 198.29794312 985.10406494 260.3999939 199.79801941 985.10406494 260.3999939 196.79998779 993.10412598 260.3999939 208.39807129 991.60406494 260.3999939 207.30000305 990.50598145 260.3999939 212.80000305 985.10406494 260.3999939 205.80000305 990.10406494 260.3999939 199.80000305 990.10406494 260.3999939 208.39807129 1000.60400391 260.3999939 208.80000305 999.10406494 260.3999939 208.80000305 993.10412598 260.3999939 96.80000305 1102.10412598 260.3999939 96.80000305 1096.10400391 260.3999939 92.79999542 1088.11218262 260.3999939 97.20191956 1094.60412598 260.3999939 115.80000305 1105.05407715 260.3999939 105.80000305 1105.10412598 260.3999939 107.29999542 1104.70214844 260.3999939 108.39807892 1103.60412598 260.3999939 108.80000305 1102.10412598 260.3999939 115.80000305 1088.11218262 260.3999939 108.80000305 1096.10400391 260.3999939 108.39807892 1094.60412598 260.3999939 107.29999542 1093.50598145 260.3999939 105.80000305 1093.10412598 260.3999939 98.29995728 1088.11218262 260.3999939 99.79999542 1093.10412598 260.3999939 98.30000305 1093.50598145 260.3999939 204.29589844 1082.71850586 260.3999939 212.80000305 1088.11218262 260.3999939 199.79801941 1088.11218262 260.3999939 204.29589844 1077.52233887 260.3999939 199.79801941 1050.11218262 260.3999939 205.39396667 1078.6204834 260.3999939 212.80000305 1050.11218262 260.3999939 205.79589844 1080.1204834 260.3999939 205.39396667 1081.6204834 260.3999939 199.79801941 1009.60400391 260.3999939 199.79801941 1018.60406494 260.3999939 204.30015564 1022.70196533 260.3999939 205.39822388 1021.60394287 260.3999939 212.80000305 1018.60406494 260.3999939 205.80014038 1020.10394287 260.3999939 205.39822388 1018.60394287 260.3999939 204.30015564 1017.50585938 260.3999939 98.29995728 1018.60406494 260.3999939 98.29995728 1009.60400391 260.3999939 105.397995 1018.60394287 260.3999939 104.29991913 1017.50585938 260.3999939 98.29995728 1050.11218262 260.3999939 104.29991913 1022.70196533 260.3999939 115.80000305 1050.11218262 260.3999939 105.397995 1021.60394287 260.3999939 105.79991913 1020.10394287 260.3999939 159.47563171 1020.85626221 260.3999939 179.82905579 1037.08752441 260.3999939 176.25494385 1031.39941406 260.3999939 177.8420105 1018.60406494 260.3999939 171.50468445 1026.64916992 260.3999939 165.81651306 1023.07501221 260.3999939 182.04785156 1056.77978516 260.3999939 182.79998779 1050.10400391 260.3999939 189.79998779 1050.11218262 260.3999939 182.04785156 1043.4284668 260.3999939 159.47563171 1079.35192871 260.3999939 165.81651306 1077.13317871 260.3999939 177.8420105 1088.11218262 260.3999939 171.50468445 1073.55908203 260.3999939 176.25494385 1068.80883789 260.3999939 98.30000305 1001.70220947 260.3999939 99.79999542 1002.10406494 260.3999939 105.80000305 1002.10406494 260.3999939 107.29999542 1001.70220947 260.3999939 92.79999542 1001.05407715 260.3999939 97.20191956 1000.60400391 260.3999939 92.79999542 1009.60400391 260.3999939 92.79999542 985.10406494 260.3999939 96.80000305 993.10412598 260.3999939 96.80000305 999.10406494 260.3999939 115.80000305 985.10406494 260.3999939 107.29999542 990.50598145 260.3999939 105.80000305 990.10406494 260.3999939 98.29995728 985.10406494 260.3999939 99.79999542 990.10406494 260.3999939 98.30000305 990.50598145 260.3999939 97.20191956 991.60406494 260.3999939 108.80000305 999.10406494 260.3999939 108.80000305 993.10412598 260.3999939 108.39807892 991.60406494 260.3999939 199.79801941 1110.10412598 260.3999939 199.80000305 1105.10412598 260.3999939 205.80000305 1105.10412598 260.3999939 198.30000305 1093.50598145 260.3999939 198.29794312 1088.11218262 260.3999939 189.79998779 1088.11218262 260.3999939 179.82905579 1063.12060547 260.3999939 189.79998779 1105.05407715 260.3999939 197.20191956 1103.60412598 260.3999939 198.29794312 1105.05407715 260.3999939 198.30000305 1104.70214844 260.3999939 199.60176086 1105.09753418 260.3999939 197.20191956 1094.60412598 260.3999939 196.79998779 1096.10400391 260.3999939 196.79998779 1102.10412598 260.3999939 207.30000305 1104.70214844 260.3999939 212.80000305 1105.05407715 260.3999939 212.80000305 1110.10412598 260.3999939 208.39807129 1103.60412598 260.3999939 208.80000305 1102.10412598 260.3999939 208.80000305 1096.10400391 260.3999939 208.39807129 1094.60412598 260.3999939 207.30000305 1093.50598145 260.3999939 205.80000305 1093.10412598 260.3999939 199.80000305 1093.10412598 260.3999939 189.79998779 1110.10412598 260.3999939 198.29794312 1110.10412598 260.3999939 115.80000305 1110.10412598 260.3999939 154.48402405 1110.10412598 260.3999939 154.48402405 1105.05407715 260.3999939 177.8420105 1110.10412598 260.3999939 177.8420105 1105.05407715 260.3999939 171.184021 1098.65966797 260.3999939 171.184021 1104.54858398 260.3999939 172.42849731 1103.30407715 260.3999939 172.88401794 1101.60412598 260.3999939 172.42849731 1099.90405273 260.3999939 141.184021 1098.65966797 260.3999939 141.184021 1104.54858398 260.3999939 142.42849731 1103.30407715 260.3999939 142.88401794 1101.60412598 260.3999939 142.42849731 1099.90405273 260.3999939 189.79998779 1018.60406494 260.3999939 198.29794312 1050.11218262 260.3999939 104.29991913 1082.71850586 260.3999939 104.29991913 1077.52233887 260.3999939 105.397995 1081.6204834 260.3999939 105.79991913 1080.1204834 260.3999939 105.397995 1078.6204834 260.3999939 205.80000305 1002.10406494 260.3999939 189.79998779 1009.60400391 260.3999939 198.29794312 1018.60406494 260.3999939 154.48402405 1009.60400391 260.3999939 115.80000305 1001.05407715 260.3999939 108.39807892 1000.60400391 260.3999939 92.79999542 1018.60406494 260.3999939 92.79999542 1050.11218262 260.3999939 177.8420105 985.10406494 260.3999939 154.48402405 1001.05407715 260.3999939 154.48402405 985.10406494 260.3999939 171.184021 999.54858398 260.3999939 177.8420105 1001.05407715 260.3999939 172.42849731 998.30407715 260.3999939 172.88401794 996.60406494 260.3999939 172.42849731 994.90411377 260.3999939 171.184021 993.65960693 260.3999939 177.8420105 1009.60400391 260.3999939 141.184021 993.65960693 260.3999939 141.184021 999.54858398 260.3999939 142.42849731 998.30407715 260.3999939 142.88401794 996.60406494 260.3999939 142.42849731 994.90411377 250.3999939 92.79999542 985.10406494 250.3999939 92.79999542 999.55407715 250.3999939 92.79999542 1007.05407715 250.3999939 92.79999542 1017.10400391 250.3999939 92.79999542 1050.10400391 250.3999939 92.79999542 1091.10400391 250.3999939 92.79999542 1103.55407715 250.3999939 92.79999542 1110.10412598 250.3999939 212.80000305 1110.10412598 250.3999939 198.30000305 1110.10412598 250.3999939 98.30000305 1110.10412598 250.3999939 115.80000305 1110.10412598 250.3999939 154.48402405 1110.10412598 250.3999939 177.8420105 1110.10412598 250.3999939 189.79998779 1110.10412598 250.3999939 212.80000305 1103.55407715 250.3999939 212.80000305 1091.10400391 250.3999939 212.80000305 1050.10400391 250.3999939 212.80000305 1017.10400391 250.3999939 212.80000305 1007.05407715 250.3999939 212.80000305 999.55407715 250.3999939 212.80000305 985.10406494 250.3999939 98.30000305 985.10406494 250.3999939 115.80000305 985.10406494 250.3999939 154.48402405 985.10406494 250.3999939 177.8420105 985.10406494 250.3999939 189.79998779 985.10406494 250.3999939 198.30000305 985.10406494 250.3999939 196.79998779 1083.10412598 258.3999939 196.79998779 1083.10412598 250.3999939 196.79998779 1077.10412598 258.3999939 196.79998779 1077.10412598 250.3999939 199.80000305 1074.10412598 258.3999939 199.80000305 1074.10412598 250.3999939 205.80000305 1074.10412598 258.3999939 205.80000305 1074.10412598 250.3999939 208.80000305 1077.10412598 258.3999939 208.80000305 1077.10412598 250.3999939 208.80000305 1083.10412598 258.3999939 208.80000305 1083.10412598 250.3999939 205.80000305 1086.10400391 258.3999939 205.80000305 1086.10400391 250.3999939 199.80000305 1086.10400391 258.3999939 199.80000305 1086.10400391 258.3999939 204.29589844 1082.71850586 258.3999939 204.29589844 1077.52233887 258.3999939 207.30000305 1074.50610352 258.3999939 208.39807129 1075.60412598 258.3999939 205.39396667 1078.6204834 258.3999939 198.30000305 1085.70214844 258.3999939 205.79589844 1080.1204834 258.3999939 205.39396667 1081.6204834 258.3999939 208.39807129 1084.60400391 258.3999939 207.30000305 1085.70214844 258.3999939 198.30000305 1074.50610352 258.3999939 197.20191956 1075.60412598 258.3999939 197.20191956 1084.60400391 250.3999939 96.80000305 1083.10412598 258.3999939 96.80000305 1083.10412598 250.3999939 96.80000305 1077.10412598 258.3999939 96.80000305 1077.10412598 250.3999939 99.79999542 1074.10412598 258.3999939 99.79999542 1074.10412598 250.3999939 105.80000305 1074.10412598 258.3999939 105.80000305 1074.10412598 250.3999939 108.80000305 1077.10412598 258.3999939 108.80000305 1077.10412598 250.3999939 108.80000305 1083.10412598 258.3999939 108.80000305 1083.10412598 250.3999939 105.80000305 1086.10400391 258.3999939 105.80000305 1086.10400391 250.3999939 99.79999542 1086.10400391 258.3999939 99.79999542 1086.10400391 258.3999939 104.29991913 1082.71850586 258.3999939 104.29991913 1077.52233887 258.3999939 107.29999542 1074.50610352 258.3999939 108.39807892 1075.60412598 258.3999939 105.397995 1078.6204834 258.3999939 105.79991913 1080.1204834 258.3999939 105.397995 1081.6204834 258.3999939 108.39807892 1084.60400391 258.3999939 107.29999542 1085.70214844 258.3999939 98.30000305 1085.70214844 258.3999939 98.30000305 1074.50610352 258.3999939 97.20191956 1075.60412598 258.3999939 97.20191956 1084.60400391 250.3999939 96.80000305 1023.10406494 258.3999939 96.80000305 1023.10406494 250.3999939 96.80000305 1017.10400391 258.3999939 96.80000305 1017.10400391 250.3999939 99.79999542 1014.10412598 258.3999939 99.79999542 1014.10412598 250.3999939 105.80000305 1014.10412598 258.3999939 105.80000305 1014.10412598 250.3999939 108.80000305 1017.10400391 258.3999939 108.80000305 1017.10400391 250.3999939 108.80000305 1023.10406494 258.3999939 108.80000305 1023.10406494 250.3999939 105.80000305 1026.10412598 258.3999939 105.80000305 1026.10412598 250.3999939 99.79999542 1026.10412598 258.3999939 99.79999542 1026.10412598 258.3999939 104.29991913 1022.70196533 258.3999939 108.39807892 1015.60412598 258.3999939 107.29999542 1014.50598145 258.3999939 104.29991913 1017.50585938 258.3999939 105.397995 1018.60394287 258.3999939 105.79991913 1020.10394287 258.3999939 105.397995 1021.60394287 258.3999939 108.39807892 1024.60412598 258.3999939 107.29999542 1025.70214844 258.3999939 98.30000305 1025.70214844 258.3999939 97.20191956 1024.60412598 258.3999939 97.20191956 1015.60412598 258.3999939 98.30000305 1014.50598145 250.3999939 196.79998779 1023.10406494 258.3999939 196.79998779 1023.10406494 250.3999939 196.79998779 1017.10400391 258.3999939 196.79998779 1017.10400391 250.3999939 199.80000305 1014.10412598 258.3999939 199.80000305 1014.10412598 250.3999939 205.80000305 1014.10412598 258.3999939 205.80000305 1014.10412598 250.3999939 208.80000305 1017.10400391 258.3999939 208.80000305 1017.10400391 250.3999939 208.80000305 1023.10406494 258.3999939 208.80000305 1023.10406494 250.3999939 205.80000305 1026.10412598 258.3999939 205.80000305 1026.10412598 250.3999939 199.80000305 1026.10412598 258.3999939 199.80000305 1026.10412598 258.3999939 204.30015564 1022.70196533 258.3999939 204.30015564 1017.50585938 258.3999939 207.30000305 1014.50598145 258.3999939 205.39822388 1018.60394287 258.3999939 198.30000305 1025.70214844 258.3999939 197.20191956 1024.60412598 258.3999939 207.30000305 1025.70214844 258.3999939 208.39807129 1024.60412598 258.3999939 205.39822388 1021.60394287 258.3999939 205.80014038 1020.10394287 258.3999939 208.39807129 1015.60412598 258.3999939 197.20191956 1015.60412598 258.3999939 198.30000305 1014.50598145 250.3999939 97.20191956 1015.60412598 250.3999939 98.30000305 1014.50598145 250.3999939 98.30000305 1025.70214844 250.3999939 97.20191956 1024.60412598 250.3999939 108.39807892 1024.60412598 250.3999939 107.29999542 1025.70214844 250.3999939 107.29999542 1014.50598145 250.3999939 108.39807892 1015.60412598 250.3999939 207.30000305 1014.50598145 250.3999939 208.39807129 1015.60412598 250.3999939 208.39807129 1024.60412598 250.3999939 207.30000305 1025.70214844 250.3999939 198.30000305 1025.70214844 250.3999939 197.20191956 1024.60412598 250.3999939 197.20191956 1015.60412598 250.3999939 198.30000305 1014.50598145 250.3999939 197.20191956 1075.60412598 250.3999939 198.30000305 1074.50610352 250.3999939 207.30000305 1074.50610352 250.3999939 208.39807129 1075.60412598 250.3999939 198.30000305 1085.70214844 250.3999939 197.20191956 1084.60400391 250.3999939 208.39807129 1084.60400391 250.3999939 207.30000305 1085.70214844 250.3999939 107.29999542 1074.50610352 250.3999939 108.39807892 1075.60412598 250.3999939 97.20191956 1075.60412598 250.3999939 98.30000305 1074.50610352 250.3999939 108.39807892 1084.60400391 250.3999939 107.29999542 1085.70214844 250.3999939 98.30000305 1085.70214844 250.3999939 97.20191956 1084.60400391 250.3999939 171.184021 1104.54858398 250.3999939 172.42849731 1103.30407715 250.3999939 172.88401794 1101.60412598 250.3999939 172.42849731 1099.90405273 250.3999939 171.184021 1098.65966797 250.3999939 141.184021 999.54858398 250.3999939 142.42849731 998.30407715 250.3999939 142.88401794 996.60406494 250.3999939 142.42849731 994.90411377 250.3999939 141.184021 993.65960693 250.3999939 171.184021 999.54858398 250.3999939 172.42849731 998.30407715 250.3999939 172.88401794 996.60406494 250.3999939 172.42849731 994.90411377 250.3999939 171.184021 993.65960693 250.3999939 141.184021 1104.54858398 250.3999939 142.42849731 1103.30407715 250.3999939 142.88401794 1101.60412598 250.3999939 142.42849731 1099.90405273 250.3999939 141.184021 1098.65966797 250.3999939 159.47563171 1020.85626221 250.3999939 165.81651306 1023.07501221 250.3999939 171.50468445 1026.64916992 250.3999939 176.25494385 1031.39941406 250.3999939 179.82905579 1037.08752441 250.3999939 182.04785156 1043.4284668 250.3999939 182.79998779 1050.10400391 250.3999939 182.04785156 1056.77978516 250.3999939 179.82905579 1063.12060547 250.3999939 176.25494385 1068.80883789 250.3999939 171.50468445 1073.55908203 250.3999939 165.81651306 1077.13317871 250.3999939 159.47563171 1079.35192871 252.3999939 204.30000305 998.70214844 250.3999939 204.30000305 998.70214844 252.3999939 205.39808655 997.60406494 250.3999939 205.39808655 997.60406494 252.3999939 205.80000305 996.10406494 250.3999939 205.80000305 996.10406494 252.3999939 205.39808655 994.60406494 250.3999939 205.39808655 994.60406494 252.3999939 204.30000305 993.50604248 250.3999939 204.30000305 993.50604248 252.3999939 204.30000305 1101.70227051 250.3999939 204.30000305 1101.70227051 252.3999939 205.39808655 1100.60400391 250.3999939 205.39808655 1100.60400391 252.3999939 205.80000305 1099.10400391 250.3999939 205.80000305 1099.10400391 252.3999939 205.39808655 1097.60400391 250.3999939 205.39808655 1097.60400391 252.3999939 204.30000305 1096.50598145 250.3999939 204.30000305 1096.50598145 252.3999939 104.30000305 1101.70227051 250.3999939 104.30000305 1101.70227051 252.3999939 105.39807129 1100.60400391 250.3999939 105.39807129 1100.60400391 252.3999939 105.80000305 1099.10400391 250.3999939 105.80000305 1099.10400391 252.3999939 105.39807129 1097.60400391 250.3999939 105.39807129 1097.60400391 252.3999939 104.30000305 1096.50598145 250.3999939 104.30000305 1096.50598145 252.3999939 104.30000305 998.70214844 250.3999939 104.30000305 998.70214844 252.3999939 105.39807129 997.60406494 250.3999939 105.39807129 997.60406494 252.3999939 105.80000305 996.10406494 250.3999939 105.80000305 996.10406494 252.3999939 105.39807129 994.60406494 250.3999939 105.39807129 994.60406494 252.3999939 104.30000305 993.50604248 250.3999939 104.30000305 993.50604248 252.3999939 108.80000305 999.10406494 252.3999939 108.39807892 1000.60400391 252.3999939 107.29999542 1001.70220947 252.3999939 105.80000305 1002.10406494 252.3999939 108.80000305 993.10412598 252.3999939 105.80000305 990.10406494 252.3999939 107.29999542 990.50598145 252.3999939 108.39807892 991.60406494 252.3999939 99.79999542 990.10406494 252.3999939 96.80000305 993.10412598 252.3999939 97.20191956 991.60406494 252.3999939 98.30000305 990.50598145 252.3999939 96.80000305 999.10406494 252.3999939 99.79999542 1002.10406494 252.3999939 98.30000305 1001.70220947 252.3999939 97.20191956 1000.60400391 252.3999939 99.79999542 1105.10412598 252.3999939 98.30000305 1104.70214844 252.3999939 97.20191956 1103.60412598 252.3999939 96.80000305 1102.10412598 252.3999939 105.80000305 1105.10412598 252.3999939 108.80000305 1102.10412598 252.3999939 108.39807892 1103.60412598 252.3999939 107.29999542 1104.70214844 252.3999939 108.80000305 1096.10400391 252.3999939 105.80000305 1093.10412598 252.3999939 107.29999542 1093.50598145 252.3999939 108.39807892 1094.60412598 252.3999939 99.79999542 1093.10412598 252.3999939 96.80000305 1096.10400391 252.3999939 97.20191956 1094.60412598 252.3999939 98.30000305 1093.50598145 252.3999939 208.80000305 1102.10412598 252.3999939 208.39807129 1103.60412598 252.3999939 207.30000305 1104.70214844 252.3999939 205.80000305 1105.10412598 252.3999939 208.80000305 1096.10400391 252.3999939 205.80000305 1093.10412598 252.3999939 207.30000305 1093.50598145 252.3999939 208.39807129 1094.60412598 252.3999939 199.80000305 1093.10412598 252.3999939 196.79998779 1096.10400391 252.3999939 197.20191956 1094.60412598 252.3999939 198.30000305 1093.50598145 252.3999939 196.79998779 1102.10412598 252.3999939 197.20191956 1103.60412598 252.3999939 198.30000305 1104.70214844 252.3999939 199.80000305 1105.10412598 252.3999939 208.80000305 999.10406494 252.3999939 208.39807129 1000.60400391 252.3999939 207.30000305 1001.70220947 252.3999939 205.80000305 1002.10406494 252.3999939 208.80000305 993.10412598 252.3999939 205.80000305 990.10406494 252.3999939 207.30000305 990.50598145 252.3999939 208.39807129 991.60406494 252.3999939 199.80000305 990.10406494 252.3999939 196.79998779 993.10412598 252.3999939 197.20191956 991.60406494 252.3999939 198.30000305 990.50598145 252.3999939 196.79998779 999.10406494 252.3999939 199.80000305 1002.10406494 252.3999939 198.30000305 1001.70220947 252.3999939 197.20191956 1000.60400391 250.3999939 177.8420105 1103.55407715 250.3999939 98.30000305 1007.05407715 250.3999939 115.80000305 1050.10400391 250.3999939 115.80000305 1017.10400391 250.3999939 98.30000305 1050.10400391 250.3999939 115.80000305 1007.05407715 250.3999939 198.30000305 1007.05407715 250.3999939 189.79998779 1007.05407715 250.3999939 198.30000305 1050.10400391 250.3999939 189.79998779 1050.10400391 250.3999939 189.79998779 1017.10400391 250.3999939 198.30000305 1091.10400391 250.3999939 189.79998779 1091.10400391 250.3999939 115.80000305 1091.10400391 250.3999939 98.30000305 1091.10400391 250.3999939 177.8420105 1091.10400391 250.3999939 154.48402405 1091.10400391 250.3999939 154.48402405 1103.55407715 250.3999939 177.8420105 999.55407715 250.3999939 177.8420105 1007.05407715 250.3999939 154.48402405 1007.05407715 250.3999939 154.48402405 999.55407715 250.3999939 177.8420105 1017.10400391 250.3999939 154.48402405 1017.10400391 250.3999939 115.80000305 1103.55407715 250.3999939 115.80000305 999.55407715 250.3999939 98.30000305 999.55407715 250.3999939 98.30000305 1103.55407715 250.3999939 198.30000305 999.55407715 250.3999939 189.79998779 999.55407715 250.3999939 198.30000305 1103.55407715 250.3999939 189.79998779 1103.55407715 2.00000405 102.79999542 993.10412598 0 102.79999542 993.10412598 2.00000405 101.30000305 993.50604248 0 101.30000305 993.50604248 2.00000405 100.20192719 994.60406494 0 100.20192719 994.60406494 2.00000405 99.79999542 996.10406494 0 99.79999542 996.10406494 2.00000405 100.20192719 997.60406494 0 100.20192719 997.60406494 2.00000405 101.30000305 998.70214844 0 101.30000305 998.70214844 2.00000405 102.79999542 999.10406494 0 102.79999542 999.10406494 2.00000405 102.79999542 1096.10400391 0 102.79999542 1096.10400391 2.00000405 101.30000305 1096.50598145 0 101.30000305 1096.50598145 2.00000405 100.20192719 1097.60400391 0 100.20192719 1097.60400391 2.00000405 99.79999542 1099.10400391 0 99.79999542 1099.10400391 2.00000405 100.20192719 1100.60400391 0 100.20192719 1100.60400391 2.00000405 101.30000305 1101.70227051 0 101.30000305 1101.70227051 2.00000405 102.79999542 1102.10412598 0 102.79999542 1102.10412598 2.00000405 202.80000305 1096.10400391 0 202.80000305 1096.10400391 2.00000405 201.29998779 1096.50598145 0 201.29998779 1096.50598145 2.00000405 200.20193481 1097.60400391 0 200.20193481 1097.60400391 2.00000405 199.80000305 1099.10400391 0 199.80000305 1099.10400391 2.00000405 200.20193481 1100.60400391 0 200.20193481 1100.60400391 2.00000405 201.29998779 1101.70227051 0 201.29998779 1101.70227051 2.00000405 202.80000305 1102.10412598 0 202.80000305 1102.10412598 2.00000405 202.80000305 993.10412598 0 202.80000305 993.10412598 2.00000405 201.29998779 993.50604248 0 201.29998779 993.50604248 2.00000405 200.20193481 994.60406494 0 200.20193481 994.60406494 2.00000405 199.80000305 996.10406494 0 199.80000305 996.10406494 2.00000405 200.20193481 997.60406494 0 200.20193481 997.60406494 2.00000405 201.29998779 998.70214844 0 201.29998779 998.70214844 2.00000405 202.80000305 999.10406494 0 202.80000305 999.10406494 0 152.79998779 1080.10412598 9.99999809 152.79998779 1080.10412598 0 146.12437439 1079.35192871 9.99999809 146.12437439 1079.35192871 0 139.78349304 1077.13317871 9.99999809 139.78349304 1077.13317871 0 134.0953064 1073.55908203 9.99999809 134.0953064 1073.55908203 0 129.34506226 1068.80883789 9.99999809 129.34506226 1068.80883789 0 125.77094269 1063.12060547 9.99999809 125.77094269 1063.12060547 0 123.55216217 1056.77978516 9.99999809 123.55216217 1056.77978516 0 122.80000305 1050.10400391 9.99999809 122.80000305 1050.10400391 0 123.55216217 1043.4284668 9.99999809 123.55216217 1043.4284668 0 125.77094269 1037.08752441 9.99999809 125.77094269 1037.08752441 0 129.34506226 1031.39941406 9.99999809 129.34506226 1031.39941406 0 134.0953064 1026.64916992 9.99999809 134.0953064 1026.64916992 0 139.78349304 1023.07501221 9.99999809 139.78349304 1023.07501221 0 146.12437439 1020.85626221 9.99999809 146.12437439 1020.85626221 0 152.79998779 1020.10406494 9.99999809 152.79998779 1020.10406494 9.99999809 139.48402405 1098.20410156 0 139.48402405 1098.20410156 9.99999809 137.78401184 1098.65966797 0 137.78401184 1098.65966797 9.99999809 136.53953552 1099.90405273 0 136.53953552 1099.90405273 9.99999809 136.08401489 1101.60412598 0 136.08401489 1101.60412598 9.99999809 136.53953552 1103.30407715 0 136.53953552 1103.30407715 9.99999809 137.78401184 1104.54858398 0 137.78401184 1104.54858398 9.99999809 139.48402405 1105.00402832 0 139.48402405 1105.00402832 9.99999809 169.48402405 993.20404053 0 169.48402405 993.20404053 9.99999809 167.7840271 993.65960693 0 167.7840271 993.65960693 9.99999809 166.53953552 994.90411377 0 166.53953552 994.90411377 9.99999809 166.08401489 996.60406494 0 166.08401489 996.60406494 9.99999809 166.53953552 998.30407715 0 166.53953552 998.30407715 9.99999809 167.7840271 999.54858398 0 167.7840271 999.54858398 9.99999809 169.48402405 1000.00402832 0 169.48402405 1000.00402832 9.99999809 139.48402405 993.20404053 0 139.48402405 993.20404053 9.99999809 137.78401184 993.65960693 0 137.78401184 993.65960693 9.99999809 136.53953552 994.90411377 0 136.53953552 994.90411377 9.99999809 136.08401489 996.60406494 0 136.08401489 996.60406494 9.99999809 136.53953552 998.30407715 0 136.53953552 998.30407715 9.99999809 137.78401184 999.54858398 0 137.78401184 999.54858398 9.99999809 139.48402405 1000.00402832 0 139.48402405 1000.00402832 9.99999809 169.48402405 1098.20410156 0 169.48402405 1098.20410156 9.99999809 167.7840271 1098.65966797 0 167.7840271 1098.65966797 9.99999809 166.53953552 1099.90405273 0 166.53953552 1099.90405273 9.99999809 166.08401489 1101.60412598 0 166.08401489 1101.60412598 9.99999809 166.53953552 1103.30407715 0 166.53953552 1103.30407715 9.99999809 167.7840271 1104.54858398 0 167.7840271 1104.54858398 9.99999809 169.48402405 1105.00402832 0 169.48402405 1105.00402832 9.99999809 102.79991913 1077.1204834 8.00000095 102.79991913 1077.1204834 9.99999809 101.29991913 1077.52233887 8.00000095 101.29991913 1077.52233887 9.99999809 100.20184326 1078.6204834 8.00000095 100.20184326 1078.6204834 9.99999809 99.79991913 1080.1204834 8.00000095 99.79991913 1080.1204834 9.99999809 100.20184326 1081.6204834 8.00000095 100.20184326 1081.6204834 9.99999809 101.29991913 1082.71850586 8.00000095 101.29991913 1082.71850586 9.99999809 102.79991913 1083.1204834 8.00000095 102.79991913 1083.1204834 9.99999809 102.79991913 1017.10388184 8.00000095 102.79991913 1017.10388184 9.99999809 101.29991913 1017.50585938 8.00000095 101.29991913 1017.50585938 9.99999809 100.20184326 1018.60394287 8.00000095 100.20184326 1018.60394287 9.99999809 99.79991913 1020.10394287 8.00000095 99.79991913 1020.10394287 9.99999809 100.20184326 1021.60394287 8.00000095 100.20184326 1021.60394287 9.99999809 101.29991913 1022.70196533 8.00000095 101.29991913 1022.70196533 9.99999809 102.79991913 1023.10394287 8.00000095 102.79991913 1023.10394287 9.99999809 202.80014038 1017.10388184 8.00000095 202.80014038 1017.10388184 9.99999809 201.30014038 1017.50585938 8.00000095 201.30014038 1017.50585938 9.99999809 200.20205688 1018.60394287 8.00000095 200.20205688 1018.60394287 9.99999809 199.80015564 1020.10394287 8.00000095 199.80015564 1020.10394287 9.99999809 200.20205688 1021.60394287 8.00000095 200.20205688 1021.60394287 9.99999809 201.30014038 1022.70196533 8.00000095 201.30014038 1022.70196533 9.99999809 202.80014038 1023.10394287 8.00000095 202.80014038 1023.10394287 9.99999809 202.79589844 1077.1204834 8.00000095 202.79589844 1077.1204834 9.99999809 201.29589844 1077.52233887 8.00000095 201.29589844 1077.52233887 9.99999809 200.19781494 1078.6204834 8.00000095 200.19781494 1078.6204834 9.99999809 199.79589844 1080.1204834 8.00000095 199.79589844 1080.1204834 9.99999809 200.19781494 1081.6204834 8.00000095 200.19781494 1081.6204834 9.99999809 201.29589844 1082.71850586 8.00000095 201.29589844 1082.71850586 9.99999809 202.79589844 1083.1204834 8.00000095 202.79589844 1083.1204834 9.99999809 154.48402405 1018.60406494 9.99999809 115.80000305 1018.60406494 9.99999809 115.80000305 1009.60400391 9.99999809 98.29995728 1110.10412598 9.99999809 92.79999542 1110.10412598 9.99999809 92.79999542 1105.05407715 9.99999809 154.48402405 1088.11218262 9.99999809 99.79999542 1105.10412598 9.99999809 98.29995728 1105.05407715 9.99999809 98.30000305 1104.70214844 9.99999809 97.20191956 1103.60412598 9.99999809 196.79998779 999.10406494 9.99999809 197.20191956 1000.60400391 9.99999809 189.79998779 1001.05407715 9.99999809 212.80000305 1001.05407715 9.99999809 212.80000305 1009.60400391 9.99999809 207.30000305 1001.70220947 9.99999809 198.29794312 1009.60400391 9.99999809 198.30000305 1001.70220947 9.99999809 199.80000305 1002.10406494 9.99999809 197.20191956 991.60406494 9.99999809 189.79998779 985.10406494 9.99999809 198.30000305 990.50598145 9.99999809 198.29794312 985.10406494 9.99999809 199.79801941 985.10406494 9.99999809 196.79998779 993.10412598 9.99999809 208.39807129 991.60406494 9.99999809 207.30000305 990.50598145 9.99999809 212.80000305 985.10406494 9.99999809 205.80000305 990.10406494 9.99999809 199.80000305 990.10406494 9.99999809 208.39807129 1000.60400391 9.99999809 208.80000305 999.10406494 9.99999809 208.80000305 993.10412598 9.99999809 96.80000305 1102.10412598 9.99999809 96.80000305 1096.10400391 9.99999809 92.79999542 1088.11218262 9.99999809 97.20191956 1094.60412598 9.99999809 115.80000305 1105.05407715 9.99999809 105.80000305 1105.10412598 9.99999809 107.29999542 1104.70214844 9.99999809 108.39807892 1103.60412598 9.99999809 108.80000305 1102.10412598 9.99999809 115.80000305 1088.11218262 9.99999809 108.80000305 1096.10400391 9.99999809 108.39807892 1094.60412598 9.99999809 107.29999542 1093.50598145 9.99999809 105.80000305 1093.10412598 9.99999809 98.29995728 1088.11218262 9.99999809 99.79999542 1093.10412598 9.99999809 98.30000305 1093.50598145 9.99999809 204.29589844 1082.71850586 9.99999809 212.80000305 1088.11218262 9.99999809 199.79801941 1088.11218262 9.99999809 204.29589844 1077.52233887 9.99999809 199.79801941 1050.11218262 9.99999809 205.39396667 1078.6204834 9.99999809 212.80000305 1050.11218262 9.99999809 205.79589844 1080.1204834 9.99999809 205.39396667 1081.6204834 9.99999809 199.79801941 1009.60400391 9.99999809 199.79801941 1018.60406494 9.99999809 204.30015564 1022.70196533 9.99999809 205.39822388 1021.60394287 9.99999809 212.80000305 1018.60406494 9.99999809 205.80014038 1020.10394287 9.99999809 205.39822388 1018.60394287 9.99999809 204.30015564 1017.50585938 9.99999809 98.29995728 1018.60406494 9.99999809 98.29995728 1009.60400391 9.99999809 105.397995 1018.60394287 9.99999809 104.29991913 1017.50585938 9.99999809 98.29995728 1050.11218262 9.99999809 115.80000305 1050.11218262 9.99999809 104.29991913 1022.70196533 9.99999809 105.397995 1021.60394287 9.99999809 105.79991913 1020.10394287 9.99999809 159.47563171 1020.85626221 9.99999809 179.82905579 1037.08752441 9.99999809 176.25494385 1031.39941406 9.99999809 177.8420105 1018.60406494 9.99999809 171.50468445 1026.64916992 9.99999809 165.81651306 1023.07501221 9.99999809 182.04785156 1056.77978516 9.99999809 182.79998779 1050.10400391 9.99999809 189.79998779 1050.11218262 9.99999809 182.04785156 1043.4284668 9.99999809 159.47563171 1079.35192871 9.99999809 165.81651306 1077.13317871 9.99999809 177.8420105 1088.11218262 9.99999809 171.50468445 1073.55908203 9.99999809 176.25494385 1068.80883789 9.99999809 98.30000305 1001.70220947 9.99999809 99.79999542 1002.10406494 9.99999809 105.80000305 1002.10406494 9.99999809 107.29999542 1001.70220947 9.99999809 92.79999542 1001.05407715 9.99999809 97.20191956 1000.60400391 9.99999809 92.79999542 1009.60400391 9.99999809 92.79999542 985.10406494 9.99999809 98.29995728 985.10406494 9.99999809 98.30000305 990.50598145 9.99999809 97.20191956 991.60406494 9.99999809 96.80000305 993.10412598 9.99999809 96.80000305 999.10406494 9.99999809 108.80000305 993.10412598 9.99999809 108.39807892 991.60406494 9.99999809 115.80000305 985.10406494 9.99999809 115.80000305 1001.05407715 9.99999809 108.39807892 1000.60400391 9.99999809 108.80000305 999.10406494 9.99999809 107.29999542 990.50598145 9.99999809 105.80000305 990.10406494 9.99999809 99.79999542 990.10406494 9.99999809 199.79801941 1110.10412598 9.99999809 199.80000305 1105.10412598 9.99999809 205.80000305 1105.10412598 9.99999809 198.30000305 1093.50598145 9.99999809 198.29794312 1088.11218262 9.99999809 189.79998779 1088.11218262 9.99999809 179.82905579 1063.12060547 9.99999809 189.79998779 1105.05407715 9.99999809 197.20191956 1103.60412598 9.99999809 198.29794312 1105.05407715 9.99999809 198.30000305 1104.70214844 9.99999809 199.60176086 1105.09753418 9.99999809 197.20191956 1094.60412598 9.99999809 196.79998779 1096.10400391 9.99999809 196.79998779 1102.10412598 9.99999809 207.30000305 1104.70214844 9.99999809 212.80000305 1105.05407715 9.99999809 212.80000305 1110.10412598 9.99999809 208.39807129 1103.60412598 9.99999809 208.80000305 1102.10412598 9.99999809 208.80000305 1096.10400391 9.99999809 208.39807129 1094.60412598 9.99999809 207.30000305 1093.50598145 9.99999809 205.80000305 1093.10412598 9.99999809 199.80000305 1093.10412598 9.99999809 189.79998779 1110.10412598 9.99999809 198.29794312 1110.10412598 9.99999809 115.80000305 1110.10412598 9.99999809 154.48402405 1110.10412598 9.99999809 154.48402405 1105.05407715 9.99999809 177.8420105 1110.10412598 9.99999809 177.8420105 1105.05407715 9.99999809 171.184021 1104.54858398 9.99999809 172.42849731 1103.30407715 9.99999809 172.88401794 1101.60412598 9.99999809 172.42849731 1099.90405273 9.99999809 171.184021 1098.65966797 9.99999809 141.184021 1098.65966797 9.99999809 141.184021 1104.54858398 9.99999809 142.42849731 1103.30407715 9.99999809 142.88401794 1101.60412598 9.99999809 142.42849731 1099.90405273 9.99999809 189.79998779 1018.60406494 9.99999809 198.29794312 1050.11218262 9.99999809 105.397995 1081.6204834 9.99999809 105.79991913 1080.1204834 9.99999809 105.397995 1078.6204834 9.99999809 104.29991913 1077.52233887 9.99999809 104.29991913 1082.71850586 9.99999809 205.80000305 1002.10406494 9.99999809 189.79998779 1009.60400391 9.99999809 198.29794312 1018.60406494 9.99999809 154.48402405 1009.60400391 9.99999809 92.79999542 1018.60406494 9.99999809 92.79999542 1050.11218262 9.99999809 177.8420105 985.10406494 9.99999809 177.8420105 1001.05407715 9.99999809 172.88401794 996.60406494 9.99999809 172.42849731 994.90411377 9.99999809 171.184021 993.65960693 9.99999809 154.48402405 985.10406494 9.99999809 154.48402405 1001.05407715 9.99999809 171.184021 999.54858398 9.99999809 172.42849731 998.30407715 9.99999809 177.8420105 1009.60400391 9.99999809 142.88401794 996.60406494 9.99999809 142.42849731 994.90411377 9.99999809 141.184021 993.65960693 9.99999809 141.184021 999.54858398 9.99999809 142.42849731 998.30407715 0 92.79999542 985.10406494 0 92.79999542 999.55407715 0 92.79999542 1007.05407715 0 92.79999542 1017.10400391 0 92.79999542 1050.10400391 0 92.79999542 1091.10400391 0 92.79999542 1103.55407715 0 92.79999542 1110.10412598 0 212.80000305 1110.10412598 0 198.30000305 1110.10412598 0 98.30000305 1110.10412598 0 115.80000305 1110.10412598 0 154.48402405 1110.10412598 0 177.8420105 1110.10412598 0 189.79998779 1110.10412598 0 212.80000305 985.10406494 0 212.80000305 999.55407715 0 212.80000305 1007.05407715 0 212.80000305 1017.10400391 0 212.80000305 1050.10400391 0 212.80000305 1091.10400391 0 212.80000305 1103.55407715 0 98.30000305 985.10406494 0 115.80000305 985.10406494 0 154.48402405 985.10406494 0 177.8420105 985.10406494 0 189.79998779 985.10406494 0 198.30000305 985.10406494 0 196.79998779 1083.10412598 8.00000095 196.79998779 1083.10412598 0 196.79998779 1077.10412598 8.00000095 196.79998779 1077.10412598 0 199.80000305 1074.10412598 8.00000095 199.80000305 1074.10412598 0 205.80000305 1074.10412598 8.00000095 205.80000305 1074.10412598 0 208.80000305 1077.10412598 8.00000095 208.80000305 1077.10412598 0 208.80000305 1083.10412598 8.00000095 208.80000305 1083.10412598 0 205.80000305 1086.10400391 8.00000095 205.80000305 1086.10400391 0 199.80000305 1086.10400391 8.00000095 199.80000305 1086.10400391 8.00000095 204.29589844 1077.52233887 8.00000095 204.29589844 1082.71850586 8.00000095 198.30000305 1074.50610352 8.00000095 197.20191956 1075.60412598 8.00000095 207.30000305 1074.50610352 8.00000095 208.39807129 1075.60412598 8.00000095 205.39396667 1078.6204834 8.00000095 205.79589844 1080.1204834 8.00000095 205.39396667 1081.6204834 8.00000095 208.39807129 1084.60400391 8.00000095 207.30000305 1085.70214844 8.00000095 198.30000305 1085.70214844 8.00000095 197.20191956 1084.60400391 0 96.80000305 1083.10412598 8.00000095 96.80000305 1083.10412598 0 96.80000305 1077.10412598 8.00000095 96.80000305 1077.10412598 0 99.79999542 1074.10412598 8.00000095 99.79999542 1074.10412598 0 105.80000305 1074.10412598 8.00000095 105.80000305 1074.10412598 0 108.80000305 1077.10412598 8.00000095 108.80000305 1077.10412598 0 108.80000305 1083.10412598 8.00000095 108.80000305 1083.10412598 0 105.80000305 1086.10400391 8.00000095 105.80000305 1086.10400391 0 99.79999542 1086.10400391 8.00000095 99.79999542 1086.10400391 8.00000095 97.20191956 1075.60412598 8.00000095 104.29991913 1082.71850586 8.00000095 97.20191956 1084.60400391 8.00000095 98.30000305 1085.70214844 8.00000095 105.397995 1078.6204834 8.00000095 104.29991913 1077.52233887 8.00000095 108.57164001 1075.95593262 8.00000095 107.92131805 1074.98278809 8.00000095 105.79991913 1080.1204834 8.00000095 105.397995 1081.6204834 8.00000095 108.39807892 1084.60400391 8.00000095 107.29999542 1085.70214844 8.00000095 106.94805145 1074.33251953 8.00000095 98.30000305 1074.50610352 0 96.80000305 1023.10406494 8.00000095 96.80000305 1023.10406494 0 96.80000305 1017.10400391 8.00000095 96.80000305 1017.10400391 0 99.79999542 1014.10412598 8.00000095 99.79999542 1014.10412598 0 105.80000305 1014.10412598 8.00000095 105.80000305 1014.10412598 0 108.80000305 1017.10400391 8.00000095 108.80000305 1017.10400391 0 108.80000305 1023.10406494 8.00000095 108.80000305 1023.10406494 0 105.80000305 1026.10412598 8.00000095 105.80000305 1026.10412598 0 99.79999542 1026.10412598 8.00000095 99.79999542 1026.10412598 8.00000095 97.20191956 1024.60412598 8.00000095 98.30000305 1025.70214844 8.00000095 97.20191956 1015.60412598 8.00000095 104.29991913 1022.70196533 8.00000095 108.57164001 1015.95605469 8.00000095 104.29991913 1017.50585938 8.00000095 107.92131805 1014.98272705 8.00000095 105.397995 1018.60394287 8.00000095 105.79991913 1020.10394287 8.00000095 105.397995 1021.60394287 8.00000095 108.39807892 1024.60412598 8.00000095 107.29999542 1025.70214844 8.00000095 106.94805145 1014.33239746 8.00000095 98.30000305 1014.50598145 0 196.79998779 1023.10406494 8.00000095 196.79998779 1023.10406494 0 196.79998779 1017.10400391 8.00000095 196.79998779 1017.10400391 0 199.80000305 1014.10412598 8.00000095 199.80000305 1014.10412598 0 205.80000305 1014.10412598 8.00000095 205.80000305 1014.10412598 0 208.80000305 1017.10400391 8.00000095 208.80000305 1017.10400391 0 208.80000305 1023.10406494 8.00000095 208.80000305 1023.10406494 0 205.80000305 1026.10412598 8.00000095 205.80000305 1026.10412598 0 199.80000305 1026.10412598 8.00000095 199.80000305 1026.10412598 8.00000095 197.20191956 1015.60412598 8.00000095 198.30000305 1014.50598145 8.00000095 204.30015564 1017.50585938 8.00000095 207.30000305 1014.50598145 8.00000095 205.39822388 1018.60394287 8.00000095 204.30015564 1022.70196533 8.00000095 207.30000305 1025.70214844 8.00000095 208.39807129 1024.60412598 8.00000095 205.39822388 1021.60394287 8.00000095 205.80014038 1020.10394287 8.00000095 208.39807129 1015.60412598 8.00000095 198.30000305 1025.70214844 8.00000095 197.20191956 1024.60412598 0 97.20191956 1015.60412598 0 98.30000305 1014.50598145 0 98.30000305 1025.70214844 0 97.20191956 1024.60412598 0 108.39807892 1024.60412598 0 107.29999542 1025.70214844 0 106.94805145 1014.33239746 0 107.92131805 1014.98272705 0 108.57164001 1015.95605469 0 207.30000305 1014.50598145 0 208.39807129 1015.60412598 0 208.39807129 1024.60412598 0 207.30000305 1025.70214844 0 198.30000305 1025.70214844 0 197.20191956 1024.60412598 0 197.20191956 1015.60412598 0 198.30000305 1014.50598145 0 197.20191956 1075.60412598 0 198.30000305 1074.50610352 0 207.30000305 1074.50610352 0 208.39807129 1075.60412598 0 198.30000305 1085.70214844 0 197.20191956 1084.60400391 0 208.39807129 1084.60400391 0 207.30000305 1085.70214844 0 106.94805145 1074.33251953 0 107.92131805 1074.98278809 0 108.57164001 1075.95593262 0 97.20191956 1075.60412598 0 98.30000305 1074.50610352 0 108.39807892 1084.60400391 0 107.29999542 1085.70214844 0 98.30000305 1085.70214844 0 97.20191956 1084.60400391 0 171.184021 1104.54858398 0 172.42849731 1103.30407715 0 172.88401794 1101.60412598 0 172.42849731 1099.90405273 0 171.184021 1098.65966797 0 141.184021 999.54858398 0 142.42849731 998.30407715 0 142.88401794 996.60406494 0 142.42849731 994.90411377 0 141.184021 993.65960693 0 171.184021 999.54858398 0 172.42849731 998.30407715 0 172.88401794 996.60406494 0 172.42849731 994.90411377 0 171.184021 993.65960693 0 141.184021 1104.54858398 0 142.42849731 1103.30407715 0 142.88401794 1101.60412598 0 142.42849731 1099.90405273 0 141.184021 1098.65966797 0 159.47563171 1020.85626221 0 165.81651306 1023.07501221 0 171.50468445 1026.64916992 0 176.25494385 1031.39941406 0 179.82905579 1037.08752441 0 182.04785156 1043.4284668 0 182.79998779 1050.10400391 0 182.04785156 1056.77978516 0 179.82905579 1063.12060547 0 176.25494385 1068.80883789 0 171.50468445 1073.55908203 0 165.81651306 1077.13317871 0 159.47563171 1079.35192871 2.00000405 204.30000305 998.70214844 0 204.30000305 998.70214844 2.00000405 205.39808655 997.60406494 0 205.39808655 997.60406494 2.00000405 205.80000305 996.10406494 0 205.80000305 996.10406494 2.00000405 205.39808655 994.60406494 0 205.39808655 994.60406494 2.00000405 204.30000305 993.50604248 0 204.30000305 993.50604248 2.00000405 204.30000305 1101.70227051 0 204.30000305 1101.70227051 2.00000405 205.39808655 1100.60400391 0 205.39808655 1100.60400391 2.00000405 205.80000305 1099.10400391 0 205.80000305 1099.10400391 2.00000405 205.39808655 1097.60400391 0 205.39808655 1097.60400391 2.00000405 204.30000305 1096.50598145 0 204.30000305 1096.50598145 2.00000405 104.30000305 1101.70227051 0 104.30000305 1101.70227051 2.00000405 105.39807129 1100.60400391 0 105.39807129 1100.60400391 2.00000405 105.80000305 1099.10400391 0 105.80000305 1099.10400391 2.00000405 105.39807129 1097.60400391 0 105.39807129 1097.60400391 2.00000405 104.30000305 1096.50598145 0 104.30000305 1096.50598145 2.00000405 104.30000305 998.70214844 0 104.30000305 998.70214844 2.00000405 105.39807129 997.60406494 0 105.39807129 997.60406494 2.00000405 105.80000305 996.10406494 0 105.80000305 996.10406494 2.00000405 105.39807129 994.60406494 0 105.39807129 994.60406494 2.00000405 104.30000305 993.50604248 0 104.30000305 993.50604248 2.00000405 108.80000305 999.10406494 2.00000405 108.39807892 1000.60400391 2.00000405 107.29999542 1001.70220947 2.00000405 105.80000305 1002.10406494 2.00000405 108.80000305 993.10412598 2.00000405 105.80000305 990.10406494 2.00000405 107.29999542 990.50598145 2.00000405 108.39807892 991.60406494 2.00000405 99.79999542 990.10406494 2.00000405 96.80000305 993.10412598 2.00000405 97.20191956 991.60406494 2.00000405 98.30000305 990.50598145 2.00000405 96.80000305 999.10406494 2.00000405 99.79999542 1002.10406494 2.00000405 98.30000305 1001.70220947 2.00000405 97.20191956 1000.60400391 2.00000405 99.79999542 1105.10412598 2.00000405 98.30000305 1104.70214844 2.00000405 97.20191956 1103.60412598 2.00000405 96.80000305 1102.10412598 2.00000405 105.80000305 1105.10412598 2.00000405 108.80000305 1102.10412598 2.00000405 108.39807892 1103.60412598 2.00000405 107.29999542 1104.70214844 2.00000405 108.80000305 1096.10400391 2.00000405 105.80000305 1093.10412598 2.00000405 107.29999542 1093.50598145 2.00000405 108.39807892 1094.60412598 2.00000405 99.79999542 1093.10412598 2.00000405 96.80000305 1096.10400391 2.00000405 97.20191956 1094.60412598 2.00000405 98.30000305 1093.50598145 2.00000405 208.80000305 1102.10412598 2.00000405 208.39807129 1103.60412598 2.00000405 207.30000305 1104.70214844 2.00000405 205.80000305 1105.10412598 2.00000405 208.80000305 1096.10400391 2.00000405 205.80000305 1093.10412598 2.00000405 207.30000305 1093.50598145 2.00000405 208.39807129 1094.60412598 2.00000405 199.80000305 1093.10412598 2.00000405 196.79998779 1096.10400391 2.00000405 197.20191956 1094.60412598 2.00000405 198.30000305 1093.50598145 2.00000405 196.79998779 1102.10412598 2.00000405 197.20191956 1103.60412598 2.00000405 198.30000305 1104.70214844 2.00000405 199.80000305 1105.10412598 2.00000405 208.80000305 999.10406494 2.00000405 208.39807129 1000.60400391 2.00000405 207.30000305 1001.70220947 2.00000405 205.80000305 1002.10406494 2.00000405 208.80000305 993.10412598 2.00000405 205.80000305 990.10406494 2.00000405 207.30000305 990.50598145 2.00000405 208.39807129 991.60406494 2.00000405 199.80000305 990.10406494 2.00000405 196.79998779 993.10412598 2.00000405 197.20191956 991.60406494 2.00000405 198.30000305 990.50598145 2.00000405 196.79998779 999.10406494 2.00000405 199.80000305 1002.10406494 2.00000405 198.30000305 1001.70220947 2.00000405 197.20191956 1000.60400391 0 198.30000305 1103.55407715 0 198.30000305 999.55407715 0 98.30000305 1103.55407715 0 177.8420105 1103.55407715 0 98.30000305 1091.10400391 0 98.30000305 1007.05407715 0 115.80000305 1050.10400391 0 115.80000305 1017.10400391 0 98.30000305 1050.10400391 0 115.80000305 1007.05407715 0 198.30000305 1007.05407715 0 189.79998779 1007.05407715 0 198.30000305 1050.10400391 0 189.79998779 1050.10400391 0 189.79998779 1017.10400391 0 198.30000305 1091.10400391 0 189.79998779 1091.10400391 0 115.80000305 1091.10400391 0 177.8420105 1091.10400391 0 154.48402405 1091.10400391 0 154.48402405 1103.55407715 0 154.48402405 999.55407715 0 177.8420105 999.55407715 0 177.8420105 1007.05407715 0 154.48402405 1007.05407715 0 177.8420105 1017.10400391 0 154.48402405 1017.10400391 0 115.80000305 1103.55407715 0 115.80000305 999.55407715 0 98.30000305 999.55407715 0 189.79998779 999.55407715 0 189.79998779 1103.55407715</float_array>
          <technique_common>
            <accessor source="#pos_0-array" count="6288" stride="3">
              <param name="X" type="float"/>
              <param name="Y" type="float"/>
              <param name="Z" type="float"/>
            </accessor>
          </technique_common>
        </source>
        <source id="norm_0">
          <float_array id="norm_0-array" count="660">1 0 0 -0 1 0 -1 0 0 -0 -1 -0 -0 0 1 0 0 -1 0.25882 -0 0.96593 0.7071 -0 0.70711 0.96593 -0 0.25882 0.96593 0 -0.25882 0.7071 0 -0.70711 0.25882 0 -0.96593 0.25882 -0 0.96593 0.7071 -0 0.70711 0.96593 -0 0.25882 0.96593 0 -0.25882 0.7071 0 -0.70711 0.25882 0 -0.96593 0.25882 -0 0.96593 0.96593 -0 0.25881 0.96593 0 -0.25882 0.25882 0 -0.96593 0.96593 0.25882 -0 0.7071 0.70711 -0 0.25882 0.96593 -0 -0.25882 0.96593 0 -0.7071 0.70711 0 -0.96593 0.25882 0 0.96593 0.25882 -0 0.7071 0.70711 -0 0.25882 0.96593 -0 -0.25882 0.96593 0 -0.7071 0.70711 0 -0.96593 0.25882 0 0.70711 0.7071 -0 -0.70711 0.7071 0 0.96593 0.25882 -0 0.25882 0.96593 -0 -0.25882 0.96593 0 -0.96593 0.25882 0 -0.25882 0 0.96593 -0.7071 0 0.70711 -0.96593 0 0.25882 -0.96593 -0 -0.25882 -0.7071 -0 -0.70711 -0.25882 -0 -0.96593 -0.25882 0 0.96593 -0.96593 0 0.25881 -0.96593 -0 -0.25882 -0.25882 -0 -0.96593 -0.25882 0 0.96593 -0.7071 0 0.70711 -0.96593 0 0.25882 -0.96593 -0 -0.25882 -0.7071 -0 -0.70711 -0.25882 -0 -0.96593 -0.96593 -0.25882 0 -0.7071 -0.70711 0 -0.25882 -0.96593 0 0.25882 -0.96593 0 0.7071 -0.70711 0 0.96593 -0.25881 0 -0.96593 -0.25882 0 0.96593 -0.25882 0 -0.96593 -0.25882 0 -0.25882 -0.96593 0 0.25882 -0.96593 0 0.96593 -0.25882 0 -0.96593 -0.25881 0 0.96593 -0.25882 0 -0.96593 -0.25882 0 -0.7071 -0.70711 0 -0.25882 -0.96593 0 0.25882 -0.96593 0 0.7071 -0.70711 0 0.96593 -0.25882 0 0 0.25882 0.96593 -0 0.96593 0.25882 -0 0.7071 0.70711 0 -0.25883 0.96592 0 -0.96593 0.25879 0 -0.70709 0.70712 0 -0.25882 -0.96593 -0 -0.96593 -0.25882 0 -0.70711 -0.70711 0 0.25882 -0.96592 0 0.70711 -0.70711 0 0.96593 -0.25882 0 0.25881 0.96593 0 0.70709 0.70712 0 0.96593 0.25882 0 0.96593 -0.25882 0 0.70711 -0.7071 0 0.25881 -0.96593 0 0.25885 0.96592 0 0.70713 -0.70708 0 0.25878 -0.96594 0 0.25885 0.96592 0 0.7071 0.70712 0 0.70714 -0.70708 0 0.25878 -0.96594 0 0.25881 0.96593 0 0.70712 -0.7071 0 0.25881 -0.96593 0 0.11197 -0.99371 0 0.33027 -0.94389 0 0.53203 -0.84672 0 0.84672 -0.53203 0 0.94388 -0.33028 0 0.99371 -0.11196 -0 0.99371 0.11197 -0 0.94388 0.33028 -0 0.84672 0.53203 -0 0.70711 0.70711 -0 0.53203 0.84672 -0 0.33027 0.94389 -0 0.11197 0.99371 0 0.25881 0.96593 0 0.70709 0.70712 0 0.96593 0.25881 0 0.96592 -0.25883 0 0.70712 -0.70709 0 0.25881 -0.96593 0 0.25884 0.96592 0 0.96593 0.25882 0 0.96593 -0.25882 0 0.25885 0.96592 0 0.70709 -0.70712 0 0.25885 -0.96592 0 0.70709 0.70712 0 0.96593 0.25881 0 0.96593 -0.25881 0 0.70709 -0.70712 0 0.25885 -0.96592 -0 0.96592 0.25884 -0 0.70713 0.70708 -0 0.25878 0.96594 0 0.96593 -0.25882 0 -0.96593 -0.25882 0 -0.70709 -0.70712 0 -0.25885 -0.96592 0 -0.25878 0.96594 0 -0.70713 0.70708 0 -0.96592 0.25884 0 -0.25878 0.96594 0 -0.70714 0.70708 0 -0.96592 0.25884 0 -0.96593 -0.25882 0 -0.7071 -0.70712 0 -0.25885 -0.96592 -0 0.96592 0.25884 0 -0.25885 0.96592 0 -0.7071 0.70712 0 -0.96593 0.25882 0 0.70713 -0.70708 0 0.96592 -0.25884 0 -0.96592 -0.25884 0 -0.70714 -0.70708 0 -0.25878 -0.96594 0 -0.25885 0.96592 0 -0.96593 0.25882 -0 0.96593 0.25882 0 -0.96592 -0.25884 0 -0.70713 -0.70708 0 -0.25878 -0.96594 0 0.96592 -0.25884 -0 -0.70709 -0.70712 0 -0.70709 0.70712 -0 -0.25881 -0.96593 -0 -0.70712 -0.70709 -0 -0.96592 -0.25883 0 -0.96593 0.25881 0 -0.70709 0.70712 0 -0.25881 0.96593 -0 -0.96593 -0.25882 0 -0.96593 0.25882 0 -0.70711 0.70711 0 -0.25884 0.96592 0 -0.11197 0.99371 0 -0.33027 0.94389 0 -0.53203 0.84672 0 -0.84672 0.53203 0 -0.94388 0.33028 0 -0.99371 0.11196 0 -0.99371 -0.11196 0 -0.94388 -0.33028 0 -0.84672 -0.53203 0 -0.53203 -0.84672 0 -0.33027 -0.94389 0 -0.11197 -0.99371 -0 -0.25881 -0.96593 -0 -0.70711 -0.7071 -0 -0.96593 -0.25881 0 -0.96593 0.25881 0 -0.25881 0.96593 -0 -0.25878 -0.96594 -0 -0.70713 -0.70708 0 -0.25885 0.96592 -0 -0.25881 -0.96593 -0 -0.70711 -0.7071 0 -0.25881 0.96593 0 -0.96592 -0.25883 0 -0.70711 0.7071 -0 0.70711 0.7071 0 0.96592 -0.25883 0 0.29065 -0.95683 0.00562 0.25885 -0.9659 0 0.03305 -0.99945 0 -0.96592 -0.25883 0 -0.25881 0.96593 0 -0.70712 0.7071 0 0.96592 -0.25883 0 -0.19503 0.9808 0 -0.55555 0.83148 0 -0.83149 0.55554 0 -0.98078 0.1951 0 -0.19513 0.98078 0 -0.83146 0.55559 0 -0.98079 0.19508 0.00562 0.25885 -0.9659</float_array>
          <technique_common>
            <accessor source="#norm_0-array" count="660" stride="3">
              <param name="X" type="float"/>
              <param name="Y" type="float"/>
              <param name="Z" type="float"/>
            </accessor>
          </technique_common>
        </source>
        <vertices id="vert_0">
          <input semantic="POSITION" source="#pos_0"/>
        </vertices>
        <triangles count="4368" material="mat_0">
          <input semantic="VERTEX" source="#vert_0" offset="0"/>
          <input semantic="NORMAL" source="#norm_0" offset="1"/>
          <p>0 0 1 0 2 0 2 0 1 0 3 0 4 1 0 1 5 1 5 1 0 1 2 1 6 2 4 2 7 2 7 2 4 2 5 2 1 3 6 3 3 3 3 3 6 3 7 3 4 4 6 4 0 4 0 4 6 4 1 4 7 5 5 5 3 5 3 5 5 5 2 5 8 0 9 0 10 0 10 0 9 0 11 0 12 3 8 3 13 3 13 3 8 3 10 3 14 2 12 2 15 2 15 2 12 2 13 2 9 1 14 1 11 1 11 1 14 1 15 1 12 5 14 5 8 5 8 5 14 5 9 5 15 4 13 4 11 4 11 4 13 4 10 4 16 0 17 0 6 0 6 0 17 0 4 0 18 3 16 3 19 3 19 3 16 3 6 3 8 2 18 2 10 2 10 2 18 2 19 2 17 1 8 1 4 1 4 1 8 1 10 1 18 5 8 5 16 5 16 5 8 5 17 5 10 4 19 4 4 4 4 4 19 4 6 4 15 2 20 2 21 2 21 2 20 2 22 2 11 3 15 3 23 3 23 3 15 3 21 3 24 0 11 0 25 0 25 0 11 0 23 0 20 1 24 1 22 1 22 1 24 1 25 1 11 4 24 4 15 4 15 4 24 4 20 4 25 5 23 5 22 5 22 5 23 5 21 5 26 2 13 2 27 2 27 2 13 2 28 2 19 3 26 3 29 3 29 3 26 3 27 3 10 0 19 0 30 0 30 0 19 0 29 0 13 1 10 1 28 1 28 1 10 1 30 1 19 4 10 4 26 4 26 4 10 4 13 4 30 5 29 5 28 5 28 5 29 5 27 5 31 0 32 0 33 0 33 0 32 0 34 0 35 1 31 1 36 1 36 1 31 1 33 1 37 2 35 2 38 2 38 2 35 2 36 2 32 3 37 3 34 3 34 3 37 3 38 3 35 4 37 4 31 4 31 4 37 4 32 4 38 5 36 5 34 5 34 5 36 5 33 5 39 0 40 0 41 0 41 0 40 0 42 0 43 3 39 3 44 3 44 3 39 3 41 3 45 2 43 2 46 2 46 2 43 2 44 2 40 1 45 1 42 1 42 1 45 1 46 1 43 5 45 5 39 5 39 5 45 5 40 5 46 4 44 4 42 4 42 4 44 4 41 4 47 0 48 0 49 0 49 0 48 0 50 0 51 3 47 3 52 3 52 3 47 3 49 3 53 2 51 2 54 2 54 2 51 2 52 2 48 1 53 1 50 1 50 1 53 1 54 1 51 5 53 5 47 5 47 5 53 5 48 5 54 4 52 4 50 4 50 4 52 4 49 4 55 1 56 1 57 1 57 1 56 1 58 1 59 0 55 0 60 0 60 0 55 0 57 0 40 3 59 3 42 3 42 3 59 3 60 3 56 2 40 2 58 2 58 2 40 2 42 2 59 5 40 5 55 5 55 5 40 5 56 5 42 4 60 4 58 4 58 4 60 4 57 4 61 1 62 1 63 1 63 1 62 1 64 1 65 0 61 0 66 0 66 0 61 0 63 0 48 3 65 3 50 3 50 3 65 3 66 3 62 2 48 2 64 2 64 2 48 2 50 2 65 5 48 5 61 5 61 5 48 5 62 5 50 4 66 4 64 4 64 4 66 4 63 4 67 1 68 1 32 1 32 1 68 1 37 1 69 0 67 0 0 0 0 0 67 0 32 0 17 3 69 3 4 3 4 3 69 3 0 3 68 2 17 2 37 2 37 2 17 2 4 2 69 5 17 5 67 5 67 5 17 5 68 5 4 4 0 4 37 4 37 4 0 4 32 4 68 0 70 0 37 0 37 0 70 0 35 0 9 3 68 3 11 3 11 3 68 3 37 3 71 2 9 2 24 2 24 2 9 2 11 2 70 1 71 1 35 1 35 1 71 1 24 1 9 5 71 5 68 5 68 5 71 5 70 5 24 4 11 4 35 4 35 4 11 4 37 4 56 0 72 0 58 0 58 0 72 0 73 0 74 3 56 3 75 3 75 3 56 3 58 3 76 2 74 2 77 2 77 2 74 2 75 2 72 1 76 1 73 1 73 1 76 1 77 1 74 5 76 5 56 5 56 5 76 5 72 5 77 4 75 4 73 4 73 4 75 4 58 4 62 0 78 0 64 0 64 0 78 0 79 0 80 3 62 3 81 3 81 3 62 3 64 3 82 2 80 2 83 2 83 2 80 2 81 2 78 1 82 1 79 1 79 1 82 1 83 1 80 5 82 5 62 5 62 5 82 5 78 5 83 4 81 4 79 4 79 4 81 4 64 4 45 0 74 0 46 0 46 0 74 0 75 0 84 3 45 3 85 3 85 3 45 3 46 3 86 2 84 2 87 2 87 2 84 2 85 2 74 1 86 1 75 1 75 1 86 1 87 1 84 5 86 5 45 5 45 5 86 5 74 5 87 4 85 4 75 4 75 4 85 4 46 4 53 0 80 0 54 0 54 0 80 0 81 0 88 3 53 3 89 3 89 3 53 3 54 3 90 2 88 2 91 2 91 2 88 2 89 2 80 1 90 1 81 1 81 1 90 1 91 1 88 5 90 5 53 5 53 5 90 5 80 5 91 4 89 4 81 4 81 4 89 4 54 4 92 0 93 0 36 0 36 0 93 0 38 0 94 1 92 1 25 1 25 1 92 1 36 1 95 2 94 2 23 2 23 2 94 2 25 2 93 3 95 3 38 3 38 3 95 3 23 3 94 4 95 4 92 4 92 4 95 4 93 4 23 5 25 5 38 5 38 5 25 5 36 5 96 0 97 0 5 0 5 0 97 0 7 0 98 1 96 1 30 1 30 1 96 1 5 1 99 2 98 2 29 2 29 2 98 2 30 2 97 3 99 3 7 3 7 3 99 3 29 3 98 4 99 4 96 4 96 4 99 4 97 4 29 5 30 5 7 5 7 5 30 5 5 5 100 6 101 6 102 6 102 6 101 6 103 6 102 7 103 7 104 7 104 7 103 7 105 7 104 8 105 8 106 8 106 8 105 8 107 8 106 9 107 9 108 9 108 9 107 9 109 9 108 10 109 10 110 10 110 10 109 10 111 10 110 11 111 11 112 11 112 11 111 11 113 11 114 12 115 12 116 12 116 12 115 12 117 12 116 13 117 13 118 13 118 13 117 13 119 13 118 14 119 14 120 14 120 14 119 14 121 14 120 15 121 15 122 15 122 15 121 15 123 15 122 16 123 16 124 16 124 16 123 16 125 16 124 17 125 17 126 17 126 17 125 17 127 17 128 6 129 6 130 6 130 6 129 6 131 6 130 7 131 7 132 7 132 7 131 7 133 7 132 8 133 8 134 8 134 8 133 8 135 8 134 9 135 9 136 9 136 9 135 9 137 9 136 10 137 10 138 10 138 10 137 10 139 10 138 11 139 11 140 11 140 11 139 11 141 11 142 18 143 18 144 18 144 18 143 18 145 18 144 13 145 13 146 13 146 13 145 13 147 13 146 19 147 19 148 19 148 19 147 19 149 19 148 20 149 20 150 20 150 20 149 20 151 20 150 16 151 16 152 16 152 16 151 16 153 16 152 21 153 21 154 21 154 21 153 21 155 21 156 12 157 12 158 12 158 12 157 12 159 12 158 13 159 13 160 13 160 13 159 13 161 13 160 14 161 14 162 14 162 14 161 14 163 14 162 15 163 15 164 15 164 15 163 15 165 15 164 16 165 16 166 16 166 16 165 16 167 16 166 17 167 17 168 17 168 17 167 17 169 17 170 18 171 18 172 18 172 18 171 18 173 18 172 13 173 13 174 13 174 13 173 13 175 13 174 19 175 19 176 19 176 19 175 19 177 19 176 20 177 20 178 20 178 20 177 20 179 20 178 16 179 16 180 16 180 16 179 16 181 16 180 21 181 21 182 21 182 21 181 21 183 21 184 22 185 22 186 22 186 22 185 22 187 22 186 23 187 23 188 23 188 23 187 23 189 23 188 24 189 24 190 24 190 24 189 24 191 24 190 25 191 25 192 25 192 25 191 25 193 25 192 26 193 26 194 26 194 26 193 26 195 26 194 27 195 27 196 27 196 27 195 27 197 27 198 28 199 28 200 28 200 28 199 28 201 28 200 29 201 29 202 29 202 29 201 29 203 29 202 30 203 30 204 30 204 30 203 30 205 30 204 31 205 31 206 31 206 31 205 31 207 31 206 32 207 32 208 32 208 32 207 32 209 32 208 33 209 33 210 33 210 33 209 33 211 33 212 28 213 28 214 28 214 28 213 28 215 28 214 34 215 34 216 34 216 34 215 34 217 34 216 30 217 30 218 30 218 30 217 30 219 30 218 31 219 31 220 31 220 31 219 31 221 31 220 35 221 35 222 35 222 35 221 35 223 35 222 33 223 33 224 33 224 33 223 33 225 33 226 36 227 36 228 36 228 36 227 36 229 36 228 34 229 34 230 34 230 34 229 34 231 34 230 37 231 37 232 37 232 37 231 37 233 37 232 38 233 38 234 38 234 38 233 38 235 38 234 35 235 35 236 35 236 35 235 35 237 35 236 39 237 39 238 39 238 39 237 39 239 39 240 36 241 36 242 36 242 36 241 36 243 36 242 29 243 29 244 29 244 29 243 29 245 29 244 37 245 37 246 37 246 37 245 37 247 37 246 38 247 38 248 38 248 38 247 38 249 38 248 32 249 32 250 32 250 32 249 32 251 32 250 39 251 39 252 39 252 39 251 39 253 39 254 11 255 11 256 11 256 11 255 11 257 11 256 10 257 10 258 10 258 10 257 10 259 10 258 9 259 9 260 9 260 9 259 9 261 9 260 8 261 8 262 8 262 8 261 8 263 8 262 7 263 7 264 7 264 7 263 7 265 7 264 6 265 6 266 6 266 6 265 6 267 6 268 17 269 17 270 17 270 17 269 17 271 17 270 16 271 16 272 16 272 16 271 16 273 16 272 15 273 15 274 15 274 15 273 15 275 15 274 14 275 14 276 14 276 14 275 14 277 14 276 13 277 13 278 13 278 13 277 13 279 13 278 12 279 12 280 12 280 12 279 12 281 12 282 11 283 11 284 11 284 11 283 11 285 11 284 10 285 10 286 10 286 10 285 10 287 10 286 9 287 9 288 9 288 9 287 9 289 9 288 8 289 8 290 8 290 8 289 8 291 8 290 7 291 7 292 7 292 7 291 7 293 7 292 6 293 6 294 6 294 6 293 6 295 6 296 21 297 21 298 21 298 21 297 21 299 21 298 16 299 16 300 16 300 16 299 16 301 16 300 20 301 20 302 20 302 20 301 20 303 20 302 19 303 19 304 19 304 19 303 19 305 19 304 13 305 13 306 13 306 13 305 13 307 13 306 18 307 18 308 18 308 18 307 18 309 18 310 17 311 17 312 17 312 17 311 17 313 17 312 16 313 16 314 16 314 16 313 16 315 16 314 15 315 15 316 15 316 15 315 15 317 15 316 14 317 14 318 14 318 14 317 14 319 14 318 13 319 13 320 13 320 13 319 13 321 13 320 12 321 12 322 12 322 12 321 12 323 12 324 21 325 21 326 21 326 21 325 21 327 21 326 16 327 16 328 16 328 16 327 16 329 16 328 20 329 20 330 20 330 20 329 20 331 20 330 19 331 19 332 19 332 19 331 19 333 19 332 13 333 13 334 13 334 13 333 13 335 13 334 18 335 18 336 18 336 18 335 18 337 18 338 0 339 0 340 0 340 0 339 0 341 0 340 0 341 0 342 0 342 0 341 0 343 0 342 0 343 0 344 0 344 0 343 0 345 0 346 0 347 0 348 0 348 0 347 0 349 0 348 0 349 0 345 0 345 0 349 0 344 0 350 4 351 4 352 4 352 4 351 4 353 4 352 4 353 4 354 4 354 4 353 4 355 4 354 4 355 4 356 4 356 4 355 4 357 4 356 4 357 4 358 4 358 4 357 4 359 4 358 4 359 4 360 4 360 4 359 4 361 4 360 4 361 4 362 4 362 4 361 4 363 4 362 4 363 4 346 4 346 4 363 4 347 4 364 2 365 2 366 2 366 2 365 2 367 2 366 2 367 2 350 2 350 2 367 2 351 2 365 2 364 2 368 2 368 2 364 2 369 2 368 2 369 2 370 2 370 2 369 2 371 2 370 2 371 2 372 2 372 2 371 2 373 2 374 2 375 2 376 2 376 2 375 2 377 2 376 2 377 2 373 2 373 2 377 2 372 2 375 2 374 2 378 2 378 2 374 2 379 2 378 2 379 2 380 2 380 2 379 2 381 2 380 2 381 2 382 2 382 2 381 2 383 2 384 2 385 2 386 2 386 2 385 2 387 2 386 2 387 2 383 2 383 2 387 2 382 2 388 4 389 4 390 4 390 4 389 4 391 4 390 4 391 4 392 4 392 4 391 4 393 4 392 4 393 4 394 4 394 4 393 4 395 4 394 4 395 4 396 4 396 4 395 4 397 4 396 4 397 4 398 4 398 4 397 4 399 4 398 4 399 4 400 4 400 4 399 4 401 4 400 4 401 4 384 4 384 4 401 4 385 4 402 0 403 0 404 0 404 0 403 0 405 0 404 0 405 0 388 0 388 0 405 0 389 0 403 0 402 0 406 0 406 0 402 0 407 0 406 0 407 0 408 0 408 0 407 0 409 0 408 0 409 0 410 0 410 0 409 0 411 0 336 40 337 40 412 40 412 40 337 40 413 40 412 41 413 41 414 41 414 41 413 41 415 41 414 42 415 42 416 42 416 42 415 42 417 42 416 43 417 43 418 43 418 43 417 43 419 43 418 44 419 44 420 44 420 44 419 44 421 44 420 45 421 45 324 45 324 45 421 45 325 45 322 46 323 46 422 46 422 46 323 46 423 46 422 41 423 41 424 41 424 41 423 41 425 41 424 47 425 47 426 47 426 47 425 47 427 47 426 48 427 48 428 48 428 48 427 48 429 48 428 44 429 44 430 44 430 44 429 44 431 44 430 49 431 49 310 49 310 49 431 49 311 49 308 40 309 40 432 40 432 40 309 40 433 40 432 41 433 41 434 41 434 41 433 41 435 41 434 42 435 42 436 42 436 42 435 42 437 42 436 43 437 43 438 43 438 43 437 43 439 43 438 44 439 44 440 44 440 44 439 44 441 44 440 45 441 45 296 45 296 45 441 45 297 45 294 50 295 50 442 50 442 50 295 50 443 50 442 51 443 51 444 51 444 51 443 51 445 51 444 52 445 52 446 52 446 52 445 52 447 52 446 53 447 53 448 53 448 53 447 53 449 53 448 54 449 54 450 54 450 54 449 54 451 54 450 55 451 55 282 55 282 55 451 55 283 55 280 46 281 46 452 46 452 46 281 46 453 46 452 41 453 41 454 41 454 41 453 41 455 41 454 47 455 47 456 47 456 47 455 47 457 47 456 48 457 48 458 48 458 48 457 48 459 48 458 44 459 44 460 44 460 44 459 44 461 44 460 49 461 49 268 49 268 49 461 49 269 49 266 50 267 50 462 50 462 50 267 50 463 50 462 51 463 51 464 51 464 51 463 51 465 51 464 52 465 52 466 52 466 52 465 52 467 52 466 53 467 53 468 53 468 53 467 53 469 53 468 54 469 54 470 54 470 54 469 54 471 54 470 55 471 55 254 55 254 55 471 55 255 55 252 56 253 56 472 56 472 56 253 56 473 56 472 57 473 57 474 57 474 57 473 57 475 57 474 58 475 58 476 58 476 58 475 58 477 58 476 59 477 59 478 59 478 59 477 59 479 59 478 60 479 60 480 60 480 60 479 60 481 60 480 61 481 61 240 61 240 61 481 61 241 61 238 62 239 62 482 62 482 62 239 62 483 62 482 57 483 57 484 57 484 57 483 57 485 57 484 58 485 58 486 58 486 58 485 58 487 58 486 59 487 59 488 59 488 59 487 59 489 59 488 60 489 60 490 60 490 60 489 60 491 60 490 63 491 63 226 63 226 63 491 63 227 63 224 64 225 64 492 64 492 64 225 64 493 64 492 57 493 57 494 57 494 57 493 57 495 57 494 65 495 65 496 65 496 65 495 65 497 65 496 66 497 66 498 66 498 66 497 66 499 66 498 60 499 60 500 60 500 60 499 60 501 60 500 67 501 67 212 67 212 67 501 67 213 67 210 68 211 68 502 68 502 68 211 68 503 68 502 57 503 57 504 57 504 57 503 57 505 57 504 65 505 65 506 65 506 65 505 65 507 65 506 66 507 66 508 66 508 66 507 66 509 66 508 60 509 60 510 60 510 60 509 60 511 60 510 69 511 69 198 69 198 69 511 69 199 69 196 70 197 70 512 70 512 70 197 70 513 70 512 71 513 71 514 71 514 71 513 71 515 71 514 72 515 72 516 72 516 72 515 72 517 72 516 73 517 73 518 73 518 73 517 73 519 73 518 74 519 74 520 74 520 74 519 74 521 74 520 75 521 75 184 75 184 75 521 75 185 75 182 45 183 45 522 45 522 45 183 45 523 45 522 44 523 44 524 44 524 44 523 44 525 44 524 43 525 43 526 43 526 43 525 43 527 43 526 42 527 42 528 42 528 42 527 42 529 42 528 41 529 41 530 41 530 41 529 41 531 41 530 40 531 40 170 40 170 40 531 40 171 40 168 49 169 49 532 49 532 49 169 49 533 49 532 44 533 44 534 44 534 44 533 44 535 44 534 48 535 48 536 48 536 48 535 48 537 48 536 47 537 47 538 47 538 47 537 47 539 47 538 41 539 41 540 41 540 41 539 41 541 41 540 46 541 46 156 46 156 46 541 46 157 46 154 45 155 45 542 45 542 45 155 45 543 45 542 44 543 44 544 44 544 44 543 44 545 44 544 43 545 43 546 43 546 43 545 43 547 43 546 42 547 42 548 42 548 42 547 42 549 42 548 41 549 41 550 41 550 41 549 41 551 41 550 40 551 40 142 40 142 40 551 40 143 40 140 55 141 55 552 55 552 55 141 55 553 55 552 54 553 54 554 54 554 54 553 54 555 54 554 53 555 53 556 53 556 53 555 53 557 53 556 52 557 52 558 52 558 52 557 52 559 52 558 51 559 51 560 51 560 51 559 51 561 51 560 50 561 50 128 50 128 50 561 50 129 50 126 49 127 49 562 49 562 49 127 49 563 49 562 44 563 44 564 44 564 44 563 44 565 44 564 48 565 48 566 48 566 48 565 48 567 48 566 47 567 47 568 47 568 47 567 47 569 47 568 41 569 41 570 41 570 41 569 41 571 41 570 46 571 46 114 46 114 46 571 46 115 46 112 55 113 55 572 55 572 55 113 55 573 55 572 54 573 54 574 54 574 54 573 54 575 54 574 53 575 53 576 53 576 53 575 53 577 53 576 52 577 52 578 52 578 52 577 52 579 52 578 51 579 51 580 51 580 51 579 51 581 51 580 50 581 50 100 50 100 50 581 50 101 50 339 0 338 0 582 0 582 0 338 0 583 0 582 0 583 0 411 0 411 0 583 0 410 0 584 76 375 76 378 76 382 77 585 77 380 77 380 77 585 77 586 77 380 77 586 77 587 77 588 77 589 77 406 77 406 77 589 77 590 77 406 77 590 77 403 77 587 77 588 77 380 77 380 77 588 77 406 77 380 78 406 78 378 78 378 78 406 78 408 78 378 76 408 76 584 76 584 76 408 76 410 76 573 1 113 1 591 1 543 1 155 1 592 1 523 1 183 1 405 1 405 1 183 1 592 1 405 1 592 1 389 1 183 1 181 1 592 1 592 1 181 1 179 1 592 1 179 1 590 1 590 1 179 1 177 1 590 1 177 1 175 1 175 1 173 1 590 1 590 1 173 1 171 1 590 1 171 1 403 1 403 1 171 1 531 1 531 1 529 1 403 1 403 1 529 1 527 1 403 1 527 1 405 1 405 1 527 1 525 1 405 1 525 1 523 1 592 1 155 1 593 1 155 1 153 1 593 1 593 1 153 1 151 1 593 1 151 1 589 1 589 1 151 1 149 1 589 1 149 1 147 1 147 1 145 1 589 1 589 1 145 1 143 1 589 1 143 1 590 1 590 1 143 1 551 1 551 1 549 1 590 1 590 1 549 1 547 1 590 1 547 1 592 1 592 1 547 1 545 1 592 1 545 1 543 1 561 1 589 1 129 1 129 1 589 1 588 1 129 1 588 1 131 1 131 1 588 1 133 1 561 1 559 1 589 1 589 1 559 1 557 1 589 1 557 1 593 1 593 1 557 1 555 1 591 1 137 1 588 1 588 1 137 1 135 1 588 1 135 1 133 1 555 1 553 1 593 1 593 1 553 1 141 1 593 1 141 1 591 1 591 1 141 1 139 1 591 1 139 1 137 1 591 1 113 1 594 1 113 1 111 1 594 1 594 1 111 1 109 1 594 1 109 1 587 1 587 1 109 1 107 1 587 1 107 1 105 1 105 1 103 1 587 1 587 1 103 1 101 1 587 1 101 1 588 1 588 1 101 1 581 1 581 1 579 1 588 1 588 1 579 1 577 1 588 1 577 1 591 1 591 1 577 1 575 1 591 1 575 1 573 1 167 1 165 1 595 1 595 1 165 1 586 1 586 1 165 1 163 1 586 1 163 1 161 1 541 1 587 1 157 1 157 1 587 1 586 1 157 1 586 1 159 1 159 1 586 1 161 1 167 1 595 1 169 1 169 1 595 1 594 1 169 1 594 1 533 1 541 1 539 1 587 1 587 1 539 1 537 1 587 1 537 1 594 1 594 1 537 1 535 1 594 1 535 1 533 1 121 1 119 1 585 1 125 1 123 1 596 1 596 1 123 1 121 1 571 1 586 1 115 1 115 1 586 1 585 1 115 1 585 1 117 1 117 1 585 1 119 1 125 1 596 1 127 1 127 1 596 1 595 1 127 1 595 1 563 1 571 1 569 1 586 1 586 1 569 1 567 1 586 1 567 1 595 1 595 1 567 1 565 1 595 1 565 1 563 1 121 1 585 1 596 1 596 1 585 1 382 1 596 1 382 1 387 1 389 1 592 1 391 1 391 1 592 1 593 1 391 1 593 1 393 1 393 1 593 1 591 1 393 1 591 1 395 1 395 1 591 1 594 1 395 1 594 1 397 1 397 1 594 1 595 1 397 1 595 1 399 1 399 1 595 1 596 1 399 1 596 1 401 1 401 1 596 1 387 1 401 1 387 1 385 1 597 79 338 79 340 79 344 80 598 80 342 80 342 80 598 80 599 80 600 80 601 80 368 80 372 79 597 79 370 79 370 79 597 79 340 79 370 81 340 81 368 81 368 81 340 81 342 81 368 80 342 80 600 80 600 80 342 80 599 80 601 80 602 80 368 80 368 80 602 80 603 80 368 80 603 80 365 80 209 4 583 4 211 4 211 4 583 4 338 4 211 4 338 4 503 4 209 4 207 4 583 4 583 4 207 4 205 4 583 4 205 4 604 4 604 4 205 4 203 4 604 4 203 4 201 4 521 4 519 4 597 4 597 4 519 4 517 4 597 4 517 4 511 4 511 4 509 4 597 4 597 4 509 4 507 4 597 4 507 4 338 4 338 4 507 4 505 4 338 4 505 4 503 4 604 4 187 4 597 4 597 4 187 4 185 4 597 4 185 4 521 4 517 4 515 4 511 4 511 4 515 4 513 4 511 4 513 4 199 4 199 4 513 4 197 4 199 4 197 4 201 4 201 4 197 4 195 4 195 4 193 4 201 4 201 4 193 4 191 4 201 4 191 4 604 4 604 4 191 4 189 4 604 4 189 4 187 4 245 4 243 4 377 4 377 4 243 4 372 4 372 4 243 4 241 4 372 4 241 4 481 4 475 4 597 4 477 4 477 4 597 4 372 4 477 4 372 4 479 4 479 4 372 4 481 4 604 4 249 4 377 4 377 4 249 4 247 4 377 4 247 4 245 4 475 4 473 4 597 4 597 4 473 4 253 4 597 4 253 4 604 4 604 4 253 4 251 4 604 4 251 4 249 4 495 4 493 4 583 4 583 4 493 4 225 4 583 4 225 4 410 4 410 4 225 4 223 4 223 4 221 4 410 4 410 4 221 4 219 4 410 4 219 4 584 4 213 4 604 4 215 4 215 4 604 4 584 4 215 4 584 4 217 4 217 4 584 4 219 4 213 4 501 4 604 4 604 4 501 4 499 4 604 4 499 4 583 4 583 4 499 4 497 4 583 4 497 4 495 4 231 4 229 4 375 4 375 4 229 4 377 4 377 4 229 4 227 4 377 4 227 4 491 4 491 4 489 4 377 4 377 4 489 4 487 4 377 4 487 4 604 4 604 4 487 4 485 4 584 4 235 4 375 4 375 4 235 4 233 4 375 4 233 4 231 4 485 4 483 4 604 4 604 4 483 4 239 4 604 4 239 4 584 4 584 4 239 4 237 4 584 4 237 4 235 4 335 3 598 3 337 3 337 3 598 3 344 3 337 3 344 3 413 3 413 3 344 3 415 3 335 3 333 3 598 3 598 3 333 3 331 3 598 3 331 3 605 3 605 3 331 3 329 3 329 3 327 3 605 3 605 3 327 3 325 3 605 3 325 3 349 3 325 3 421 3 349 3 349 3 421 3 419 3 349 3 419 3 344 3 344 3 419 3 417 3 344 3 417 3 415 3 305 3 303 3 599 3 605 3 606 3 297 3 297 3 606 3 299 3 599 3 303 3 606 3 606 3 303 3 301 3 606 3 301 3 299 3 435 3 433 3 598 3 598 3 433 3 309 3 598 3 309 3 599 3 599 3 309 3 307 3 599 3 307 3 305 3 297 3 441 3 605 3 605 3 441 3 439 3 605 3 439 3 598 3 598 3 439 3 437 3 598 3 437 3 435 3 293 3 600 3 295 3 295 3 600 3 599 3 295 3 599 3 443 3 443 3 599 3 445 3 287 3 607 3 289 3 289 3 607 3 600 3 289 3 600 3 291 3 291 3 600 3 293 3 287 3 285 3 607 3 607 3 285 3 283 3 607 3 283 3 606 3 283 3 451 3 606 3 606 3 451 3 449 3 606 3 449 3 599 3 599 3 449 3 447 3 599 3 447 3 445 3 259 3 608 3 261 3 261 3 608 3 601 3 261 3 601 3 263 3 465 3 463 3 600 3 600 3 463 3 267 3 600 3 267 3 601 3 601 3 267 3 265 3 601 3 265 3 263 3 259 3 257 3 608 3 608 3 257 3 255 3 608 3 255 3 607 3 255 3 471 3 607 3 607 3 471 3 469 3 607 3 469 3 600 3 600 3 469 3 467 3 600 3 467 3 465 3 315 3 609 3 317 3 317 3 609 3 602 3 317 3 602 3 319 3 315 3 313 3 609 3 609 3 313 3 311 3 609 3 311 3 608 3 425 3 423 3 601 3 601 3 423 3 323 3 601 3 323 3 602 3 602 3 323 3 321 3 602 3 321 3 319 3 311 3 431 3 608 3 608 3 431 3 429 3 608 3 429 3 601 3 601 3 429 3 427 3 601 3 427 3 425 3 275 3 273 3 610 3 273 3 271 3 610 3 610 3 271 3 269 3 610 3 269 3 609 3 455 3 453 3 602 3 602 3 453 3 281 3 602 3 281 3 603 3 603 3 281 3 279 3 603 3 279 3 277 3 269 3 461 3 609 3 609 3 461 3 459 3 609 3 459 3 602 3 602 3 459 3 457 3 602 3 457 3 455 3 277 3 275 3 603 3 603 3 275 3 610 3 603 3 610 3 365 3 365 3 610 3 367 3 349 3 347 3 605 3 605 3 347 3 363 3 605 3 363 3 606 3 606 3 363 3 361 3 606 3 361 3 607 3 607 3 361 3 359 3 607 3 359 3 608 3 608 3 359 3 357 3 608 3 357 3 609 3 609 3 357 3 355 3 609 3 355 3 610 3 610 3 355 3 353 3 610 3 353 3 367 3 367 3 353 3 351 3 611 82 411 82 409 82 379 82 374 82 611 82 402 83 612 83 407 83 407 83 612 83 613 83 407 83 613 83 614 83 611 82 409 82 379 82 379 84 409 84 407 84 379 84 407 84 381 84 381 83 407 83 614 83 381 83 614 83 615 83 615 83 616 83 381 83 381 83 616 83 617 83 381 83 617 83 383 83 384 3 386 3 400 3 400 3 386 3 618 3 400 3 618 3 398 3 180 3 182 3 619 3 619 3 182 3 404 3 619 3 404 3 388 3 172 3 612 3 170 3 170 3 612 3 402 3 170 3 402 3 530 3 530 3 402 3 528 3 172 3 174 3 612 3 612 3 174 3 176 3 612 3 176 3 619 3 619 3 176 3 178 3 619 3 178 3 180 3 182 3 522 3 404 3 404 3 522 3 524 3 404 3 524 3 402 3 402 3 524 3 526 3 402 3 526 3 528 3 146 3 148 3 613 3 388 3 390 3 619 3 619 3 390 3 620 3 619 3 620 3 154 3 154 3 620 3 152 3 613 3 148 3 620 3 620 3 148 3 150 3 620 3 150 3 152 3 548 3 550 3 612 3 612 3 550 3 142 3 612 3 142 3 613 3 613 3 142 3 144 3 613 3 144 3 146 3 154 3 542 3 619 3 619 3 542 3 544 3 619 3 544 3 612 3 612 3 544 3 546 3 612 3 546 3 548 3 130 3 614 3 128 3 128 3 614 3 613 3 128 3 613 3 560 3 560 3 613 3 558 3 130 3 132 3 614 3 614 3 132 3 134 3 614 3 134 3 621 3 621 3 134 3 136 3 621 3 136 3 138 3 390 3 392 3 620 3 620 3 392 3 621 3 620 3 621 3 140 3 140 3 621 3 138 3 140 3 552 3 620 3 620 3 552 3 554 3 620 3 554 3 613 3 613 3 554 3 556 3 613 3 556 3 558 3 104 3 106 3 615 3 615 3 106 3 622 3 622 3 106 3 108 3 622 3 108 3 110 3 578 3 580 3 614 3 614 3 580 3 100 3 614 3 100 3 615 3 615 3 100 3 102 3 615 3 102 3 104 3 392 3 394 3 621 3 621 3 394 3 622 3 621 3 622 3 112 3 112 3 622 3 110 3 112 3 572 3 621 3 621 3 572 3 574 3 621 3 574 3 614 3 614 3 574 3 576 3 614 3 576 3 578 3 616 3 160 3 162 3 616 3 162 3 623 3 623 3 162 3 164 3 623 3 164 3 166 3 166 3 168 3 623 3 623 3 168 3 622 3 623 3 622 3 396 3 396 3 622 3 394 3 538 3 540 3 615 3 615 3 540 3 156 3 615 3 156 3 616 3 616 3 156 3 158 3 616 3 158 3 160 3 168 3 532 3 622 3 622 3 532 3 534 3 622 3 534 3 615 3 615 3 534 3 536 3 615 3 536 3 538 3 120 3 122 3 618 3 618 3 122 3 124 3 124 3 126 3 618 3 618 3 126 3 623 3 618 3 623 3 398 3 398 3 623 3 396 3 568 3 570 3 616 3 616 3 570 3 114 3 616 3 114 3 617 3 617 3 114 3 116 3 617 3 116 3 118 3 126 3 562 3 623 3 623 3 562 3 564 3 623 3 564 3 616 3 616 3 564 3 566 3 616 3 566 3 568 3 386 3 383 3 618 3 618 3 383 3 617 3 618 3 617 3 120 3 120 3 617 3 118 3 624 85 373 85 371 85 369 86 343 86 341 86 625 87 345 87 343 87 364 87 626 87 369 87 369 87 626 87 627 87 627 87 628 87 369 87 369 87 628 87 629 87 369 87 629 87 343 87 343 87 629 87 630 87 343 87 630 87 625 87 339 85 624 85 341 85 341 85 624 85 371 85 341 86 371 86 369 86 480 5 240 5 373 5 218 5 411 5 216 5 216 5 411 5 611 5 492 5 494 5 582 5 582 5 494 5 496 5 582 5 496 5 631 5 631 5 496 5 498 5 498 5 500 5 631 5 631 5 500 5 212 5 631 5 212 5 611 5 611 5 212 5 214 5 611 5 214 5 216 5 218 5 220 5 411 5 411 5 220 5 222 5 411 5 222 5 582 5 582 5 222 5 224 5 582 5 224 5 492 5 376 5 226 5 374 5 374 5 226 5 228 5 484 5 486 5 376 5 228 5 230 5 374 5 374 5 230 5 232 5 374 5 232 5 611 5 486 5 488 5 376 5 376 5 488 5 490 5 376 5 490 5 226 5 232 5 234 5 611 5 611 5 234 5 236 5 611 5 236 5 631 5 631 5 236 5 238 5 631 5 238 5 482 5 508 5 510 5 196 5 516 5 624 5 339 5 631 5 624 5 184 5 516 5 518 5 624 5 624 5 518 5 520 5 624 5 520 5 184 5 210 5 339 5 208 5 208 5 339 5 582 5 208 5 582 5 206 5 206 5 582 5 204 5 210 5 502 5 339 5 339 5 502 5 504 5 339 5 504 5 506 5 184 5 186 5 631 5 631 5 186 5 188 5 631 5 188 5 190 5 508 5 196 5 506 5 506 5 196 5 512 5 506 5 512 5 339 5 339 5 512 5 514 5 339 5 514 5 516 5 204 5 582 5 202 5 202 5 582 5 631 5 202 5 631 5 200 5 200 5 631 5 190 5 200 5 190 5 198 5 198 5 190 5 192 5 198 5 192 5 510 5 510 5 192 5 194 5 510 5 194 5 196 5 373 5 240 5 376 5 376 5 240 5 242 5 376 5 242 5 244 5 244 5 246 5 376 5 376 5 246 5 631 5 376 5 631 5 484 5 484 5 631 5 482 5 472 5 474 5 624 5 624 5 474 5 476 5 624 5 476 5 373 5 373 5 476 5 478 5 373 5 478 5 480 5 246 5 248 5 631 5 631 5 248 5 250 5 631 5 250 5 624 5 624 5 250 5 252 5 624 5 252 5 472 5 440 1 296 1 632 1 366 1 350 1 352 1 366 1 633 1 364 1 364 1 633 1 626 1 270 1 272 1 633 1 633 1 272 1 274 1 633 1 274 1 626 1 626 1 274 1 276 1 452 1 627 1 280 1 280 1 627 1 626 1 280 1 626 1 278 1 278 1 626 1 276 1 270 1 633 1 268 1 268 1 633 1 634 1 268 1 634 1 460 1 452 1 454 1 627 1 627 1 454 1 456 1 627 1 456 1 634 1 634 1 456 1 458 1 634 1 458 1 460 1 312 1 314 1 634 1 634 1 314 1 627 1 627 1 314 1 316 1 627 1 316 1 318 1 422 1 628 1 322 1 322 1 628 1 627 1 322 1 627 1 320 1 320 1 627 1 318 1 312 1 634 1 310 1 310 1 634 1 635 1 310 1 635 1 430 1 422 1 424 1 628 1 628 1 424 1 426 1 628 1 426 1 635 1 635 1 426 1 428 1 635 1 428 1 430 1 466 1 468 1 636 1 629 1 464 1 466 1 468 1 470 1 636 1 636 1 470 1 254 1 636 1 254 1 635 1 254 1 256 1 635 1 635 1 256 1 258 1 635 1 258 1 628 1 628 1 258 1 260 1 628 1 260 1 262 1 262 1 264 1 628 1 628 1 264 1 266 1 628 1 266 1 629 1 629 1 266 1 462 1 629 1 462 1 464 1 288 1 290 1 629 1 442 1 630 1 294 1 294 1 630 1 629 1 294 1 629 1 292 1 292 1 629 1 290 1 442 1 444 1 630 1 630 1 444 1 446 1 630 1 446 1 637 1 637 1 446 1 448 1 466 1 636 1 629 1 629 1 636 1 286 1 629 1 286 1 288 1 448 1 450 1 637 1 637 1 450 1 282 1 637 1 282 1 636 1 636 1 282 1 284 1 636 1 284 1 286 1 632 1 296 1 637 1 296 1 298 1 637 1 637 1 298 1 300 1 637 1 300 1 630 1 630 1 300 1 302 1 630 1 302 1 304 1 304 1 306 1 630 1 630 1 306 1 308 1 630 1 308 1 625 1 625 1 308 1 432 1 432 1 434 1 625 1 625 1 434 1 436 1 625 1 436 1 632 1 632 1 436 1 438 1 632 1 438 1 440 1 326 1 328 1 632 1 632 1 328 1 625 1 625 1 328 1 330 1 625 1 330 1 332 1 332 1 334 1 625 1 625 1 334 1 336 1 625 1 336 1 345 1 345 1 336 1 412 1 326 1 632 1 324 1 324 1 632 1 348 1 324 1 348 1 420 1 412 1 414 1 345 1 345 1 414 1 416 1 345 1 416 1 348 1 348 1 416 1 418 1 348 1 418 1 420 1 366 1 352 1 633 1 633 1 352 1 354 1 633 1 354 1 634 1 634 1 354 1 356 1 634 1 356 1 635 1 635 1 356 1 358 1 635 1 358 1 636 1 636 1 358 1 360 1 636 1 360 1 637 1 637 1 360 1 362 1 637 1 362 1 632 1 632 1 362 1 346 1 632 1 346 1 348 1 638 88 639 88 640 88 640 88 639 88 641 88 640 89 641 89 642 89 642 89 641 89 643 89 642 90 643 90 644 90 644 90 643 90 645 90 644 91 645 91 646 91 646 91 645 91 647 91 646 92 647 92 648 92 648 92 647 92 649 92 648 93 649 93 650 93 650 93 649 93 651 93 652 94 653 94 654 94 654 94 653 94 655 94 654 89 655 89 656 89 656 89 655 89 657 89 656 90 657 90 658 90 658 90 657 90 659 90 658 91 659 91 660 91 660 91 659 91 661 91 660 95 661 95 662 95 662 95 661 95 663 95 662 96 663 96 664 96 664 96 663 96 665 96 666 97 667 97 668 97 668 97 667 97 669 97 668 98 669 98 670 98 670 98 669 98 671 98 670 90 671 90 672 90 672 90 671 90 673 90 672 91 673 91 674 91 674 91 673 91 675 91 674 99 675 99 676 99 676 99 675 99 677 99 676 100 677 100 678 100 678 100 677 100 679 100 680 101 681 101 682 101 682 101 681 101 683 101 682 98 683 98 684 98 684 98 683 98 685 98 684 90 685 90 686 90 686 90 685 90 687 90 686 91 687 91 688 91 688 91 687 91 689 91 688 102 689 102 690 102 690 102 689 102 691 102 690 103 691 103 692 103 692 103 691 103 693 103 694 104 695 104 696 104 696 104 695 104 697 104 696 105 697 105 698 105 698 105 697 105 699 105 698 106 699 106 700 106 700 106 699 106 701 106 700 86 701 86 702 86 702 86 701 86 703 86 702 107 703 107 704 107 704 107 703 107 705 107 704 108 705 108 706 108 706 108 705 108 707 108 706 109 707 109 708 109 708 109 707 109 709 109 708 110 709 110 710 110 710 110 709 110 711 110 710 111 711 111 712 111 712 111 711 111 713 111 712 112 713 112 714 112 714 112 713 112 715 112 714 113 715 113 716 113 716 113 715 113 717 113 716 114 717 114 718 114 718 114 717 114 719 114 718 115 719 115 720 115 720 115 719 115 721 115 720 116 721 116 722 116 722 116 721 116 723 116 724 117 725 117 726 117 726 117 725 117 727 117 726 118 727 118 728 118 728 118 727 118 729 118 728 119 729 119 730 119 730 119 729 119 731 119 730 120 731 120 732 120 732 120 731 120 733 120 732 121 733 121 734 121 734 121 733 121 735 121 734 122 735 122 736 122 736 122 735 122 737 122 738 123 739 123 740 123 740 123 739 123 741 123 740 113 741 113 742 113 742 113 741 113 743 113 742 124 743 124 744 124 744 124 743 124 745 124 744 125 745 125 746 125 746 125 745 125 747 125 746 86 747 86 748 86 748 86 747 86 749 86 748 122 749 122 750 122 750 122 749 122 751 122 752 123 753 123 754 123 754 123 753 123 755 123 754 113 755 113 756 113 756 113 755 113 757 113 756 124 757 124 758 124 758 124 757 124 759 124 758 125 759 125 760 125 760 125 759 125 761 125 760 86 761 86 762 86 762 86 761 86 763 86 762 122 763 122 764 122 764 122 763 122 765 122 766 117 767 117 768 117 768 117 767 117 769 117 768 118 769 118 770 118 770 118 769 118 771 118 770 119 771 119 772 119 772 119 771 119 773 119 772 120 773 120 774 120 774 120 773 120 775 120 774 121 775 121 776 121 776 121 775 121 777 121 776 122 777 122 778 122 778 122 777 122 779 122 780 126 781 126 782 126 782 126 781 126 783 126 782 89 783 89 784 89 784 89 783 89 785 89 784 90 785 90 786 90 786 90 785 90 787 90 786 91 787 91 788 91 788 91 787 91 789 91 788 127 789 127 790 127 790 127 789 127 791 127 790 128 791 128 792 128 792 128 791 128 793 128 794 126 795 126 796 126 796 126 795 126 797 126 796 89 797 89 798 89 798 89 797 89 799 89 798 90 799 90 800 90 800 90 799 90 801 90 800 91 801 91 802 91 802 91 801 91 803 91 802 127 803 127 804 127 804 127 803 127 805 127 804 128 805 128 806 128 806 128 805 128 807 128 808 94 809 94 810 94 810 94 809 94 811 94 810 129 811 129 812 129 812 129 811 129 813 129 812 130 813 130 814 130 814 130 813 130 815 130 814 131 815 131 816 131 816 131 815 131 817 131 816 132 817 132 818 132 818 132 817 132 819 132 818 133 819 133 820 133 820 133 819 133 821 133 822 94 823 94 824 94 824 94 823 94 825 94 824 129 825 129 826 129 826 129 825 129 827 129 826 130 827 130 828 130 828 130 827 130 829 130 828 131 829 131 830 131 830 131 829 131 831 131 830 132 831 132 832 132 832 132 831 132 833 132 832 133 833 133 834 133 834 133 833 133 835 133 836 0 837 0 838 0 839 0 840 0 841 0 697 0 695 0 842 0 843 0 844 0 845 0 845 0 844 0 846 0 847 0 848 0 849 0 850 0 851 0 852 0 853 0 854 0 855 0 856 0 857 0 858 0 858 0 857 0 859 0 858 0 859 0 860 0 847 0 849 0 861 0 862 0 863 0 864 0 864 0 863 0 865 0 864 0 865 0 860 0 860 0 865 0 866 0 860 0 866 0 858 0 852 0 867 0 850 0 850 0 867 0 868 0 850 0 868 0 864 0 864 0 868 0 869 0 864 0 869 0 862 0 870 0 841 0 871 0 871 0 841 0 872 0 871 0 872 0 873 0 874 0 875 0 876 0 876 0 877 0 874 0 874 0 877 0 878 0 874 0 878 0 879 0 879 0 878 0 880 0 879 0 880 0 881 0 881 0 882 0 879 0 879 0 882 0 883 0 879 0 883 0 884 0 884 0 883 0 885 0 884 0 885 0 886 0 887 0 888 0 834 0 834 0 888 0 889 0 834 0 889 0 832 0 890 0 822 0 891 0 891 0 822 0 824 0 891 0 824 0 826 0 892 0 893 0 894 0 894 0 893 0 888 0 894 0 888 0 895 0 895 0 888 0 887 0 816 0 818 0 891 0 896 0 810 0 897 0 897 0 810 0 812 0 897 0 812 0 814 0 818 0 820 0 891 0 891 0 820 0 893 0 891 0 893 0 890 0 890 0 893 0 892 0 820 0 898 0 893 0 893 0 898 0 899 0 893 0 899 0 900 0 899 0 901 0 900 0 900 0 901 0 902 0 900 0 902 0 851 0 851 0 902 0 903 0 851 0 903 0 896 0 896 0 903 0 808 0 896 0 808 0 810 0 904 0 905 0 796 0 837 0 906 0 838 0 838 0 906 0 907 0 838 0 907 0 905 0 905 0 907 0 794 0 905 0 794 0 796 0 908 0 804 0 806 0 796 0 798 0 904 0 904 0 798 0 800 0 904 0 800 0 908 0 908 0 800 0 802 0 908 0 802 0 804 0 806 0 909 0 910 0 910 0 909 0 911 0 910 0 911 0 837 0 837 0 911 0 912 0 837 0 912 0 906 0 910 0 709 0 707 0 879 0 703 0 701 0 697 0 842 0 699 0 910 0 707 0 879 0 879 0 707 0 705 0 879 0 705 0 703 0 913 0 723 0 836 0 836 0 723 0 721 0 836 0 721 0 837 0 837 0 721 0 719 0 837 0 719 0 717 0 717 0 715 0 837 0 837 0 715 0 713 0 837 0 713 0 910 0 910 0 713 0 711 0 910 0 711 0 709 0 914 0 915 0 916 0 916 0 915 0 917 0 916 0 917 0 918 0 919 0 920 0 921 0 921 0 920 0 922 0 923 0 924 0 925 0 925 0 924 0 926 0 925 0 926 0 927 0 905 0 928 0 929 0 905 0 929 0 838 0 838 0 929 0 930 0 838 0 930 0 931 0 932 0 933 0 928 0 932 0 928 0 934 0 935 0 936 0 932 0 932 0 936 0 937 0 932 0 937 0 933 0 938 0 939 0 940 0 938 0 940 0 941 0 940 0 942 0 941 0 941 0 942 0 943 0 941 0 943 0 935 0 935 0 943 0 944 0 935 0 944 0 936 0 945 0 946 0 938 0 938 0 946 0 947 0 938 0 947 0 939 0 948 0 949 0 950 0 889 0 951 0 952 0 952 0 951 0 953 0 952 0 953 0 921 0 921 0 953 0 954 0 921 0 954 0 919 0 955 0 956 0 957 0 957 0 956 0 958 0 957 0 958 0 959 0 951 0 960 0 953 0 953 0 960 0 961 0 953 0 961 0 955 0 955 0 961 0 962 0 955 0 962 0 956 0 963 0 964 0 950 0 950 0 964 0 965 0 950 0 965 0 948 0 963 0 966 0 964 0 964 0 966 0 967 0 964 0 967 0 888 0 888 0 967 0 968 0 888 0 968 0 969 0 969 0 970 0 888 0 888 0 970 0 971 0 888 0 971 0 889 0 889 0 971 0 972 0 889 0 972 0 951 0 973 0 955 0 974 0 974 0 955 0 957 0 974 0 957 0 948 0 948 0 957 0 959 0 948 0 959 0 949 0 839 0 875 0 975 0 975 0 875 0 874 0 975 0 874 0 976 0 976 0 874 0 977 0 976 0 977 0 978 0 870 0 846 0 841 0 841 0 846 0 844 0 841 0 844 0 839 0 839 0 844 0 843 0 839 0 843 0 875 0 973 0 979 0 955 0 955 0 979 0 925 0 955 0 925 0 953 0 953 0 925 0 927 0 953 0 927 0 954 0 980 0 766 0 925 0 925 0 766 0 842 0 925 0 842 0 923 0 923 0 842 0 695 0 979 0 778 0 981 0 774 0 776 0 977 0 973 0 978 0 979 0 979 0 978 0 977 0 979 0 977 0 778 0 778 0 977 0 776 0 766 0 768 0 842 0 842 0 768 0 770 0 842 0 770 0 977 0 977 0 770 0 772 0 977 0 772 0 774 0 981 0 982 0 979 0 979 0 982 0 983 0 979 0 983 0 925 0 925 0 983 0 984 0 925 0 984 0 980 0 985 0 724 0 842 0 842 0 724 0 879 0 842 0 879 0 699 0 699 0 879 0 701 0 986 0 977 0 736 0 736 0 977 0 874 0 736 0 874 0 734 0 734 0 874 0 732 0 724 0 726 0 879 0 879 0 726 0 728 0 879 0 728 0 874 0 874 0 728 0 730 0 874 0 730 0 732 0 986 0 987 0 977 0 977 0 987 0 988 0 977 0 988 0 842 0 842 0 988 0 989 0 842 0 989 0 985 0 922 0 990 0 921 0 921 0 990 0 991 0 921 0 991 0 952 0 952 0 991 0 828 0 952 0 828 0 889 0 889 0 828 0 830 0 889 0 830 0 832 0 908 0 780 0 782 0 782 0 784 0 908 0 908 0 784 0 786 0 908 0 786 0 884 0 884 0 786 0 788 0 992 0 879 0 792 0 792 0 879 0 884 0 792 0 884 0 790 0 790 0 884 0 788 0 806 0 910 0 908 0 908 0 910 0 993 0 908 0 993 0 780 0 992 0 994 0 879 0 879 0 994 0 995 0 879 0 995 0 910 0 910 0 995 0 996 0 910 0 996 0 993 0 897 0 853 0 896 0 896 0 853 0 855 0 896 0 855 0 851 0 851 0 855 0 997 0 851 0 997 0 852 0 848 0 854 0 998 0 998 0 854 0 853 0 998 0 853 0 999 0 999 0 853 0 897 0 999 0 897 0 891 0 891 0 897 0 814 0 891 0 814 0 816 0 918 0 913 0 916 0 916 0 913 0 836 0 916 0 836 0 1000 0 1000 0 836 0 838 0 1000 0 838 0 1001 0 1001 0 838 0 931 0 1001 0 931 0 1002 0 928 0 905 0 934 0 934 0 905 0 904 0 934 0 904 0 1003 0 1003 0 904 0 908 0 1003 0 908 0 1004 0 1004 0 908 0 884 0 1004 0 884 0 872 0 872 0 884 0 886 0 872 0 886 0 873 0 856 0 861 0 857 0 857 0 861 0 849 0 857 0 849 0 1005 0 1006 0 1007 0 742 0 742 0 744 0 1006 0 1006 0 744 0 746 0 1006 0 746 0 748 0 750 0 1008 0 1009 0 1009 0 1008 0 1010 0 1009 0 1010 0 1011 0 1012 0 1013 0 1005 0 1005 0 1013 0 738 0 1005 0 738 0 1007 0 1007 0 738 0 740 0 1007 0 740 0 742 0 826 0 828 0 891 0 891 0 828 0 991 0 891 0 991 0 999 0 999 0 991 0 990 0 999 0 990 0 998 0 998 0 990 0 1014 0 998 0 1014 0 1009 0 1009 0 1014 0 1006 0 1009 0 1006 0 750 0 750 0 1006 0 748 0 848 0 998 0 849 0 849 0 998 0 1009 0 849 0 1009 0 1005 0 1005 0 1009 0 1011 0 1005 0 1011 0 1012 0 754 0 938 0 752 0 752 0 938 0 1007 0 752 0 1007 0 1015 0 754 0 756 0 938 0 938 0 756 0 1001 0 938 0 1001 0 945 0 945 0 1001 0 1002 0 756 0 758 0 1001 0 1001 0 758 0 760 0 1001 0 760 0 762 0 1006 0 764 0 1016 0 922 0 914 0 990 0 990 0 914 0 916 0 990 0 916 0 1014 0 1014 0 916 0 1000 0 1014 0 1000 0 1006 0 1006 0 1000 0 1001 0 1006 0 1001 0 764 0 764 0 1001 0 762 0 1016 0 1017 0 1006 0 1006 0 1017 0 1018 0 1006 0 1018 0 1007 0 1007 0 1018 0 1019 0 1007 0 1019 0 1015 0 1020 3 935 3 1021 3 1021 3 935 3 932 3 1021 3 932 3 1022 3 1022 3 932 3 934 3 1022 3 934 3 1023 3 1023 3 934 3 1003 3 1023 3 1003 3 1024 3 1024 3 1003 3 1004 3 1024 3 1004 3 1025 3 1025 3 1004 3 872 3 1025 3 872 3 1026 3 1026 3 872 3 841 3 1026 3 841 3 1027 3 1027 3 841 3 840 3 965 4 1028 4 948 4 948 4 1028 4 1029 4 1027 4 840 4 1030 4 1030 4 840 4 839 4 1030 4 839 4 1031 4 1031 4 839 4 975 4 1031 4 975 4 1032 4 1032 4 975 4 976 4 1032 4 976 4 1033 4 1033 4 976 4 978 4 1033 4 978 4 1034 4 1034 4 978 4 973 4 1034 4 973 4 1029 4 1029 4 973 4 974 4 1029 4 974 4 948 4 1028 1 965 1 1035 1 1035 1 965 1 964 1 1035 1 964 1 1036 1 1036 1 964 1 888 1 1036 1 888 1 1037 1 1037 1 888 1 893 1 1037 1 893 1 1038 1 1038 1 893 1 900 1 1038 1 900 1 1039 1 1039 1 900 1 851 1 1039 1 851 1 1040 1 1040 1 851 1 850 1 1040 1 850 1 1041 1 1041 1 850 1 864 1 935 5 1020 5 941 5 941 5 1020 5 1042 5 941 5 1042 5 938 5 938 5 1042 5 1043 5 938 5 1043 5 1007 5 1007 5 1043 5 1044 5 1007 5 1044 5 1005 5 1005 5 1044 5 1045 5 1005 5 1045 5 857 5 857 5 1045 5 1046 5 857 5 1046 5 859 5 859 5 1046 5 1047 5 859 5 1047 5 860 5 860 5 1047 5 1041 5 860 5 1041 5 864 5 1048 1 1049 1 1050 1 1050 1 1049 1 1051 1 1052 4 1053 4 1054 4 1054 4 1053 4 1055 4 1056 3 1057 3 1058 3 1058 3 1057 3 1059 3 1060 5 1061 5 1062 5 1062 5 1061 5 1063 5 1063 2 1061 2 1064 2 1065 2 1055 2 823 2 823 2 1055 2 1053 2 823 2 1053 2 825 2 1066 2 1055 2 1067 2 1067 2 1055 2 1065 2 1067 2 1065 2 1057 2 1057 2 1065 2 1068 2 1057 2 1068 2 1059 2 1064 2 835 2 1063 2 1063 2 835 2 833 2 1063 2 833 2 1069 2 1069 2 833 2 831 2 1068 2 1070 2 1059 2 1059 2 1070 2 1071 2 1059 2 1071 2 1072 2 1072 2 1071 2 1064 2 1072 2 1064 2 1073 2 1073 2 1064 2 1061 2 1053 2 1074 2 825 2 825 2 1074 2 1075 2 825 2 1075 2 827 2 827 2 1075 2 1051 2 827 2 1051 2 829 2 829 2 1051 2 1049 2 829 2 1049 2 831 2 831 2 1049 2 1076 2 831 2 1076 2 1069 2 1077 1 1078 1 1079 1 1079 1 1078 1 1080 1 1081 4 1082 4 1083 4 1083 4 1082 4 1084 4 1085 3 1086 3 1087 3 1087 3 1086 3 1088 3 1089 5 1090 5 1091 5 1091 5 1090 5 1092 5 1092 2 1090 2 1093 2 1094 2 1084 2 781 2 781 2 1084 2 1082 2 781 2 1082 2 783 2 1095 2 1084 2 1096 2 1096 2 1084 2 1094 2 1096 2 1094 2 1086 2 1086 2 1094 2 1097 2 1086 2 1097 2 1088 2 1097 2 1098 2 1088 2 1088 2 1098 2 1099 2 1088 2 1099 2 1100 2 1100 2 1099 2 1093 2 1100 2 1093 2 1101 2 1101 2 1093 2 1090 2 1093 2 793 2 1092 2 1092 2 793 2 791 2 1092 2 791 2 1102 2 1102 2 791 2 789 2 1082 2 1103 2 783 2 783 2 1103 2 1104 2 783 2 1104 2 785 2 785 2 1104 2 1080 2 785 2 1080 2 787 2 787 2 1080 2 1078 2 787 2 1078 2 789 2 789 2 1078 2 1105 2 789 2 1105 2 1102 2 1106 1 1107 1 1108 1 1108 1 1107 1 1109 1 1110 4 1111 4 1112 4 1112 4 1111 4 1113 4 1114 3 1115 3 1116 3 1116 3 1115 3 1117 3 1118 5 1119 5 1120 5 1120 5 1119 5 1121 5 1119 2 1122 2 1121 2 1121 2 1122 2 807 2 1121 2 807 2 805 2 1123 2 1124 2 1113 2 1115 2 1123 2 1125 2 1125 2 1123 2 1113 2 1125 2 1113 2 795 2 795 2 1113 2 1111 2 795 2 1111 2 797 2 1125 2 1126 2 1115 2 1115 2 1126 2 1127 2 1115 2 1127 2 1117 2 1117 2 1127 2 1128 2 1117 2 1128 2 1129 2 1129 2 1128 2 1122 2 1129 2 1122 2 1130 2 1130 2 1122 2 1119 2 1131 2 1121 2 1132 2 1132 2 1121 2 805 2 1132 2 805 2 1107 2 1107 2 805 2 803 2 1107 2 803 2 1109 2 803 2 801 2 1109 2 1109 2 801 2 799 2 1109 2 799 2 1133 2 1133 2 799 2 797 2 1133 2 797 2 1134 2 1134 2 797 2 1111 2 1135 1 1136 1 1137 1 1137 1 1136 1 1138 1 1139 4 1140 4 1141 4 1141 4 1140 4 1142 4 1143 3 1144 3 1145 3 1145 3 1144 3 1146 3 1147 5 1148 5 1149 5 1149 5 1148 5 1150 5 819 2 1150 2 821 2 821 2 1150 2 1148 2 821 2 1148 2 1151 2 1142 2 1140 2 811 2 811 2 809 2 1142 2 1142 2 809 2 1152 2 1142 2 1152 2 1153 2 1153 2 1152 2 1154 2 1155 2 1150 2 1156 2 1156 2 1150 2 819 2 1156 2 819 2 1136 2 1136 2 819 2 817 2 1136 2 817 2 1138 2 1148 2 1157 2 1151 2 1151 2 1157 2 1158 2 1151 2 1158 2 1159 2 1159 2 1158 2 1146 2 1159 2 1146 2 1160 2 1160 2 1146 2 1144 2 1160 2 1144 2 1154 2 1154 2 1144 2 1161 2 1154 2 1161 2 1153 2 817 2 815 2 1138 2 1138 2 815 2 813 2 1138 2 813 2 1162 2 1162 2 813 2 811 2 1162 2 811 2 1163 2 1163 2 811 2 1140 2 1108 134 1109 134 1164 134 1164 134 1109 134 1133 134 1164 135 1133 135 1165 135 1165 135 1133 135 1134 135 1165 136 1134 136 1110 136 1110 136 1134 136 1111 136 1120 133 1121 133 1166 133 1166 133 1121 133 1131 133 1166 132 1131 132 1167 132 1167 132 1131 132 1132 132 1167 137 1132 137 1106 137 1106 137 1132 137 1107 137 1116 138 1117 138 1168 138 1168 138 1117 138 1129 138 1168 139 1129 139 1169 139 1169 139 1129 139 1130 139 1169 140 1130 140 1118 140 1118 140 1130 140 1119 140 1112 141 1113 141 1170 141 1170 141 1113 141 1124 141 1170 142 1124 142 1171 142 1171 142 1124 142 1123 142 1171 143 1123 143 1114 143 1114 143 1123 143 1115 143 1141 144 1142 144 1172 144 1172 144 1142 144 1153 144 1172 145 1153 145 1173 145 1173 145 1153 145 1161 145 1173 146 1161 146 1143 146 1143 146 1161 146 1144 146 1145 147 1146 147 1174 147 1174 147 1146 147 1158 147 1174 148 1158 148 1175 148 1175 148 1158 148 1157 148 1175 149 1157 149 1147 149 1147 149 1157 149 1148 149 1149 133 1150 133 1176 133 1176 133 1150 133 1155 133 1176 132 1155 132 1177 132 1177 132 1155 132 1156 132 1177 91 1156 91 1135 91 1135 91 1156 91 1136 91 1137 150 1138 150 1178 150 1178 150 1138 150 1162 150 1178 135 1162 135 1179 135 1179 135 1162 135 1163 135 1179 136 1163 136 1139 136 1139 136 1163 136 1140 136 1050 90 1051 90 1180 90 1180 90 1051 90 1075 90 1180 129 1075 129 1181 129 1181 129 1075 129 1074 129 1181 94 1074 94 1052 94 1052 94 1074 94 1053 94 1054 151 1055 151 1182 151 1182 151 1055 151 1066 151 1182 152 1066 152 1183 152 1183 152 1066 152 1067 152 1183 153 1067 153 1056 153 1056 153 1067 153 1057 153 1062 96 1063 96 1184 96 1184 96 1063 96 1069 96 1184 154 1069 154 1185 154 1185 154 1069 154 1076 154 1185 155 1076 155 1048 155 1048 155 1076 155 1049 155 1058 156 1059 156 1186 156 1186 156 1059 156 1072 156 1186 157 1072 157 1187 157 1187 157 1072 157 1073 157 1187 158 1073 158 1060 158 1060 158 1073 158 1061 158 1083 159 1084 159 1188 159 1188 159 1084 159 1095 159 1188 81 1095 81 1189 81 1189 81 1095 81 1096 81 1189 160 1096 160 1085 160 1085 160 1096 160 1086 160 1079 161 1080 161 1190 161 1190 161 1080 161 1104 161 1190 129 1104 129 1191 129 1191 129 1104 129 1103 129 1191 94 1103 94 1081 94 1081 94 1103 94 1082 94 1087 162 1088 162 1192 162 1192 162 1088 162 1100 162 1192 163 1100 163 1193 163 1193 163 1100 163 1101 163 1193 164 1101 164 1089 164 1089 164 1101 164 1090 164 1091 96 1092 96 1194 96 1194 96 1092 96 1102 96 1194 154 1102 154 1195 154 1195 154 1102 154 1105 154 1195 165 1105 165 1077 165 1077 165 1105 165 1078 165 834 149 835 149 887 149 887 149 835 149 1064 149 887 148 1064 148 895 148 895 148 1064 148 1071 148 895 147 1071 147 894 147 894 147 1071 147 1070 147 894 153 1070 153 892 153 892 153 1070 153 1068 153 892 152 1068 152 890 152 890 152 1068 152 1065 152 890 151 1065 151 822 151 822 151 1065 151 823 151 820 149 821 149 898 149 898 149 821 149 1151 149 898 148 1151 148 899 148 899 148 1151 148 1159 148 899 147 1159 147 901 147 901 147 1159 147 1160 147 901 153 1160 153 902 153 902 153 1160 153 1154 153 902 152 1154 152 903 152 903 152 1154 152 1152 152 903 151 1152 151 808 151 808 151 1152 151 809 151 806 140 807 140 909 140 909 140 807 140 1122 140 909 166 1122 166 911 166 911 166 1122 166 1128 166 911 147 1128 147 912 147 912 147 1128 147 1127 147 912 153 1127 153 906 153 906 153 1127 153 1126 153 906 167 1126 167 907 167 907 167 1126 167 1125 167 907 159 1125 159 794 159 794 159 1125 159 795 159 792 140 793 140 992 140 992 140 793 140 1093 140 992 166 1093 166 994 166 994 166 1093 166 1099 166 994 147 1099 147 995 147 995 147 1099 147 1098 147 995 153 1098 153 996 153 996 153 1098 153 1097 153 996 167 1097 167 993 167 993 167 1097 167 1094 167 993 159 1094 159 780 159 780 159 1094 159 781 159 778 168 779 168 981 168 981 168 779 168 1196 168 981 169 1196 169 982 169 982 169 1196 169 1197 169 982 170 1197 170 983 170 983 170 1197 170 1198 170 983 171 1198 171 984 171 984 171 1198 171 1199 171 984 172 1199 172 980 172 980 172 1199 172 1200 172 980 173 1200 173 766 173 766 173 1200 173 767 173 764 168 765 168 1016 168 1016 168 765 168 1201 168 1016 84 1201 84 1017 84 1017 84 1201 84 1202 84 1017 174 1202 174 1018 174 1018 174 1202 174 1203 174 1018 175 1203 175 1019 175 1019 175 1203 175 1204 175 1019 176 1204 176 1015 176 1015 176 1204 176 1205 176 1015 177 1205 177 752 177 752 177 1205 177 753 177 750 168 751 168 1008 168 1008 168 751 168 1206 168 1008 84 1206 84 1010 84 1010 84 1206 84 1207 84 1010 174 1207 174 1011 174 1011 174 1207 174 1208 174 1011 175 1208 175 1012 175 1012 175 1208 175 1209 175 1012 176 1209 176 1013 176 1013 176 1209 176 1210 176 1013 177 1210 177 738 177 738 177 1210 177 739 177 736 168 737 168 986 168 986 168 737 168 1211 168 986 169 1211 169 987 169 987 169 1211 169 1212 169 987 170 1212 170 988 170 988 170 1212 170 1213 170 988 171 1213 171 989 171 989 171 1213 171 1214 171 989 172 1214 172 985 172 985 172 1214 172 1215 172 985 173 1215 173 724 173 724 173 1215 173 725 173 722 178 723 178 1216 178 1216 178 723 178 913 178 1216 179 913 179 1217 179 1217 179 913 179 918 179 1217 180 918 180 1218 180 1218 180 918 180 917 180 1218 176 917 176 1219 176 1219 176 917 176 915 176 1219 181 915 181 1220 181 1220 181 915 181 914 181 1220 182 914 182 1221 182 1221 182 914 182 922 182 1221 183 922 183 1222 183 1222 183 922 183 920 183 1222 184 920 184 1223 184 1223 184 920 184 919 184 1223 185 919 185 1224 185 1224 185 919 185 954 185 1224 186 954 186 1225 186 1225 186 954 186 927 186 1225 84 927 84 1226 84 1226 84 927 84 926 84 1226 187 926 187 1227 187 1227 187 926 187 924 187 1227 188 924 188 1228 188 1228 188 924 188 923 188 1228 189 923 189 694 189 694 189 923 189 695 189 692 190 693 190 1229 190 1229 190 693 190 1230 190 1229 191 1230 191 1231 191 1231 191 1230 191 1232 191 1231 192 1232 192 1233 192 1233 192 1232 192 1234 192 1233 193 1234 193 1235 193 1235 193 1234 193 1236 193 1235 81 1236 81 1237 81 1237 81 1236 81 1238 81 1237 194 1238 194 680 194 680 194 1238 194 681 194 678 164 679 164 1239 164 1239 164 679 164 1240 164 1239 163 1240 163 1241 163 1241 163 1240 163 1242 163 1241 192 1242 192 1243 192 1243 192 1242 192 1244 192 1243 193 1244 193 1245 193 1245 193 1244 193 1246 193 1245 81 1246 81 1247 81 1247 81 1246 81 1248 81 1247 159 1248 159 666 159 666 159 1248 159 667 159 664 195 665 195 1249 195 1249 195 665 195 1250 195 1249 196 1250 196 1251 196 1251 196 1250 196 1252 196 1251 147 1252 147 1253 147 1253 147 1252 147 1254 147 1253 153 1254 153 1255 153 1255 153 1254 153 1256 153 1255 167 1256 167 1257 167 1257 167 1256 167 1258 167 1257 197 1258 197 652 197 652 197 1258 197 653 197 650 198 651 198 1259 198 1259 198 651 198 1260 198 1259 199 1260 199 1261 199 1261 199 1260 199 1262 199 1261 147 1262 147 1263 147 1263 147 1262 147 1264 147 1263 153 1264 153 1265 153 1265 153 1264 153 1266 153 1265 167 1266 167 1267 167 1267 167 1266 167 1268 167 1267 200 1268 200 638 200 638 200 1268 200 639 200 1269 201 945 201 1270 201 1270 201 945 201 1002 201 1270 163 1002 163 1271 163 1271 163 1002 163 931 163 1271 164 931 164 1272 164 1272 164 931 164 930 164 1269 3 1273 3 945 3 945 3 1273 3 946 3 1274 194 940 194 1275 194 1275 194 940 194 939 194 1275 202 939 202 1276 202 1276 202 939 202 947 202 1276 160 947 160 1273 160 1273 160 947 160 946 160 1274 4 1277 4 940 4 940 4 1277 4 942 4 1278 161 936 161 1279 161 1279 161 936 161 944 161 1279 203 944 203 1280 203 1280 203 944 203 943 203 1280 88 943 88 1277 88 1277 88 943 88 942 88 1278 1 1281 1 936 1 936 1 1281 1 937 1 1282 96 929 96 1283 96 1283 96 929 96 928 96 1283 154 928 154 1284 154 1284 154 928 154 933 154 1284 204 933 204 1281 204 1281 204 933 204 937 204 1282 5 1272 5 929 5 929 5 1272 5 930 5 1283 0 1284 0 1281 0 1277 0 1274 0 1267 0 1279 0 1280 0 1277 0 646 0 648 0 1282 0 1282 0 648 0 650 0 1282 0 650 0 1272 0 1272 0 650 0 1259 0 1272 0 1259 0 1271 0 1271 0 1259 0 1261 0 1274 0 1275 0 1267 0 1267 0 1275 0 1276 0 1267 0 1276 0 1265 0 1265 0 1276 0 1273 0 1265 0 1273 0 1263 0 1263 0 1273 0 1269 0 1263 0 1269 0 1261 0 1261 0 1269 0 1270 0 1261 0 1270 0 1271 0 1278 0 1279 0 640 0 640 0 1279 0 1277 0 640 0 1277 0 638 0 638 0 1277 0 1267 0 1282 0 1283 0 646 0 646 0 1283 0 1281 0 646 0 1281 0 644 0 644 0 1281 0 1278 0 644 0 1278 0 642 0 642 0 1278 0 640 0 1285 133 843 133 1286 133 1286 133 843 133 845 133 1286 132 845 132 1287 132 1287 132 845 132 846 132 1287 137 846 137 1288 137 1288 137 846 137 870 137 1285 5 1289 5 843 5 843 5 1289 5 875 5 1290 138 878 138 1291 138 1291 138 878 138 877 138 1291 139 877 139 1292 139 1292 139 877 139 876 139 1292 140 876 140 1289 140 1289 140 876 140 875 140 1290 3 1293 3 878 3 878 3 1293 3 880 3 1294 141 883 141 1295 141 1295 141 883 141 882 141 1295 142 882 142 1296 142 1296 142 882 142 881 142 1296 143 881 143 1293 143 1293 143 881 143 880 143 1294 4 1297 4 883 4 883 4 1297 4 885 4 1298 134 871 134 1299 134 1299 134 871 134 873 134 1299 135 873 135 1300 135 1300 135 873 135 886 135 1300 136 886 136 1297 136 1297 136 886 136 885 136 1298 1 1288 1 871 1 871 1 1288 1 870 1 1297 0 1294 0 1257 0 1257 0 652 0 1297 0 1297 0 652 0 654 0 1297 0 654 0 1300 0 1300 0 654 0 656 0 662 0 1287 0 660 0 660 0 1287 0 1288 0 660 0 1288 0 658 0 658 0 1288 0 1298 0 658 0 1298 0 656 0 656 0 1298 0 1299 0 656 0 1299 0 1300 0 1291 0 1292 0 1289 0 1249 0 1251 0 1290 0 1290 0 1251 0 1293 0 1290 0 1291 0 1249 0 1249 0 1291 0 1289 0 1249 0 1289 0 664 0 664 0 1289 0 1285 0 664 0 1285 0 662 0 662 0 1285 0 1286 0 662 0 1286 0 1287 0 1251 0 1253 0 1293 0 1293 0 1253 0 1255 0 1293 0 1255 0 1296 0 1296 0 1255 0 1257 0 1296 0 1257 0 1295 0 1295 0 1257 0 1294 0 1301 147 967 147 1302 147 1302 147 967 147 966 147 1302 148 966 148 1303 148 1303 148 966 148 963 148 1303 149 963 149 1304 149 1304 149 963 149 950 149 1301 3 1305 3 967 3 967 3 1305 3 968 3 1306 144 971 144 1307 144 1307 144 971 144 970 144 1307 145 970 145 1308 145 1308 145 970 145 969 145 1308 146 969 146 1305 146 1305 146 969 146 968 146 1306 4 1309 4 971 4 971 4 1309 4 972 4 1310 150 961 150 1311 150 1311 150 961 150 960 150 1311 135 960 135 1312 135 1312 135 960 135 951 135 1312 136 951 136 1309 136 1309 136 951 136 972 136 1310 1 1313 1 961 1 961 1 1313 1 962 1 962 91 1313 91 956 91 956 91 1313 91 1314 91 956 132 1314 132 958 132 958 132 1314 132 1315 132 958 205 1315 205 959 205 959 206 1315 206 1316 206 959 207 1316 207 949 207 1316 5 1304 5 949 5 949 5 1304 5 950 5 1309 0 668 0 1312 0 1312 0 668 0 670 0 1316 0 676 0 1304 0 1304 0 676 0 678 0 1304 0 678 0 1239 0 1306 0 1247 0 1309 0 1309 0 1247 0 666 0 1309 0 666 0 668 0 1316 0 1315 0 676 0 676 0 1315 0 1314 0 676 0 1314 0 674 0 674 0 1314 0 1313 0 674 0 1313 0 672 0 672 0 1313 0 1310 0 672 0 1310 0 670 0 670 0 1310 0 1311 0 670 0 1311 0 1312 0 1303 0 1304 0 1302 0 1302 0 1304 0 1239 0 1302 0 1239 0 1301 0 1301 0 1239 0 1241 0 1301 0 1241 0 1305 0 1241 0 1243 0 1305 0 1305 0 1243 0 1245 0 1305 0 1245 0 1308 0 1308 0 1245 0 1247 0 1308 0 1247 0 1307 0 1307 0 1247 0 1306 0 1317 208 868 208 1318 208 1318 208 868 208 867 208 1318 157 867 157 1319 157 1319 157 867 157 852 157 1319 158 852 158 1320 158 1320 158 852 158 997 158 1317 3 1321 3 868 3 868 3 1321 3 869 3 1322 209 865 209 1323 209 1323 209 865 209 863 209 1323 210 863 210 1324 210 1324 210 863 210 862 210 1324 153 862 153 1321 153 1321 153 862 153 869 153 1322 4 1325 4 865 4 865 4 1325 4 866 4 1326 90 861 90 1327 90 1327 90 861 90 856 90 1327 203 856 203 1328 203 1328 203 856 203 858 203 1328 88 858 88 1325 88 1325 88 858 88 866 88 1326 1 1329 1 861 1 861 1 1329 1 847 1 1330 96 855 96 1331 96 1331 96 855 96 854 96 1331 154 854 154 1332 154 1332 154 854 154 848 154 1332 211 848 211 1329 211 1329 211 848 211 847 211 1330 5 1320 5 855 5 855 5 1320 5 997 5 1331 0 1332 0 1329 0 1327 0 1328 0 1325 0 688 0 690 0 1330 0 1330 0 690 0 692 0 1330 0 692 0 1320 0 1320 0 692 0 1229 0 1320 0 1229 0 1319 0 1319 0 1229 0 1231 0 1237 0 1324 0 1235 0 1235 0 1324 0 1321 0 1235 0 1321 0 1233 0 1233 0 1321 0 1317 0 1233 0 1317 0 1231 0 1231 0 1317 0 1318 0 1231 0 1318 0 1319 0 1326 0 1327 0 682 0 682 0 1327 0 1325 0 682 0 1325 0 680 0 680 0 1325 0 1322 0 680 0 1322 0 1237 0 1237 0 1322 0 1323 0 1237 0 1323 0 1324 0 1330 0 1331 0 688 0 688 0 1331 0 1329 0 688 0 1329 0 686 0 686 0 1329 0 1326 0 686 0 1326 0 684 0 684 0 1326 0 682 0 1198 2 1197 2 1333 2 1164 2 1165 2 1334 2 1168 2 1169 2 1335 2 1335 2 1169 2 1118 2 1168 2 1335 2 1116 2 1116 2 1335 2 1336 2 1116 2 1336 2 1114 2 1118 2 1120 2 1337 2 1337 2 1120 2 1166 2 1337 2 1166 2 1024 2 1024 2 1166 2 1167 2 1024 2 1167 2 1023 2 1110 2 1112 2 1338 2 1338 2 1112 2 1170 2 1338 2 1170 2 1171 2 1167 2 1106 2 1023 2 1023 2 1106 2 1108 2 1023 2 1108 2 1022 2 1174 2 1175 2 1037 2 1037 2 1175 2 1147 2 1174 2 1037 2 1145 2 1145 2 1037 2 1038 2 1145 2 1038 2 1143 2 1339 2 1179 2 1139 2 1143 2 1038 2 1173 2 1173 2 1038 2 1039 2 1173 2 1039 2 1172 2 1339 2 1139 2 1039 2 1039 2 1139 2 1141 2 1039 2 1141 2 1172 2 1179 2 1339 2 1178 2 1178 2 1339 2 1340 2 1178 2 1340 2 1137 2 1147 2 1149 2 1341 2 1341 2 1149 2 1176 2 1341 2 1176 2 1342 2 1342 2 1176 2 1177 2 1342 2 1177 2 1343 2 1343 2 1177 2 1135 2 1343 2 1135 2 1137 2 1054 2 1182 2 1037 2 1147 2 1341 2 1037 2 1037 2 1341 2 1052 2 1037 2 1052 2 1054 2 1036 2 1186 2 1187 2 1182 2 1183 2 1037 2 1037 2 1183 2 1056 2 1037 2 1056 2 1036 2 1036 2 1056 2 1058 2 1036 2 1058 2 1186 2 1060 2 1062 2 1344 2 1344 2 1062 2 1184 2 1344 2 1184 2 1345 2 1345 2 1184 2 1185 2 1185 2 1048 2 1345 2 1345 2 1048 2 1050 2 1345 2 1050 2 1342 2 1342 2 1050 2 1180 2 1342 2 1180 2 1341 2 1341 2 1180 2 1181 2 1341 2 1181 2 1052 2 1083 2 1188 2 1335 2 1118 2 1337 2 1335 2 1335 2 1337 2 1081 2 1335 2 1081 2 1083 2 1346 2 1192 2 1193 2 1188 2 1189 2 1335 2 1335 2 1189 2 1085 2 1335 2 1085 2 1346 2 1346 2 1085 2 1087 2 1346 2 1087 2 1192 2 1089 2 1091 2 1347 2 1194 2 1195 2 1025 2 1195 2 1077 2 1025 2 1025 2 1077 2 1079 2 1025 2 1079 2 1024 2 1024 2 1079 2 1190 2 1024 2 1190 2 1337 2 1337 2 1190 2 1191 2 1337 2 1191 2 1081 2 1348 2 1349 2 769 2 1198 2 1333 2 1199 2 769 2 767 2 1348 2 1348 2 767 2 1200 2 1348 2 1200 2 1199 2 777 2 775 2 1350 2 1350 2 775 2 773 2 1350 2 773 2 1349 2 1349 2 773 2 771 2 1349 2 771 2 769 2 1197 2 1196 2 1033 2 1033 2 1196 2 779 2 1033 2 779 2 1032 2 1210 2 1209 2 1045 2 1209 2 1208 2 1351 2 1351 2 1208 2 1207 2 1351 2 1207 2 1206 2 745 2 743 2 1044 2 1044 2 743 2 741 2 1044 2 741 2 1045 2 1045 2 741 2 739 2 1045 2 739 2 1210 2 1206 2 751 2 1352 2 1352 2 751 2 1353 2 1353 2 751 2 749 2 1353 2 749 2 1354 2 1354 2 749 2 747 2 1354 2 747 2 745 2 696 2 698 2 1346 2 1346 2 698 2 700 2 706 2 1335 2 704 2 704 2 1335 2 1346 2 704 2 1346 2 702 2 702 2 1346 2 700 2 1225 2 1226 2 1348 2 1348 2 1226 2 1227 2 1348 2 1227 2 1349 2 1349 2 1227 2 1228 2 1349 2 1228 2 694 2 1225 2 1348 2 1224 2 1224 2 1348 2 1345 2 1224 2 1345 2 1223 2 1223 2 1345 2 1342 2 1223 2 1342 2 1222 2 1217 2 1355 2 1216 2 1216 2 1355 2 1356 2 1217 2 1218 2 1355 2 1355 2 1218 2 1219 2 1355 2 1219 2 1343 2 1343 2 1219 2 1220 2 1343 2 1220 2 1342 2 1342 2 1220 2 1221 2 1342 2 1221 2 1222 2 1336 2 714 2 716 2 716 2 718 2 1336 2 1336 2 718 2 720 2 1336 2 720 2 1356 2 1356 2 720 2 722 2 1356 2 722 2 1216 2 706 2 708 2 1335 2 1335 2 708 2 710 2 1335 2 710 2 1336 2 1336 2 710 2 712 2 1336 2 712 2 714 2 694 2 696 2 1349 2 1349 2 696 2 1346 2 1349 2 1346 2 725 2 725 2 1346 2 727 2 735 2 733 2 1357 2 1357 2 733 2 731 2 1357 2 731 2 1346 2 1346 2 731 2 729 2 1346 2 729 2 727 2 1213 2 1350 2 1214 2 1214 2 1350 2 1349 2 1214 2 1349 2 1215 2 1215 2 1349 2 725 2 1213 2 1212 2 1350 2 1350 2 1212 2 1032 2 1350 2 1032 2 777 2 777 2 1032 2 779 2 735 2 1031 2 737 2 737 2 1031 2 1032 2 737 2 1032 2 1211 2 1211 2 1032 2 1212 2 745 2 1044 2 1354 2 1354 2 1044 2 1204 2 1354 2 1204 2 1203 2 757 2 1043 2 759 2 759 2 1043 2 1358 2 757 2 755 2 1043 2 1043 2 755 2 753 2 1043 2 753 2 1044 2 1044 2 753 2 1205 2 1044 2 1205 2 1204 2 1203 2 1202 2 1354 2 1354 2 1202 2 1201 2 1354 2 1201 2 1353 2 1353 2 1201 2 765 2 1353 2 765 2 1338 2 1338 2 765 2 763 2 1338 2 763 2 1358 2 1358 2 763 2 761 2 1358 2 761 2 759 2 1108 2 1164 2 1022 2 1022 2 1164 2 1334 2 1022 2 1334 2 1021 2 1021 2 1334 2 1359 2 1021 2 1359 2 1020 2 1020 2 1359 2 1042 2 1026 2 1360 2 1025 2 1025 2 1360 2 1347 2 1025 2 1347 2 1194 2 1194 2 1347 2 1091 2 1359 2 651 2 649 2 1262 2 1260 2 1358 2 1042 2 641 2 639 2 1042 2 639 2 1043 2 639 2 1268 2 1043 2 1043 2 1268 2 1266 2 1043 2 1266 2 1358 2 1358 2 1266 2 1264 2 1358 2 1264 2 1262 2 649 2 647 2 1359 2 1359 2 647 2 645 2 1359 2 645 2 1042 2 1042 2 645 2 643 2 1042 2 643 2 641 2 1165 2 1110 2 1334 2 1334 2 1110 2 1338 2 1334 2 1338 2 1359 2 1359 2 1338 2 1358 2 1359 2 1358 2 651 2 651 2 1358 2 1260 2 1252 2 1250 2 1357 2 1357 2 1250 2 665 2 1357 2 665 2 1360 2 1360 2 665 2 663 2 655 2 653 2 1347 2 1347 2 653 2 1346 2 1347 2 1346 2 1089 2 1089 2 1346 2 1193 2 653 2 1258 2 1346 2 1346 2 1258 2 1256 2 1346 2 1256 2 1357 2 1357 2 1256 2 1254 2 1357 2 1254 2 1252 2 663 2 661 2 1360 2 1360 2 661 2 659 2 1360 2 659 2 1347 2 1347 2 659 2 657 2 1347 2 657 2 655 2 735 2 1357 2 1031 2 1031 2 1357 2 1360 2 1031 2 1360 2 1030 2 1030 2 1360 2 1026 2 1030 2 1026 2 1027 2 1137 2 1340 2 1343 2 1343 2 1340 2 1352 2 1343 2 1352 2 1355 2 1355 2 1352 2 1353 2 1355 2 1353 2 1356 2 1356 2 1353 2 1338 2 1356 2 1338 2 1336 2 1336 2 1338 2 1171 2 1336 2 1171 2 1114 2 689 2 687 2 1361 2 1232 2 1230 2 1040 2 1040 2 1230 2 693 2 1040 2 693 2 1361 2 1361 2 693 2 691 2 1361 2 691 2 689 2 685 2 683 2 1047 2 1047 2 683 2 681 2 1047 2 681 2 1041 2 681 2 1238 2 1041 2 1041 2 1238 2 1236 2 1041 2 1236 2 1040 2 1040 2 1236 2 1234 2 1040 2 1234 2 1232 2 1209 2 1351 2 1045 2 1045 2 1351 2 1362 2 1045 2 1362 2 1046 2 1046 2 1362 2 1361 2 1046 2 1361 2 1047 2 1047 2 1361 2 687 2 1047 2 687 2 685 2 1206 2 1352 2 1351 2 1351 2 1352 2 1340 2 1351 2 1340 2 1362 2 1362 2 1340 2 1339 2 1362 2 1339 2 1361 2 1361 2 1339 2 1039 2 1361 2 1039 2 1040 2 671 2 669 2 1344 2 1242 2 1240 2 1035 2 1035 2 1240 2 679 2 1035 2 679 2 1363 2 669 2 667 2 1344 2 1344 2 667 2 1036 2 1344 2 1036 2 1060 2 1060 2 1036 2 1187 2 679 2 677 2 1363 2 1363 2 677 2 675 2 1363 2 675 2 673 2 667 2 1248 2 1036 2 1036 2 1248 2 1246 2 1036 2 1246 2 1035 2 1035 2 1246 2 1244 2 1035 2 1244 2 1242 2 1199 2 1333 2 1348 2 1348 2 1333 2 1364 2 1348 2 1364 2 1345 2 1345 2 1364 2 1363 2 1345 2 1363 2 1344 2 1344 2 1363 2 673 2 1344 2 673 2 671 2 1197 2 1033 2 1333 2 1333 2 1033 2 1034 2 1333 2 1034 2 1364 2 1364 2 1034 2 1029 2 1364 2 1029 2 1363 2 1363 2 1029 2 1028 2 1363 2 1028 2 1035 2 1365 88 1366 88 1367 88 1367 88 1366 88 1368 88 1367 89 1368 89 1369 89 1369 89 1368 89 1370 89 1369 90 1370 90 1371 90 1371 90 1370 90 1372 90 1371 91 1372 91 1373 91 1373 91 1372 91 1374 91 1373 92 1374 92 1375 92 1375 92 1374 92 1376 92 1375 93 1376 93 1377 93 1377 93 1376 93 1378 93 1379 94 1380 94 1381 94 1381 94 1380 94 1382 94 1381 89 1382 89 1383 89 1383 89 1382 89 1384 89 1383 90 1384 90 1385 90 1385 90 1384 90 1386 90 1385 91 1386 91 1387 91 1387 91 1386 91 1388 91 1387 95 1388 95 1389 95 1389 95 1388 95 1390 95 1389 96 1390 96 1391 96 1391 96 1390 96 1392 96 1393 97 1394 97 1395 97 1395 97 1394 97 1396 97 1395 98 1396 98 1397 98 1397 98 1396 98 1398 98 1397 90 1398 90 1399 90 1399 90 1398 90 1400 90 1399 91 1400 91 1401 91 1401 91 1400 91 1402 91 1401 99 1402 99 1403 99 1403 99 1402 99 1404 99 1403 100 1404 100 1405 100 1405 100 1404 100 1406 100 1407 101 1408 101 1409 101 1409 101 1408 101 1410 101 1409 98 1410 98 1411 98 1411 98 1410 98 1412 98 1411 90 1412 90 1413 90 1413 90 1412 90 1414 90 1413 91 1414 91 1415 91 1415 91 1414 91 1416 91 1415 102 1416 102 1417 102 1417 102 1416 102 1418 102 1417 103 1418 103 1419 103 1419 103 1418 103 1420 103 1421 104 1422 104 1423 104 1423 104 1422 104 1424 104 1423 105 1424 105 1425 105 1425 105 1424 105 1426 105 1425 106 1426 106 1427 106 1427 106 1426 106 1428 106 1427 86 1428 86 1429 86 1429 86 1428 86 1430 86 1429 107 1430 107 1431 107 1431 107 1430 107 1432 107 1431 108 1432 108 1433 108 1433 108 1432 108 1434 108 1433 109 1434 109 1435 109 1435 109 1434 109 1436 109 1435 110 1436 110 1437 110 1437 110 1436 110 1438 110 1437 111 1438 111 1439 111 1439 111 1438 111 1440 111 1439 112 1440 112 1441 112 1441 112 1440 112 1442 112 1441 113 1442 113 1443 113 1443 113 1442 113 1444 113 1443 114 1444 114 1445 114 1445 114 1444 114 1446 114 1445 115 1446 115 1447 115 1447 115 1446 115 1448 115 1447 116 1448 116 1449 116 1449 116 1448 116 1450 116 1451 117 1452 117 1453 117 1453 117 1452 117 1454 117 1453 118 1454 118 1455 118 1455 118 1454 118 1456 118 1455 119 1456 119 1457 119 1457 119 1456 119 1458 119 1457 120 1458 120 1459 120 1459 120 1458 120 1460 120 1459 121 1460 121 1461 121 1461 121 1460 121 1462 121 1461 122 1462 122 1463 122 1463 122 1462 122 1464 122 1465 123 1466 123 1467 123 1467 123 1466 123 1468 123 1467 113 1468 113 1469 113 1469 113 1468 113 1470 113 1469 124 1470 124 1471 124 1471 124 1470 124 1472 124 1471 125 1472 125 1473 125 1473 125 1472 125 1474 125 1473 86 1474 86 1475 86 1475 86 1474 86 1476 86 1475 122 1476 122 1477 122 1477 122 1476 122 1478 122 1479 123 1480 123 1481 123 1481 123 1480 123 1482 123 1481 113 1482 113 1483 113 1483 113 1482 113 1484 113 1483 124 1484 124 1485 124 1485 124 1484 124 1486 124 1485 125 1486 125 1487 125 1487 125 1486 125 1488 125 1487 86 1488 86 1489 86 1489 86 1488 86 1490 86 1489 122 1490 122 1491 122 1491 122 1490 122 1492 122 1493 117 1494 117 1495 117 1495 117 1494 117 1496 117 1495 118 1496 118 1497 118 1497 118 1496 118 1498 118 1497 119 1498 119 1499 119 1499 119 1498 119 1500 119 1499 120 1500 120 1501 120 1501 120 1500 120 1502 120 1501 121 1502 121 1503 121 1503 121 1502 121 1504 121 1503 122 1504 122 1505 122 1505 122 1504 122 1506 122 1507 126 1508 126 1509 126 1509 126 1508 126 1510 126 1509 89 1510 89 1511 89 1511 89 1510 89 1512 89 1511 90 1512 90 1513 90 1513 90 1512 90 1514 90 1513 91 1514 91 1515 91 1515 91 1514 91 1516 91 1515 127 1516 127 1517 127 1517 127 1516 127 1518 127 1517 128 1518 128 1519 128 1519 128 1518 128 1520 128 1521 126 1522 126 1523 126 1523 126 1522 126 1524 126 1523 89 1524 89 1525 89 1525 89 1524 89 1526 89 1525 90 1526 90 1527 90 1527 90 1526 90 1528 90 1527 91 1528 91 1529 91 1529 91 1528 91 1530 91 1529 127 1530 127 1531 127 1531 127 1530 127 1532 127 1531 128 1532 128 1533 128 1533 128 1532 128 1534 128 1535 94 1536 94 1537 94 1537 94 1536 94 1538 94 1537 129 1538 129 1539 129 1539 129 1538 129 1540 129 1539 130 1540 130 1541 130 1541 130 1540 130 1542 130 1541 131 1542 131 1543 131 1543 131 1542 131 1544 131 1543 132 1544 132 1545 132 1545 132 1544 132 1546 132 1545 133 1546 133 1547 133 1547 133 1546 133 1548 133 1549 94 1550 94 1551 94 1551 94 1550 94 1552 94 1551 129 1552 129 1553 129 1553 129 1552 129 1554 129 1553 130 1554 130 1555 130 1555 130 1554 130 1556 130 1555 131 1556 131 1557 131 1557 131 1556 131 1558 131 1557 132 1558 132 1559 132 1559 132 1558 132 1560 132 1559 133 1560 133 1561 133 1561 133 1560 133 1562 133 1563 0 1564 0 1565 0 1566 0 1567 0 1568 0 1424 0 1422 0 1569 0 1570 0 1571 0 1572 0 1572 0 1571 0 1573 0 1574 0 1575 0 1576 0 1577 0 1578 0 1579 0 1580 0 1581 0 1582 0 1583 0 1584 0 1585 0 1585 0 1584 0 1586 0 1585 0 1586 0 1587 0 1574 0 1576 0 1588 0 1589 0 1590 0 1591 0 1591 0 1590 0 1592 0 1591 0 1592 0 1587 0 1587 0 1592 0 1593 0 1587 0 1593 0 1585 0 1579 0 1594 0 1577 0 1577 0 1594 0 1595 0 1577 0 1595 0 1591 0 1591 0 1595 0 1596 0 1591 0 1596 0 1589 0 1597 0 1568 0 1598 0 1598 0 1568 0 1599 0 1598 0 1599 0 1600 0 1601 0 1602 0 1603 0 1603 0 1604 0 1601 0 1601 0 1604 0 1605 0 1601 0 1605 0 1606 0 1606 0 1605 0 1607 0 1606 0 1607 0 1608 0 1608 0 1609 0 1606 0 1606 0 1609 0 1610 0 1606 0 1610 0 1611 0 1611 0 1610 0 1612 0 1611 0 1612 0 1613 0 1614 0 1615 0 1561 0 1561 0 1615 0 1616 0 1561 0 1616 0 1559 0 1617 0 1549 0 1618 0 1618 0 1549 0 1551 0 1618 0 1551 0 1553 0 1619 0 1620 0 1621 0 1621 0 1620 0 1615 0 1621 0 1615 0 1622 0 1622 0 1615 0 1614 0 1543 0 1545 0 1618 0 1623 0 1537 0 1624 0 1624 0 1537 0 1539 0 1624 0 1539 0 1541 0 1545 0 1547 0 1618 0 1618 0 1547 0 1620 0 1618 0 1620 0 1617 0 1617 0 1620 0 1619 0 1547 0 1625 0 1620 0 1620 0 1625 0 1626 0 1620 0 1626 0 1627 0 1626 0 1628 0 1627 0 1627 0 1628 0 1629 0 1627 0 1629 0 1578 0 1578 0 1629 0 1630 0 1578 0 1630 0 1623 0 1623 0 1630 0 1535 0 1623 0 1535 0 1537 0 1631 0 1632 0 1523 0 1564 0 1633 0 1565 0 1565 0 1633 0 1634 0 1565 0 1634 0 1632 0 1632 0 1634 0 1521 0 1632 0 1521 0 1523 0 1523 0 1525 0 1631 0 1631 0 1525 0 1527 0 1631 0 1527 0 1635 0 1635 0 1527 0 1529 0 1529 0 1531 0 1635 0 1635 0 1531 0 1533 0 1635 0 1533 0 1636 0 1533 0 1637 0 1636 0 1636 0 1637 0 1638 0 1636 0 1638 0 1564 0 1564 0 1638 0 1639 0 1564 0 1639 0 1633 0 1424 0 1569 0 1426 0 1434 0 1432 0 1606 0 1606 0 1432 0 1430 0 1606 0 1430 0 1428 0 1640 0 1450 0 1563 0 1563 0 1450 0 1448 0 1563 0 1448 0 1564 0 1564 0 1448 0 1446 0 1564 0 1446 0 1444 0 1444 0 1442 0 1564 0 1564 0 1442 0 1440 0 1564 0 1440 0 1636 0 1636 0 1440 0 1438 0 1636 0 1438 0 1436 0 1641 0 1642 0 1643 0 1643 0 1642 0 1644 0 1643 0 1644 0 1645 0 1646 0 1647 0 1648 0 1648 0 1647 0 1649 0 1650 0 1651 0 1652 0 1652 0 1651 0 1653 0 1652 0 1653 0 1654 0 1632 0 1655 0 1656 0 1632 0 1656 0 1565 0 1565 0 1656 0 1657 0 1565 0 1657 0 1658 0 1659 0 1660 0 1655 0 1659 0 1655 0 1661 0 1662 0 1663 0 1664 0 1664 0 1665 0 1662 0 1662 0 1665 0 1666 0 1662 0 1666 0 1659 0 1659 0 1666 0 1667 0 1659 0 1667 0 1660 0 1668 0 1669 0 1670 0 1671 0 1672 0 1673 0 1669 0 1674 0 1670 0 1670 0 1674 0 1675 0 1670 0 1675 0 1663 0 1663 0 1675 0 1676 0 1663 0 1676 0 1664 0 1677 0 1678 0 1679 0 1616 0 1680 0 1681 0 1681 0 1680 0 1682 0 1681 0 1682 0 1648 0 1648 0 1682 0 1683 0 1648 0 1683 0 1646 0 1684 0 1685 0 1686 0 1686 0 1685 0 1687 0 1686 0 1687 0 1688 0 1680 0 1689 0 1682 0 1682 0 1689 0 1690 0 1682 0 1690 0 1684 0 1684 0 1690 0 1691 0 1684 0 1691 0 1685 0 1692 0 1693 0 1679 0 1679 0 1693 0 1694 0 1679 0 1694 0 1677 0 1692 0 1695 0 1693 0 1693 0 1695 0 1696 0 1693 0 1696 0 1615 0 1615 0 1696 0 1697 0 1615 0 1697 0 1698 0 1698 0 1699 0 1615 0 1615 0 1699 0 1700 0 1615 0 1700 0 1616 0 1616 0 1700 0 1701 0 1616 0 1701 0 1680 0 1702 0 1684 0 1703 0 1703 0 1684 0 1686 0 1703 0 1686 0 1677 0 1677 0 1686 0 1688 0 1677 0 1688 0 1678 0 1566 0 1602 0 1704 0 1704 0 1602 0 1601 0 1704 0 1601 0 1705 0 1705 0 1601 0 1706 0 1705 0 1706 0 1707 0 1597 0 1573 0 1568 0 1568 0 1573 0 1571 0 1568 0 1571 0 1566 0 1566 0 1571 0 1570 0 1566 0 1570 0 1602 0 1702 0 1708 0 1684 0 1684 0 1708 0 1652 0 1684 0 1652 0 1682 0 1682 0 1652 0 1654 0 1682 0 1654 0 1683 0 1501 0 1503 0 1706 0 1708 0 1505 0 1709 0 1702 0 1707 0 1708 0 1708 0 1707 0 1706 0 1708 0 1706 0 1505 0 1505 0 1706 0 1503 0 1709 0 1710 0 1708 0 1708 0 1710 0 1711 0 1708 0 1711 0 1652 0 1652 0 1711 0 1712 0 1652 0 1712 0 1713 0 1713 0 1493 0 1652 0 1652 0 1493 0 1569 0 1652 0 1569 0 1650 0 1650 0 1569 0 1422 0 1493 0 1495 0 1569 0 1569 0 1495 0 1497 0 1569 0 1497 0 1706 0 1706 0 1497 0 1499 0 1706 0 1499 0 1501 0 1714 0 1451 0 1569 0 1569 0 1451 0 1606 0 1569 0 1606 0 1426 0 1426 0 1606 0 1428 0 1715 0 1706 0 1463 0 1463 0 1706 0 1601 0 1463 0 1601 0 1461 0 1461 0 1601 0 1459 0 1715 0 1716 0 1706 0 1706 0 1716 0 1717 0 1706 0 1717 0 1569 0 1569 0 1717 0 1718 0 1569 0 1718 0 1714 0 1451 0 1453 0 1606 0 1606 0 1453 0 1455 0 1606 0 1455 0 1601 0 1601 0 1455 0 1457 0 1601 0 1457 0 1459 0 1649 0 1719 0 1648 0 1648 0 1719 0 1720 0 1648 0 1720 0 1681 0 1681 0 1720 0 1555 0 1681 0 1555 0 1616 0 1616 0 1555 0 1557 0 1616 0 1557 0 1559 0 1721 0 1722 0 1606 0 1606 0 1722 0 1636 0 1606 0 1636 0 1434 0 1434 0 1636 0 1436 0 1722 0 1723 0 1636 0 1636 0 1723 0 1724 0 1636 0 1724 0 1635 0 1635 0 1724 0 1507 0 1635 0 1507 0 1509 0 1509 0 1511 0 1635 0 1635 0 1511 0 1513 0 1635 0 1513 0 1611 0 1611 0 1513 0 1515 0 1515 0 1517 0 1611 0 1611 0 1517 0 1519 0 1611 0 1519 0 1606 0 1606 0 1519 0 1725 0 1606 0 1725 0 1721 0 1624 0 1580 0 1623 0 1623 0 1580 0 1582 0 1623 0 1582 0 1578 0 1578 0 1582 0 1726 0 1578 0 1726 0 1579 0 1575 0 1581 0 1727 0 1727 0 1581 0 1580 0 1727 0 1580 0 1728 0 1728 0 1580 0 1624 0 1728 0 1624 0 1618 0 1618 0 1624 0 1541 0 1618 0 1541 0 1543 0 1645 0 1640 0 1643 0 1643 0 1640 0 1563 0 1643 0 1563 0 1729 0 1729 0 1563 0 1565 0 1729 0 1565 0 1671 0 1671 0 1565 0 1658 0 1671 0 1658 0 1672 0 1655 0 1632 0 1661 0 1661 0 1632 0 1631 0 1661 0 1631 0 1730 0 1730 0 1631 0 1635 0 1730 0 1635 0 1731 0 1731 0 1635 0 1611 0 1731 0 1611 0 1599 0 1599 0 1611 0 1613 0 1599 0 1613 0 1600 0 1583 0 1588 0 1584 0 1584 0 1588 0 1576 0 1584 0 1576 0 1732 0 1575 0 1727 0 1576 0 1576 0 1727 0 1733 0 1576 0 1733 0 1732 0 1732 0 1733 0 1734 0 1732 0 1734 0 1735 0 1735 0 1736 0 1732 0 1732 0 1736 0 1465 0 1732 0 1465 0 1737 0 1737 0 1465 0 1467 0 1737 0 1467 0 1469 0 1469 0 1471 0 1738 0 1738 0 1471 0 1473 0 1738 0 1473 0 1475 0 1477 0 1739 0 1733 0 1733 0 1739 0 1740 0 1733 0 1740 0 1734 0 1553 0 1555 0 1618 0 1618 0 1555 0 1720 0 1618 0 1720 0 1728 0 1728 0 1720 0 1719 0 1728 0 1719 0 1727 0 1727 0 1719 0 1741 0 1727 0 1741 0 1733 0 1733 0 1741 0 1738 0 1733 0 1738 0 1477 0 1477 0 1738 0 1475 0 1469 0 1738 0 1737 0 1737 0 1738 0 1742 0 1737 0 1742 0 1743 0 1483 0 1671 0 1670 0 1670 0 1671 0 1673 0 1670 0 1673 0 1668 0 1743 0 1744 0 1737 0 1737 0 1744 0 1479 0 1737 0 1479 0 1670 0 1670 0 1479 0 1481 0 1670 0 1481 0 1483 0 1483 0 1485 0 1671 0 1671 0 1485 0 1487 0 1671 0 1487 0 1489 0 1491 0 1745 0 1738 0 1738 0 1745 0 1746 0 1738 0 1746 0 1742 0 1649 0 1641 0 1719 0 1719 0 1641 0 1643 0 1719 0 1643 0 1741 0 1741 0 1643 0 1729 0 1741 0 1729 0 1738 0 1738 0 1729 0 1671 0 1738 0 1671 0 1491 0 1491 0 1671 0 1489 0 1747 3 1662 3 1748 3 1748 3 1662 3 1659 3 1748 3 1659 3 1749 3 1749 3 1659 3 1661 3 1749 3 1661 3 1750 3 1750 3 1661 3 1730 3 1750 3 1730 3 1751 3 1751 3 1730 3 1731 3 1751 3 1731 3 1752 3 1752 3 1731 3 1599 3 1752 3 1599 3 1753 3 1753 3 1599 3 1568 3 1753 3 1568 3 1754 3 1754 3 1568 3 1567 3 1694 4 1755 4 1677 4 1677 4 1755 4 1756 4 1754 4 1567 4 1757 4 1757 4 1567 4 1566 4 1757 4 1566 4 1758 4 1758 4 1566 4 1704 4 1758 4 1704 4 1759 4 1759 4 1704 4 1705 4 1759 4 1705 4 1760 4 1760 4 1705 4 1707 4 1760 4 1707 4 1761 4 1761 4 1707 4 1702 4 1761 4 1702 4 1756 4 1756 4 1702 4 1703 4 1756 4 1703 4 1677 4 1591 1 1762 1 1577 1 1577 1 1762 1 1763 1 1577 1 1763 1 1578 1 1578 1 1763 1 1764 1 1578 1 1764 1 1627 1 1627 1 1764 1 1765 1 1627 1 1765 1 1620 1 1620 1 1765 1 1766 1 1620 1 1766 1 1615 1 1615 1 1766 1 1767 1 1615 1 1767 1 1693 1 1693 1 1767 1 1768 1 1693 1 1768 1 1694 1 1694 1 1768 1 1755 1 1662 5 1747 5 1663 5 1663 5 1747 5 1769 5 1663 5 1769 5 1670 5 1670 5 1769 5 1770 5 1670 5 1770 5 1737 5 1737 5 1770 5 1771 5 1737 5 1771 5 1732 5 1732 5 1771 5 1772 5 1732 5 1772 5 1584 5 1584 5 1772 5 1773 5 1584 5 1773 5 1586 5 1586 5 1773 5 1774 5 1586 5 1774 5 1587 5 1587 5 1774 5 1762 5 1587 5 1762 5 1591 5 1775 1 1776 1 1777 1 1777 1 1776 1 1778 1 1779 4 1780 4 1781 4 1781 4 1780 4 1782 4 1783 3 1784 3 1785 3 1785 3 1784 3 1786 3 1787 5 1788 5 1789 5 1789 5 1788 5 1790 5 1791 2 1782 2 1550 2 1550 2 1782 2 1780 2 1550 2 1780 2 1552 2 1790 2 1788 2 1792 2 1780 2 1793 2 1552 2 1552 2 1793 2 1794 2 1552 2 1794 2 1554 2 1554 2 1794 2 1778 2 1554 2 1778 2 1556 2 1556 2 1778 2 1776 2 1556 2 1776 2 1558 2 1795 2 1782 2 1796 2 1796 2 1782 2 1791 2 1796 2 1791 2 1784 2 1784 2 1791 2 1797 2 1784 2 1797 2 1786 2 1797 2 1798 2 1786 2 1786 2 1798 2 1799 2 1786 2 1799 2 1800 2 1800 2 1799 2 1792 2 1800 2 1792 2 1801 2 1801 2 1792 2 1788 2 1792 2 1562 2 1790 2 1790 2 1562 2 1560 2 1790 2 1560 2 1802 2 1802 2 1560 2 1558 2 1802 2 1558 2 1803 2 1803 2 1558 2 1776 2 1804 1 1805 1 1806 1 1806 1 1805 1 1807 1 1808 4 1809 4 1810 4 1810 4 1809 4 1811 4 1812 3 1813 3 1814 3 1814 3 1813 3 1815 3 1816 5 1817 5 1818 5 1818 5 1817 5 1819 5 1510 2 1820 2 1512 2 1512 2 1820 2 1807 2 1512 2 1807 2 1514 2 1514 2 1807 2 1805 2 1514 2 1805 2 1516 2 1819 2 1817 2 1821 2 1805 2 1822 2 1516 2 1516 2 1822 2 1823 2 1516 2 1823 2 1518 2 1518 2 1823 2 1819 2 1518 2 1819 2 1520 2 1520 2 1819 2 1821 2 1815 2 1813 2 1824 2 1824 2 1813 2 1825 2 1825 2 1813 2 1826 2 1825 2 1826 2 1827 2 1824 2 1828 2 1815 2 1815 2 1828 2 1829 2 1815 2 1829 2 1830 2 1830 2 1829 2 1821 2 1830 2 1821 2 1831 2 1831 2 1821 2 1817 2 1827 2 1832 2 1825 2 1825 2 1832 2 1811 2 1825 2 1811 2 1508 2 1508 2 1811 2 1809 2 1508 2 1809 2 1510 2 1510 2 1809 2 1833 2 1510 2 1833 2 1820 2 1834 1 1835 1 1836 1 1836 1 1835 1 1837 1 1838 4 1839 4 1840 4 1840 4 1839 4 1841 4 1842 3 1843 3 1844 3 1844 3 1843 3 1845 3 1846 5 1847 5 1848 5 1848 5 1847 5 1849 5 1850 2 1851 2 1849 2 1532 2 1530 2 1835 2 1835 2 1530 2 1837 2 1530 2 1528 2 1837 2 1837 2 1528 2 1526 2 1837 2 1526 2 1852 2 1852 2 1526 2 1524 2 1849 2 1847 2 1853 2 1835 2 1850 2 1532 2 1532 2 1850 2 1849 2 1532 2 1849 2 1534 2 1534 2 1849 2 1853 2 1843 2 1854 2 1855 2 1855 2 1854 2 1856 2 1855 2 1857 2 1843 2 1843 2 1857 2 1858 2 1843 2 1858 2 1845 2 1845 2 1858 2 1859 2 1845 2 1859 2 1860 2 1860 2 1859 2 1853 2 1860 2 1853 2 1861 2 1861 2 1853 2 1847 2 1856 2 1862 2 1855 2 1855 2 1862 2 1841 2 1855 2 1841 2 1522 2 1522 2 1841 2 1839 2 1522 2 1839 2 1524 2 1524 2 1839 2 1863 2 1524 2 1863 2 1852 2 1864 1 1865 1 1866 1 1866 1 1865 1 1867 1 1868 4 1869 4 1870 4 1870 4 1869 4 1871 4 1872 3 1873 3 1874 3 1874 3 1873 3 1875 3 1876 5 1877 5 1878 5 1878 5 1877 5 1879 5 1871 2 1869 2 1538 2 1867 2 1540 2 1880 2 1880 2 1540 2 1538 2 1880 2 1538 2 1881 2 1881 2 1538 2 1869 2 1538 2 1536 2 1871 2 1871 2 1536 2 1882 2 1871 2 1882 2 1883 2 1883 2 1882 2 1884 2 1546 2 1879 2 1548 2 1548 2 1879 2 1877 2 1548 2 1877 2 1885 2 1877 2 1886 2 1885 2 1885 2 1886 2 1887 2 1885 2 1887 2 1888 2 1888 2 1887 2 1875 2 1888 2 1875 2 1889 2 1889 2 1875 2 1873 2 1889 2 1873 2 1884 2 1884 2 1873 2 1890 2 1884 2 1890 2 1883 2 1891 2 1879 2 1892 2 1892 2 1879 2 1546 2 1892 2 1546 2 1865 2 1865 2 1546 2 1544 2 1865 2 1544 2 1867 2 1867 2 1544 2 1542 2 1867 2 1542 2 1540 2 1836 134 1837 134 1893 134 1893 134 1837 134 1852 134 1893 135 1852 135 1894 135 1894 135 1852 135 1863 135 1894 136 1863 136 1838 136 1838 136 1863 136 1839 136 1848 133 1849 133 1895 133 1895 133 1849 133 1851 133 1895 132 1851 132 1896 132 1896 132 1851 132 1850 132 1896 137 1850 137 1834 137 1834 137 1850 137 1835 137 1844 138 1845 138 1897 138 1897 138 1845 138 1860 138 1897 139 1860 139 1898 139 1898 139 1860 139 1861 139 1898 140 1861 140 1846 140 1846 140 1861 140 1847 140 1840 212 1841 212 1899 212 1899 212 1841 212 1862 212 1899 213 1862 213 1900 213 1900 213 1862 213 1856 213 1900 214 1856 214 1901 214 1901 214 1856 214 1854 214 1901 215 1854 215 1842 215 1842 215 1854 215 1843 215 1870 144 1871 144 1902 144 1902 144 1871 144 1883 144 1902 145 1883 145 1903 145 1903 145 1883 145 1890 145 1903 146 1890 146 1872 146 1872 146 1890 146 1873 146 1874 147 1875 147 1904 147 1904 147 1875 147 1887 147 1904 148 1887 148 1905 148 1905 148 1887 148 1886 148 1905 149 1886 149 1876 149 1876 149 1886 149 1877 149 1878 133 1879 133 1906 133 1906 133 1879 133 1891 133 1906 132 1891 132 1907 132 1907 132 1891 132 1892 132 1907 91 1892 91 1864 91 1864 91 1892 91 1865 91 1866 150 1867 150 1908 150 1908 150 1867 150 1880 150 1908 135 1880 135 1909 135 1909 135 1880 135 1881 135 1909 136 1881 136 1868 136 1868 136 1881 136 1869 136 1777 90 1778 90 1910 90 1910 90 1778 90 1794 90 1910 129 1794 129 1911 129 1911 129 1794 129 1793 129 1911 94 1793 94 1779 94 1779 94 1793 94 1780 94 1781 151 1782 151 1912 151 1912 151 1782 151 1795 151 1912 152 1795 152 1913 152 1913 152 1795 152 1796 152 1913 153 1796 153 1783 153 1783 153 1796 153 1784 153 1789 96 1790 96 1914 96 1914 96 1790 96 1802 96 1914 154 1802 154 1915 154 1915 154 1802 154 1803 154 1915 155 1803 155 1775 155 1775 155 1803 155 1776 155 1785 156 1786 156 1916 156 1916 156 1786 156 1800 156 1916 157 1800 157 1917 157 1917 157 1800 157 1801 157 1917 158 1801 158 1787 158 1787 158 1801 158 1788 158 1810 216 1811 216 1918 216 1918 216 1811 216 1832 216 1918 213 1832 213 1919 213 1919 213 1832 213 1827 213 1919 217 1827 217 1920 217 1920 217 1827 217 1826 217 1920 218 1826 218 1812 218 1812 218 1826 218 1813 218 1806 161 1807 161 1921 161 1921 161 1807 161 1820 161 1921 129 1820 129 1922 129 1922 129 1820 129 1833 129 1922 94 1833 94 1808 94 1808 94 1833 94 1809 94 1814 162 1815 162 1923 162 1923 162 1815 162 1830 162 1923 163 1830 163 1924 163 1924 163 1830 163 1831 163 1924 164 1831 164 1816 164 1816 164 1831 164 1817 164 1818 96 1819 96 1925 96 1925 96 1819 96 1823 96 1925 154 1823 154 1926 154 1926 154 1823 154 1822 154 1926 165 1822 165 1804 165 1804 165 1822 165 1805 165 1561 149 1562 149 1614 149 1614 149 1562 149 1792 149 1614 148 1792 148 1622 148 1622 148 1792 148 1799 148 1622 147 1799 147 1621 147 1621 147 1799 147 1798 147 1621 153 1798 153 1619 153 1619 153 1798 153 1797 153 1619 152 1797 152 1617 152 1617 152 1797 152 1791 152 1617 151 1791 151 1549 151 1549 151 1791 151 1550 151 1547 149 1548 149 1625 149 1625 149 1548 149 1885 149 1625 148 1885 148 1626 148 1626 148 1885 148 1888 148 1626 147 1888 147 1628 147 1628 147 1888 147 1889 147 1628 153 1889 153 1629 153 1629 153 1889 153 1884 153 1629 152 1884 152 1630 152 1630 152 1884 152 1882 152 1630 151 1882 151 1535 151 1535 151 1882 151 1536 151 1533 140 1534 140 1637 140 1637 140 1534 140 1853 140 1637 166 1853 166 1638 166 1638 166 1853 166 1859 166 1638 147 1859 147 1639 147 1639 147 1859 147 1858 147 1639 153 1858 153 1633 153 1633 153 1858 153 1857 153 1633 167 1857 167 1634 167 1634 167 1857 167 1855 167 1634 159 1855 159 1521 159 1521 159 1855 159 1522 159 1519 140 1520 140 1725 140 1725 140 1520 140 1821 140 1725 166 1821 166 1721 166 1721 166 1821 166 1829 166 1721 147 1829 147 1722 147 1722 147 1829 147 1828 147 1722 153 1828 153 1723 153 1723 153 1828 153 1824 153 1723 167 1824 167 1724 167 1724 167 1824 167 1825 167 1724 159 1825 159 1507 159 1507 159 1825 159 1508 159 1505 168 1506 168 1709 168 1709 168 1506 168 1927 168 1709 169 1927 169 1710 169 1710 169 1927 169 1928 169 1710 170 1928 170 1711 170 1711 170 1928 170 1929 170 1711 171 1929 171 1712 171 1712 171 1929 171 1930 171 1712 172 1930 172 1713 172 1713 172 1930 172 1931 172 1713 173 1931 173 1493 173 1493 173 1931 173 1494 173 1491 168 1492 168 1745 168 1745 168 1492 168 1932 168 1745 84 1932 84 1746 84 1746 84 1932 84 1933 84 1746 174 1933 174 1742 174 1742 174 1933 174 1934 174 1742 175 1934 175 1743 175 1743 175 1934 175 1935 175 1743 176 1935 176 1744 176 1744 176 1935 176 1936 176 1744 177 1936 177 1479 177 1479 177 1936 177 1480 177 1477 168 1478 168 1739 168 1739 168 1478 168 1937 168 1739 84 1937 84 1740 84 1740 84 1937 84 1938 84 1740 174 1938 174 1734 174 1734 174 1938 174 1939 174 1734 175 1939 175 1735 175 1735 175 1939 175 1940 175 1735 176 1940 176 1736 176 1736 176 1940 176 1941 176 1736 177 1941 177 1465 177 1465 177 1941 177 1466 177 1463 168 1464 168 1715 168 1715 168 1464 168 1942 168 1715 169 1942 169 1716 169 1716 169 1942 169 1943 169 1716 170 1943 170 1717 170 1717 170 1943 170 1944 170 1717 171 1944 171 1718 171 1718 171 1944 171 1945 171 1718 172 1945 172 1714 172 1714 172 1945 172 1946 172 1714 173 1946 173 1451 173 1451 173 1946 173 1452 173 1449 178 1450 178 1947 178 1947 178 1450 178 1640 178 1947 179 1640 179 1948 179 1948 179 1640 179 1645 179 1948 180 1645 180 1949 180 1949 180 1645 180 1644 180 1949 176 1644 176 1950 176 1950 176 1644 176 1642 176 1950 181 1642 181 1951 181 1951 181 1642 181 1641 181 1951 182 1641 182 1952 182 1952 182 1641 182 1649 182 1952 183 1649 183 1953 183 1953 183 1649 183 1647 183 1953 184 1647 184 1954 184 1954 184 1647 184 1646 184 1954 185 1646 185 1955 185 1955 185 1646 185 1683 185 1955 186 1683 186 1956 186 1956 186 1683 186 1654 186 1956 84 1654 84 1957 84 1957 84 1654 84 1653 84 1957 187 1653 187 1958 187 1958 187 1653 187 1651 187 1958 188 1651 188 1959 188 1959 188 1651 188 1650 188 1959 189 1650 189 1421 189 1421 189 1650 189 1422 189 1419 190 1420 190 1960 190 1960 190 1420 190 1961 190 1960 191 1961 191 1962 191 1962 191 1961 191 1963 191 1962 192 1963 192 1964 192 1964 192 1963 192 1965 192 1964 193 1965 193 1966 193 1966 193 1965 193 1967 193 1966 81 1967 81 1968 81 1968 81 1967 81 1969 81 1968 194 1969 194 1407 194 1407 194 1969 194 1408 194 1405 164 1406 164 1970 164 1970 164 1406 164 1971 164 1970 163 1971 163 1972 163 1972 163 1971 163 1973 163 1972 192 1973 192 1974 192 1974 192 1973 192 1975 192 1974 193 1975 193 1976 193 1976 193 1975 193 1977 193 1976 81 1977 81 1978 81 1978 81 1977 81 1979 81 1978 159 1979 159 1393 159 1393 159 1979 159 1394 159 1391 195 1392 195 1980 195 1980 195 1392 195 1981 195 1980 196 1981 196 1982 196 1982 196 1981 196 1983 196 1982 147 1983 147 1984 147 1984 147 1983 147 1985 147 1984 153 1985 153 1986 153 1986 153 1985 153 1987 153 1986 167 1987 167 1988 167 1988 167 1987 167 1989 167 1988 197 1989 197 1379 197 1379 197 1989 197 1380 197 1377 198 1378 198 1990 198 1990 198 1378 198 1991 198 1990 199 1991 199 1992 199 1992 199 1991 199 1993 199 1992 147 1993 147 1994 147 1994 147 1993 147 1995 147 1994 153 1995 153 1996 153 1996 153 1995 153 1997 153 1996 167 1997 167 1998 167 1998 167 1997 167 1999 167 1998 200 1999 200 1365 200 1365 200 1999 200 1366 200 2000 201 1673 201 2001 201 2001 201 1673 201 1672 201 2001 163 1672 163 2002 163 2002 163 1672 163 1658 163 2002 164 1658 164 2003 164 2003 164 1658 164 1657 164 2000 3 2004 3 1673 3 1673 3 2004 3 1668 3 2005 194 1675 194 2006 194 2006 194 1675 194 1674 194 2006 202 1674 202 2007 202 2007 202 1674 202 1669 202 2007 160 1669 160 2004 160 2004 160 1669 160 1668 160 2005 4 2008 4 1675 4 1675 4 2008 4 1676 4 2009 161 1666 161 2010 161 2010 161 1666 161 1665 161 2010 203 1665 203 2011 203 2011 203 1665 203 1664 203 2011 88 1664 88 2008 88 2008 88 1664 88 1676 88 2009 1 2012 1 1666 1 1666 1 2012 1 1667 1 2013 96 1656 96 2014 96 2014 96 1656 96 1655 96 2014 154 1655 154 2015 154 2015 154 1655 154 1660 154 2015 204 1660 204 2012 204 2012 204 1660 204 1667 204 2013 5 2003 5 1656 5 1656 5 2003 5 1657 5 2014 0 2015 0 2012 0 2010 0 2011 0 2008 0 1998 0 2007 0 1996 0 1996 0 2007 0 2004 0 1996 0 2004 0 1994 0 1994 0 2004 0 2000 0 1994 0 2000 0 1992 0 2009 0 2010 0 1367 0 1367 0 2010 0 2008 0 1367 0 2008 0 1365 0 1365 0 2008 0 2005 0 1365 0 2005 0 1998 0 1998 0 2005 0 2006 0 1998 0 2006 0 2007 0 2013 0 2014 0 1373 0 1373 0 2014 0 2012 0 1373 0 2012 0 1371 0 1371 0 2012 0 2009 0 1371 0 2009 0 1369 0 1369 0 2009 0 1367 0 1373 0 1375 0 2013 0 2013 0 1375 0 1377 0 2013 0 1377 0 2003 0 2003 0 1377 0 1990 0 2003 0 1990 0 2002 0 2002 0 1990 0 1992 0 2002 0 1992 0 2001 0 2001 0 1992 0 2000 0 2016 133 1570 133 2017 133 2017 133 1570 133 1572 133 2017 132 1572 132 2018 132 2018 132 1572 132 1573 132 2018 137 1573 137 2019 137 2019 137 1573 137 1597 137 2016 5 2020 5 1570 5 1570 5 2020 5 1602 5 2021 138 1605 138 2022 138 2022 138 1605 138 1604 138 2022 139 1604 139 2023 139 2023 139 1604 139 1603 139 2023 140 1603 140 2020 140 2020 140 1603 140 1602 140 2021 3 2024 3 1605 3 1605 3 2024 3 1607 3 2025 141 1610 141 2026 141 2026 141 1610 141 1609 141 2026 142 1609 142 2027 142 2027 142 1609 142 1608 142 2027 143 1608 143 2024 143 2024 143 1608 143 1607 143 2025 4 2028 4 1610 4 1610 4 2028 4 1612 4 2029 134 1598 134 2030 134 2030 134 1598 134 1600 134 2030 135 1600 135 2031 135 2031 135 1600 135 1613 135 2031 136 1613 136 2028 136 2028 136 1613 136 1612 136 2029 1 2019 1 1598 1 1598 1 2019 1 1597 1 2028 0 2025 0 1988 0 2024 0 1986 0 2027 0 2027 0 1986 0 1988 0 2027 0 1988 0 2026 0 2026 0 1988 0 2025 0 2016 0 1389 0 2020 0 2020 0 1389 0 1391 0 2020 0 1391 0 1980 0 1988 0 1379 0 2028 0 2028 0 1379 0 1381 0 2028 0 1381 0 2031 0 2031 0 1381 0 1383 0 2016 0 2017 0 1389 0 1389 0 2017 0 2018 0 1389 0 2018 0 1387 0 1387 0 2018 0 2019 0 1387 0 2019 0 1385 0 1385 0 2019 0 2029 0 1385 0 2029 0 1383 0 1383 0 2029 0 2030 0 1383 0 2030 0 2031 0 2023 0 2020 0 2022 0 2022 0 2020 0 1980 0 2022 0 1980 0 2021 0 2021 0 1980 0 1982 0 2021 0 1982 0 2024 0 2024 0 1982 0 1984 0 2024 0 1984 0 1986 0 2032 147 1696 147 2033 147 2033 147 1696 147 1695 147 2033 148 1695 148 2034 148 2034 148 1695 148 1692 148 2034 149 1692 149 2035 149 2035 149 1692 149 1679 149 2032 3 2036 3 1696 3 1696 3 2036 3 1697 3 2037 144 1700 144 2038 144 2038 144 1700 144 1699 144 2038 145 1699 145 2039 145 2039 145 1699 145 1698 145 2039 146 1698 146 2036 146 2036 146 1698 146 1697 146 2037 4 2040 4 1700 4 1700 4 2040 4 1701 4 2041 150 1690 150 2042 150 2042 150 1690 150 1689 150 2042 135 1689 135 2043 135 2043 135 1689 135 1680 135 2043 136 1680 136 2040 136 2040 136 1680 136 1701 136 2041 1 2044 1 1690 1 1690 1 2044 1 1691 1 1691 91 2044 91 1685 91 1685 91 2044 91 2045 91 1685 132 2045 132 1687 132 1687 132 2045 132 2046 132 1687 205 2046 205 1688 205 1688 219 2046 219 2047 219 1688 207 2047 207 1678 207 2047 5 2035 5 1678 5 1678 5 2035 5 1679 5 2040 0 2037 0 1978 0 2036 0 1976 0 2039 0 2039 0 1976 0 1978 0 2039 0 1978 0 2038 0 2038 0 1978 0 2037 0 1978 0 1393 0 2040 0 2040 0 1393 0 1395 0 2040 0 1395 0 2043 0 2043 0 1395 0 1397 0 2047 0 1403 0 2035 0 2035 0 1403 0 1405 0 2035 0 1405 0 1970 0 2047 0 2046 0 1403 0 1403 0 2046 0 2045 0 1403 0 2045 0 1401 0 1401 0 2045 0 2044 0 1401 0 2044 0 1399 0 1399 0 2044 0 2041 0 1399 0 2041 0 1397 0 1397 0 2041 0 2042 0 1397 0 2042 0 2043 0 2034 0 2035 0 2033 0 2033 0 2035 0 1970 0 2033 0 1970 0 2032 0 2032 0 1970 0 1972 0 2032 0 1972 0 2036 0 2036 0 1972 0 1974 0 2036 0 1974 0 1976 0 2048 208 1595 208 2049 208 2049 208 1595 208 1594 208 2049 157 1594 157 2050 157 2050 157 1594 157 1579 157 2050 158 1579 158 2051 158 2051 158 1579 158 1726 158 2048 3 2052 3 1595 3 1595 3 2052 3 1596 3 2053 209 1592 209 2054 209 2054 209 1592 209 1590 209 2054 210 1590 210 2055 210 2055 210 1590 210 1589 210 2055 153 1589 153 2052 153 2052 153 1589 153 1596 153 2053 4 2056 4 1592 4 1592 4 2056 4 1593 4 2057 90 1588 90 2058 90 2058 90 1588 90 1583 90 2058 203 1583 203 2059 203 2059 203 1583 203 1585 203 2059 88 1585 88 2056 88 2056 88 1585 88 1593 88 2057 1 2060 1 1588 1 1588 1 2060 1 1574 1 2061 96 1582 96 2062 96 2062 96 1582 96 1581 96 2062 154 1581 154 2063 154 2063 154 1581 154 1575 154 2063 211 1575 211 2060 211 2060 211 1575 211 1574 211 2061 5 2051 5 1582 5 1582 5 2051 5 1726 5 1968 0 2055 0 1966 0 1966 0 2055 0 2052 0 1966 0 2052 0 1964 0 1964 0 2052 0 2048 0 1964 0 2048 0 1962 0 1409 0 2056 0 1407 0 1407 0 2056 0 2053 0 1407 0 2053 0 1968 0 1968 0 2053 0 2054 0 1968 0 2054 0 2055 0 2048 0 2049 0 1962 0 1962 0 2049 0 2050 0 1962 0 2050 0 1960 0 1960 0 2050 0 2051 0 1960 0 2051 0 1419 0 1419 0 2051 0 2061 0 2059 0 2056 0 2058 0 2058 0 2056 0 1409 0 2058 0 1409 0 2057 0 2057 0 1409 0 1411 0 2057 0 1411 0 2060 0 2060 0 1411 0 1413 0 2060 0 1413 0 1415 0 2063 0 2060 0 2062 0 2062 0 2060 0 1415 0 2062 0 1415 0 2061 0 2061 0 1415 0 1417 0 2061 0 1417 0 1419 0 1402 2 1400 2 2064 2 1416 2 1414 2 2065 2 1752 2 1753 2 2066 2 1929 2 1928 2 2067 2 1818 2 1925 2 2068 2 1893 2 1894 2 2069 2 1897 2 1898 2 2070 2 2070 2 1898 2 1846 2 1897 2 2070 2 1844 2 1844 2 2070 2 2071 2 1844 2 2071 2 1842 2 1846 2 1848 2 2072 2 2072 2 1848 2 1895 2 2072 2 1895 2 1751 2 1751 2 1895 2 1896 2 1751 2 1896 2 1750 2 2073 2 1900 2 1901 2 1838 2 1840 2 2073 2 2073 2 1840 2 1899 2 2073 2 1899 2 1900 2 1896 2 1834 2 1750 2 1750 2 1834 2 1836 2 1750 2 1836 2 1749 2 1904 2 1905 2 1766 2 1766 2 1905 2 1876 2 1904 2 1766 2 1874 2 1874 2 1766 2 1765 2 1874 2 1765 2 1872 2 2074 2 1909 2 1868 2 1872 2 1765 2 1903 2 1903 2 1765 2 1764 2 1903 2 1764 2 1902 2 2074 2 1868 2 1764 2 1764 2 1868 2 1870 2 1764 2 1870 2 1902 2 1909 2 2074 2 1908 2 1908 2 2074 2 2075 2 1908 2 2075 2 1866 2 1876 2 1878 2 2076 2 2076 2 1878 2 1906 2 2076 2 1906 2 2077 2 2077 2 1906 2 1907 2 2077 2 1907 2 2078 2 2078 2 1907 2 1864 2 2078 2 1864 2 1866 2 1781 2 1912 2 1766 2 1876 2 2076 2 1766 2 1766 2 2076 2 1779 2 1766 2 1779 2 1781 2 1767 2 1916 2 1917 2 1912 2 1913 2 1766 2 1766 2 1913 2 1783 2 1766 2 1783 2 1767 2 1767 2 1783 2 1785 2 1767 2 1785 2 1916 2 1787 2 1789 2 2079 2 2079 2 1789 2 1914 2 2079 2 1914 2 2080 2 2080 2 1914 2 1915 2 1915 2 1775 2 2080 2 2080 2 1775 2 1777 2 2080 2 1777 2 2077 2 2077 2 1777 2 1910 2 2077 2 1910 2 2076 2 2076 2 1910 2 1911 2 2076 2 1911 2 1779 2 1918 2 1919 2 2070 2 2081 2 1923 2 1924 2 1918 2 2070 2 1810 2 1818 2 2068 2 1816 2 1846 2 2072 2 2070 2 2070 2 2072 2 1808 2 2070 2 1808 2 1810 2 1919 2 1920 2 2070 2 2070 2 1920 2 1812 2 2070 2 1812 2 2081 2 2081 2 1812 2 1814 2 2081 2 1814 2 1923 2 1926 2 1804 2 1752 2 1752 2 1804 2 1806 2 1752 2 1806 2 1751 2 1751 2 1806 2 1921 2 1751 2 1921 2 2072 2 2072 2 1921 2 1922 2 2072 2 1922 2 1808 2 2082 2 2083 2 1496 2 1929 2 2067 2 1930 2 1496 2 1494 2 2082 2 2082 2 1494 2 1931 2 2082 2 1931 2 1930 2 1504 2 1502 2 2084 2 2084 2 1502 2 1500 2 2084 2 1500 2 2083 2 2083 2 1500 2 1498 2 2083 2 1498 2 1496 2 1928 2 1927 2 1760 2 1760 2 1927 2 1506 2 1760 2 1506 2 1759 2 1941 2 1940 2 1772 2 1771 2 2085 2 1472 2 1472 2 1470 2 1771 2 1771 2 1470 2 1468 2 1771 2 1468 2 1772 2 1772 2 1468 2 1466 2 1772 2 1466 2 1941 2 1940 2 1939 2 2086 2 2086 2 1939 2 1938 2 2086 2 1938 2 1937 2 1937 2 1478 2 2087 2 2087 2 1478 2 2088 2 2088 2 1478 2 1476 2 2088 2 1476 2 2085 2 2085 2 1476 2 1474 2 2085 2 1474 2 1472 2 1423 2 1425 2 2081 2 2081 2 1425 2 1427 2 1433 2 2070 2 1431 2 1431 2 2070 2 2081 2 1431 2 2081 2 1429 2 1429 2 2081 2 1427 2 1956 2 1957 2 2082 2 2082 2 1957 2 1958 2 2082 2 1958 2 2083 2 2083 2 1958 2 1959 2 2083 2 1959 2 1421 2 1956 2 2082 2 1955 2 1955 2 2082 2 2080 2 1955 2 2080 2 1954 2 1954 2 2080 2 2077 2 1954 2 2077 2 1953 2 1948 2 2089 2 1947 2 1947 2 2089 2 2090 2 1948 2 1949 2 2089 2 2089 2 1949 2 1950 2 2089 2 1950 2 2078 2 2078 2 1950 2 1951 2 2078 2 1951 2 2077 2 2077 2 1951 2 1952 2 2077 2 1952 2 1953 2 2071 2 1441 2 1443 2 1443 2 1445 2 2071 2 2071 2 1445 2 1447 2 2071 2 1447 2 2090 2 2090 2 1447 2 1449 2 2090 2 1449 2 1947 2 1433 2 1435 2 2070 2 2070 2 1435 2 1437 2 2070 2 1437 2 2071 2 2071 2 1437 2 1439 2 2071 2 1439 2 1441 2 1421 2 1423 2 2083 2 2083 2 1423 2 2081 2 2083 2 2081 2 1452 2 1452 2 2081 2 1454 2 1462 2 1460 2 2091 2 2091 2 1460 2 1458 2 2091 2 1458 2 2081 2 2081 2 1458 2 1456 2 2081 2 1456 2 1454 2 1944 2 2084 2 1945 2 1945 2 2084 2 2083 2 1945 2 2083 2 1946 2 1946 2 2083 2 1452 2 1944 2 1943 2 2084 2 2084 2 1943 2 1759 2 2084 2 1759 2 1504 2 1504 2 1759 2 1506 2 1462 2 1758 2 1464 2 1464 2 1758 2 1759 2 1464 2 1759 2 1942 2 1942 2 1759 2 1943 2 1484 2 1770 2 1486 2 1486 2 1770 2 2092 2 1484 2 1482 2 1770 2 1770 2 1482 2 1480 2 1770 2 1480 2 1771 2 1480 2 1936 2 1771 2 1771 2 1936 2 1935 2 1771 2 1935 2 2085 2 2085 2 1935 2 1934 2 1934 2 1933 2 2085 2 2085 2 1933 2 1932 2 2085 2 1932 2 2088 2 2088 2 1932 2 1492 2 2088 2 1492 2 2073 2 2073 2 1492 2 1490 2 2073 2 1490 2 2092 2 2092 2 1490 2 1488 2 2092 2 1488 2 1486 2 1836 2 1893 2 1749 2 1749 2 1893 2 2069 2 1749 2 2069 2 1748 2 1748 2 2069 2 2093 2 1748 2 2093 2 1747 2 1747 2 2093 2 1769 2 1378 2 1376 2 2093 2 1370 2 1769 2 1372 2 1372 2 1769 2 2093 2 1372 2 2093 2 1374 2 1374 2 2093 2 1376 2 1993 2 1991 2 2092 2 1370 2 1368 2 1769 2 1769 2 1368 2 1366 2 1769 2 1366 2 1770 2 1366 2 1999 2 1770 2 1770 2 1999 2 1997 2 1770 2 1997 2 2092 2 2092 2 1997 2 1995 2 2092 2 1995 2 1993 2 1894 2 1838 2 2069 2 2069 2 1838 2 2073 2 2069 2 2073 2 2093 2 2093 2 2073 2 2092 2 2093 2 2092 2 1378 2 1378 2 2092 2 1991 2 1384 2 1382 2 2068 2 1384 2 2068 2 1386 2 1388 2 1386 2 2066 2 2066 2 1386 2 2068 2 2066 2 2068 2 1752 2 1752 2 2068 2 1925 2 1752 2 1925 2 1926 2 1382 2 1380 2 2068 2 2068 2 1380 2 2081 2 2068 2 2081 2 1816 2 1816 2 2081 2 1924 2 1983 2 1981 2 2091 2 2091 2 1981 2 1392 2 2091 2 1392 2 2066 2 2066 2 1392 2 1390 2 2066 2 1390 2 1388 2 1380 2 1989 2 2081 2 2081 2 1989 2 1987 2 2081 2 1987 2 2091 2 2091 2 1987 2 1985 2 2091 2 1985 2 1983 2 1462 2 2091 2 1758 2 1758 2 2091 2 2066 2 1758 2 2066 2 1757 2 1757 2 2066 2 1753 2 1757 2 1753 2 1754 2 1866 2 2075 2 2078 2 2078 2 2075 2 2087 2 2078 2 2087 2 2089 2 2089 2 2087 2 2088 2 2089 2 2088 2 2090 2 2090 2 2088 2 2073 2 2090 2 2073 2 2071 2 2071 2 2073 2 1901 2 2071 2 1901 2 1842 2 1940 2 2086 2 1772 2 1772 2 2086 2 2094 2 1772 2 2094 2 1773 2 1773 2 2094 2 2065 2 1773 2 2065 2 1774 2 1774 2 2065 2 1414 2 1774 2 1414 2 1412 2 1412 2 1410 2 1774 2 1774 2 1410 2 1408 2 1774 2 1408 2 1762 2 1408 2 1969 2 1762 2 1762 2 1969 2 1967 2 1762 2 1967 2 1763 2 1763 2 1967 2 1965 2 1763 2 1965 2 1963 2 1963 2 1961 2 1763 2 1763 2 1961 2 1420 2 1763 2 1420 2 2065 2 2065 2 1420 2 1418 2 2065 2 1418 2 1416 2 1937 2 2087 2 2086 2 2086 2 2087 2 2075 2 2086 2 2075 2 2094 2 2094 2 2075 2 2074 2 2094 2 2074 2 2065 2 2065 2 2074 2 1764 2 2065 2 1764 2 1763 2 1398 2 1396 2 2079 2 1930 2 2067 2 2082 2 2082 2 2067 2 2095 2 2082 2 2095 2 2080 2 2080 2 2095 2 2064 2 2080 2 2064 2 2079 2 2079 2 2064 2 1400 2 2079 2 1400 2 1398 2 1396 2 1394 2 2079 2 2079 2 1394 2 1767 2 2079 2 1767 2 1787 2 1787 2 1767 2 1917 2 1973 2 1971 2 1768 2 1768 2 1971 2 1406 2 1768 2 1406 2 2064 2 2064 2 1406 2 1404 2 2064 2 1404 2 1402 2 1394 2 1979 2 1767 2 1767 2 1979 2 1977 2 1767 2 1977 2 1768 2 1768 2 1977 2 1975 2 1768 2 1975 2 1973 2 1928 2 1760 2 2067 2 2067 2 1760 2 1761 2 2067 2 1761 2 2095 2 2095 2 1761 2 1756 2 2095 2 1756 2 2064 2 2064 2 1756 2 1755 2 2064 2 1755 2 1768 2</p>
        </triangles>
      </mesh>
    </geometry>
  </library_geometries>
  <library_visual_scenes>
    <visual_scene id="DefaultScene">
      <node id="node_0b33f98b_5815_42df_8ab0_dbd3ff32c58c" type="NODE">
        <matrix>1 0 0 0 0 1 0 0 0 0 1 0 0 0 0 1</matrix>
        <node id="node_e3b3170d_bc86_4e88_b30c_4f9792dcce5f" type="NODE">
          <matrix>1 0 0 0 0 1 0 0 0 0 1 0 0 0 0 1</matrix>
          <node id="node_e3b3170d_bc86_4e88_b30c_4f9792dcce5f_mesh0" type="NODE">
            <matrix>1 0 0 0 0 1 0 0 0 0 1 0 0 0 0 1</matrix>
            <instance_geometry url="#geometry_4e0c7228_a301_4d69_9908_772b9be1bb37">
              <bind_material>
                <technique_common>
                  <instance_material symbol="mat_0" target="#mat_0"/>
                </technique_common>
              </bind_material>
            </instance_geometry>
          </node>
        </node>
      </node>
    </visual_scene>
  </library_visual_scenes>
  <scene>
    <instance_visual_scene url="#DefaultScene"/>
  </scene>
</COLLADA>
