mtllib material.mtl
usemtl material_link7_1
v 14.92724991 -13.27295971 604.00061035
v 14.92724991 -13.27295971 611.69396973
v 14.93346977 -13.34749031 611.69396973
v 14.93346977 -13.34749031 604.00061035
v 14.93597031 -13.42224026 604.00061035
v 14.93346977 -13.34749031 611.69396973
v 14.93597031 -13.42224026 611.69396973
v 14.93346977 -13.34749031 604.00061035
v 14.93474960 -13.49701977 604.00061035
v 14.93597031 -13.42224026 611.69396973
v 14.93474960 -13.49701977 611.69396973
v 14.93597031 -13.42224026 604.00061035
v 14.92978954 -13.57164955 604.00061035
v 14.93474960 -13.49701977 611.69396973
v 14.92978954 -13.57164955 611.69396973
v 14.93474960 -13.49701977 604.00061035
v 14.92113018 -13.64593983 604.00061035
v 14.92978954 -13.57164955 611.69396973
v 14.92113018 -13.64593983 611.69396973
v 14.92978954 -13.57164955 604.00061035
v 14.90876961 -13.71969986 604.00061035
v 14.92113018 -13.64593983 611.69396973
v 14.90876961 -13.71969986 611.69396973
v 14.92113018 -13.64593983 604.00061035
v 14.89274979 -13.79275990 604.00061035
v 14.90876961 -13.71969986 611.69396973
v 14.89274979 -13.79275990 611.69396973
v 14.90876961 -13.71969986 604.00061035
v 14.87310028 -13.86493015 604.00061035
v 14.89274979 -13.79275990 611.69396973
v 14.87310028 -13.86493015 611.69396973
v 14.89274979 -13.79275990 604.00061035
v 14.84988976 -13.93601990 604.00061035
v 14.87310028 -13.86493015 611.69396973
v 14.84988976 -13.93601990 611.69396973
v 14.87310028 -13.86493015 604.00061035
v 14.82316017 -14.00588036 604.00061035
v 14.84988976 -13.93601990 611.69396973
v 14.82316017 -14.00588036 611.69396973
v 14.84988976 -13.93601990 604.00061035
v 14.79298019 -14.07431030 604.00061035
v 14.82316017 -14.00588036 604.00061035
v 14.82316017 -14.00588036 611.69396973
v 14.79298019 -14.07431030 611.69396973
v 14.75942993 -14.14115047 604.00061035
v 14.79298019 -14.07431030 604.00061035
v 14.79298019 -14.07431030 611.69396973
v 14.75942993 -14.14115047 611.69396973
v 14.72259045 -14.20623970 604.00061035
v 14.75942993 -14.14115047 604.00061035
v 14.75942993 -14.14115047 611.69396973
v 14.72259045 -14.20623970 611.69396973
v 14.68253994 -14.26941013 604.00061035
v 14.72259045 -14.20623970 604.00061035
v 14.72259045 -14.20623970 611.69396973
v 14.68253994 -14.26941013 611.69396973
v 14.63939953 -14.33051014 604.00061035
v 14.68253994 -14.26941013 604.00061035
v 14.68253994 -14.26941013 611.69396973
v 14.63939953 -14.33051014 611.69396973
v 14.59327030 -14.38938046 604.00061035
v 14.63939953 -14.33051014 604.00061035
v 14.63939953 -14.33051014 611.69396973
v 14.59327030 -14.38938046 611.69396973
v 14.54426003 -14.44587994 604.00061035
v 14.59327030 -14.38938046 604.00061035
v 14.59327030 -14.38938046 611.69396973
v 14.54426003 -14.44587994 611.69396973
v 14.49250031 -14.49985981 604.00061035
v 14.54426003 -14.44587994 604.00061035
v 14.54426003 -14.44587994 611.69396973
v 14.49250031 -14.49985981 611.69396973
v 14.43811035 -14.55119991 604.00061035
v 14.49250031 -14.49985981 604.00061035
v 14.49250031 -14.49985981 611.69396973
v 14.43811035 -14.55119991 611.69396973
v 14.38123035 -14.59976006 604.00061035
v 14.43811035 -14.55119991 604.00061035
v 14.43811035 -14.55119991 611.69396973
v 14.38123035 -14.59976006 611.69396973
v 14.32199001 -14.64542961 604.00061035
v 14.38123035 -14.59976006 604.00061035
v 14.38123035 -14.59976006 611.69396973
v 14.32199001 -14.64542961 611.69396973
v 14.26056004 -14.68807983 604.00061035
v 14.32199001 -14.64542961 604.00061035
v 14.32199001 -14.64542961 611.69396973
v 14.26056004 -14.68807983 611.69396973
v 14.19707012 -14.72762966 604.00061035
v 14.26056004 -14.68807983 611.69396973
v 14.19707012 -14.72762966 611.69396973
v 14.26056004 -14.68807983 604.00061035
v 14.13169956 -14.76395035 604.00061035
v 14.19707012 -14.72762966 611.69396973
v 14.13169956 -14.76395035 611.69396973
v 14.19707012 -14.72762966 604.00061035
v 14.06459045 -14.79697990 604.00061035
v 14.13169956 -14.76395035 611.69396973
v 14.06459045 -14.79697990 611.69396973
v 14.13169956 -14.76395035 604.00061035
v 13.99592018 -14.82662010 604.00061035
v 14.06459045 -14.79697990 611.69396973
v 13.99592018 -14.82662010 611.69396973
v 14.06459045 -14.79697990 604.00061035
v 13.92586040 -14.85280037 604.00061035
v 13.99592018 -14.82662010 611.69396973
v 13.92586040 -14.85280037 611.69396973
v 13.99592018 -14.82662010 604.00061035
v 13.85457993 -14.87545013 604.00061035
v 13.92586040 -14.85280037 611.69396973
v 13.85457993 -14.87545013 611.69396973
v 13.92586040 -14.85280037 604.00061035
v 13.78225994 -14.89451981 604.00061035
v 13.85457993 -14.87545013 611.69396973
v 13.78225994 -14.89451981 611.69396973
v 13.85457993 -14.87545013 604.00061035
v 13.70907974 -14.90997028 604.00061035
v 13.78225994 -14.89451981 611.69396973
v 13.70907974 -14.90997028 611.69396973
v 13.78225994 -14.89451981 604.00061035
v 13.63523006 -14.92173958 604.00061035
v 13.70907974 -14.90997028 611.69396973
v 13.63523006 -14.92173958 611.69396973
v 13.70907974 -14.90997028 604.00061035
v 13.56087017 -14.92982006 604.00061035
v 13.63523006 -14.92173958 611.69396973
v 13.56087017 -14.92982006 611.69396973
v 13.63523006 -14.92173958 604.00061035
v 13.48620033 -14.93418980 604.00061035
v 13.56087017 -14.92982006 611.69396973
v 13.48620033 -14.93418980 611.69396973
v 13.56087017 -14.92982006 604.00061035
v 13.41141987 -14.93482971 604.00061035
v 13.48620033 -14.93418980 611.69396973
v 13.41141987 -14.93482971 611.69396973
v 13.48620033 -14.93418980 604.00061035
v 13.33668995 -14.93173981 604.00061035
v 13.41141987 -14.93482971 611.69396973
v 13.33668995 -14.93173981 611.69396973
v 13.41141987 -14.93482971 604.00061035
v 13.26220989 -14.92492008 604.00061035
v 13.33668995 -14.93173981 611.69396973
v 13.26220989 -14.92492008 611.69396973
v 13.33668995 -14.93173981 604.00061035
v 13.18815994 -14.91440964 604.00061035
v 13.26220989 -14.92492008 604.00061035
v 13.26220989 -14.92492008 611.69396973
v 13.18815994 -14.91440964 611.69396973
v 13.11472988 -14.90021038 604.00061035
v 13.18815994 -14.91440964 604.00061035
v 13.18815994 -14.91440964 611.69396973
v 13.11472988 -14.90021038 611.69396973
v 13.04209042 -14.88237953 604.00061035
v 13.11472988 -14.90021038 604.00061035
v 13.11472988 -14.90021038 611.69396973
v 13.04209042 -14.88237953 611.69396973
v 12.97043991 -14.86093998 604.00061035
v 13.04209042 -14.88237953 604.00061035
v 13.04209042 -14.88237953 611.69396973
v 12.97043991 -14.86093998 611.69396973
v 12.89993954 -14.83596039 604.00061035
v 12.97043991 -14.86093998 604.00061035
v 12.97043991 -14.86093998 611.69396973
v 12.89993954 -14.83596039 611.69396973
v 12.83078003 -14.80749989 604.00061035
v 12.89993954 -14.83596039 604.00061035
v 12.89993954 -14.83596039 611.69396973
v 12.83078003 -14.80749989 611.69396973
v 12.76311970 -14.77562046 604.00061035
v 12.83078003 -14.80749989 604.00061035
v 12.83078003 -14.80749989 611.69396973
v 12.76311970 -14.77562046 611.69396973
v 12.69713020 -14.74040985 604.00061035
v 12.76311970 -14.77562046 604.00061035
v 12.76311970 -14.77562046 611.69396973
v 12.69713020 -14.74040985 611.69396973
v 12.63298035 -14.70195961 604.00061035
v 12.69713020 -14.74040985 604.00061035
v 12.69713020 -14.74040985 611.69396973
v 12.63298035 -14.70195961 611.69396973
v 12.57083035 -14.66036034 604.00061035
v 12.63298035 -14.70195961 604.00061035
v 12.63298035 -14.70195961 611.69396973
v 12.57083035 -14.66036034 611.69396973
v 12.51082039 -14.61571026 604.00061035
v 12.57083035 -14.66036034 604.00061035
v 12.57083035 -14.66036034 611.69396973
v 12.51082039 -14.61571026 611.69396973
v 12.45312023 -14.56812000 604.00061035
v 12.51082039 -14.61571026 604.00061035
v 12.51082039 -14.61571026 611.69396973
v 12.45312023 -14.56812000 611.69396973
v 12.39787006 -14.51772022 604.00061035
v 12.45312023 -14.56812000 604.00061035
v 12.45312023 -14.56812000 611.69396973
v 12.39787006 -14.51772022 611.69396973
v 12.34519005 -14.46461964 604.00061035
v 12.39787006 -14.51772022 604.00061035
v 12.39787006 -14.51772022 611.69396973
v 12.34519005 -14.46461964 611.69396973
v 12.29522038 -14.40896988 604.00061035
v 12.34519005 -14.46461964 604.00061035
v 12.34519005 -14.46461964 611.69396973
v 12.29522038 -14.40896988 611.69396973
v 12.24808979 -14.35089016 604.00061035
v 12.29522038 -14.40896988 604.00061035
v 12.29522038 -14.40896988 611.69396973
v 12.24808979 -14.35089016 611.69396973
v 12.20392036 -14.29053974 604.00061035
v 12.24808979 -14.35089016 604.00061035
v 12.24808979 -14.35089016 611.69396973
v 12.20392036 -14.29053974 611.69396973
v 12.16281033 -14.22805977 604.00061035
v 12.20392036 -14.29053974 604.00061035
v 12.20392036 -14.29053974 611.69396973
v 12.16281033 -14.22805977 611.69396973
v 12.12485981 -14.16361046 604.00061035
v 12.16281033 -14.22805977 604.00061035
v 12.16281033 -14.22805977 611.69396973
v 12.12485981 -14.16361046 611.69396973
v 12.09016991 -14.09735012 604.00061035
v 12.12485981 -14.16361046 604.00061035
v 12.12485981 -14.16361046 611.69396973
v 12.09016991 -14.09735012 611.69396973
v 12.05883026 -14.02943993 604.00061035
v 12.09016991 -14.09735012 604.00061035
v 12.09016991 -14.09735012 611.69396973
v 12.05883026 -14.02943993 611.69396973
v 12.03090954 -13.96006012 604.00061035
v 12.05883026 -14.02943993 611.69396973
v 12.03090954 -13.96006012 611.69396973
v 12.05883026 -14.02943993 604.00061035
v 12.00648975 -13.88936043 604.00061035
v 12.03090954 -13.96006012 611.69396973
v 12.00648975 -13.88936043 611.69396973
v 12.03090954 -13.96006012 604.00061035
v 11.98561954 -13.81754017 604.00061035
v 12.00648975 -13.88936043 611.69396973
v 11.98561954 -13.81754017 611.69396973
v 12.00648975 -13.88936043 604.00061035
v 11.96835995 -13.74477005 604.00061035
v 11.98561954 -13.81754017 611.69396973
v 11.96835995 -13.74477005 611.69396973
v 11.98561954 -13.81754017 604.00061035
v 11.95473957 -13.67123032 604.00061035
v 11.96835995 -13.74477005 604.00061035
v 11.96835995 -13.74477005 611.69396973
v 11.95473957 -13.67123032 611.69396973
v 11.94480991 -13.59710026 604.00061035
v 11.95473957 -13.67123032 604.00061035
v 11.95473957 -13.67123032 611.69396973
v 11.94480991 -13.59710026 611.69396973
v 11.93859005 -13.52256966 604.00061035
v 11.94480991 -13.59710026 604.00061035
v 11.94480991 -13.59710026 611.69396973
v 11.93859005 -13.52256966 611.69396973
v 11.93607998 -13.44781971 604.00061035
v 11.93859005 -13.52256966 604.00061035
v 11.93859005 -13.52256966 611.69396973
v 11.93607998 -13.44781971 611.69396973
v 11.93731022 -13.37302971 604.00061035
v 11.93607998 -13.44781971 604.00061035
v 11.93607998 -13.44781971 611.69396973
v 11.93731022 -13.37302971 611.69396973
v 11.94225979 -13.29839993 604.00061035
v 11.93731022 -13.37302971 604.00061035
v 11.93731022 -13.37302971 611.69396973
v 11.94225979 -13.29839993 611.69396973
v 11.95092964 -13.22412014 604.00061035
v 11.94225979 -13.29839993 604.00061035
v 11.94225979 -13.29839993 611.69396973
v 11.95092964 -13.22412014 611.69396973
v 11.96329021 -13.15034962 604.00061035
v 11.95092964 -13.22412014 604.00061035
v 11.95092964 -13.22412014 611.69396973
v 11.96329021 -13.15034962 611.69396973
v 11.96329021 -13.15034962 604.00061035
v 11.96329021 -13.15034962 611.69396973
v 11.97931004 -13.07730007 611.69396973
v 11.97931004 -13.07730007 604.00061035
v 11.99895000 -13.00512981 604.00061035
v 11.97931004 -13.07730007 604.00061035
v 11.97931004 -13.07730007 611.69396973
v 11.99895000 -13.00512981 611.69396973
v 12.02217007 -12.93402958 604.00061035
v 11.99895000 -13.00512981 604.00061035
v 11.99895000 -13.00512981 611.69396973
v 12.02217007 -12.93402958 611.69396973
v 12.02217007 -12.93402958 604.00061035
v 12.02217007 -12.93402958 611.69396973
v 12.04889965 -12.86417961 611.69396973
v 12.04889965 -12.86417961 604.00061035
v 12.07907963 -12.79574966 604.00061035
v 12.04889965 -12.86417961 604.00061035
v 12.04889965 -12.86417961 611.69396973
v 12.07907963 -12.79574966 611.69396973
v 12.11262989 -12.72889996 604.00061035
v 12.07907963 -12.79574966 611.69396973
v 12.11262989 -12.72889996 611.69396973
v 12.07907963 -12.79574966 604.00061035
v 12.14947033 -12.66382027 604.00061035
v 12.11262989 -12.72889996 611.69396973
v 12.14947033 -12.66382027 611.69396973
v 12.11262989 -12.72889996 604.00061035
v 12.18951035 -12.60064030 604.00061035
v 12.14947033 -12.66382027 611.69396973
v 12.18951035 -12.60064030 611.69396973
v 12.14947033 -12.66382027 604.00061035
v 12.23264980 -12.53954983 604.00061035
v 12.18951035 -12.60064030 611.69396973
v 12.23264980 -12.53954983 611.69396973
v 12.18951035 -12.60064030 604.00061035
v 12.27877998 -12.48068047 604.00061035
v 12.23264980 -12.53954983 611.69396973
v 12.27877998 -12.48068047 611.69396973
v 12.23264980 -12.53954983 604.00061035
v 12.32779026 -12.42418003 604.00061035
v 12.27877998 -12.48068047 611.69396973
v 12.32779026 -12.42418003 611.69396973
v 12.27877998 -12.48068047 604.00061035
v 12.37956047 -12.37020016 604.00061035
v 12.32779026 -12.42418003 611.69396973
v 12.37956047 -12.37020016 611.69396973
v 12.32779026 -12.42418003 604.00061035
v 12.43395042 -12.31886005 604.00061035
v 12.37956047 -12.37020016 611.69396973
v 12.43395042 -12.31886005 611.69396973
v 12.37956047 -12.37020016 604.00061035
v 12.49083042 -12.27029991 604.00061035
v 12.43395042 -12.31886005 611.69396973
v 12.49083042 -12.27029991 611.69396973
v 12.49083042 -12.27029991 604.00061035
v 12.49083042 -12.27029991 611.69396973
v 12.55006027 -12.22463036 611.69396973
v 12.43395042 -12.31886005 604.00061035
v 12.55006027 -12.22463036 604.00061035
v 12.61149979 -12.18196964 604.00061035
v 12.55006027 -12.22463036 611.69396973
v 12.61149979 -12.18196964 611.69396973
v 12.55006027 -12.22463036 604.00061035
v 12.67498016 -12.14243031 604.00061035
v 12.61149979 -12.18196964 611.69396973
v 12.67498016 -12.14243031 611.69396973
v 12.61149979 -12.18196964 604.00061035
v 12.74036026 -12.10610008 604.00061035
v 12.67498016 -12.14243031 611.69396973
v 12.74036026 -12.10610008 611.69396973
v 12.67498016 -12.14243031 604.00061035
v 12.80745983 -12.07308006 604.00061035
v 12.74036026 -12.10610008 604.00061035
v 12.74036026 -12.10610008 611.69396973
v 12.80745983 -12.07308006 611.69396973
v 12.87613010 -12.04343987 604.00061035
v 12.80745983 -12.07308006 604.00061035
v 12.80745983 -12.07308006 611.69396973
v 12.87613010 -12.04343987 611.69396973
v 12.94620037 -12.01725960 604.00061035
v 12.87613010 -12.04343987 604.00061035
v 12.87613010 -12.04343987 611.69396973
v 12.94620037 -12.01725960 611.69396973
v 13.01747036 -11.99460983 604.00061035
v 12.94620037 -12.01725960 604.00061035
v 12.94620037 -12.01725960 611.69396973
v 13.01747036 -11.99460983 611.69396973
v 13.08979034 -11.97554016 604.00061035
v 13.01747036 -11.99460983 611.69396973
v 13.08979034 -11.97554016 611.69396973
v 13.01747036 -11.99460983 604.00061035
v 13.16296959 -11.96008968 604.00061035
v 13.08979034 -11.97554016 611.69396973
v 13.16296959 -11.96008968 611.69396973
v 13.08979034 -11.97554016 604.00061035
v 13.23682976 -11.94830990 604.00061035
v 13.16296959 -11.96008968 611.69396973
v 13.23682976 -11.94830990 611.69396973
v 13.16296959 -11.96008968 604.00061035
v 13.31118965 -11.94023037 604.00061035
v 13.23682976 -11.94830990 611.69396973
v 13.31118965 -11.94023037 611.69396973
v 13.23682976 -11.94830990 604.00061035
v 13.38584995 -11.93587017 604.00061035
v 13.31118965 -11.94023037 611.69396973
v 13.38584995 -11.93587017 611.69396973
v 13.31118965 -11.94023037 604.00061035
v 13.46063995 -11.93523026 604.00061035
v 13.38584995 -11.93587017 611.69396973
v 13.46063995 -11.93523026 611.69396973
v 13.38584995 -11.93587017 604.00061035
v 13.53536987 -11.93832016 604.00061035
v 13.46063995 -11.93523026 611.69396973
v 13.53536987 -11.93832016 611.69396973
v 13.46063995 -11.93523026 604.00061035
v 13.60984993 -11.94513035 604.00061035
v 13.53536987 -11.93832016 611.69396973
v 13.60984993 -11.94513035 611.69396973
v 13.60984993 -11.94513035 604.00061035
v 13.60984993 -11.94513035 611.69396973
v 13.68389988 -11.95565033 611.69396973
v 13.53536987 -11.93832016 604.00061035
v 13.68389988 -11.95565033 604.00061035
v 13.75732994 -11.96984005 604.00061035
v 13.68389988 -11.95565033 611.69396973
v 13.75732994 -11.96984005 611.69396973
v 13.68389988 -11.95565033 604.00061035
v 13.82997036 -11.98768044 604.00061035
v 13.75732994 -11.96984005 611.69396973
v 13.82997036 -11.98768044 611.69396973
v 13.75732994 -11.96984005 604.00061035
v 13.90161991 -12.00911999 604.00061035
v 13.82997036 -11.98768044 611.69396973
v 13.90161991 -12.00911999 611.69396973
v 13.82997036 -11.98768044 604.00061035
v 13.97212029 -12.03409958 604.00061035
v 13.90161991 -12.00911999 611.69396973
v 13.97212029 -12.03409958 611.69396973
v 13.90161991 -12.00911999 604.00061035
v 14.04127979 -12.06256008 604.00061035
v 13.97212029 -12.03409958 611.69396973
v 14.04127979 -12.06256008 611.69396973
v 13.97212029 -12.03409958 604.00061035
v 14.10894012 -12.09444046 604.00061035
v 14.04127979 -12.06256008 611.69396973
v 14.10894012 -12.09444046 611.69396973
v 14.04127979 -12.06256008 604.00061035
v 14.17492962 -12.12963963 604.00061035
v 14.10894012 -12.09444046 611.69396973
v 14.17492962 -12.12963963 611.69396973
v 14.10894012 -12.09444046 604.00061035
v 14.23908043 -12.16810036 604.00061035
v 14.17492962 -12.12963963 611.69396973
v 14.23908043 -12.16810036 611.69396973
v 14.17492962 -12.12963963 604.00061035
v 14.30123043 -12.20969963 604.00061035
v 14.23908043 -12.16810036 611.69396973
v 14.30123043 -12.20969963 611.69396973
v 14.23908043 -12.16810036 604.00061035
v 14.36122990 -12.25434971 604.00061035
v 14.30123043 -12.20969963 611.69396973
v 14.36122990 -12.25434971 611.69396973
v 14.30123043 -12.20969963 604.00061035
v 14.41893005 -12.30193996 604.00061035
v 14.36122990 -12.25434971 611.69396973
v 14.41893005 -12.30193996 611.69396973
v 14.36122990 -12.25434971 604.00061035
v 14.47418976 -12.35233974 604.00061035
v 14.41893005 -12.30193996 611.69396973
v 14.47418976 -12.35233974 611.69396973
v 14.41893005 -12.30193996 604.00061035
v 14.52686977 -12.40542984 604.00061035
v 14.47418976 -12.35233974 604.00061035
v 14.47418976 -12.35233974 611.69396973
v 14.52686977 -12.40542984 611.69396973
v 14.57682991 -12.46109009 604.00061035
v 14.52686977 -12.40542984 604.00061035
v 14.52686977 -12.40542984 611.69396973
v 14.57682991 -12.46109009 611.69396973
v 14.62395954 -12.51916027 604.00061035
v 14.57682991 -12.46109009 604.00061035
v 14.57682991 -12.46109009 611.69396973
v 14.62395954 -12.51916027 611.69396973
v 14.66814041 -12.57950974 604.00061035
v 14.62395954 -12.51916027 604.00061035
v 14.62395954 -12.51916027 611.69396973
v 14.66814041 -12.57950974 611.69396973
v 14.70925045 -12.64198971 604.00061035
v 14.66814041 -12.57950974 604.00061035
v 14.66814041 -12.57950974 611.69396973
v 14.70925045 -12.64198971 611.69396973
v 14.74720001 -12.70643997 604.00061035
v 14.70925045 -12.64198971 604.00061035
v 14.70925045 -12.64198971 611.69396973
v 14.74720001 -12.70643997 611.69396973
v 14.78188038 -12.77270985 604.00061035
v 14.74720001 -12.70643997 604.00061035
v 14.74720001 -12.70643997 611.69396973
v 14.78188038 -12.77270985 611.69396973
v 14.81322956 -12.84062004 604.00061035
v 14.78188038 -12.77270985 604.00061035
v 14.78188038 -12.77270985 611.69396973
v 14.81322956 -12.84062004 611.69396973
v 14.84113979 -12.90999985 604.00061035
v 14.81322956 -12.84062004 604.00061035
v 14.81322956 -12.84062004 611.69396973
v 14.84113979 -12.90999985 611.69396973
v 14.86557007 -12.98069000 604.00061035
v 14.84113979 -12.90999985 604.00061035
v 14.84113979 -12.90999985 611.69396973
v 14.86557007 -12.98069000 611.69396973
v 14.88644028 -13.05251026 604.00061035
v 14.86557007 -12.98069000 604.00061035
v 14.86557007 -12.98069000 611.69396973
v 14.88644028 -13.05251026 611.69396973
v 14.90369987 -13.12528992 604.00061035
v 14.88644028 -13.05251026 604.00061035
v 14.88644028 -13.05251026 611.69396973
v 14.90369987 -13.12528992 611.69396973
v 14.91732025 -13.19882965 604.00061035
v 14.90369987 -13.12528992 611.69396973
v 14.91732025 -13.19882965 611.69396973
v 14.90369987 -13.12528992 604.00061035
v 14.92724991 -13.27295971 604.00061035
v 14.91732025 -13.19882965 611.69396973
v 14.92724991 -13.27295971 611.69396973
v 14.91732025 -13.19882965 604.00061035
v 16.16992950 -13.13790035 601.30047607
v 16.16992950 -13.13790035 604.00061035
v 16.18133926 -13.27453995 604.00061035
v 16.18133926 -13.27453995 601.30047607
v 16.18133926 -13.27453995 604.00061035
v 16.18593025 -13.41158962 604.00061035
v 16.18133926 -13.27453995 601.30047607
v 16.18593025 -13.41158962 601.30047607
v 16.18593025 -13.41158962 604.00061035
v 16.18367958 -13.54868984 604.00061035
v 16.18593025 -13.41158962 601.30047607
v 16.18367958 -13.54868984 601.30047607
v 16.18367958 -13.54868984 604.00061035
v 16.17460060 -13.68550014 604.00061035
v 16.18367958 -13.54868984 601.30047607
v 16.17460060 -13.68550014 601.30047607
v 16.17460060 -13.68550014 604.00061035
v 16.15871048 -13.82170010 604.00061035
v 16.17460060 -13.68550014 601.30047607
v 16.15871048 -13.82170010 601.30047607
v 16.15871048 -13.82170010 604.00061035
v 16.13604927 -13.95693016 604.00061035
v 16.15871048 -13.82170010 601.30047607
v 16.13604927 -13.95693016 601.30047607
v 16.13604927 -13.95693016 604.00061035
v 16.10667992 -14.09086990 604.00061035
v 16.13604927 -13.95693016 601.30047607
v 16.10667992 -14.09086990 601.30047607
v 16.10667992 -14.09086990 604.00061035
v 16.07066917 -14.22317982 604.00061035
v 16.10667992 -14.09086990 601.30047607
v 16.07066917 -14.22317982 601.30047607
v 16.07066917 -14.22317982 604.00061035
v 16.02811050 -14.35352039 604.00061035
v 16.07066917 -14.22317982 601.30047607
v 16.02811050 -14.35352039 601.30047607
v 16.02811050 -14.35352039 604.00061035
v 15.97910023 -14.48157978 604.00061035
v 16.02811050 -14.35352039 601.30047607
v 15.97910023 -14.48157978 601.30047607
v 15.97910023 -14.48157978 604.00061035
v 15.92376995 -14.60704041 604.00061035
v 15.97910023 -14.48157978 601.30047607
v 15.92376995 -14.60704041 601.30047607
v 15.92376995 -14.60704041 601.30047607
v 15.92376995 -14.60704041 604.00061035
v 15.86225986 -14.72959042 604.00061035
v 15.86225986 -14.72959042 601.30047607
v 15.86225986 -14.72959042 601.30047607
v 15.86225986 -14.72959042 604.00061035
v 15.79471970 -14.84891987 604.00061035
v 15.79471970 -14.84891987 601.30047607
v 15.79471970 -14.84891987 601.30047607
v 15.79471970 -14.84891987 604.00061035
v 15.72130966 -14.96473026 604.00061035
v 15.72130966 -14.96473026 601.30047607
v 15.72130966 -14.96473026 601.30047607
v 15.72130966 -14.96473026 604.00061035
v 15.64221954 -15.07674026 604.00061035
v 15.64221954 -15.07674026 601.30047607
v 15.64221954 -15.07674026 601.30047607
v 15.64221954 -15.07674026 604.00061035
v 15.55764008 -15.18467045 604.00061035
v 15.55764008 -15.18467045 601.30047607
v 15.55764008 -15.18467045 601.30047607
v 15.55764008 -15.18467045 604.00061035
v 15.46778965 -15.28824997 604.00061035
v 15.46778965 -15.28824997 601.30047607
v 15.46778965 -15.28824997 601.30047607
v 15.46778965 -15.28824997 604.00061035
v 15.37289047 -15.38722038 604.00061035
v 15.37289047 -15.38722038 601.30047607
v 15.37289047 -15.38722038 601.30047607
v 15.37289047 -15.38722038 604.00061035
v 15.27318001 -15.48134041 604.00061035
v 15.27318001 -15.48134041 601.30047607
v 15.27318001 -15.48134041 604.00061035
v 15.16889000 -15.57036972 604.00061035
v 15.27318001 -15.48134041 601.30047607
v 15.16889000 -15.57036972 601.30047607
v 15.16889000 -15.57036972 601.30047607
v 15.16889000 -15.57036972 604.00061035
v 15.06029987 -15.65408993 604.00061035
v 15.06029987 -15.65408993 601.30047607
v 15.06029987 -15.65408993 604.00061035
v 14.94766998 -15.73229980 604.00061035
v 15.06029987 -15.65408993 601.30047607
v 14.94766998 -15.73229980 601.30047607
v 14.94766998 -15.73229980 604.00061035
v 14.83127975 -15.80478954 604.00061035
v 14.94766998 -15.73229980 601.30047607
v 14.83127975 -15.80478954 601.30047607
v 14.83127975 -15.80478954 604.00061035
v 14.71142006 -15.87139034 604.00061035
v 14.83127975 -15.80478954 601.30047607
v 14.71142006 -15.87139034 601.30047607
v 14.71142006 -15.87139034 604.00061035
v 14.58839035 -15.93194008 604.00061035
v 14.71142006 -15.87139034 601.30047607
v 14.58839035 -15.93194008 601.30047607
v 14.58839035 -15.93194008 604.00061035
v 14.46249962 -15.98626995 604.00061035
v 14.58839035 -15.93194008 601.30047607
v 14.46249962 -15.98626995 601.30047607
v 14.46249962 -15.98626995 604.00061035
v 14.33405972 -16.03426933 604.00061035
v 14.46249962 -15.98626995 601.30047607
v 14.33405972 -16.03426933 601.30047607
v 14.33405972 -16.03426933 604.00061035
v 14.20337963 -16.07579994 604.00061035
v 14.33405972 -16.03426933 601.30047607
v 14.20337963 -16.07579994 601.30047607
v 14.20337963 -16.07579994 604.00061035
v 14.07079029 -16.11076927 604.00061035
v 14.20337963 -16.07579994 601.30047607
v 14.07079029 -16.11076927 601.30047607
v 14.07079029 -16.11076927 604.00061035
v 13.93663025 -16.13908005 604.00061035
v 14.07079029 -16.11076927 601.30047607
v 13.93663025 -16.13908005 601.30047607
v 13.93663025 -16.13908005 604.00061035
v 13.80121994 -16.16066933 604.00061035
v 13.93663025 -16.13908005 601.30047607
v 13.80121994 -16.16066933 601.30047607
v 13.80121994 -16.16066933 604.00061035
v 13.66489983 -16.17548943 604.00061035
v 13.80121994 -16.16066933 601.30047607
v 13.66489983 -16.17548943 601.30047607
v 13.66489983 -16.17548943 604.00061035
v 13.52801991 -16.18349075 604.00061035
v 13.66489983 -16.17548943 601.30047607
v 13.52801991 -16.18349075 601.30047607
v 13.52801991 -16.18349075 604.00061035
v 13.39091015 -16.18465996 604.00061035
v 13.52801991 -16.18349075 601.30047607
v 13.39091015 -16.18465996 601.30047607
v 13.39091015 -16.18465996 604.00061035
v 13.25391006 -16.17898941 604.00061035
v 13.39091015 -16.18465996 601.30047607
v 13.25391006 -16.17898941 601.30047607
v 13.25391006 -16.17898941 604.00061035
v 13.11736012 -16.16650009 604.00061035
v 13.25391006 -16.17898941 601.30047607
v 13.11736012 -16.16650009 601.30047607
v 13.11736012 -16.16650009 601.30047607
v 13.11736012 -16.16650009 604.00061035
v 12.98159981 -16.14722061 604.00061035
v 12.98159981 -16.14722061 601.30047607
v 12.98159981 -16.14722061 601.30047607
v 12.98159981 -16.14722061 604.00061035
v 12.84696960 -16.12120056 604.00061035
v 12.84696960 -16.12120056 601.30047607
v 12.84696960 -16.12120056 601.30047607
v 12.84696960 -16.12120056 604.00061035
v 12.71380997 -16.08849907 604.00061035
v 12.71380997 -16.08849907 601.30047607
v 12.71380997 -16.08849907 604.00061035
v 12.58244038 -16.04920006 604.00061035
v 12.71380997 -16.08849907 601.30047607
v 12.58244038 -16.04920006 601.30047607
v 12.58244038 -16.04920006 604.00061035
v 12.45320034 -16.00340080 604.00061035
v 12.58244038 -16.04920006 601.30047607
v 12.45320034 -16.00340080 601.30047607
v 12.45320034 -16.00340080 604.00061035
v 12.32639980 -15.95121956 604.00061035
v 12.45320034 -16.00340080 601.30047607
v 12.32639980 -15.95121956 601.30047607
v 12.32639980 -15.95121956 604.00061035
v 12.20236015 -15.89278030 604.00061035
v 12.32639980 -15.95121956 601.30047607
v 12.20236015 -15.89278030 601.30047607
v 12.20236015 -15.89278030 604.00061035
v 12.08137989 -15.82822990 604.00061035
v 12.20236015 -15.89278030 601.30047607
v 12.08137989 -15.82822990 601.30047607
v 12.08137989 -15.82822990 604.00061035
v 11.96376991 -15.75772953 604.00061035
v 12.08137989 -15.82822990 601.30047607
v 11.96376991 -15.75772953 601.30047607
v 11.96376991 -15.75772953 604.00061035
v 11.84982014 -15.68146038 604.00061035
v 11.96376991 -15.75772953 601.30047607
v 11.84982014 -15.68146038 601.30047607
v 11.84982014 -15.68146038 604.00061035
v 11.73981953 -15.59959984 604.00061035
v 11.84982014 -15.68146038 601.30047607
v 11.73981953 -15.59959984 601.30047607
v 11.73981953 -15.59959984 604.00061035
v 11.63403034 -15.51235962 604.00061035
v 11.73981953 -15.59959984 601.30047607
v 11.63403034 -15.51235962 601.30047607
v 11.63403034 -15.51235962 604.00061035
v 11.53273010 -15.41996002 604.00061035
v 11.63403034 -15.51235962 601.30047607
v 11.53273010 -15.41996002 601.30047607
v 11.53273010 -15.41996002 604.00061035
v 11.43614960 -15.32262039 604.00061035
v 11.53273010 -15.41996002 601.30047607
v 11.43614960 -15.32262039 601.30047607
v 11.43614960 -15.32262039 604.00061035
v 11.34455013 -15.22058964 604.00061035
v 11.43614960 -15.32262039 601.30047607
v 11.34455013 -15.22058964 601.30047607
v 11.34455013 -15.22058964 604.00061035
v 11.25815010 -15.11411953 604.00061035
v 11.34455013 -15.22058964 601.30047607
v 11.25815010 -15.11411953 601.30047607
v 11.25815010 -15.11411953 601.30047607
v 11.25815010 -15.11411953 604.00061035
v 11.17716026 -15.00347042 604.00061035
v 11.17716026 -15.00347042 601.30047607
v 11.17716026 -15.00347042 601.30047607
v 11.17716026 -15.00347042 604.00061035
v 11.10179043 -14.88893032 604.00061035
v 11.10179043 -14.88893032 601.30047607
v 11.10179043 -14.88893032 601.30047607
v 11.10179043 -14.88893032 604.00061035
v 11.03221989 -14.77077007 604.00061035
v 11.03221989 -14.77077007 601.30047607
v 11.03221989 -14.77077007 601.30047607
v 11.03221989 -14.77077007 604.00061035
v 10.96862984 -14.64929008 604.00061035
v 10.96862984 -14.64929008 601.30047607
v 10.96862984 -14.64929008 601.30047607
v 10.96862984 -14.64929008 604.00061035
v 10.91117001 -14.52478981 604.00061035
v 10.91117001 -14.52478981 601.30047607
v 10.91117001 -14.52478981 601.30047607
v 10.91117001 -14.52478981 604.00061035
v 10.85999012 -14.39758015 604.00061035
v 10.85999012 -14.39758015 601.30047607
v 10.85999012 -14.39758015 601.30047607
v 10.85999012 -14.39758015 604.00061035
v 10.81521034 -14.26797962 604.00061035
v 10.81521034 -14.26797962 601.30047607
v 10.81521034 -14.26797962 604.00061035
v 10.77694988 -14.13630009 604.00061035
v 10.81521034 -14.26797962 601.30047607
v 10.77694988 -14.13630009 601.30047607
v 10.77694988 -14.13630009 604.00061035
v 10.74530029 -14.00288963 604.00061035
v 10.77694988 -14.13630009 601.30047607
v 10.74530029 -14.00288963 601.30047607
v 10.74530029 -14.00288963 604.00061035
v 10.72033978 -13.86806011 604.00061035
v 10.74530029 -14.00288963 601.30047607
v 10.72033978 -13.86806011 601.30047607
v 10.72033978 -13.86806011 604.00061035
v 10.70213032 -13.73215961 604.00061035
v 10.72033978 -13.86806011 601.30047607
v 10.70213032 -13.73215961 601.30047607
v 10.69071960 -13.59550953 601.30047607
v 10.70213032 -13.73215961 601.30047607
v 10.70213032 -13.73215961 604.00061035
v 10.69071960 -13.59550953 604.00061035
v 10.68612957 -13.45847034 601.30047607
v 10.69071960 -13.59550953 601.30047607
v 10.69071960 -13.59550953 604.00061035
v 10.68612957 -13.45847034 604.00061035
v 10.68838024 -13.32137012 601.30047607
v 10.68612957 -13.45847034 601.30047607
v 10.68612957 -13.45847034 604.00061035
v 10.68838024 -13.32137012 604.00061035
v 10.69746017 -13.18455029 601.30047607
v 10.68838024 -13.32137012 601.30047607
v 10.68838024 -13.32137012 604.00061035
v 10.69746017 -13.18455029 604.00061035
v 10.71335030 -13.04835987 601.30047607
v 10.69746017 -13.18455029 601.30047607
v 10.69746017 -13.18455029 604.00061035
v 10.71335030 -13.04835987 604.00061035
v 10.73600960 -12.91312027 601.30047607
v 10.71335030 -13.04835987 601.30047607
v 10.71335030 -13.04835987 604.00061035
v 10.73600960 -12.91312027 604.00061035
v 10.76537991 -12.77919006 601.30047607
v 10.73600960 -12.91312027 601.30047607
v 10.73600960 -12.91312027 604.00061035
v 10.76537991 -12.77919006 604.00061035
v 10.80138969 -12.64688015 601.30047607
v 10.76537991 -12.77919006 601.30047607
v 10.76537991 -12.77919006 604.00061035
v 10.80138969 -12.64688015 604.00061035
v 10.84395027 -12.51653957 601.30047607
v 10.80138969 -12.64688015 601.30047607
v 10.80138969 -12.64688015 604.00061035
v 10.84395027 -12.51653957 604.00061035
v 10.89295959 -12.38846970 601.30047607
v 10.84395027 -12.51653957 601.30047607
v 10.84395027 -12.51653957 604.00061035
v 10.89295959 -12.38846970 604.00061035
v 10.94828033 -12.26301003 601.30047607
v 10.89295959 -12.38846970 601.30047607
v 10.89295959 -12.38846970 604.00061035
v 10.94828033 -12.26301003 604.00061035
v 11.00979996 -12.14046955 601.30047607
v 10.94828033 -12.26301003 601.30047607
v 10.94828033 -12.26301003 604.00061035
v 11.00979996 -12.14046955 604.00061035
v 11.07734013 -12.02114010 601.30047607
v 11.00979996 -12.14046955 601.30047607
v 11.00979996 -12.14046955 604.00061035
v 11.07734013 -12.02114010 604.00061035
v 11.15075016 -11.90532017 601.30047607
v 11.07734013 -12.02114010 601.30047607
v 11.07734013 -12.02114010 604.00061035
v 11.15075016 -11.90532017 604.00061035
v 11.22984028 -11.79331017 601.30047607
v 11.15075016 -11.90532017 601.30047607
v 11.15075016 -11.90532017 604.00061035
v 11.22984028 -11.79331017 604.00061035
v 11.31441021 -11.68537998 601.30047607
v 11.22984028 -11.79331017 601.30047607
v 11.22984028 -11.79331017 604.00061035
v 11.31441021 -11.68537998 604.00061035
v 11.40425968 -11.58181000 601.30047607
v 11.31441021 -11.68537998 604.00061035
v 11.40425968 -11.58181000 604.00061035
v 11.31441021 -11.68537998 601.30047607
v 11.49917030 -11.48283005 601.30047607
v 11.40425968 -11.58181000 601.30047607
v 11.40425968 -11.58181000 604.00061035
v 11.49917030 -11.48283005 604.00061035
v 11.59887981 -11.38871956 601.30047607
v 11.49917030 -11.48283005 604.00061035
v 11.59887981 -11.38871956 604.00061035
v 11.49917030 -11.48283005 601.30047607
v 11.70316029 -11.29969025 601.30047607
v 11.59887981 -11.38871956 604.00061035
v 11.70316029 -11.29969025 604.00061035
v 11.59887981 -11.38871956 601.30047607
v 11.81175995 -11.21595955 601.30047607
v 11.70316029 -11.29969025 604.00061035
v 11.81175995 -11.21595955 604.00061035
v 11.70316029 -11.29969025 601.30047607
v 11.92438984 -11.13776016 601.30047607
v 11.81175995 -11.21595955 604.00061035
v 11.92438984 -11.13776016 604.00061035
v 11.81175995 -11.21595955 601.30047607
v 12.04078007 -11.06527042 601.30047607
v 11.92438984 -11.13776016 604.00061035
v 12.04078007 -11.06527042 604.00061035
v 11.92438984 -11.13776016 601.30047607
v 12.16063023 -10.99866009 601.30047607
v 12.04078007 -11.06527042 601.30047607
v 12.04078007 -11.06527042 604.00061035
v 12.16063023 -10.99866009 604.00061035
v 12.28365993 -10.93811989 601.30047607
v 12.16063023 -10.99866009 601.30047607
v 12.16063023 -10.99866009 604.00061035
v 12.28365993 -10.93811989 604.00061035
v 12.40956020 -10.88377953 601.30047607
v 12.28365993 -10.93811989 601.30047607
v 12.28365993 -10.93811989 604.00061035
v 12.40956020 -10.88377953 604.00061035
v 12.53800011 -10.83578968 601.30047607
v 12.40956020 -10.88377953 601.30047607
v 12.40956020 -10.88377953 604.00061035
v 12.53800011 -10.83578968 604.00061035
v 12.66868019 -10.79426003 601.30047607
v 12.53800011 -10.83578968 601.30047607
v 12.53800011 -10.83578968 604.00061035
v 12.66868019 -10.79426003 604.00061035
v 12.80125999 -10.75928974 601.30047607
v 12.66868019 -10.79426003 601.30047607
v 12.66868019 -10.79426003 604.00061035
v 12.80125999 -10.75928974 604.00061035
v 12.93542957 -10.73097992 601.30047607
v 12.80125999 -10.75928974 601.30047607
v 12.80125999 -10.75928974 604.00061035
v 12.93542957 -10.73097992 604.00061035
v 13.07083988 -10.70938015 601.30047607
v 12.93542957 -10.73097992 601.30047607
v 12.93542957 -10.73097992 604.00061035
v 13.07083988 -10.70938015 604.00061035
v 13.20715046 -10.69456959 601.30047607
v 13.07083988 -10.70938015 601.30047607
v 13.07083988 -10.70938015 604.00061035
v 13.20715046 -10.69456959 604.00061035
v 13.34403992 -10.68657017 601.30047607
v 13.20715046 -10.69456959 601.30047607
v 13.20715046 -10.69456959 604.00061035
v 13.34403992 -10.68657017 604.00061035
v 13.48114967 -10.68540001 601.30047607
v 13.34403992 -10.68657017 601.30047607
v 13.34403992 -10.68657017 604.00061035
v 13.48114967 -10.68540001 604.00061035
v 13.61814976 -10.69106960 601.30047607
v 13.48114967 -10.68540001 601.30047607
v 13.48114967 -10.68540001 604.00061035
v 13.61814976 -10.69106960 604.00061035
v 13.75469971 -10.70355034 601.30047607
v 13.61814976 -10.69106960 601.30047607
v 13.61814976 -10.69106960 604.00061035
v 13.75469971 -10.70355034 604.00061035
v 13.89046001 -10.72284031 601.30047607
v 13.75469971 -10.70355034 604.00061035
v 13.89046001 -10.72284031 604.00061035
v 13.75469971 -10.70355034 601.30047607
v 14.02507973 -10.74886036 601.30047607
v 13.89046001 -10.72284031 601.30047607
v 13.89046001 -10.72284031 604.00061035
v 14.02507973 -10.74886036 604.00061035
v 14.15824986 -10.78155994 601.30047607
v 14.02507973 -10.74886036 604.00061035
v 14.15824986 -10.78155994 604.00061035
v 14.02507973 -10.74886036 601.30047607
v 14.28960991 -10.82085991 601.30047607
v 14.15824986 -10.78155994 604.00061035
v 14.28960991 -10.82085991 604.00061035
v 14.15824986 -10.78155994 601.30047607
v 14.41886044 -10.86664963 601.30047607
v 14.28960991 -10.82085991 604.00061035
v 14.41886044 -10.86664963 604.00061035
v 14.28960991 -10.82085991 601.30047607
v 14.54566002 -10.91884041 601.30047607
v 14.41886044 -10.86664963 604.00061035
v 14.54566002 -10.91884041 604.00061035
v 14.41886044 -10.86664963 601.30047607
v 14.66969967 -10.97727966 601.30047607
v 14.54566002 -10.91884041 604.00061035
v 14.66969967 -10.97727966 604.00061035
v 14.54566002 -10.91884041 601.30047607
v 14.79067993 -11.04181957 601.30047607
v 14.66969967 -10.97727966 604.00061035
v 14.79067993 -11.04181957 604.00061035
v 14.66969967 -10.97727966 601.30047607
v 14.90828037 -11.11231995 601.30047607
v 14.79067993 -11.04181957 604.00061035
v 14.90828037 -11.11231995 604.00061035
v 14.79067993 -11.04181957 601.30047607
v 15.02223015 -11.18859005 601.30047607
v 14.90828037 -11.11231995 604.00061035
v 15.02223015 -11.18859005 604.00061035
v 14.90828037 -11.11231995 601.30047607
v 15.13224030 -11.27046013 601.30047607
v 15.02223015 -11.18859005 604.00061035
v 15.13224030 -11.27046013 604.00061035
v 15.02223015 -11.18859005 601.30047607
v 15.23801994 -11.35768986 601.30047607
v 15.13224030 -11.27046013 604.00061035
v 15.23801994 -11.35768986 604.00061035
v 15.13224030 -11.27046013 601.30047607
v 15.33932972 -11.45009995 601.30047607
v 15.23801994 -11.35768986 604.00061035
v 15.33932972 -11.45009995 604.00061035
v 15.23801994 -11.35768986 601.30047607
v 15.43589973 -11.54743958 601.30047607
v 15.33932972 -11.45009995 601.30047607
v 15.33932972 -11.45009995 604.00061035
v 15.43589973 -11.54743958 604.00061035
v 15.52750969 -11.64947033 601.30047607
v 15.43589973 -11.54743958 601.30047607
v 15.43589973 -11.54743958 604.00061035
v 15.52750969 -11.64947033 604.00061035
v 15.61390972 -11.75594044 601.30047607
v 15.52750969 -11.64947033 601.30047607
v 15.52750969 -11.64947033 604.00061035
v 15.61390972 -11.75594044 604.00061035
v 15.69489956 -11.86658955 601.30047607
v 15.61390972 -11.75594044 601.30047607
v 15.61390972 -11.75594044 604.00061035
v 15.69489956 -11.86658955 604.00061035
v 15.77027035 -11.98112965 601.30047607
v 15.69489956 -11.86658955 601.30047607
v 15.69489956 -11.86658955 604.00061035
v 15.77027035 -11.98112965 604.00061035
v 15.83983994 -12.09928989 601.30047607
v 15.77027035 -11.98112965 601.30047607
v 15.77027035 -11.98112965 604.00061035
v 15.83983994 -12.09928989 604.00061035
v 15.90342999 -12.22076988 601.30047607
v 15.83983994 -12.09928989 601.30047607
v 15.83983994 -12.09928989 604.00061035
v 15.90342999 -12.22076988 604.00061035
v 15.96088982 -12.34527016 601.30047607
v 15.90342999 -12.22076988 604.00061035
v 15.96088982 -12.34527016 604.00061035
v 15.90342999 -12.22076988 601.30047607
v 16.01206970 -12.47247982 601.30047607
v 15.96088982 -12.34527016 601.30047607
v 15.96088982 -12.34527016 604.00061035
v 16.01206970 -12.47247982 604.00061035
v 16.05685043 -12.60208035 601.30047607
v 16.01206970 -12.47247982 604.00061035
v 16.05685043 -12.60208035 604.00061035
v 16.01206970 -12.47247982 601.30047607
v 16.09510994 -12.73375034 601.30047607
v 16.05685043 -12.60208035 604.00061035
v 16.09510994 -12.73375034 604.00061035
v 16.05685043 -12.60208035 601.30047607
v 16.12676048 -12.86717033 601.30047607
v 16.09510994 -12.73375034 604.00061035
v 16.12676048 -12.86717033 604.00061035
v 16.09510994 -12.73375034 601.30047607
v 16.15172005 -13.00199986 601.30047607
v 16.12676048 -12.86717033 604.00061035
v 16.15172005 -13.00199986 604.00061035
v 16.12676048 -12.86717033 601.30047607
v 16.16992950 -13.13790035 601.30047607
v 16.15172005 -13.00199986 604.00061035
v 16.16992950 -13.13790035 604.00061035
v 16.15172005 -13.00199986 601.30047607
v 12.45312023 -14.56812000 604.00061035
v 11.63403034 -15.51235962 604.00061035
v 11.73981953 -15.59959984 604.00061035
v 12.51082039 -14.61571026 604.00061035
v 12.57083035 -14.66036034 604.00061035
v 11.84982014 -15.68146038 604.00061035
v 12.39787006 -14.51772022 604.00061035
v 11.53273010 -15.41996002 604.00061035
v 12.63298035 -14.70195961 604.00061035
v 11.96376991 -15.75772953 604.00061035
v 12.34519005 -14.46461964 604.00061035
v 11.43614960 -15.32262039 604.00061035
v 12.69713020 -14.74040985 604.00061035
v 12.08137989 -15.82822990 604.00061035
v 12.29522038 -14.40896988 604.00061035
v 11.34455013 -15.22058964 604.00061035
v 12.76311970 -14.77562046 604.00061035
v 12.20236015 -15.89278030 604.00061035
v 12.24808979 -14.35089016 604.00061035
v 11.25815010 -15.11411953 604.00061035
v 12.83078003 -14.80749989 604.00061035
v 12.32639980 -15.95121956 604.00061035
v 12.20392036 -14.29053974 604.00061035
v 11.17716026 -15.00347042 604.00061035
v 12.89993954 -14.83596039 604.00061035
v 12.45320034 -16.00340080 604.00061035
v 12.16281033 -14.22805977 604.00061035
v 11.10179043 -14.88893032 604.00061035
v 12.97043991 -14.86093998 604.00061035
v 12.58244038 -16.04920006 604.00061035
v 12.12485981 -14.16361046 604.00061035
v 11.03221989 -14.77077007 604.00061035
v 13.04209042 -14.88237953 604.00061035
v 12.71380997 -16.08849907 604.00061035
v 12.09016991 -14.09735012 604.00061035
v 10.96862984 -14.64929008 604.00061035
v 13.11472988 -14.90021038 604.00061035
v 12.84696960 -16.12120056 604.00061035
v 12.05883026 -14.02943993 604.00061035
v 10.91117001 -14.52478981 604.00061035
v 13.18815994 -14.91440964 604.00061035
v 12.98159981 -16.14722061 604.00061035
v 12.03090954 -13.96006012 604.00061035
v 10.85999012 -14.39758015 604.00061035
v 13.26220989 -14.92492008 604.00061035
v 13.11736012 -16.16650009 604.00061035
v 12.00648975 -13.88936043 604.00061035
v 10.81521034 -14.26797962 604.00061035
v 13.33668995 -14.93173981 604.00061035
v 13.25391006 -16.17898941 604.00061035
v 11.98561954 -13.81754017 604.00061035
v 10.77694988 -14.13630009 604.00061035
v 13.41141987 -14.93482971 604.00061035
v 13.39091015 -16.18465996 604.00061035
v 13.52801991 -16.18349075 604.00061035
v 11.96835995 -13.74477005 604.00061035
v 10.74530029 -14.00288963 604.00061035
v 13.48620033 -14.93418980 604.00061035
v 11.95473957 -13.67123032 604.00061035
v 10.72033978 -13.86806011 604.00061035
v 13.56087017 -14.92982006 604.00061035
v 13.66489983 -16.17548943 604.00061035
v 11.94480991 -13.59710026 604.00061035
v 10.70213032 -13.73215961 604.00061035
v 13.63523006 -14.92173958 604.00061035
v 13.80121994 -16.16066933 604.00061035
v 11.93859005 -13.52256966 604.00061035
v 10.68612957 -13.45847034 604.00061035
v 10.69071960 -13.59550953 604.00061035
v 13.70907974 -14.90997028 604.00061035
v 13.93663025 -16.13908005 604.00061035
v 11.93607998 -13.44781971 604.00061035
v 13.78225994 -14.89451981 604.00061035
v 14.07079029 -16.11076927 604.00061035
v 11.93731022 -13.37302971 604.00061035
v 10.68838024 -13.32137012 604.00061035
v 13.85457993 -14.87545013 604.00061035
v 14.20337963 -16.07579994 604.00061035
v 11.94225979 -13.29839993 604.00061035
v 10.69746017 -13.18455029 604.00061035
v 13.92586040 -14.85280037 604.00061035
v 14.33405972 -16.03426933 604.00061035
v 11.95092964 -13.22412014 604.00061035
v 10.71335030 -13.04835987 604.00061035
v 13.99592018 -14.82662010 604.00061035
v 14.46249962 -15.98626995 604.00061035
v 11.96329021 -13.15034962 604.00061035
v 10.73600960 -12.91312027 604.00061035
v 14.06459045 -14.79697990 604.00061035
v 14.58839035 -15.93194008 604.00061035
v 11.97931004 -13.07730007 604.00061035
v 10.76537991 -12.77919006 604.00061035
v 14.13169956 -14.76395035 604.00061035
v 14.71142006 -15.87139034 604.00061035
v 11.99895000 -13.00512981 604.00061035
v 10.80138969 -12.64688015 604.00061035
v 14.19707012 -14.72762966 604.00061035
v 14.83127975 -15.80478954 604.00061035
v 12.02217007 -12.93402958 604.00061035
v 10.84395027 -12.51653957 604.00061035
v 14.26056004 -14.68807983 604.00061035
v 14.94766998 -15.73229980 604.00061035
v 12.04889965 -12.86417961 604.00061035
v 10.94828033 -12.26301003 604.00061035
v 10.89295959 -12.38846970 604.00061035
v 14.32199001 -14.64542961 604.00061035
v 15.06029987 -15.65408993 604.00061035
v 12.07907963 -12.79574966 604.00061035
v 14.38123035 -14.59976006 604.00061035
v 15.16889000 -15.57036972 604.00061035
v 12.11262989 -12.72889996 604.00061035
v 11.00979996 -12.14046955 604.00061035
v 14.43811035 -14.55119991 604.00061035
v 15.27318001 -15.48134041 604.00061035
v 12.14947033 -12.66382027 604.00061035
v 11.07734013 -12.02114010 604.00061035
v 14.49250031 -14.49985981 604.00061035
v 15.37289047 -15.38722038 604.00061035
v 12.18951035 -12.60064030 604.00061035
v 11.15075016 -11.90532017 604.00061035
v 14.54426003 -14.44587994 604.00061035
v 15.46778965 -15.28824997 604.00061035
v 12.23264980 -12.53954983 604.00061035
v 11.22984028 -11.79331017 604.00061035
v 14.59327030 -14.38938046 604.00061035
v 15.55764008 -15.18467045 604.00061035
v 11.31441021 -11.68537998 604.00061035
v 12.27877998 -12.48068047 604.00061035
v 15.64221954 -15.07674026 604.00061035
v 14.63939953 -14.33051014 604.00061035
v 14.68253994 -14.26941013 604.00061035
v 11.40425968 -11.58181000 604.00061035
v 12.32779026 -12.42418003 604.00061035
v 12.37956047 -12.37020016 604.00061035
v 15.72130966 -14.96473026 604.00061035
v 11.49917030 -11.48283005 604.00061035
v 15.79471970 -14.84891987 604.00061035
v 14.72259045 -14.20623970 604.00061035
v 14.75942993 -14.14115047 604.00061035
v 11.59887981 -11.38871956 604.00061035
v 12.43395042 -12.31886005 604.00061035
v 12.49083042 -12.27029991 604.00061035
v 15.86225986 -14.72959042 604.00061035
v 11.70316029 -11.29969025 604.00061035
v 15.92376995 -14.60704041 604.00061035
v 14.79298019 -14.07431030 604.00061035
v 11.81175995 -11.21595955 604.00061035
v 12.55006027 -12.22463036 604.00061035
v 15.97910023 -14.48157978 604.00061035
v 14.82316017 -14.00588036 604.00061035
v 11.92438984 -11.13776016 604.00061035
v 12.61149979 -12.18196964 604.00061035
v 16.02811050 -14.35352039 604.00061035
v 14.84988976 -13.93601990 604.00061035
v 14.87310028 -13.86493015 604.00061035
v 12.04078007 -11.06527042 604.00061035
v 12.67498016 -12.14243031 604.00061035
v 16.07066917 -14.22317982 604.00061035
v 12.16063023 -10.99866009 604.00061035
v 12.74036026 -12.10610008 604.00061035
v 16.10667992 -14.09086990 604.00061035
v 14.89274979 -13.79275990 604.00061035
v 12.28365993 -10.93811989 604.00061035
v 12.80745983 -12.07308006 604.00061035
v 12.87613010 -12.04343987 604.00061035
v 16.13604927 -13.95693016 604.00061035
v 14.90876961 -13.71969986 604.00061035
v 14.92113018 -13.64593983 604.00061035
v 12.40956020 -10.88377953 604.00061035
v 16.15871048 -13.82170010 604.00061035
v 14.92978954 -13.57164955 604.00061035
v 12.53800011 -10.83578968 604.00061035
v 12.94620037 -12.01725960 604.00061035
v 13.01747036 -11.99460983 604.00061035
v 16.17460060 -13.68550014 604.00061035
v 12.66868019 -10.79426003 604.00061035
v 16.18367958 -13.54868984 604.00061035
v 14.93474960 -13.49701977 604.00061035
v 12.80125999 -10.75928974 604.00061035
v 13.08979034 -11.97554016 604.00061035
v 16.18593025 -13.41158962 604.00061035
v 14.93597031 -13.42224026 604.00061035
v 12.93542957 -10.73097992 604.00061035
v 13.16296959 -11.96008968 604.00061035
v 16.18133926 -13.27453995 604.00061035
v 14.93346977 -13.34749031 604.00061035
v 13.07083988 -10.70938015 604.00061035
v 13.23682976 -11.94830990 604.00061035
v 16.16992950 -13.13790035 604.00061035
v 14.92724991 -13.27295971 604.00061035
v 13.20715046 -10.69456959 604.00061035
v 13.31118965 -11.94023037 604.00061035
v 16.15172005 -13.00199986 604.00061035
v 14.91732025 -13.19882965 604.00061035
v 14.90369987 -13.12528992 604.00061035
v 13.34403992 -10.68657017 604.00061035
v 13.38584995 -11.93587017 604.00061035
v 16.12676048 -12.86717033 604.00061035
v 14.88644028 -13.05251026 604.00061035
v 13.48114967 -10.68540001 604.00061035
v 13.46063995 -11.93523026 604.00061035
v 16.09510994 -12.73375034 604.00061035
v 13.61814976 -10.69106960 604.00061035
v 13.53536987 -11.93832016 604.00061035
v 13.60984993 -11.94513035 604.00061035
v 16.05685043 -12.60208035 604.00061035
v 14.86557007 -12.98069000 604.00061035
v 13.75469971 -10.70355034 604.00061035
v 13.68389988 -11.95565033 604.00061035
v 16.01206970 -12.47247982 604.00061035
v 14.84113979 -12.90999985 604.00061035
v 13.89046001 -10.72284031 604.00061035
v 15.96088982 -12.34527016 604.00061035
v 14.81322956 -12.84062004 604.00061035
v 14.78188038 -12.77270985 604.00061035
v 14.02507973 -10.74886036 604.00061035
v 13.75732994 -11.96984005 604.00061035
v 13.82997036 -11.98768044 604.00061035
v 15.90342999 -12.22076988 604.00061035
v 14.15824986 -10.78155994 604.00061035
v 15.83983994 -12.09928989 604.00061035
v 14.74720001 -12.70643997 604.00061035
v 14.70925045 -12.64198971 604.00061035
v 14.28960991 -10.82085991 604.00061035
v 13.90161991 -12.00911999 604.00061035
v 13.97212029 -12.03409958 604.00061035
v 15.77027035 -11.98112965 604.00061035
v 14.41886044 -10.86664963 604.00061035
v 14.04127979 -12.06256008 604.00061035
v 15.69489956 -11.86658955 604.00061035
v 14.66814041 -12.57950974 604.00061035
v 14.54566002 -10.91884041 604.00061035
v 14.10894012 -12.09444046 604.00061035
v 15.61390972 -11.75594044 604.00061035
v 14.62395954 -12.51916027 604.00061035
v 14.66969967 -10.97727966 604.00061035
v 15.52750969 -11.64947033 604.00061035
v 14.57682991 -12.46109009 604.00061035
v 14.79067993 -11.04181957 604.00061035
v 14.17492962 -12.12963963 604.00061035
v 15.43589973 -11.54743958 604.00061035
v 14.52686977 -12.40542984 604.00061035
v 14.47418976 -12.35233974 604.00061035
v 14.90828037 -11.11231995 604.00061035
v 14.23908043 -12.16810036 604.00061035
v 15.33932972 -11.45009995 604.00061035
v 15.02223015 -11.18859005 604.00061035
v 14.30123043 -12.20969963 604.00061035
v 15.23801994 -11.35768986 604.00061035
v 14.41893005 -12.30193996 604.00061035
v 15.13224030 -11.27046013 604.00061035
v 14.36122990 -12.25434971 604.00061035
v 12.33693981 -15.62465954 601.00061035
v 12.27132034 -14.28754997 601.00061035
v 12.44744968 -15.67673016 601.00061035
v 12.22916031 -15.56715965 601.00061035
v 12.12438011 -15.50434971 601.00061035
v 12.02287006 -15.43640041 601.00061035
v 11.92486000 -15.36347008 601.00061035
v 11.83061981 -15.28575039 601.00061035
v 11.74036026 -15.20341969 601.00061035
v 11.65431976 -15.11670017 601.00061035
v 11.57271004 -15.02579975 601.00061035
v 11.49573040 -14.93093967 601.00061035
v 11.42358017 -14.83236980 601.00061035
v 11.35643005 -14.73031998 601.00061035
v 11.29444981 -14.62504959 601.00061035
v 11.23779964 -14.51681995 601.00061035
v 11.18661022 -14.40590000 601.00061035
v 11.14101028 -14.29257011 601.00061035
v 11.10112000 -14.17710972 601.00061035
v 11.06702995 -14.05980015 601.00061035
v 11.03882980 -13.94093990 601.00061035
v 11.01659012 -13.82081985 601.00061035
v 11.00037003 -13.69974041 601.00061035
v 12.91123009 -15.82816029 601.00061035
v 13.59197998 -14.86995029 601.00061035
v 13.03116989 -15.85134983 601.00061035
v 12.79259968 -15.79903030 601.00061035
v 12.67556000 -15.76401997 601.00061035
v 12.56042004 -15.72321987 601.00061035
v 14.35052013 -15.70796013 601.00061035
v 14.46267986 -15.65954971 601.00061035
v 14.23608971 -15.75072002 601.00061035
v 14.11966991 -15.78771973 601.00061035
v 14.00154972 -15.81886959 601.00061035
v 13.88202000 -15.84409046 601.00061035
v 13.76138020 -15.86332989 601.00061035
v 13.63994026 -15.87652969 601.00061035
v 13.51799011 -15.88366032 601.00061035
v 13.39583015 -15.88469982 601.00061035
v 13.27377033 -15.87965012 601.00061035
v 13.15211964 -15.86851978 601.00061035
v 14.57229042 -15.60560989 601.00061035
v 14.67907047 -15.54627037 601.00061035
v 14.78275967 -15.48169041 601.00061035
v 14.88311005 -15.41201019 601.00061035
v 10.99020004 -13.57800961 601.00061035
v 12.11536980 -12.85262012 601.00061035
v 10.98612022 -13.45590973 601.00061035
v 10.98812008 -13.33376980 601.00061035
v 10.99621010 -13.21187973 601.00061035
v 11.01037025 -13.09053993 601.00061035
v 11.03055954 -12.97006035 601.00061035
v 11.05671978 -12.85072994 601.00061035
v 11.08880043 -12.73285961 601.00061035
v 11.12672043 -12.61674023 601.00061035
v 11.17037964 -12.50263977 601.00061035
v 11.21967030 -12.39087009 601.00061035
v 11.27447033 -12.28168964 601.00061035
v 11.33465004 -12.17537975 601.00061035
v 11.40005016 -12.07219982 601.00061035
v 11.47052002 -11.97241020 601.00061035
v 11.54586029 -11.87625027 601.00061035
v 11.62590981 -11.78398037 601.00061035
v 11.71045971 -11.69579983 601.00061035
v 14.75669003 -14.01743031 601.00061035
v 15.47200012 -14.79786015 601.00061035
v 15.53740025 -14.69468021 601.00061035
v 15.40153980 -14.89764977 601.00061035
v 15.32618999 -14.99380016 601.00061035
v 15.24615002 -15.08607960 601.00061035
v 15.16160011 -15.17426014 601.00061035
v 15.07275963 -15.25811005 601.00061035
v 14.97984982 -15.33742046 601.00061035
v 11.79930019 -11.61194992 601.00061035
v 15.59757996 -14.58837032 601.00061035
v 11.89221001 -11.53262997 601.00061035
v 15.65237999 -14.47918987 601.00061035
v 11.98894978 -11.45804024 601.00061035
v 15.70168018 -14.36742020 601.00061035
v 15.74532986 -14.25331974 601.00061035
v 15.78324986 -14.13720036 601.00061035
v 12.08930016 -11.38836956 601.00061035
v 13.28007984 -12.00010014 601.00061035
v 12.19299030 -11.32378960 601.00061035
v 12.29977036 -11.26445007 601.00061035
v 15.81534004 -14.01931953 601.00061035
v 12.40937042 -11.21051025 601.00061035
v 15.84150028 -13.89999962 601.00061035
v 12.52153015 -11.16209984 601.00061035
v 15.86168957 -13.77952003 601.00061035
v 12.63597012 -11.11933994 601.00061035
v 15.87584019 -13.65818024 601.00061035
v 12.75238991 -11.08234024 601.00061035
v 15.88393021 -13.53629017 601.00061035
v 12.87051010 -11.05119038 601.00061035
v 15.88593960 -13.41413975 601.00061035
v 12.99003983 -11.02595997 601.00061035
v 15.88185024 -13.29205036 601.00061035
v 13.11067009 -11.00673008 601.00061035
v 14.60074043 -12.58250999 601.00061035
v 15.87168980 -13.17031956 601.00061035
v 13.23211956 -10.99353027 601.00061035
v 15.85546017 -13.04924011 601.00061035
v 13.35406971 -10.98639965 601.00061035
v 15.83323002 -12.92912006 601.00061035
v 13.47622967 -10.98536015 601.00061035
v 15.80502987 -12.81025982 601.00061035
v 13.59827995 -10.99040985 601.00061035
v 15.77093983 -12.69295025 601.00061035
v 13.71994019 -11.00152969 601.00061035
v 15.73104954 -12.57748032 601.00061035
v 13.84088039 -11.01871014 601.00061035
v 15.68544960 -12.46415043 601.00061035
v 13.96082020 -11.04189014 601.00061035
v 15.63426018 -12.35324001 601.00061035
v 14.07946014 -11.07102966 601.00061035
v 15.57761002 -12.24501038 601.00061035
v 14.19649029 -11.10604000 601.00061035
v 15.51562023 -12.13973999 601.00061035
v 14.31163979 -11.14684010 601.00061035
v 15.44847965 -12.03769016 601.00061035
v 14.42461014 -11.19332981 601.00061035
v 15.37631989 -11.93910980 601.00061035
v 14.53512001 -11.24538994 601.00061035
v 15.29934025 -11.84426022 601.00061035
v 14.64290047 -11.30290031 601.00061035
v 15.21774006 -11.75335979 601.00061035
v 14.74767017 -11.36571026 601.00061035
v 15.13169003 -11.66664028 601.00061035
v 14.84918976 -11.43365955 601.00061035
v 15.04144001 -11.58430958 601.00061035
v 14.94719028 -11.50658989 601.00061035
v 12.45567989 -14.11573029 612.00061035
v 12.49083042 -14.16374969 612.00061035
v 12.52832985 -14.20995998 612.00061035
v 13.06556988 -14.56958008 612.00061035
v 12.90060997 -14.50168991 612.00061035
v 12.95444965 -14.52705956 612.00061035
v 13.00948048 -14.54969978 612.00061035
v 12.31803036 -13.85278034 612.00061035
v 12.34023952 -13.90797997 612.00061035
v 12.36518002 -13.96201992 612.00061035
v 12.31803036 -13.85278034 612.00061035
v 12.36518002 -13.96201992 612.00061035
v 12.39278030 -14.01473999 612.00061035
v 12.42296982 -14.06602001 612.00061035
v 13.29771996 -14.62049007 612.00061035
v 13.18037987 -14.60083008 612.00061035
v 13.23880959 -14.61211967 612.00061035
v 13.35698986 -14.62590981 612.00061035
v 13.18037987 -14.60083008 612.00061035
v 13.29771996 -14.62049007 612.00061035
v 13.47595024 -14.62786007 612.00061035
v 13.41644955 -14.62837029 612.00061035
v 13.76906013 -14.58111954 612.00061035
v 13.59451962 -14.61795998 612.00061035
v 13.65328979 -14.60859013 612.00061035
v 13.71152020 -14.59630013 612.00061035
v 12.25438976 -13.26721001 612.00061035
v 12.24748993 -13.32631969 612.00061035
v 12.24355030 -13.38570023 612.00061035
v 13.93614960 -14.51869011 612.00061035
v 13.82577038 -14.56309986 612.00061035
v 13.88152027 -14.54226971 612.00061035
v 12.29259014 -13.09296989 612.00061035
v 12.27696991 -13.15038967 612.00061035
v 12.26422024 -13.20851994 612.00061035
v 12.29259014 -13.09296989 612.00061035
v 12.26422024 -13.20851994 612.00061035
v 12.25438976 -13.26721001 612.00061035
v 14.04156971 -14.46350956 612.00061035
v 13.98954964 -14.49240971 612.00061035
v 14.09208012 -14.43204021 612.00061035
v 14.09208012 -14.43204021 612.00061035
v 13.93614960 -14.51869011 612.00061035
v 14.04156971 -14.46350956 612.00061035
v 12.33234024 -12.98081970 612.00061035
v 12.31107044 -13.03639984 612.00061035
v 12.38304043 -12.87318993 612.00061035
v 12.35634995 -12.92636967 612.00061035
v 12.33234024 -12.98081970 612.00061035
v 12.44421959 -12.77114010 612.00061035
v 12.38304043 -12.87318993 612.00061035
v 12.33234024 -12.98081970 612.00061035
v 12.44421959 -12.77114010 612.00061035
v 12.41236019 -12.82139969 612.00061035
v 12.38304043 -12.87318993 612.00061035
v 14.31781006 -14.23933029 612.00061035
v 14.14095974 -14.39809990 612.00061035
v 14.31781006 -14.23933029 612.00061035
v 14.14095974 -14.39809990 612.00061035
v 14.18809032 -14.36176968 612.00061035
v 14.31781006 -14.23933029 612.00061035
v 14.18809032 -14.36176968 612.00061035
v 14.23334980 -14.32312965 612.00061035
v 14.23334980 -14.32312965 612.00061035
v 14.27663040 -14.28227997 612.00061035
v 12.51525021 -12.67568016 612.00061035
v 12.47854042 -12.72251987 612.00061035
v 14.39350986 -14.14752960 612.00061035
v 14.35680962 -14.19437027 612.00061035
v 12.59543037 -12.58778000 612.00061035
v 12.25438976 -13.26721001 612.00061035
v 12.24355030 -13.38570023 612.00061035
v 12.59543037 -12.58778000 612.00061035
v 12.51525021 -12.67568016 612.00061035
v 12.44421959 -12.77114010 612.00061035
v 12.59543037 -12.58778000 612.00061035
v 12.55424023 -12.63072968 612.00061035
v 12.24256992 -13.44519997 612.00061035
v 14.45969963 -14.04866028 612.00061035
v 14.42784023 -14.09891987 612.00061035
v 14.48900986 -13.99687004 612.00061035
v 14.51570988 -13.94367981 612.00061035
v 14.53971958 -13.88922977 612.00061035
v 12.77997971 -12.43801022 612.00061035
v 12.73110008 -12.47196007 612.00061035
v 12.68397045 -12.50829029 612.00061035
v 12.77997971 -12.43801022 612.00061035
v 12.68397045 -12.50829029 612.00061035
v 12.63871002 -12.54693031 612.00061035
v 12.63871002 -12.54693031 612.00061035
v 12.45567989 -14.11573029 612.00061035
v 12.52832985 -14.20995998 612.00061035
v 12.24456024 -13.50467968 612.00061035
v 12.24952030 -13.56398010 612.00061035
v 12.25741959 -13.62296009 612.00061035
v 12.26825047 -13.68148041 612.00061035
v 12.28199005 -13.73937988 612.00061035
v 12.29858971 -13.79652977 612.00061035
v 12.42296982 -14.06602001 612.00061035
v 12.56807995 -14.25424004 612.00061035
v 12.60999966 -14.29648972 612.00061035
v 12.65396023 -14.33658981 612.00061035
v 12.69987011 -14.37444973 612.00061035
v 12.74761963 -14.40997982 612.00061035
v 12.79706955 -14.44307995 612.00061035
v 14.56099033 -13.83364964 612.00061035
v 12.88251019 -12.37765026 612.00061035
v 12.83049011 -12.40655041 612.00061035
v 12.77997971 -12.43801022 612.00061035
v 14.60783958 -13.66152954 612.00061035
v 14.57946014 -13.77707958 612.00061035
v 14.59508991 -13.71965981 612.00061035
v 14.61767006 -13.60284042 612.00061035
v 14.57946014 -13.77707958 612.00061035
v 14.60783958 -13.66152954 612.00061035
v 13.10299969 -12.28892994 612.00061035
v 13.04627991 -12.30696011 612.00061035
v 12.99053955 -12.32779026 612.00061035
v 12.93589973 -12.35136986 612.00061035
v 13.16053963 -12.27375984 612.00061035
v 12.88251019 -12.37765026 612.00061035
v 14.62948036 -13.42486000 612.00061035
v 14.61767006 -13.60284042 612.00061035
v 14.62456989 -13.54374027 612.00061035
v 14.62948036 -13.42486000 612.00061035
v 14.62456989 -13.54374027 612.00061035
v 14.62851048 -13.48435974 612.00061035
v 13.39610004 -12.24219990 612.00061035
v 13.33670044 -12.24567032 612.00061035
v 13.27754021 -12.25209999 612.00061035
v 13.21877003 -12.26146984 612.00061035
v 14.60381031 -13.18857956 612.00061035
v 14.62254047 -13.30607986 612.00061035
v 14.61464024 -13.24709034 612.00061035
v 14.59006977 -13.13068008 612.00061035
v 14.62749004 -13.36538029 612.00061035
v 14.59006977 -13.13068008 612.00061035
v 14.62749004 -13.36538029 612.00061035
v 14.62254047 -13.30607986 612.00061035
v 14.59006977 -13.13068008 612.00061035
v 14.62254047 -13.30607986 612.00061035
v 14.60381031 -13.18857956 612.00061035
v 13.57433033 -12.24956989 612.00061035
v 13.51506996 -12.24415016 612.00061035
v 13.45561028 -12.24168968 612.00061035
v 14.55403042 -13.01727962 612.00061035
v 14.59006977 -13.13068008 612.00061035
v 14.57345963 -13.07353020 612.00061035
v 14.53182030 -12.96207047 612.00061035
v 14.53182030 -12.96207047 612.00061035
v 14.59006977 -13.13068008 612.00061035
v 14.55403042 -13.01727962 612.00061035
v 13.69167995 -12.26922989 612.00061035
v 13.69167995 -12.26922989 612.00061035
v 13.63325024 -12.25794029 612.00061035
v 13.57433033 -12.24956989 612.00061035
v 13.74946976 -12.28341961 612.00061035
v 14.41637993 -12.75432014 612.00061035
v 14.50687981 -12.90804005 612.00061035
v 14.47928047 -12.85531998 612.00061035
v 14.41637993 -12.75432014 612.00061035
v 14.47928047 -12.85531998 612.00061035
v 14.44909000 -12.80403996 612.00061035
v 14.38123035 -12.70629978 612.00061035
v 14.50687981 -12.90804005 612.00061035
v 14.41637993 -12.75432014 612.00061035
v 14.34372997 -12.66009998 612.00061035
v 14.02394962 -12.39638042 612.00061035
v 13.97144032 -12.36835957 612.00061035
v 13.91761017 -12.34300041 612.00061035
v 14.02394962 -12.39638042 612.00061035
v 13.91761017 -12.34300041 612.00061035
v 13.86258030 -12.32034969 612.00061035
v 13.80648994 -12.30047989 612.00061035
v 14.30397034 -12.61581039 612.00061035
v 14.07499027 -12.42696953 612.00061035
v 14.12444019 -12.46008015 612.00061035
v 14.21809006 -12.53347015 612.00061035
v 14.26206017 -12.57357025 612.00061035
v 14.17218018 -12.49559975 612.00061035
v 14.17218018 -12.49559975 612.00061035
v 14.30397034 -12.61581039 612.00061035
v 14.21809006 -12.53347015 612.00061035
v 12.84811020 -14.47367954 612.00061035
v 13.12259007 -14.58662987 612.00061035
v 13.53536034 -14.62438965 612.00061035
v 13.28007984 -12.00010014 602.30047607
v 12.11536980 -12.85262012 602.30047607
v 13.28007984 -12.00010014 601.00061035
v 12.11536980 -12.85262012 601.00061035
v 12.27132034 -14.28754997 601.00061035
v 12.11536980 -12.85262012 602.30047607
v 12.27132034 -14.28754997 602.30047607
v 12.11536980 -12.85262012 601.00061035
v 12.27132034 -14.28754997 602.30047607
v 13.59197998 -14.86995029 602.30047607
v 12.27132034 -14.28754997 601.00061035
v 13.59197998 -14.86995029 601.00061035
v 13.59197998 -14.86995029 602.30047607
v 14.75669003 -14.01743031 602.30047607
v 13.59197998 -14.86995029 601.00061035
v 14.75669003 -14.01743031 601.00061035
v 14.60074043 -12.58250999 602.30047607
v 14.60074043 -12.58250999 601.00061035
v 14.75669003 -14.01743031 602.30047607
v 14.75669003 -14.01743031 601.00061035
v 14.60074043 -12.58250999 602.30047607
v 13.28007984 -12.00010014 602.30047607
v 14.60074043 -12.58250999 601.00061035
v 13.28007984 -12.00010014 601.00061035
v 12.27132034 -14.28754997 602.30047607
v 14.75669003 -14.01743031 602.30047607
v 13.59197998 -14.86995029 602.30047607
v 13.28007984 -12.00010014 602.30047607
v 14.60074043 -12.58250999 602.30047607
v 12.11536980 -12.85262012 602.30047607
v -11.93657970 13.52256966 604.00061035
v -11.94281006 13.59710026 604.00061035
v -11.94281006 13.59710026 611.69396973
v -11.93657970 13.52256966 611.69396973
v -11.93408012 13.44781971 604.00061035
v -11.93657970 13.52256966 611.69396973
v -11.93408012 13.44781971 611.69396973
v -11.93657970 13.52256966 604.00061035
v -11.93531036 13.37302971 604.00061035
v -11.93408012 13.44781971 611.69396973
v -11.93531036 13.37302971 611.69396973
v -11.93408012 13.44781971 604.00061035
v -11.94025993 13.29839993 604.00061035
v -11.93531036 13.37302971 611.69396973
v -11.94025993 13.29839993 611.69396973
v -11.93531036 13.37302971 604.00061035
v -11.94892979 13.22412014 604.00061035
v -11.94025993 13.29839993 611.69396973
v -11.94892979 13.22412014 611.69396973
v -11.94025993 13.29839993 604.00061035
v -11.96129036 13.15034962 604.00061035
v -11.94892979 13.22412014 611.69396973
v -11.96129036 13.15034962 611.69396973
v -11.94892979 13.22412014 604.00061035
v -11.97731018 13.07730007 604.00061035
v -11.96129036 13.15034962 611.69396973
v -11.97731018 13.07730007 611.69396973
v -11.96129036 13.15034962 604.00061035
v -11.99695015 13.00512981 604.00061035
v -11.97731018 13.07730007 611.69396973
v -11.99695015 13.00512981 611.69396973
v -11.97731018 13.07730007 604.00061035
v -12.02017021 12.93402958 604.00061035
v -11.99695015 13.00512981 611.69396973
v -12.02017021 12.93402958 611.69396973
v -11.99695015 13.00512981 604.00061035
v -12.04689980 12.86417961 604.00061035
v -12.02017021 12.93402958 611.69396973
v -12.04689980 12.86417961 611.69396973
v -12.02017021 12.93402958 604.00061035
v -12.07707977 12.79574966 604.00061035
v -12.04689980 12.86417961 604.00061035
v -12.04689980 12.86417961 611.69396973
v -12.07707977 12.79574966 611.69396973
v -12.11063004 12.72889996 604.00061035
v -12.07707977 12.79574966 604.00061035
v -12.07707977 12.79574966 611.69396973
v -12.11063004 12.72889996 611.69396973
v -12.14747047 12.66382027 604.00061035
v -12.11063004 12.72889996 604.00061035
v -12.11063004 12.72889996 611.69396973
v -12.14747047 12.66382027 611.69396973
v -12.18750954 12.60064030 604.00061035
v -12.14747047 12.66382027 604.00061035
v -12.14747047 12.66382027 611.69396973
v -12.18750954 12.60064030 611.69396973
v -12.23064995 12.53954983 604.00061035
v -12.18750954 12.60064030 604.00061035
v -12.18750954 12.60064030 611.69396973
v -12.23064995 12.53954983 611.69396973
v -12.27678013 12.48068047 604.00061035
v -12.23064995 12.53954983 604.00061035
v -12.23064995 12.53954983 611.69396973
v -12.27678013 12.48068047 611.69396973
v -12.32579041 12.42418003 604.00061035
v -12.27678013 12.48068047 604.00061035
v -12.27678013 12.48068047 611.69396973
v -12.32579041 12.42418003 611.69396973
v -12.37755966 12.37020016 604.00061035
v -12.32579041 12.42418003 604.00061035
v -12.32579041 12.42418003 611.69396973
v -12.37755966 12.37020016 611.69396973
v -12.43194962 12.31886005 604.00061035
v -12.37755966 12.37020016 604.00061035
v -12.37755966 12.37020016 611.69396973
v -12.43194962 12.31886005 611.69396973
v -12.48882961 12.27029991 604.00061035
v -12.43194962 12.31886005 604.00061035
v -12.43194962 12.31886005 611.69396973
v -12.48882961 12.27029991 611.69396973
v -12.54806042 12.22463036 604.00061035
v -12.48882961 12.27029991 604.00061035
v -12.48882961 12.27029991 611.69396973
v -12.54806042 12.22463036 611.69396973
v -12.60949993 12.18196964 604.00061035
v -12.54806042 12.22463036 604.00061035
v -12.54806042 12.22463036 611.69396973
v -12.60949993 12.18196964 611.69396973
v -12.67298031 12.14243031 604.00061035
v -12.60949993 12.18196964 611.69396973
v -12.67298031 12.14243031 611.69396973
v -12.60949993 12.18196964 604.00061035
v -12.73836040 12.10610008 604.00061035
v -12.67298031 12.14243031 611.69396973
v -12.73836040 12.10610008 611.69396973
v -12.67298031 12.14243031 604.00061035
v -12.80547047 12.07308006 604.00061035
v -12.73836040 12.10610008 611.69396973
v -12.80547047 12.07308006 611.69396973
v -12.73836040 12.10610008 604.00061035
v -12.87413025 12.04343987 604.00061035
v -12.80547047 12.07308006 611.69396973
v -12.87413025 12.04343987 611.69396973
v -12.80547047 12.07308006 604.00061035
v -12.94419956 12.01725960 604.00061035
v -12.87413025 12.04343987 611.69396973
v -12.94419956 12.01725960 611.69396973
v -12.87413025 12.04343987 604.00061035
v -13.01546955 11.99460983 604.00061035
v -12.94419956 12.01725960 611.69396973
v -13.01546955 11.99460983 611.69396973
v -12.94419956 12.01725960 604.00061035
v -13.08778954 11.97554016 604.00061035
v -13.01546955 11.99460983 611.69396973
v -13.08778954 11.97554016 611.69396973
v -13.01546955 11.99460983 604.00061035
v -13.16096973 11.96008968 604.00061035
v -13.08778954 11.97554016 611.69396973
v -13.16096973 11.96008968 611.69396973
v -13.08778954 11.97554016 604.00061035
v -13.23482990 11.94830990 604.00061035
v -13.16096973 11.96008968 611.69396973
v -13.23482990 11.94830990 611.69396973
v -13.16096973 11.96008968 604.00061035
v -13.30918980 11.94023037 604.00061035
v -13.23482990 11.94830990 611.69396973
v -13.30918980 11.94023037 611.69396973
v -13.23482990 11.94830990 604.00061035
v -13.38385010 11.93587017 604.00061035
v -13.30918980 11.94023037 611.69396973
v -13.38385010 11.93587017 611.69396973
v -13.30918980 11.94023037 604.00061035
v -13.45864010 11.93523026 604.00061035
v -13.38385010 11.93587017 611.69396973
v -13.45864010 11.93523026 611.69396973
v -13.38385010 11.93587017 604.00061035
v -13.53337002 11.93832016 604.00061035
v -13.45864010 11.93523026 611.69396973
v -13.53337002 11.93832016 611.69396973
v -13.45864010 11.93523026 604.00061035
v -13.60785007 11.94513035 604.00061035
v -13.53337002 11.93832016 611.69396973
v -13.60785007 11.94513035 611.69396973
v -13.53337002 11.93832016 604.00061035
v -13.68190002 11.95565033 604.00061035
v -13.60785007 11.94513035 604.00061035
v -13.60785007 11.94513035 611.69396973
v -13.68190002 11.95565033 611.69396973
v -13.75533009 11.96984005 604.00061035
v -13.68190002 11.95565033 604.00061035
v -13.68190002 11.95565033 611.69396973
v -13.75533009 11.96984005 611.69396973
v -13.82796955 11.98768044 604.00061035
v -13.75533009 11.96984005 604.00061035
v -13.75533009 11.96984005 611.69396973
v -13.82796955 11.98768044 611.69396973
v -13.89962006 12.00911999 604.00061035
v -13.82796955 11.98768044 604.00061035
v -13.82796955 11.98768044 611.69396973
v -13.89962006 12.00911999 611.69396973
v -13.97012043 12.03409958 604.00061035
v -13.89962006 12.00911999 604.00061035
v -13.89962006 12.00911999 611.69396973
v -13.97012043 12.03409958 611.69396973
v -14.03927994 12.06256008 604.00061035
v -13.97012043 12.03409958 604.00061035
v -13.97012043 12.03409958 611.69396973
v -14.03927994 12.06256008 611.69396973
v -14.10694027 12.09444046 604.00061035
v -14.03927994 12.06256008 604.00061035
v -14.03927994 12.06256008 611.69396973
v -14.10694027 12.09444046 611.69396973
v -14.17292976 12.12963963 604.00061035
v -14.10694027 12.09444046 604.00061035
v -14.10694027 12.09444046 611.69396973
v -14.17292976 12.12963963 611.69396973
v -14.23707962 12.16810036 604.00061035
v -14.17292976 12.12963963 604.00061035
v -14.17292976 12.12963963 611.69396973
v -14.23707962 12.16810036 611.69396973
v -14.29922962 12.20969963 604.00061035
v -14.23707962 12.16810036 604.00061035
v -14.23707962 12.16810036 611.69396973
v -14.29922962 12.20969963 611.69396973
v -14.35923004 12.25434971 604.00061035
v -14.29922962 12.20969963 604.00061035
v -14.29922962 12.20969963 611.69396973
v -14.35923004 12.25434971 611.69396973
v -14.41693020 12.30193996 604.00061035
v -14.35923004 12.25434971 604.00061035
v -14.35923004 12.25434971 611.69396973
v -14.41693020 12.30193996 611.69396973
v -14.47218990 12.35233974 604.00061035
v -14.41693020 12.30193996 604.00061035
v -14.41693020 12.30193996 611.69396973
v -14.47218990 12.35233974 611.69396973
v -14.52486992 12.40542984 604.00061035
v -14.47218990 12.35233974 604.00061035
v -14.47218990 12.35233974 611.69396973
v -14.52486992 12.40542984 611.69396973
v -14.57483006 12.46109009 604.00061035
v -14.52486992 12.40542984 604.00061035
v -14.52486992 12.40542984 611.69396973
v -14.57483006 12.46109009 611.69396973
v -14.62195969 12.51916027 604.00061035
v -14.57483006 12.46109009 604.00061035
v -14.57483006 12.46109009 611.69396973
v -14.62195969 12.51916027 611.69396973
v -14.66613960 12.57950974 604.00061035
v -14.62195969 12.51916027 604.00061035
v -14.62195969 12.51916027 611.69396973
v -14.66613960 12.57950974 611.69396973
v -14.70724964 12.64198971 604.00061035
v -14.66613960 12.57950974 604.00061035
v -14.66613960 12.57950974 611.69396973
v -14.70724964 12.64198971 611.69396973
v -14.74520016 12.70643997 604.00061035
v -14.70724964 12.64198971 604.00061035
v -14.70724964 12.64198971 611.69396973
v -14.74520016 12.70643997 611.69396973
v -14.77987957 12.77270985 604.00061035
v -14.74520016 12.70643997 604.00061035
v -14.74520016 12.70643997 611.69396973
v -14.77987957 12.77270985 611.69396973
v -14.81122971 12.84062004 604.00061035
v -14.77987957 12.77270985 604.00061035
v -14.77987957 12.77270985 611.69396973
v -14.81122971 12.84062004 611.69396973
v -14.81122971 12.84062004 604.00061035
v -14.81122971 12.84062004 611.69396973
v -14.83913994 12.90999985 611.69396973
v -14.83913994 12.90999985 604.00061035
v -14.86357021 12.98069000 604.00061035
v -14.83913994 12.90999985 611.69396973
v -14.86357021 12.98069000 611.69396973
v -14.83913994 12.90999985 604.00061035
v -14.88444042 13.05251026 604.00061035
v -14.86357021 12.98069000 611.69396973
v -14.88444042 13.05251026 611.69396973
v -14.86357021 12.98069000 604.00061035
v -14.90170002 13.12528992 604.00061035
v -14.88444042 13.05251026 611.69396973
v -14.90170002 13.12528992 611.69396973
v -14.88444042 13.05251026 604.00061035
v -14.91530991 13.19882965 604.00061035
v -14.90170002 13.12528992 604.00061035
v -14.90170002 13.12528992 611.69396973
v -14.91530991 13.19882965 611.69396973
v -14.92525005 13.27295971 604.00061035
v -14.91530991 13.19882965 604.00061035
v -14.91530991 13.19882965 611.69396973
v -14.92525005 13.27295971 611.69396973
v -14.93146992 13.34749031 604.00061035
v -14.92525005 13.27295971 604.00061035
v -14.92525005 13.27295971 611.69396973
v -14.93146992 13.34749031 611.69396973
v -14.93146992 13.34749031 604.00061035
v -14.93146992 13.34749031 611.69396973
v -14.93397045 13.42224026 611.69396973
v -14.93397045 13.42224026 604.00061035
v -14.93274975 13.49701977 604.00061035
v -14.93397045 13.42224026 604.00061035
v -14.93397045 13.42224026 611.69396973
v -14.93274975 13.49701977 611.69396973
v -14.92778969 13.57164955 604.00061035
v -14.93274975 13.49701977 604.00061035
v -14.93274975 13.49701977 611.69396973
v -14.92778969 13.57164955 611.69396973
v -14.92778969 13.57164955 604.00061035
v -14.92778969 13.57164955 611.69396973
v -14.91913033 13.64593983 611.69396973
v -14.91913033 13.64593983 604.00061035
v -14.90676975 13.71969986 604.00061035
v -14.91913033 13.64593983 604.00061035
v -14.91913033 13.64593983 611.69396973
v -14.90676975 13.71969986 611.69396973
v -14.89074993 13.79275990 604.00061035
v -14.90676975 13.71969986 604.00061035
v -14.90676975 13.71969986 611.69396973
v -14.89074993 13.79275990 611.69396973
v -14.87110043 13.86493015 604.00061035
v -14.89074993 13.79275990 604.00061035
v -14.89074993 13.79275990 611.69396973
v -14.87110043 13.86493015 611.69396973
v -14.84788990 13.93601990 604.00061035
v -14.87110043 13.86493015 604.00061035
v -14.87110043 13.86493015 611.69396973
v -14.84788990 13.93601990 611.69396973
v -14.82116032 14.00588036 604.00061035
v -14.84788990 13.93601990 604.00061035
v -14.84788990 13.93601990 611.69396973
v -14.82116032 14.00588036 611.69396973
v -14.79098034 14.07431030 604.00061035
v -14.79098034 14.07431030 611.69396973
v -14.75743008 14.14115047 611.69396973
v -14.79098034 14.07431030 604.00061035
v -14.82116032 14.00588036 604.00061035
v -14.82116032 14.00588036 611.69396973
v -14.79098034 14.07431030 611.69396973
v -14.75743008 14.14115047 604.00061035
v -14.72058964 14.20623970 604.00061035
v -14.75743008 14.14115047 611.69396973
v -14.72058964 14.20623970 611.69396973
v -14.75743008 14.14115047 604.00061035
v -14.68054008 14.26941013 604.00061035
v -14.72058964 14.20623970 611.69396973
v -14.68054008 14.26941013 611.69396973
v -14.72058964 14.20623970 604.00061035
v -14.63739967 14.33051014 604.00061035
v -14.68054008 14.26941013 611.69396973
v -14.63739967 14.33051014 611.69396973
v -14.68054008 14.26941013 604.00061035
v -14.59127045 14.38938046 604.00061035
v -14.63739967 14.33051014 611.69396973
v -14.59127045 14.38938046 611.69396973
v -14.63739967 14.33051014 604.00061035
v -14.54226017 14.44587994 604.00061035
v -14.59127045 14.38938046 611.69396973
v -14.54226017 14.44587994 611.69396973
v -14.59127045 14.38938046 604.00061035
v -14.49050045 14.49985981 604.00061035
v -14.54226017 14.44587994 611.69396973
v -14.49050045 14.49985981 611.69396973
v -14.54226017 14.44587994 604.00061035
v -14.43610954 14.55119991 604.00061035
v -14.49050045 14.49985981 611.69396973
v -14.43610954 14.55119991 611.69396973
v -14.49050045 14.49985981 604.00061035
v -14.37922955 14.59976006 604.00061035
v -14.43610954 14.55119991 611.69396973
v -14.37922955 14.59976006 611.69396973
v -14.43610954 14.55119991 604.00061035
v -14.31999016 14.64542961 604.00061035
v -14.37922955 14.59976006 611.69396973
v -14.31999016 14.64542961 611.69396973
v -14.37922955 14.59976006 604.00061035
v -14.25856018 14.68807983 604.00061035
v -14.31999016 14.64542961 611.69396973
v -14.25856018 14.68807983 611.69396973
v -14.31999016 14.64542961 604.00061035
v -14.19507027 14.72762966 604.00061035
v -14.25856018 14.68807983 611.69396973
v -14.19507027 14.72762966 611.69396973
v -14.25856018 14.68807983 604.00061035
v -14.12969971 14.76395035 604.00061035
v -14.19507027 14.72762966 611.69396973
v -14.12969971 14.76395035 611.69396973
v -14.19507027 14.72762966 604.00061035
v -14.06258965 14.79697990 604.00061035
v -14.12969971 14.76395035 604.00061035
v -14.12969971 14.76395035 611.69396973
v -14.06258965 14.79697990 611.69396973
v -13.99392033 14.82662010 604.00061035
v -14.06258965 14.79697990 604.00061035
v -14.06258965 14.79697990 611.69396973
v -13.99392033 14.82662010 611.69396973
v -13.99392033 14.82662010 604.00061035
v -13.99392033 14.82662010 611.69396973
v -13.92385960 14.85280037 611.69396973
v -13.92385960 14.85280037 604.00061035
v -13.85258007 14.87545013 604.00061035
v -13.92385960 14.85280037 604.00061035
v -13.92385960 14.85280037 611.69396973
v -13.85258007 14.87545013 611.69396973
v -13.78026009 14.89451981 604.00061035
v -13.85258007 14.87545013 611.69396973
v -13.78026009 14.89451981 611.69396973
v -13.85258007 14.87545013 604.00061035
v -13.70707989 14.90997028 604.00061035
v -13.78026009 14.89451981 611.69396973
v -13.70707989 14.90997028 611.69396973
v -13.78026009 14.89451981 604.00061035
v -13.63321972 14.92173958 604.00061035
v -13.70707989 14.90997028 611.69396973
v -13.63321972 14.92173958 611.69396973
v -13.70707989 14.90997028 604.00061035
v -13.55887032 14.92982006 604.00061035
v -13.63321972 14.92173958 611.69396973
v -13.55887032 14.92982006 611.69396973
v -13.63321972 14.92173958 604.00061035
v -13.48421001 14.93418980 604.00061035
v -13.55887032 14.92982006 611.69396973
v -13.48421001 14.93418980 611.69396973
v -13.55887032 14.92982006 604.00061035
v -13.40942001 14.93482971 604.00061035
v -13.48421001 14.93418980 611.69396973
v -13.40942001 14.93482971 611.69396973
v -13.40942001 14.93482971 604.00061035
v -13.40942001 14.93482971 611.69396973
v -13.33469009 14.93173981 611.69396973
v -13.48421001 14.93418980 604.00061035
v -13.33469009 14.93173981 604.00061035
v -13.26021004 14.92492008 604.00061035
v -13.33469009 14.93173981 611.69396973
v -13.26021004 14.92492008 611.69396973
v -13.33469009 14.93173981 604.00061035
v -13.18616009 14.91440964 604.00061035
v -13.26021004 14.92492008 611.69396973
v -13.18616009 14.91440964 611.69396973
v -13.26021004 14.92492008 604.00061035
v -13.11273003 14.90021038 604.00061035
v -13.18616009 14.91440964 611.69396973
v -13.11273003 14.90021038 611.69396973
v -13.18616009 14.91440964 604.00061035
v -13.04008961 14.88237953 604.00061035
v -13.11273003 14.90021038 611.69396973
v -13.04008961 14.88237953 611.69396973
v -13.11273003 14.90021038 604.00061035
v -12.96844006 14.86093998 604.00061035
v -13.04008961 14.88237953 611.69396973
v -12.96844006 14.86093998 611.69396973
v -13.04008961 14.88237953 604.00061035
v -12.89793968 14.83596039 604.00061035
v -12.96844006 14.86093998 611.69396973
v -12.89793968 14.83596039 611.69396973
v -12.89793968 14.83596039 604.00061035
v -12.89793968 14.83596039 611.69396973
v -12.82878017 14.80749989 611.69396973
v -12.96844006 14.86093998 604.00061035
v -12.82878017 14.80749989 604.00061035
v -12.76111984 14.77562046 604.00061035
v -12.82878017 14.80749989 611.69396973
v -12.76111984 14.77562046 611.69396973
v -12.82878017 14.80749989 604.00061035
v -12.69513035 14.74040985 604.00061035
v -12.76111984 14.77562046 611.69396973
v -12.69513035 14.74040985 611.69396973
v -12.76111984 14.77562046 604.00061035
v -12.63097954 14.70195961 604.00061035
v -12.69513035 14.74040985 611.69396973
v -12.63097954 14.70195961 611.69396973
v -12.69513035 14.74040985 604.00061035
v -12.56882954 14.66036034 604.00061035
v -12.63097954 14.70195961 611.69396973
v -12.56882954 14.66036034 611.69396973
v -12.63097954 14.70195961 604.00061035
v -12.50883007 14.61571026 604.00061035
v -12.56882954 14.66036034 611.69396973
v -12.50883007 14.61571026 611.69396973
v -12.56882954 14.66036034 604.00061035
v -12.45112038 14.56812000 604.00061035
v -12.50883007 14.61571026 611.69396973
v -12.45112038 14.56812000 611.69396973
v -12.50883007 14.61571026 604.00061035
v -12.39587021 14.51772022 604.00061035
v -12.45112038 14.56812000 604.00061035
v -12.45112038 14.56812000 611.69396973
v -12.39587021 14.51772022 611.69396973
v -12.34319019 14.46461964 604.00061035
v -12.39587021 14.51772022 604.00061035
v -12.39587021 14.51772022 611.69396973
v -12.34319019 14.46461964 611.69396973
v -12.29321957 14.40896988 604.00061035
v -12.34319019 14.46461964 604.00061035
v -12.34319019 14.46461964 611.69396973
v -12.29321957 14.40896988 611.69396973
v -12.24608994 14.35089016 604.00061035
v -12.29321957 14.40896988 604.00061035
v -12.29321957 14.40896988 611.69396973
v -12.24608994 14.35089016 611.69396973
v -12.20191956 14.29053974 604.00061035
v -12.24608994 14.35089016 604.00061035
v -12.24608994 14.35089016 611.69396973
v -12.20191956 14.29053974 611.69396973
v -12.16081047 14.22805977 604.00061035
v -12.20191956 14.29053974 604.00061035
v -12.20191956 14.29053974 611.69396973
v -12.16081047 14.22805977 611.69396973
v -12.16081047 14.22805977 604.00061035
v -12.16081047 14.22805977 611.69396973
v -12.12285995 14.16361046 611.69396973
v -12.12285995 14.16361046 604.00061035
v -12.08817005 14.09735012 604.00061035
v -12.12285995 14.16361046 604.00061035
v -12.12285995 14.16361046 611.69396973
v -12.08817005 14.09735012 611.69396973
v -12.08817005 14.09735012 604.00061035
v -12.08817005 14.09735012 611.69396973
v -12.05683041 14.02943993 611.69396973
v -12.05683041 14.02943993 604.00061035
v -12.05683041 14.02943993 604.00061035
v -12.05683041 14.02943993 611.69396973
v -12.02890968 13.96006012 611.69396973
v -12.02890968 13.96006012 604.00061035
v -12.00448990 13.88936043 604.00061035
v -12.02890968 13.96006012 604.00061035
v -12.02890968 13.96006012 611.69396973
v -12.00448990 13.88936043 611.69396973
v -11.98361969 13.81754017 604.00061035
v -12.00448990 13.88936043 604.00061035
v -12.00448990 13.88936043 611.69396973
v -11.98361969 13.81754017 611.69396973
v -11.96636009 13.74477005 604.00061035
v -11.98361969 13.81754017 604.00061035
v -11.98361969 13.81754017 611.69396973
v -11.96636009 13.74477005 611.69396973
v -11.95273972 13.67123032 604.00061035
v -11.96636009 13.74477005 611.69396973
v -11.95273972 13.67123032 611.69396973
v -11.96636009 13.74477005 604.00061035
v -11.94281006 13.59710026 604.00061035
v -11.95273972 13.67123032 611.69396973
v -11.94281006 13.59710026 611.69396973
v -11.95273972 13.67123032 604.00061035
v -10.70013046 13.73215961 601.30047607
v -10.70013046 13.73215961 604.00061035
v -10.68871975 13.59550953 604.00061035
v -10.68871975 13.59550953 601.30047607
v -10.68871975 13.59550953 604.00061035
v -10.68412971 13.45847034 604.00061035
v -10.68871975 13.59550953 601.30047607
v -10.68412971 13.45847034 601.30047607
v -10.68412971 13.45847034 604.00061035
v -10.68638039 13.32137012 604.00061035
v -10.68412971 13.45847034 601.30047607
v -10.68638039 13.32137012 601.30047607
v -10.68638039 13.32137012 604.00061035
v -10.69546032 13.18455029 604.00061035
v -10.68638039 13.32137012 601.30047607
v -10.69546032 13.18455029 601.30047607
v -10.69546032 13.18455029 604.00061035
v -10.71135044 13.04835987 604.00061035
v -10.69546032 13.18455029 601.30047607
v -10.71135044 13.04835987 601.30047607
v -10.71135044 13.04835987 604.00061035
v -10.73400974 12.91312027 604.00061035
v -10.71135044 13.04835987 601.30047607
v -10.73400974 12.91312027 601.30047607
v -10.73400974 12.91312027 604.00061035
v -10.76338005 12.77919006 604.00061035
v -10.73400974 12.91312027 601.30047607
v -10.76338005 12.77919006 601.30047607
v -10.76338005 12.77919006 604.00061035
v -10.79938984 12.64688015 604.00061035
v -10.76338005 12.77919006 601.30047607
v -10.79938984 12.64688015 601.30047607
v -10.79938984 12.64688015 604.00061035
v -10.84195042 12.51653957 604.00061035
v -10.79938984 12.64688015 601.30047607
v -10.84195042 12.51653957 601.30047607
v -10.84195042 12.51653957 604.00061035
v -10.89095974 12.38846970 604.00061035
v -10.84195042 12.51653957 601.30047607
v -10.89095974 12.38846970 601.30047607
v -10.89095974 12.38846970 604.00061035
v -10.94627953 12.26301003 604.00061035
v -10.89095974 12.38846970 601.30047607
v -10.94627953 12.26301003 601.30047607
v -10.94627953 12.26301003 601.30047607
v -10.94627953 12.26301003 604.00061035
v -11.00780010 12.14046955 604.00061035
v -11.00780010 12.14046955 601.30047607
v -11.00780010 12.14046955 601.30047607
v -11.00780010 12.14046955 604.00061035
v -11.07534027 12.02114010 604.00061035
v -11.07534027 12.02114010 601.30047607
v -11.07534027 12.02114010 601.30047607
v -11.07534027 12.02114010 604.00061035
v -11.14875031 11.90532017 604.00061035
v -11.14875031 11.90532017 601.30047607
v -11.14875031 11.90532017 601.30047607
v -11.14875031 11.90532017 604.00061035
v -11.22784042 11.79331017 604.00061035
v -11.22784042 11.79331017 601.30047607
v -11.22784042 11.79331017 601.30047607
v -11.22784042 11.79331017 604.00061035
v -11.31241035 11.68537998 604.00061035
v -11.31241035 11.68537998 601.30047607
v -11.31241035 11.68537998 601.30047607
v -11.31241035 11.68537998 604.00061035
v -11.40225983 11.58181000 604.00061035
v -11.40225983 11.58181000 601.30047607
v -11.40225983 11.58181000 601.30047607
v -11.40225983 11.58181000 604.00061035
v -11.49717045 11.48283005 604.00061035
v -11.49717045 11.48283005 601.30047607
v -11.49717045 11.48283005 601.30047607
v -11.49717045 11.48283005 604.00061035
v -11.59687996 11.38871956 604.00061035
v -11.59687996 11.38871956 601.30047607
v -11.59687996 11.38871956 604.00061035
v -11.70116997 11.29969025 604.00061035
v -11.59687996 11.38871956 601.30047607
v -11.70116997 11.29969025 601.30047607
v -11.70116997 11.29969025 601.30047607
v -11.70116997 11.29969025 604.00061035
v -11.80976009 11.21595955 604.00061035
v -11.80976009 11.21595955 601.30047607
v -11.80976009 11.21595955 604.00061035
v -11.92238998 11.13776016 604.00061035
v -11.80976009 11.21595955 601.30047607
v -11.92238998 11.13776016 601.30047607
v -11.92238998 11.13776016 604.00061035
v -12.03878021 11.06527042 604.00061035
v -11.92238998 11.13776016 601.30047607
v -12.03878021 11.06527042 601.30047607
v -12.03878021 11.06527042 604.00061035
v -12.15863037 10.99866009 604.00061035
v -12.03878021 11.06527042 601.30047607
v -12.15863037 10.99866009 601.30047607
v -12.15863037 10.99866009 604.00061035
v -12.28166008 10.93811989 604.00061035
v -12.15863037 10.99866009 601.30047607
v -12.28166008 10.93811989 601.30047607
v -12.28166008 10.93811989 604.00061035
v -12.40756035 10.88377953 604.00061035
v -12.28166008 10.93811989 601.30047607
v -12.40756035 10.88377953 601.30047607
v -12.40756035 10.88377953 604.00061035
v -12.53600025 10.83578968 604.00061035
v -12.40756035 10.88377953 601.30047607
v -12.53600025 10.83578968 601.30047607
v -12.53600025 10.83578968 604.00061035
v -12.66668034 10.79426003 604.00061035
v -12.53600025 10.83578968 601.30047607
v -12.66668034 10.79426003 601.30047607
v -12.66668034 10.79426003 604.00061035
v -12.79926014 10.75928974 604.00061035
v -12.66668034 10.79426003 601.30047607
v -12.79926014 10.75928974 601.30047607
v -12.79926014 10.75928974 604.00061035
v -12.93342972 10.73097992 604.00061035
v -12.79926014 10.75928974 601.30047607
v -12.66668034 10.79426003 601.30047607
v -12.79926014 10.75928974 604.00061035
v -12.93342972 10.73097992 601.30047607
v -12.93342972 10.73097992 604.00061035
v -13.06884003 10.70938015 604.00061035
v -12.93342972 10.73097992 601.30047607
v -13.06884003 10.70938015 601.30047607
v -13.06884003 10.70938015 604.00061035
v -13.20514965 10.69456959 604.00061035
v -13.06884003 10.70938015 601.30047607
v -13.20514965 10.69456959 601.30047607
v -13.20514965 10.69456959 604.00061035
v -13.34204006 10.68657017 604.00061035
v -13.20514965 10.69456959 601.30047607
v -13.34204006 10.68657017 601.30047607
v -13.34204006 10.68657017 604.00061035
v -13.47914982 10.68540001 604.00061035
v -13.34204006 10.68657017 601.30047607
v -13.47914982 10.68540001 601.30047607
v -13.47914982 10.68540001 604.00061035
v -13.61614990 10.69106960 604.00061035
v -13.47914982 10.68540001 601.30047607
v -13.61614990 10.69106960 601.30047607
v -13.61614990 10.69106960 604.00061035
v -13.75269985 10.70355034 604.00061035
v -13.61614990 10.69106960 601.30047607
v -13.75269985 10.70355034 601.30047607
v -13.75269985 10.70355034 601.30047607
v -13.75269985 10.70355034 604.00061035
v -13.88846016 10.72284031 604.00061035
v -13.88846016 10.72284031 601.30047607
v -13.88846016 10.72284031 601.30047607
v -13.88846016 10.72284031 604.00061035
v -14.02307987 10.74886036 604.00061035
v -14.02307987 10.74886036 601.30047607
v -14.02307987 10.74886036 601.30047607
v -14.02307987 10.74886036 604.00061035
v -14.15625000 10.78155994 604.00061035
v -14.15625000 10.78155994 601.30047607
v -14.15625000 10.78155994 604.00061035
v -14.28761005 10.82085991 604.00061035
v -14.15625000 10.78155994 601.30047607
v -14.28761005 10.82085991 601.30047607
v -14.28761005 10.82085991 604.00061035
v -14.41685963 10.86664963 604.00061035
v -14.28761005 10.82085991 601.30047607
v -14.41685963 10.86664963 601.30047607
v -14.41685963 10.86664963 604.00061035
v -14.54366016 10.91884041 604.00061035
v -14.41685963 10.86664963 601.30047607
v -14.54366016 10.91884041 601.30047607
v -14.54366016 10.91884041 604.00061035
v -14.66769981 10.97727966 604.00061035
v -14.54366016 10.91884041 601.30047607
v -14.66769981 10.97727966 601.30047607
v -14.66769981 10.97727966 604.00061035
v -14.78868008 11.04181957 604.00061035
v -14.66769981 10.97727966 601.30047607
v -14.78868008 11.04181957 601.30047607
v -14.78868008 11.04181957 604.00061035
v -14.90627956 11.11231995 604.00061035
v -14.78868008 11.04181957 601.30047607
v -14.90627956 11.11231995 601.30047607
v -14.90627956 11.11231995 604.00061035
v -15.02023029 11.18859959 604.00061035
v -14.90627956 11.11231995 601.30047607
v -15.02023029 11.18859959 601.30047607
v -15.02023029 11.18859959 604.00061035
v -15.13024044 11.27046013 604.00061035
v -15.02023029 11.18859959 601.30047607
v -15.13024044 11.27046013 601.30047607
v -15.13024044 11.27046013 604.00061035
v -15.23602009 11.35768986 604.00061035
v -15.13024044 11.27046013 601.30047607
v -15.23602009 11.35768986 601.30047607
v -15.23602009 11.35768986 604.00061035
v -15.33732986 11.45009995 604.00061035
v -15.23602009 11.35768986 601.30047607
v -15.33732986 11.45009995 601.30047607
v -15.33732986 11.45009995 604.00061035
v -15.43389988 11.54743958 604.00061035
v -15.33732986 11.45009995 601.30047607
v -15.43389988 11.54743958 601.30047607
v -15.43389988 11.54743958 604.00061035
v -15.52550983 11.64947033 604.00061035
v -15.43389988 11.54743958 601.30047607
v -15.52550983 11.64947033 601.30047607
v -15.52550983 11.64947033 604.00061035
v -15.61190987 11.75594044 604.00061035
v -15.52550983 11.64947033 601.30047607
v -15.61190987 11.75594044 601.30047607
v -15.61190987 11.75594044 601.30047607
v -15.61190987 11.75594044 604.00061035
v -15.69289970 11.86658955 604.00061035
v -15.69289970 11.86658955 601.30047607
v -15.69289970 11.86658955 601.30047607
v -15.69289970 11.86658955 604.00061035
v -15.76826954 11.98112965 604.00061035
v -15.76826954 11.98112965 601.30047607
v -15.76826954 11.98112965 601.30047607
v -15.76826954 11.98112965 604.00061035
v -15.83784008 12.09928989 604.00061035
v -15.83784008 12.09928989 601.30047607
v -15.83784008 12.09928989 601.30047607
v -15.83784008 12.09928989 604.00061035
v -15.90143013 12.22076988 604.00061035
v -15.90143013 12.22076988 601.30047607
v -15.90143013 12.22076988 601.30047607
v -15.90143013 12.22076988 604.00061035
v -15.95888996 12.34527016 604.00061035
v -15.95888996 12.34527016 601.30047607
v -15.95888996 12.34527016 601.30047607
v -15.95888996 12.34527016 604.00061035
v -16.01007080 12.47247982 604.00061035
v -16.01007080 12.47247982 601.30047607
v -16.01007080 12.47247982 601.30047607
v -16.01007080 12.47247982 604.00061035
v -16.05484962 12.60208035 604.00061035
v -16.05484962 12.60208035 601.30047607
v -16.05484962 12.60208035 604.00061035
v -16.09310913 12.73375034 604.00061035
v -16.05484962 12.60208035 601.30047607
v -16.09310913 12.73375034 601.30047607
v -16.09310913 12.73375034 604.00061035
v -16.12475967 12.86717033 604.00061035
v -16.09310913 12.73375034 601.30047607
v -16.12475967 12.86717033 601.30047607
v -16.12475967 12.86717033 604.00061035
v -16.14971924 13.00199986 604.00061035
v -16.12475967 12.86717033 601.30047607
v -16.14971924 13.00199986 601.30047607
v -16.14971924 13.00199986 604.00061035
v -16.16793060 13.13790035 604.00061035
v -16.14971924 13.00199986 601.30047607
v -16.16793060 13.13790035 601.30047607
v -16.17934036 13.27453995 601.30047607
v -16.16793060 13.13790035 601.30047607
v -16.16793060 13.13790035 604.00061035
v -16.17934036 13.27453995 604.00061035
v -16.18392944 13.41158962 601.30047607
v -16.17934036 13.27453995 601.30047607
v -16.17934036 13.27453995 604.00061035
v -16.18392944 13.41158962 604.00061035
v -16.18168068 13.54868984 601.30047607
v -16.18392944 13.41158962 601.30047607
v -16.18392944 13.41158962 604.00061035
v -16.18168068 13.54868984 604.00061035
v -16.17259979 13.68550014 601.30047607
v -16.18168068 13.54868984 601.30047607
v -16.18168068 13.54868984 604.00061035
v -16.17259979 13.68550014 604.00061035
v -16.15670967 13.82170010 601.30047607
v -16.17259979 13.68550014 601.30047607
v -16.17259979 13.68550014 604.00061035
v -16.15670967 13.82170010 604.00061035
v -16.13405037 13.95693016 601.30047607
v -16.15670967 13.82170010 601.30047607
v -16.15670967 13.82170010 604.00061035
v -16.13405037 13.95693016 604.00061035
v -16.10467911 14.09086990 601.30047607
v -16.13405037 13.95693016 601.30047607
v -16.13405037 13.95693016 604.00061035
v -16.10467911 14.09086990 604.00061035
v -16.06867027 14.22317982 601.30047607
v -16.10467911 14.09086990 601.30047607
v -16.10467911 14.09086990 604.00061035
v -16.06867027 14.22317982 604.00061035
v -16.02610970 14.35352039 601.30047607
v -16.06867027 14.22317982 601.30047607
v -16.06867027 14.22317982 604.00061035
v -16.02610970 14.35352039 604.00061035
v -15.97710037 14.48157978 601.30047607
v -16.02610970 14.35352039 601.30047607
v -16.02610970 14.35352039 604.00061035
v -15.97710037 14.48157978 604.00061035
v -15.92177010 14.60704041 601.30047607
v -15.97710037 14.48157978 601.30047607
v -15.97710037 14.48157978 604.00061035
v -15.92177010 14.60704041 604.00061035
v -15.86026001 14.72959042 601.30047607
v -15.92177010 14.60704041 601.30047607
v -15.92177010 14.60704041 604.00061035
v -15.86026001 14.72959042 604.00061035
v -15.79271984 14.84891987 601.30047607
v -15.86026001 14.72959042 601.30047607
v -15.86026001 14.72959042 604.00061035
v -15.79271984 14.84891987 604.00061035
v -15.71930981 14.96473026 601.30047607
v -15.79271984 14.84891987 601.30047607
v -15.79271984 14.84891987 604.00061035
v -15.71930981 14.96473026 604.00061035
v -15.64021969 15.07674026 601.30047607
v -15.71930981 14.96473026 601.30047607
v -15.71930981 14.96473026 604.00061035
v -15.64021969 15.07674026 604.00061035
v -15.55564022 15.18467045 601.30047607
v -15.64021969 15.07674026 601.30047607
v -15.64021969 15.07674026 604.00061035
v -15.55564022 15.18467045 604.00061035
v -15.46578979 15.28824997 601.30047607
v -15.55564022 15.18467045 604.00061035
v -15.46578979 15.28824997 604.00061035
v -15.55564022 15.18467045 601.30047607
v -15.37088966 15.38722038 601.30047607
v -15.46578979 15.28824997 601.30047607
v -15.46578979 15.28824997 604.00061035
v -15.37088966 15.38722038 604.00061035
v -15.27118015 15.48134041 601.30047607
v -15.37088966 15.38722038 604.00061035
v -15.27118015 15.48134041 604.00061035
v -15.37088966 15.38722038 601.30047607
v -15.16689014 15.57036972 601.30047607
v -15.27118015 15.48134041 604.00061035
v -15.16689014 15.57036972 604.00061035
v -15.27118015 15.48134041 601.30047607
v -15.05830002 15.65408993 601.30047607
v -15.16689014 15.57036972 604.00061035
v -15.05830002 15.65408993 604.00061035
v -15.16689014 15.57036972 601.30047607
v -14.94567013 15.73229980 601.30047607
v -15.05830002 15.65408993 604.00061035
v -14.94567013 15.73229980 604.00061035
v -15.05830002 15.65408993 601.30047607
v -14.82927990 15.80478954 601.30047607
v -14.94567013 15.73229980 604.00061035
v -14.82927990 15.80478954 604.00061035
v -14.94567013 15.73229980 601.30047607
v -14.70942020 15.87139034 601.30047607
v -14.82927990 15.80478954 601.30047607
v -14.82927990 15.80478954 604.00061035
v -14.70942020 15.87139034 604.00061035
v -14.58640003 15.93194008 601.30047607
v -14.70942020 15.87139034 601.30047607
v -14.70942020 15.87139034 604.00061035
v -14.58640003 15.93194008 604.00061035
v -14.46049976 15.98626995 601.30047607
v -14.58640003 15.93194008 601.30047607
v -14.58640003 15.93194008 604.00061035
v -14.46049976 15.98626995 604.00061035
v -14.33205986 16.03426933 601.30047607
v -14.46049976 15.98626995 601.30047607
v -14.46049976 15.98626995 604.00061035
v -14.33205986 16.03426933 604.00061035
v -14.20137978 16.07579994 601.30047607
v -14.33205986 16.03426933 601.30047607
v -14.33205986 16.03426933 604.00061035
v -14.20137978 16.07579994 604.00061035
v -14.06879044 16.11076927 601.30047607
v -14.20137978 16.07579994 601.30047607
v -14.20137978 16.07579994 604.00061035
v -14.06879044 16.11076927 604.00061035
v -13.93463039 16.13908005 601.30047607
v -14.06879044 16.11076927 601.30047607
v -14.06879044 16.11076927 604.00061035
v -13.93463039 16.13908005 604.00061035
v -13.79922009 16.16066933 601.30047607
v -13.93463039 16.13908005 601.30047607
v -13.93463039 16.13908005 604.00061035
v -13.79922009 16.16066933 604.00061035
v -13.66291046 16.17548943 601.30047607
v -13.79922009 16.16066933 601.30047607
v -13.79922009 16.16066933 604.00061035
v -13.66291046 16.17548943 604.00061035
v -13.52602005 16.18349075 601.30047607
v -13.66291046 16.17548943 601.30047607
v -13.66291046 16.17548943 604.00061035
v -13.52602005 16.18349075 604.00061035
v -13.38891029 16.18465996 601.30047607
v -13.52602005 16.18349075 601.30047607
v -13.52602005 16.18349075 604.00061035
v -13.38891029 16.18465996 604.00061035
v -13.25191021 16.17898941 601.30047607
v -13.38891029 16.18465996 601.30047607
v -13.38891029 16.18465996 604.00061035
v -13.25191021 16.17898941 604.00061035
v -13.11536026 16.16650009 601.30047607
v -13.25191021 16.17898941 601.30047607
v -13.25191021 16.17898941 604.00061035
v -13.11536026 16.16650009 604.00061035
v -12.97959995 16.14722061 601.30047607
v -13.11536026 16.16650009 604.00061035
v -12.97959995 16.14722061 604.00061035
v -13.11536026 16.16650009 601.30047607
v -12.84496975 16.12120056 601.30047607
v -12.97959995 16.14722061 601.30047607
v -12.97959995 16.14722061 604.00061035
v -12.84496975 16.12120056 604.00061035
v -12.71181011 16.08849907 601.30047607
v -12.84496975 16.12120056 604.00061035
v -12.71181011 16.08849907 604.00061035
v -12.84496975 16.12120056 601.30047607
v -12.58043957 16.04920006 601.30047607
v -12.71181011 16.08849907 604.00061035
v -12.58043957 16.04920006 604.00061035
v -12.71181011 16.08849907 601.30047607
v -12.45119953 16.00340080 601.30047607
v -12.58043957 16.04920006 604.00061035
v -12.45119953 16.00340080 604.00061035
v -12.58043957 16.04920006 601.30047607
v -12.32439995 15.95121956 601.30047607
v -12.45119953 16.00340080 604.00061035
v -12.32439995 15.95121956 604.00061035
v -12.45119953 16.00340080 601.30047607
v -12.20036030 15.89278030 601.30047607
v -12.32439995 15.95121956 604.00061035
v -12.20036030 15.89278030 604.00061035
v -12.32439995 15.95121956 601.30047607
v -12.07938004 15.82822990 601.30047607
v -12.20036030 15.89278030 604.00061035
v -12.07938004 15.82822990 604.00061035
v -12.20036030 15.89278030 601.30047607
v -11.96177006 15.75772953 601.30047607
v -12.07938004 15.82822990 604.00061035
v -11.96177006 15.75772953 604.00061035
v -12.07938004 15.82822990 601.30047607
v -11.84782982 15.68146038 601.30047607
v -11.96177006 15.75772953 604.00061035
v -11.84782982 15.68146038 604.00061035
v -11.96177006 15.75772953 601.30047607
v -11.73781967 15.59959984 601.30047607
v -11.84782982 15.68146038 604.00061035
v -11.73781967 15.59959984 604.00061035
v -11.84782982 15.68146038 601.30047607
v -11.63204002 15.51235962 601.30047607
v -11.73781967 15.59959984 604.00061035
v -11.63204002 15.51235962 604.00061035
v -11.73781967 15.59959984 601.30047607
v -11.53073025 15.41996002 601.30047607
v -11.63204002 15.51235962 604.00061035
v -11.53073025 15.41996002 604.00061035
v -11.63204002 15.51235962 601.30047607
v -11.43414974 15.32262039 601.30047607
v -11.53073025 15.41996002 601.30047607
v -11.53073025 15.41996002 604.00061035
v -11.43414974 15.32262039 604.00061035
v -11.34255028 15.22058964 601.30047607
v -11.43414974 15.32262039 601.30047607
v -11.43414974 15.32262039 604.00061035
v -11.34255028 15.22058964 604.00061035
v -11.25615025 15.11411953 601.30047607
v -11.34255028 15.22058964 601.30047607
v -11.34255028 15.22058964 604.00061035
v -11.25615025 15.11411953 604.00061035
v -11.17516041 15.00347042 601.30047607
v -11.25615025 15.11411953 601.30047607
v -11.25615025 15.11411953 604.00061035
v -11.17516041 15.00347042 604.00061035
v -11.09978962 14.88893032 601.30047607
v -11.17516041 15.00347042 601.30047607
v -11.17516041 15.00347042 604.00061035
v -11.09978962 14.88893032 604.00061035
v -11.03022003 14.77077007 601.30047607
v -11.09978962 14.88893032 601.30047607
v -11.09978962 14.88893032 604.00061035
v -11.03022003 14.77077007 604.00061035
v -10.96662045 14.64929008 601.30047607
v -11.03022003 14.77077007 601.30047607
v -11.03022003 14.77077007 604.00061035
v -10.96662045 14.64929008 604.00061035
v -10.90917015 14.52478981 601.30047607
v -10.96662045 14.64929008 604.00061035
v -10.90917015 14.52478981 604.00061035
v -10.96662045 14.64929008 601.30047607
v -10.85799026 14.39758015 601.30047607
v -10.90917015 14.52478981 601.30047607
v -10.90917015 14.52478981 604.00061035
v -10.85799026 14.39758015 604.00061035
v -10.81320953 14.26797962 601.30047607
v -10.85799026 14.39758015 604.00061035
v -10.81320953 14.26797962 604.00061035
v -10.85799026 14.39758015 601.30047607
v -10.77495003 14.13630009 601.30047607
v -10.81320953 14.26797962 604.00061035
v -10.77495003 14.13630009 604.00061035
v -10.81320953 14.26797962 601.30047607
v -10.74330044 14.00288963 601.30047607
v -10.77495003 14.13630009 604.00061035
v -10.74330044 14.00288963 604.00061035
v -10.77495003 14.13630009 601.30047607
v -10.71833992 13.86806011 601.30047607
v -10.74330044 14.00288963 604.00061035
v -10.71833992 13.86806011 604.00061035
v -10.74330044 14.00288963 601.30047607
v -10.70013046 13.73215961 601.30047607
v -10.71833992 13.86806011 604.00061035
v -10.70013046 13.73215961 604.00061035
v -10.71833992 13.86806011 601.30047607
v -14.41693020 12.30193996 604.00061035
v -15.13024044 11.27046013 604.00061035
v -14.35923004 12.25434971 604.00061035
v -15.23602009 11.35768986 604.00061035
v -14.29922962 12.20969963 604.00061035
v -15.02023029 11.18859959 604.00061035
v -14.47218990 12.35233974 604.00061035
v -15.33732986 11.45009995 604.00061035
v -14.23707962 12.16810036 604.00061035
v -14.90627956 11.11231995 604.00061035
v -14.52486992 12.40542984 604.00061035
v -15.43389988 11.54743958 604.00061035
v -14.17292976 12.12963963 604.00061035
v -14.78868008 11.04181957 604.00061035
v -14.57483006 12.46109009 604.00061035
v -15.52550983 11.64947033 604.00061035
v -14.10694027 12.09444046 604.00061035
v -14.66769981 10.97727966 604.00061035
v -14.62195969 12.51916027 604.00061035
v -15.61190987 11.75594044 604.00061035
v -14.03927994 12.06256008 604.00061035
v -14.54366016 10.91884041 604.00061035
v -14.66613960 12.57950974 604.00061035
v -15.69289970 11.86658955 604.00061035
v -13.97012043 12.03409958 604.00061035
v -14.41685963 10.86664963 604.00061035
v -14.70724964 12.64198971 604.00061035
v -15.83784008 12.09928989 604.00061035
v -15.76826954 11.98112965 604.00061035
v -13.89962006 12.00911999 604.00061035
v -14.28761005 10.82085991 604.00061035
v -14.74520016 12.70643997 604.00061035
v -13.82796955 11.98768044 604.00061035
v -14.15625000 10.78155994 604.00061035
v -14.77987957 12.77270985 604.00061035
v -15.90143013 12.22076988 604.00061035
v -13.75533009 11.96984005 604.00061035
v -14.02307987 10.74886036 604.00061035
v -14.81122971 12.84062004 604.00061035
v -15.95888996 12.34527016 604.00061035
v -13.68190002 11.95565033 604.00061035
v -13.88846016 10.72284031 604.00061035
v -14.83913994 12.90999985 604.00061035
v -16.01007080 12.47247982 604.00061035
v -13.60785007 11.94513035 604.00061035
v -13.75269985 10.70355034 604.00061035
v -14.86357021 12.98069000 604.00061035
v -16.05484962 12.60208035 604.00061035
v -13.53337002 11.93832016 604.00061035
v -13.61614990 10.69106960 604.00061035
v -13.47914982 10.68540001 604.00061035
v -14.88444042 13.05251026 604.00061035
v -16.09310913 12.73375034 604.00061035
v -13.45864010 11.93523026 604.00061035
v -13.34204006 10.68657017 604.00061035
v -14.90170002 13.12528992 604.00061035
v -16.12475967 12.86717033 604.00061035
v -13.38385010 11.93587017 604.00061035
v -14.91530991 13.19882965 604.00061035
v -16.14971924 13.00199986 604.00061035
v -13.30918980 11.94023037 604.00061035
v -13.20514965 10.69456959 604.00061035
v -14.92525005 13.27295971 604.00061035
v -16.16793060 13.13790035 604.00061035
v -13.23482990 11.94830990 604.00061035
v -13.06884003 10.70938015 604.00061035
v -14.93146992 13.34749031 604.00061035
v -16.17934036 13.27453995 604.00061035
v -13.16096973 11.96008968 604.00061035
v -12.93342972 10.73097992 604.00061035
v -14.93397045 13.42224026 604.00061035
v -16.18392944 13.41158962 604.00061035
v -13.08778954 11.97554016 604.00061035
v -12.79926014 10.75928974 604.00061035
v -14.93274975 13.49701977 604.00061035
v -16.18168068 13.54868984 604.00061035
v -13.01546955 11.99460983 604.00061035
v -12.66668034 10.79426003 604.00061035
v -14.92778969 13.57164955 604.00061035
v -16.15670967 13.82170010 604.00061035
v -16.17259979 13.68550014 604.00061035
v -12.94419956 12.01725960 604.00061035
v -12.53600025 10.83578968 604.00061035
v -14.91913033 13.64593983 604.00061035
v -12.87413025 12.04343987 604.00061035
v -12.40756035 10.88377953 604.00061035
v -14.90676975 13.71969986 604.00061035
v -16.13405037 13.95693016 604.00061035
v -12.80547047 12.07308006 604.00061035
v -12.28166008 10.93811989 604.00061035
v -14.89074993 13.79275990 604.00061035
v -16.10467911 14.09086990 604.00061035
v -12.73836040 12.10610008 604.00061035
v -12.15863037 10.99866009 604.00061035
v -14.87110043 13.86493015 604.00061035
v -16.02610970 14.35352039 604.00061035
v -16.06867027 14.22317982 604.00061035
v -12.67298031 12.14243031 604.00061035
v -12.03878021 11.06527042 604.00061035
v -14.84788990 13.93601990 604.00061035
v -12.60949993 12.18196964 604.00061035
v -11.92238998 11.13776016 604.00061035
v -11.80976009 11.21595955 604.00061035
v -14.82116032 14.00588036 604.00061035
v -15.97710037 14.48157978 604.00061035
v -12.54806042 12.22463036 604.00061035
v -14.79098034 14.07431030 604.00061035
v -15.92177010 14.60704041 604.00061035
v -12.48882961 12.27029991 604.00061035
v -11.70116997 11.29969025 604.00061035
v -14.75743008 14.14115047 604.00061035
v -15.86026001 14.72959042 604.00061035
v -12.43194962 12.31886005 604.00061035
v -11.59687996 11.38871956 604.00061035
v -14.72058964 14.20623970 604.00061035
v -15.79271984 14.84891987 604.00061035
v -12.37755966 12.37020016 604.00061035
v -11.49717045 11.48283005 604.00061035
v -14.68054008 14.26941013 604.00061035
v -15.71930981 14.96473026 604.00061035
v -12.32579041 12.42418003 604.00061035
v -11.40225983 11.58181000 604.00061035
v -14.63739967 14.33051014 604.00061035
v -15.64021969 15.07674026 604.00061035
v -12.27678013 12.48068047 604.00061035
v -11.31241035 11.68537998 604.00061035
v -15.55564022 15.18467045 604.00061035
v -14.59127045 14.38938046 604.00061035
v -11.22784042 11.79331017 604.00061035
v -12.23064995 12.53954983 604.00061035
v -12.18750954 12.60064030 604.00061035
v -15.46578979 15.28824997 604.00061035
v -14.54226017 14.44587994 604.00061035
v -11.14875031 11.90532017 604.00061035
v -12.14747047 12.66382027 604.00061035
v -15.37088966 15.38722038 604.00061035
v -14.49050045 14.49985981 604.00061035
v -11.07534027 12.02114010 604.00061035
v -15.27118015 15.48134041 604.00061035
v -14.43610954 14.55119991 604.00061035
v -14.37922955 14.59976006 604.00061035
v -11.00780010 12.14046955 604.00061035
v -12.11063004 12.72889996 604.00061035
v -15.16689014 15.57036972 604.00061035
v -10.94627953 12.26301003 604.00061035
v -12.07707977 12.79574966 604.00061035
v -15.05830002 15.65408993 604.00061035
v -14.31999016 14.64542961 604.00061035
v -10.89095974 12.38846970 604.00061035
v -12.04689980 12.86417961 604.00061035
v -14.94567013 15.73229980 604.00061035
v -14.25856018 14.68807983 604.00061035
v -10.84195042 12.51653957 604.00061035
v -12.02017021 12.93402958 604.00061035
v -14.82927990 15.80478954 604.00061035
v -14.19507027 14.72762966 604.00061035
v -10.79938984 12.64688015 604.00061035
v -11.99695015 13.00512981 604.00061035
v -14.70942020 15.87139034 604.00061035
v -14.12969971 14.76395035 604.00061035
v -10.76338005 12.77919006 604.00061035
v -11.97731018 13.07730007 604.00061035
v -11.96129036 13.15034962 604.00061035
v -14.58640003 15.93194008 604.00061035
v -14.06258965 14.79697990 604.00061035
v -13.99392033 14.82662010 604.00061035
v -10.73400974 12.91312027 604.00061035
v -14.46049976 15.98626995 604.00061035
v -13.92385960 14.85280037 604.00061035
v -10.71135044 13.04835987 604.00061035
v -11.94892979 13.22412014 604.00061035
v -14.33205986 16.03426933 604.00061035
v -10.69546032 13.18455029 604.00061035
v -11.94025993 13.29839993 604.00061035
v -14.20137978 16.07579994 604.00061035
v -13.85258007 14.87545013 604.00061035
v -10.68638039 13.32137012 604.00061035
v -11.93531036 13.37302971 604.00061035
v -11.93408012 13.44781971 604.00061035
v -14.06879044 16.11076927 604.00061035
v -13.78026009 14.89451981 604.00061035
v -10.68412971 13.45847034 604.00061035
v -11.93657970 13.52256966 604.00061035
v -13.93463039 16.13908005 604.00061035
v -13.70707989 14.90997028 604.00061035
v -10.68871975 13.59550953 604.00061035
v -11.94281006 13.59710026 604.00061035
v -13.79922009 16.16066933 604.00061035
v -13.63321972 14.92173958 604.00061035
v -13.55887032 14.92982006 604.00061035
v -10.70013046 13.73215961 604.00061035
v -13.66291046 16.17548943 604.00061035
v -10.71833992 13.86806011 604.00061035
v -11.95273972 13.67123032 604.00061035
v -13.52602005 16.18349075 604.00061035
v -13.48421001 14.93418980 604.00061035
v -10.74330044 14.00288963 604.00061035
v -11.96636009 13.74477005 604.00061035
v -11.98361969 13.81754017 604.00061035
v -13.38891029 16.18465996 604.00061035
v -13.40942001 14.93482971 604.00061035
v -10.77495003 14.13630009 604.00061035
v -13.25191021 16.17898941 604.00061035
v -13.33469009 14.93173981 604.00061035
v -10.81320953 14.26797962 604.00061035
v -12.00448990 13.88936043 604.00061035
v -13.11536026 16.16650009 604.00061035
v -13.26021004 14.92492008 604.00061035
v -10.85799026 14.39758015 604.00061035
v -12.02890968 13.96006012 604.00061035
v -12.05683041 14.02943993 604.00061035
v -12.97959995 16.14722061 604.00061035
v -13.18616009 14.91440964 604.00061035
v -13.11273003 14.90021038 604.00061035
v -10.90917015 14.52478981 604.00061035
v -12.84496975 16.12120056 604.00061035
v -10.96662045 14.64929008 604.00061035
v -12.08817005 14.09735012 604.00061035
v -12.12285995 14.16361046 604.00061035
v -12.71181011 16.08849907 604.00061035
v -13.04008961 14.88237953 604.00061035
v -11.03022003 14.77077007 604.00061035
v -12.58043957 16.04920006 604.00061035
v -12.96844006 14.86093998 604.00061035
v -11.09978962 14.88893032 604.00061035
v -12.16081047 14.22805977 604.00061035
v -12.45119953 16.00340080 604.00061035
v -12.89793968 14.83596039 604.00061035
v -12.82878017 14.80749989 604.00061035
v -11.17516041 15.00347042 604.00061035
v -12.20191956 14.29053974 604.00061035
v -12.32439995 15.95121956 604.00061035
v -11.25615025 15.11411953 604.00061035
v -12.24608994 14.35089016 604.00061035
v -12.20036030 15.89278030 604.00061035
v -12.76111984 14.77562046 604.00061035
v -11.34255028 15.22058964 604.00061035
v -12.29321957 14.40896988 604.00061035
v -12.07938004 15.82822990 604.00061035
v -12.69513035 14.74040985 604.00061035
v -11.43414974 15.32262039 604.00061035
v -12.34319019 14.46461964 604.00061035
v -12.39587021 14.51772022 604.00061035
v -11.96177006 15.75772953 604.00061035
v -12.63097954 14.70195961 604.00061035
v -11.53073025 15.41996002 604.00061035
v -12.45112038 14.56812000 604.00061035
v -11.84782982 15.68146038 604.00061035
v -12.56882954 14.66036034 604.00061035
v -12.50883007 14.61571026 604.00061035
v -11.63204002 15.51235962 604.00061035
v -11.73781967 15.59959984 604.00061035
v -14.53312016 11.24538994 601.00061035
v -14.59873009 12.58250999 601.00061035
v -14.42261028 11.19332981 601.00061035
v -14.64089966 11.30290031 601.00061035
v -14.74567032 11.36571026 601.00061035
v -14.84718990 11.43365955 601.00061035
v -14.94519043 11.50658989 601.00061035
v -15.03944016 11.58430958 601.00061035
v -15.12969971 11.66664028 601.00061035
v -15.21572971 11.75335979 601.00061035
v -15.29734039 11.84426022 601.00061035
v -15.37432003 11.93910980 601.00061035
v -15.44647026 12.03769016 601.00061035
v -15.51362038 12.13973999 601.00061035
v -15.57561016 12.24501038 601.00061035
v -15.63226032 12.35324001 601.00061035
v -15.68344975 12.46415043 601.00061035
v -15.72904968 12.57748032 601.00061035
v -15.76893997 12.69295025 601.00061035
v -15.80303001 12.81025982 601.00061035
v -15.83123016 12.92912006 601.00061035
v -15.85346031 13.04924011 601.00061035
v -15.86968994 13.17031956 601.00061035
v -13.95882034 11.04189014 601.00061035
v -13.27807999 12.00010014 601.00061035
v -13.83887959 11.01871014 601.00061035
v -14.07746029 11.07102966 601.00061035
v -14.19449997 11.10604000 601.00061035
v -14.30963993 11.14684010 601.00061035
v -12.51953030 11.16209984 601.00061035
v -12.40738010 11.21051025 601.00061035
v -12.63397026 11.11933994 601.00061035
v -12.75039005 11.08234024 601.00061035
v -12.86851025 11.05119038 601.00061035
v -12.98803997 11.02595997 601.00061035
v -13.10867023 11.00673008 601.00061035
v -13.23011971 10.99353027 601.00061035
v -13.35206985 10.98639965 601.00061035
v -13.47422981 10.98536015 601.00061035
v -13.59628963 10.99040985 601.00061035
v -13.71794033 11.00152969 601.00061035
v -12.29776955 11.26445007 601.00061035
v -12.19099045 11.32378960 601.00061035
v -12.08728981 11.38836956 601.00061035
v -11.98694992 11.45804024 601.00061035
v -15.87985039 13.29205036 601.00061035
v -14.75469017 14.01743031 601.00061035
v -15.88393974 13.41413975 601.00061035
v -15.88193035 13.53629017 601.00061035
v -15.87384033 13.65818024 601.00061035
v -15.85968971 13.77952003 601.00061035
v -15.83950043 13.89999962 601.00061035
v -15.81334019 14.01931953 601.00061035
v -15.78125000 14.13720036 601.00061035
v -15.74333000 14.25331974 601.00061035
v -15.69968033 14.36742020 601.00061035
v -15.65038013 14.47918987 601.00061035
v -15.59558010 14.58837032 601.00061035
v -15.53540039 14.69468021 601.00061035
v -15.47000027 14.79786015 601.00061035
v -15.39953995 14.89764977 601.00061035
v -15.32419014 14.99380016 601.00061035
v -15.24415016 15.08607960 601.00061035
v -15.15960026 15.17426014 601.00061035
v -12.11336994 12.85262012 601.00061035
v -11.39805031 12.07219982 601.00061035
v -11.33265018 12.17537975 601.00061035
v -11.46850967 11.97241020 601.00061035
v -11.54386044 11.87625027 601.00061035
v -11.62390995 11.78398037 601.00061035
v -11.70845985 11.69579983 601.00061035
v -11.79730034 11.61194992 601.00061035
v -11.89021015 11.53262997 601.00061035
v -15.07075977 15.25811005 601.00061035
v -11.27248001 12.28168964 601.00061035
v -14.97784996 15.33742046 601.00061035
v -11.21767044 12.39087009 601.00061035
v -14.88111019 15.41201019 601.00061035
v -11.16837978 12.50263977 601.00061035
v -11.12471962 12.61674023 601.00061035
v -11.08679962 12.73285961 601.00061035
v -14.78075981 15.48169041 601.00061035
v -13.58998013 14.86995029 601.00061035
v -14.67706966 15.54627037 601.00061035
v -14.57028961 15.60560989 601.00061035
v -11.05471992 12.85072994 601.00061035
v -14.46068001 15.65954971 601.00061035
v -11.02855968 12.97006035 601.00061035
v -14.34852028 15.70796013 601.00061035
v -11.00837040 13.09053993 601.00061035
v -14.23408985 15.75072002 601.00061035
v -10.99421024 13.21187973 601.00061035
v -14.11767006 15.78771973 601.00061035
v -10.98612022 13.33376980 601.00061035
v -13.99954033 15.81886959 601.00061035
v -10.98412037 13.45590973 601.00061035
v -13.88002014 15.84409046 601.00061035
v -10.98820019 13.57800961 601.00061035
v -13.75938034 15.86332989 601.00061035
v -12.26931953 14.28754997 601.00061035
v -10.99837017 13.69974041 601.00061035
v -13.63794041 15.87652969 601.00061035
v -11.01459026 13.82081985 601.00061035
v -13.51599026 15.88366032 601.00061035
v -11.03682995 13.94093990 601.00061035
v -13.39383030 15.88469982 601.00061035
v -11.06503010 14.05980015 601.00061035
v -13.27176952 15.87965012 601.00061035
v -11.09912014 14.17710972 601.00061035
v -13.15011978 15.86851978 601.00061035
v -11.13901043 14.29257011 601.00061035
v -13.02917004 15.85134983 601.00061035
v -11.18461037 14.40590000 601.00061035
v -12.90923023 15.82816029 601.00061035
v -11.23579979 14.51681995 601.00061035
v -12.79059982 15.79903030 601.00061035
v -11.29244995 14.62504959 601.00061035
v -12.67356014 15.76401997 601.00061035
v -11.35443020 14.73031998 601.00061035
v -12.55842018 15.72321987 601.00061035
v -11.42158031 14.83236980 601.00061035
v -12.44544983 15.67673016 601.00061035
v -11.49374008 14.93093967 601.00061035
v -12.33493996 15.62465954 601.00061035
v -11.57071018 15.02579975 601.00061035
v -12.22716045 15.56715965 601.00061035
v -11.65231991 15.11670017 601.00061035
v -12.12238026 15.50434971 601.00061035
v -11.73836040 15.20341969 601.00061035
v -12.02087021 15.43640041 601.00061035
v -11.82861042 15.28575039 601.00061035
v -11.92286015 15.36347008 601.00061035
v -14.41438007 12.75432014 612.00061035
v -14.37922955 12.70629978 612.00061035
v -14.34173012 12.66009998 612.00061035
v -13.80447960 12.30047989 612.00061035
v -13.96944046 12.36835957 612.00061035
v -13.91561031 12.34300041 612.00061035
v -13.86058044 12.32034969 612.00061035
v -14.55202961 13.01727962 612.00061035
v -14.52982044 12.96207047 612.00061035
v -14.50487995 12.90804005 612.00061035
v -14.47727966 12.85531998 612.00061035
v -14.44709015 12.80403996 612.00061035
v -13.57233047 12.24956989 612.00061035
v -13.68968010 12.26922989 612.00061035
v -13.63125038 12.25794029 612.00061035
v -13.51307011 12.24415016 612.00061035
v -13.68968010 12.26922989 612.00061035
v -13.57233047 12.24956989 612.00061035
v -13.39410019 12.24219990 612.00061035
v -13.45361042 12.24168968 612.00061035
v -13.10099983 12.28892994 612.00061035
v -13.27552986 12.25209999 612.00061035
v -13.21677017 12.26146984 612.00061035
v -13.15853977 12.27375984 612.00061035
v -14.61567020 13.60284042 612.00061035
v -14.62257004 13.54374027 612.00061035
v -14.62650967 13.48435974 612.00061035
v -12.93389988 12.35136986 612.00061035
v -13.04428959 12.30696011 612.00061035
v -12.98853970 12.32779026 612.00061035
v -14.57746029 13.77707958 612.00061035
v -14.59309006 13.71965981 612.00061035
v -14.60583973 13.66152954 612.00061035
v -14.57746029 13.77707958 612.00061035
v -14.60583973 13.66152954 612.00061035
v -14.61567020 13.60284042 612.00061035
v -12.82849026 12.40655041 612.00061035
v -12.88051033 12.37765026 612.00061035
v -12.77797985 12.43801022 612.00061035
v -12.77797985 12.43801022 612.00061035
v -12.93389988 12.35136986 612.00061035
v -12.82849026 12.40655041 612.00061035
v -14.53771973 13.88922977 612.00061035
v -14.55898952 13.83364964 612.00061035
v -14.48701000 13.99687004 612.00061035
v -14.51371002 13.94367981 612.00061035
v -14.53771973 13.88922977 612.00061035
v -14.42584038 14.09891987 612.00061035
v -14.42584038 14.09891987 612.00061035
v -14.45769978 14.04866028 612.00061035
v -14.48701000 13.99687004 612.00061035
v -12.55224037 12.63072968 612.00061035
v -12.72910023 12.47196007 612.00061035
v -12.55224037 12.63072968 612.00061035
v -12.72910023 12.47196007 612.00061035
v -12.68196964 12.50829029 612.00061035
v -12.55224037 12.63072968 612.00061035
v -12.68196964 12.50829029 612.00061035
v -12.63671017 12.54693031 612.00061035
v -12.63671017 12.54693031 612.00061035
v -12.59342957 12.58778000 612.00061035
v -14.35480976 14.19437027 612.00061035
v -14.39151001 14.14752960 612.00061035
v -12.47653961 12.72251987 612.00061035
v -12.51325035 12.67568016 612.00061035
v -14.27462959 14.28227997 612.00061035
v -14.61567020 13.60284042 612.00061035
v -14.62650967 13.48435974 612.00061035
v -14.57746029 13.77707958 612.00061035
v -14.35480976 14.19437027 612.00061035
v -14.27462959 14.28227997 612.00061035
v -14.31581020 14.23933029 612.00061035
v -14.62749004 13.42486000 612.00061035
v -12.41036034 12.82139969 612.00061035
v -12.44221973 12.77114010 612.00061035
v -12.38103962 12.87318993 612.00061035
v -12.35435009 12.92636967 612.00061035
v -12.38103962 12.87318993 612.00061035
v -12.33032990 12.98081970 612.00061035
v -12.35435009 12.92636967 612.00061035
v -14.09008026 14.43204021 612.00061035
v -14.13895988 14.39809990 612.00061035
v -14.18609047 14.36176968 612.00061035
v -14.09008026 14.43204021 612.00061035
v -14.18609047 14.36176968 612.00061035
v -14.23134995 14.32312965 612.00061035
v -14.09008026 14.43204021 612.00061035
v -14.23134995 14.32312965 612.00061035
v -14.27462959 14.28227997 612.00061035
v -14.41438007 12.75432014 612.00061035
v -14.34173012 12.66009998 612.00061035
v -14.62549019 13.36538029 612.00061035
v -14.62053967 13.30607986 612.00061035
v -14.61264038 13.24709034 612.00061035
v -14.60181046 13.18857956 612.00061035
v -14.58806992 13.13068008 612.00061035
v -14.57145977 13.07353020 612.00061035
v -14.30196953 12.61581039 612.00061035
v -14.26006031 12.57357025 612.00061035
v -14.21609020 12.53347015 612.00061035
v -14.17018032 12.49559975 612.00061035
v -14.12244034 12.46008015 612.00061035
v -14.07299042 12.42696953 612.00061035
v -12.30906963 13.03639984 612.00061035
v -13.98754978 14.49240971 612.00061035
v -14.03956985 14.46350956 612.00061035
v -14.09008026 14.43204021 612.00061035
v -12.26222038 13.20851994 612.00061035
v -12.29059029 13.09296989 612.00061035
v -12.27497005 13.15038967 612.00061035
v -12.25238991 13.26721001 612.00061035
v -12.25238991 13.26721001 612.00061035
v -12.29059029 13.09296989 612.00061035
v -12.26222038 13.20851994 612.00061035
v -13.76706028 14.58111954 612.00061035
v -13.82376957 14.56309986 612.00061035
v -13.87952042 14.54226971 612.00061035
v -13.93416023 14.51869011 612.00061035
v -13.70952034 14.59630013 612.00061035
v -13.98754978 14.49240971 612.00061035
v -12.24057007 13.44519997 612.00061035
v -12.25238991 13.26721001 612.00061035
v -12.24549007 13.32631969 612.00061035
v -12.24057007 13.44519997 612.00061035
v -12.24549007 13.32631969 612.00061035
v -12.24155045 13.38570023 612.00061035
v -13.47395039 14.62786007 612.00061035
v -13.53335953 14.62438965 612.00061035
v -13.59251976 14.61795998 612.00061035
v -13.65128994 14.60859013 612.00061035
v -12.26624966 13.68148041 612.00061035
v -12.24752045 13.56398010 612.00061035
v -12.25541973 13.62296009 612.00061035
v -12.27999020 13.73937988 612.00061035
v -12.24057007 13.44519997 612.00061035
v -12.24256039 13.50467968 612.00061035
v -12.27999020 13.73937988 612.00061035
v -12.24256039 13.50467968 612.00061035
v -12.24752045 13.56398010 612.00061035
v -12.27999020 13.73937988 612.00061035
v -12.24752045 13.56398010 612.00061035
v -12.26624966 13.68148041 612.00061035
v -13.29572010 14.62049007 612.00061035
v -13.35499001 14.62590981 612.00061035
v -13.41444969 14.62837029 612.00061035
v -12.31602955 13.85278034 612.00061035
v -12.27999020 13.73937988 612.00061035
v -12.29658985 13.79652977 612.00061035
v -12.33823967 13.90797997 612.00061035
v -12.33823967 13.90797997 612.00061035
v -12.27999020 13.73937988 612.00061035
v -12.31602955 13.85278034 612.00061035
v -13.17838001 14.60083008 612.00061035
v -13.17838001 14.60083008 612.00061035
v -13.23680973 14.61211967 612.00061035
v -13.29572010 14.62049007 612.00061035
v -13.12059021 14.58662987 612.00061035
v -12.45368004 14.11573029 612.00061035
v -12.36318016 13.96201992 612.00061035
v -12.39076996 14.01473999 612.00061035
v -12.45368004 14.11573029 612.00061035
v -12.39076996 14.01473999 612.00061035
v -12.42096996 14.06602001 612.00061035
v -12.48882961 14.16374969 612.00061035
v -12.36318016 13.96201992 612.00061035
v -12.45368004 14.11573029 612.00061035
v -12.52632999 14.20995998 612.00061035
v -12.84611034 14.47367954 612.00061035
v -12.89861012 14.50168991 612.00061035
v -12.95244980 14.52705956 612.00061035
v -12.84611034 14.47367954 612.00061035
v -12.95244980 14.52705956 612.00061035
v -13.00747967 14.54969978 612.00061035
v -13.06357002 14.56958008 612.00061035
v -12.56608009 14.25424004 612.00061035
v -12.79506969 14.44307995 612.00061035
v -12.74561977 14.40997982 612.00061035
v -12.65196037 14.33658981 612.00061035
v -12.60799980 14.29648972 612.00061035
v -12.69787025 14.37444973 612.00061035
v -14.02194977 12.39638042 612.00061035
v -13.74746990 12.28341961 612.00061035
v -13.33469963 12.24567032 612.00061035
v -13.58998013 14.86995029 602.30047607
v -14.75469017 14.01743031 602.30047607
v -13.58998013 14.86995029 601.00061035
v -14.75469017 14.01743031 601.00061035
v -14.59873009 12.58250999 601.00061035
v -14.75469017 14.01743031 602.30047607
v -14.59873009 12.58250999 602.30047607
v -14.75469017 14.01743031 601.00061035
v -14.59873009 12.58250999 602.30047607
v -13.27807999 12.00010014 602.30047607
v -14.59873009 12.58250999 601.00061035
v -13.27807999 12.00010014 601.00061035
v -13.27807999 12.00010014 602.30047607
v -12.11336994 12.85262012 602.30047607
v -13.27807999 12.00010014 601.00061035
v -12.11336994 12.85262012 601.00061035
v -12.26931953 14.28754997 602.30047607
v -12.26931953 14.28754997 601.00061035
v -12.11336994 12.85262012 602.30047607
v -12.11336994 12.85262012 601.00061035
v -12.26931953 14.28754997 602.30047607
v -13.58998013 14.86995029 602.30047607
v -12.26931953 14.28754997 601.00061035
v -13.58998013 14.86995029 601.00061035
v -14.59873009 12.58250999 602.30047607
v -12.11336994 12.85262012 602.30047607
v -13.27807999 12.00010014 602.30047607
v -13.58998013 14.86995029 602.30047607
v -12.26931953 14.28754997 602.30047607
v -14.75469017 14.01743031 602.30047607
v 14.92724991 13.59710026 604.00061035
v 14.92724991 13.59710026 611.69396973
v 14.93346977 13.52256966 611.69396973
v 14.93346977 13.52256966 604.00061035
v 14.93597031 13.44781971 604.00061035
v 14.93346977 13.52256966 611.69396973
v 14.93597031 13.44781971 611.69396973
v 14.93346977 13.52256966 604.00061035
v 14.93474960 13.37302971 604.00061035
v 14.93597031 13.44781971 611.69396973
v 14.93474960 13.37302971 611.69396973
v 14.93597031 13.44781971 604.00061035
v 14.92978954 13.29839993 604.00061035
v 14.93474960 13.37302971 611.69396973
v 14.92978954 13.29839993 611.69396973
v 14.93474960 13.37302971 604.00061035
v 14.92113018 13.22412014 604.00061035
v 14.92978954 13.29839993 611.69396973
v 14.92113018 13.22412014 611.69396973
v 14.92978954 13.29839993 604.00061035
v 14.90876961 13.15034962 604.00061035
v 14.92113018 13.22412014 611.69396973
v 14.90876961 13.15034962 611.69396973
v 14.92113018 13.22412014 604.00061035
v 14.89274979 13.07730007 604.00061035
v 14.90876961 13.15034962 611.69396973
v 14.89274979 13.07730007 611.69396973
v 14.90876961 13.15034962 604.00061035
v 14.87310028 13.00512981 604.00061035
v 14.89274979 13.07730007 611.69396973
v 14.87310028 13.00512981 611.69396973
v 14.89274979 13.07730007 604.00061035
v 14.84988976 12.93402958 604.00061035
v 14.87310028 13.00512981 611.69396973
v 14.84988976 12.93402958 611.69396973
v 14.87310028 13.00512981 604.00061035
v 14.82316017 12.86417961 604.00061035
v 14.84988976 12.93402958 611.69396973
v 14.82316017 12.86417961 611.69396973
v 14.84988976 12.93402958 604.00061035
v 14.79298019 12.79574966 604.00061035
v 14.82316017 12.86417961 604.00061035
v 14.82316017 12.86417961 611.69396973
v 14.79298019 12.79574966 611.69396973
v 14.75942993 12.72889996 604.00061035
v 14.79298019 12.79574966 604.00061035
v 14.79298019 12.79574966 611.69396973
v 14.75942993 12.72889996 611.69396973
v 14.72259045 12.66382027 604.00061035
v 14.75942993 12.72889996 604.00061035
v 14.75942993 12.72889996 611.69396973
v 14.72259045 12.66382027 611.69396973
v 14.68253994 12.60064030 604.00061035
v 14.72259045 12.66382027 604.00061035
v 14.72259045 12.66382027 611.69396973
v 14.68253994 12.60064030 611.69396973
v 14.63939953 12.53954983 604.00061035
v 14.68253994 12.60064030 604.00061035
v 14.68253994 12.60064030 611.69396973
v 14.63939953 12.53954983 611.69396973
v 14.59327030 12.48068047 604.00061035
v 14.63939953 12.53954983 604.00061035
v 14.63939953 12.53954983 611.69396973
v 14.59327030 12.48068047 611.69396973
v 14.54426003 12.42418003 604.00061035
v 14.59327030 12.48068047 604.00061035
v 14.59327030 12.48068047 611.69396973
v 14.54426003 12.42418003 611.69396973
v 14.49250031 12.37020016 604.00061035
v 14.54426003 12.42418003 604.00061035
v 14.54426003 12.42418003 611.69396973
v 14.49250031 12.37020016 611.69396973
v 14.43811035 12.31886005 604.00061035
v 14.49250031 12.37020016 604.00061035
v 14.49250031 12.37020016 611.69396973
v 14.43811035 12.31886005 611.69396973
v 14.38123035 12.27029991 604.00061035
v 14.43811035 12.31886005 604.00061035
v 14.43811035 12.31886005 611.69396973
v 14.38123035 12.27029991 611.69396973
v 14.32199001 12.22463036 604.00061035
v 14.38123035 12.27029991 604.00061035
v 14.38123035 12.27029991 611.69396973
v 14.32199001 12.22463036 611.69396973
v 14.26056004 12.18196964 604.00061035
v 14.32199001 12.22463036 604.00061035
v 14.32199001 12.22463036 611.69396973
v 14.26056004 12.18196964 611.69396973
v 14.19707012 12.14243031 604.00061035
v 14.26056004 12.18196964 611.69396973
v 14.19707012 12.14243031 611.69396973
v 14.26056004 12.18196964 604.00061035
v 14.13169956 12.10610008 604.00061035
v 14.19707012 12.14243031 611.69396973
v 14.13169956 12.10610008 611.69396973
v 14.19707012 12.14243031 604.00061035
v 14.06459045 12.07308006 604.00061035
v 14.13169956 12.10610008 611.69396973
v 14.06459045 12.07308006 611.69396973
v 14.13169956 12.10610008 604.00061035
v 13.99592018 12.04343987 604.00061035
v 14.06459045 12.07308006 611.69396973
v 13.99592018 12.04343987 611.69396973
v 14.06459045 12.07308006 604.00061035
v 13.92586040 12.01725960 604.00061035
v 13.99592018 12.04343987 611.69396973
v 13.92586040 12.01725960 611.69396973
v 13.99592018 12.04343987 604.00061035
v 13.85457993 11.99460983 604.00061035
v 13.92586040 12.01725960 611.69396973
v 13.85457993 11.99460983 611.69396973
v 13.92586040 12.01725960 604.00061035
v 13.78225994 11.97554016 604.00061035
v 13.85457993 11.99460983 611.69396973
v 13.78225994 11.97554016 611.69396973
v 13.85457993 11.99460983 604.00061035
v 13.70907974 11.96008968 604.00061035
v 13.78225994 11.97554016 611.69396973
v 13.70907974 11.96008968 611.69396973
v 13.78225994 11.97554016 604.00061035
v 13.63523006 11.94830990 604.00061035
v 13.70907974 11.96008968 611.69396973
v 13.63523006 11.94830990 611.69396973
v 13.70907974 11.96008968 604.00061035
v 13.56087017 11.94023037 604.00061035
v 13.63523006 11.94830990 611.69396973
v 13.56087017 11.94023037 611.69396973
v 13.63523006 11.94830990 604.00061035
v 13.48620033 11.93587017 604.00061035
v 13.56087017 11.94023037 611.69396973
v 13.48620033 11.93587017 611.69396973
v 13.56087017 11.94023037 604.00061035
v 13.41141987 11.93523026 604.00061035
v 13.48620033 11.93587017 611.69396973
v 13.41141987 11.93523026 611.69396973
v 13.48620033 11.93587017 604.00061035
v 13.33668995 11.93832016 604.00061035
v 13.41141987 11.93523026 611.69396973
v 13.33668995 11.93832016 611.69396973
v 13.41141987 11.93523026 604.00061035
v 13.26220989 11.94513035 604.00061035
v 13.33668995 11.93832016 611.69396973
v 13.26220989 11.94513035 611.69396973
v 13.33668995 11.93832016 604.00061035
v 13.18815994 11.95565033 604.00061035
v 13.26220989 11.94513035 604.00061035
v 13.26220989 11.94513035 611.69396973
v 13.18815994 11.95565033 611.69396973
v 13.11472988 11.96984005 604.00061035
v 13.18815994 11.95565033 604.00061035
v 13.18815994 11.95565033 611.69396973
v 13.11472988 11.96984005 611.69396973
v 13.04209042 11.98768044 604.00061035
v 13.11472988 11.96984005 604.00061035
v 13.11472988 11.96984005 611.69396973
v 13.04209042 11.98768044 611.69396973
v 12.97043991 12.00911999 604.00061035
v 13.04209042 11.98768044 604.00061035
v 13.04209042 11.98768044 611.69396973
v 12.97043991 12.00911999 611.69396973
v 12.89993954 12.03409958 604.00061035
v 12.97043991 12.00911999 604.00061035
v 12.97043991 12.00911999 611.69396973
v 12.89993954 12.03409958 611.69396973
v 12.83078003 12.06256008 604.00061035
v 12.89993954 12.03409958 604.00061035
v 12.89993954 12.03409958 611.69396973
v 12.83078003 12.06256008 611.69396973
v 12.76311970 12.09444046 604.00061035
v 12.83078003 12.06256008 604.00061035
v 12.83078003 12.06256008 611.69396973
v 12.76311970 12.09444046 611.69396973
v 12.69713020 12.12963963 604.00061035
v 12.76311970 12.09444046 604.00061035
v 12.76311970 12.09444046 611.69396973
v 12.69713020 12.12963963 611.69396973
v 12.63298035 12.16810036 604.00061035
v 12.69713020 12.12963963 604.00061035
v 12.69713020 12.12963963 611.69396973
v 12.63298035 12.16810036 611.69396973
v 12.57083035 12.20969963 604.00061035
v 12.63298035 12.16810036 604.00061035
v 12.63298035 12.16810036 611.69396973
v 12.57083035 12.20969963 611.69396973
v 12.51082039 12.25434971 604.00061035
v 12.57083035 12.20969963 604.00061035
v 12.57083035 12.20969963 611.69396973
v 12.51082039 12.25434971 611.69396973
v 12.45312023 12.30193996 604.00061035
v 12.51082039 12.25434971 604.00061035
v 12.51082039 12.25434971 611.69396973
v 12.45312023 12.30193996 611.69396973
v 12.39787006 12.35233974 604.00061035
v 12.45312023 12.30193996 604.00061035
v 12.45312023 12.30193996 611.69396973
v 12.39787006 12.35233974 611.69396973
v 12.34519005 12.40542984 604.00061035
v 12.39787006 12.35233974 604.00061035
v 12.39787006 12.35233974 611.69396973
v 12.34519005 12.40542984 611.69396973
v 12.29522038 12.46109009 604.00061035
v 12.34519005 12.40542984 604.00061035
v 12.34519005 12.40542984 611.69396973
v 12.29522038 12.46109009 611.69396973
v 12.24808979 12.51916027 604.00061035
v 12.29522038 12.46109009 604.00061035
v 12.29522038 12.46109009 611.69396973
v 12.24808979 12.51916027 611.69396973
v 12.20392036 12.57950974 604.00061035
v 12.24808979 12.51916027 604.00061035
v 12.24808979 12.51916027 611.69396973
v 12.20392036 12.57950974 611.69396973
v 12.16281033 12.64198971 604.00061035
v 12.20392036 12.57950974 604.00061035
v 12.20392036 12.57950974 611.69396973
v 12.16281033 12.64198971 611.69396973
v 12.12485981 12.70643997 604.00061035
v 12.16281033 12.64198971 604.00061035
v 12.16281033 12.64198971 611.69396973
v 12.12485981 12.70643997 611.69396973
v 12.09016991 12.77270985 604.00061035
v 12.12485981 12.70643997 604.00061035
v 12.12485981 12.70643997 611.69396973
v 12.09016991 12.77270985 611.69396973
v 12.05883026 12.84062004 604.00061035
v 12.09016991 12.77270985 604.00061035
v 12.09016991 12.77270985 611.69396973
v 12.05883026 12.84062004 611.69396973
v 12.03090954 12.90999985 604.00061035
v 12.05883026 12.84062004 611.69396973
v 12.03090954 12.90999985 611.69396973
v 12.05883026 12.84062004 604.00061035
v 12.00648975 12.98069000 604.00061035
v 12.03090954 12.90999985 611.69396973
v 12.00648975 12.98069000 611.69396973
v 12.03090954 12.90999985 604.00061035
v 11.98561954 13.05251026 604.00061035
v 12.00648975 12.98069000 611.69396973
v 11.98561954 13.05251026 611.69396973
v 12.00648975 12.98069000 604.00061035
v 11.96835995 13.12528992 604.00061035
v 11.98561954 13.05251026 611.69396973
v 11.96835995 13.12528992 611.69396973
v 11.98561954 13.05251026 604.00061035
v 11.95473957 13.19882965 604.00061035
v 11.96835995 13.12528992 604.00061035
v 11.96835995 13.12528992 611.69396973
v 11.95473957 13.19882965 611.69396973
v 11.94480991 13.27295971 604.00061035
v 11.95473957 13.19882965 604.00061035
v 11.95473957 13.19882965 611.69396973
v 11.94480991 13.27295971 611.69396973
v 11.93859005 13.34749031 604.00061035
v 11.94480991 13.27295971 604.00061035
v 11.94480991 13.27295971 611.69396973
v 11.93859005 13.34749031 611.69396973
v 11.93607998 13.42224026 604.00061035
v 11.93859005 13.34749031 604.00061035
v 11.93859005 13.34749031 611.69396973
v 11.93607998 13.42224026 611.69396973
v 11.93731022 13.49701977 604.00061035
v 11.93607998 13.42224026 604.00061035
v 11.93607998 13.42224026 611.69396973
v 11.93731022 13.49701977 611.69396973
v 11.94225979 13.57164955 604.00061035
v 11.93731022 13.49701977 604.00061035
v 11.93731022 13.49701977 611.69396973
v 11.94225979 13.57164955 611.69396973
v 11.95092964 13.64593983 604.00061035
v 11.94225979 13.57164955 604.00061035
v 11.94225979 13.57164955 611.69396973
v 11.95092964 13.64593983 611.69396973
v 11.96329021 13.71969986 604.00061035
v 11.95092964 13.64593983 604.00061035
v 11.95092964 13.64593983 611.69396973
v 11.96329021 13.71969986 611.69396973
v 11.96329021 13.71969986 604.00061035
v 11.96329021 13.71969986 611.69396973
v 11.97931004 13.79275990 611.69396973
v 11.97931004 13.79275990 604.00061035
v 11.99895000 13.86493015 604.00061035
v 11.97931004 13.79275990 604.00061035
v 11.97931004 13.79275990 611.69396973
v 11.99895000 13.86493015 611.69396973
v 12.02217007 13.93601990 604.00061035
v 11.99895000 13.86493015 604.00061035
v 11.99895000 13.86493015 611.69396973
v 12.02217007 13.93601990 611.69396973
v 12.02217007 13.93601990 604.00061035
v 12.02217007 13.93601990 611.69396973
v 12.04889965 14.00588036 611.69396973
v 12.04889965 14.00588036 604.00061035
v 12.07907963 14.07431030 604.00061035
v 12.04889965 14.00588036 604.00061035
v 12.04889965 14.00588036 611.69396973
v 12.07907963 14.07431030 611.69396973
v 12.11262989 14.14115047 604.00061035
v 12.07907963 14.07431030 611.69396973
v 12.11262989 14.14115047 611.69396973
v 12.07907963 14.07431030 604.00061035
v 12.14947033 14.20623970 604.00061035
v 12.11262989 14.14115047 611.69396973
v 12.14947033 14.20623970 611.69396973
v 12.11262989 14.14115047 604.00061035
v 12.18951035 14.26941013 604.00061035
v 12.14947033 14.20623970 611.69396973
v 12.18951035 14.26941013 611.69396973
v 12.14947033 14.20623970 604.00061035
v 12.23264980 14.33051014 604.00061035
v 12.18951035 14.26941013 611.69396973
v 12.23264980 14.33051014 611.69396973
v 12.18951035 14.26941013 604.00061035
v 12.27877998 14.38938046 604.00061035
v 12.23264980 14.33051014 611.69396973
v 12.27877998 14.38938046 611.69396973
v 12.23264980 14.33051014 604.00061035
v 12.32779026 14.44587994 604.00061035
v 12.27877998 14.38938046 611.69396973
v 12.32779026 14.44587994 611.69396973
v 12.27877998 14.38938046 604.00061035
v 12.37956047 14.49985981 604.00061035
v 12.32779026 14.44587994 611.69396973
v 12.37956047 14.49985981 611.69396973
v 12.32779026 14.44587994 604.00061035
v 12.43395042 14.55119991 604.00061035
v 12.37956047 14.49985981 611.69396973
v 12.43395042 14.55119991 611.69396973
v 12.37956047 14.49985981 604.00061035
v 12.49083042 14.59976006 604.00061035
v 12.43395042 14.55119991 611.69396973
v 12.49083042 14.59976006 611.69396973
v 12.49083042 14.59976006 604.00061035
v 12.49083042 14.59976006 611.69396973
v 12.55006027 14.64542961 611.69396973
v 12.43395042 14.55119991 604.00061035
v 12.55006027 14.64542961 604.00061035
v 12.61149979 14.68807983 604.00061035
v 12.55006027 14.64542961 611.69396973
v 12.61149979 14.68807983 611.69396973
v 12.55006027 14.64542961 604.00061035
v 12.67498016 14.72762966 604.00061035
v 12.61149979 14.68807983 611.69396973
v 12.67498016 14.72762966 611.69396973
v 12.61149979 14.68807983 604.00061035
v 12.74036026 14.76395035 604.00061035
v 12.67498016 14.72762966 611.69396973
v 12.74036026 14.76395035 611.69396973
v 12.67498016 14.72762966 604.00061035
v 12.80745983 14.79697990 604.00061035
v 12.74036026 14.76395035 604.00061035
v 12.74036026 14.76395035 611.69396973
v 12.80745983 14.79697990 611.69396973
v 12.87613010 14.82662010 604.00061035
v 12.80745983 14.79697990 604.00061035
v 12.80745983 14.79697990 611.69396973
v 12.87613010 14.82662010 611.69396973
v 12.94620037 14.85280037 604.00061035
v 12.87613010 14.82662010 604.00061035
v 12.87613010 14.82662010 611.69396973
v 12.94620037 14.85280037 611.69396973
v 13.01747036 14.87545013 604.00061035
v 12.94620037 14.85280037 604.00061035
v 12.94620037 14.85280037 611.69396973
v 13.01747036 14.87545013 611.69396973
v 13.08979034 14.89451981 604.00061035
v 13.01747036 14.87545013 611.69396973
v 13.08979034 14.89451981 611.69396973
v 13.01747036 14.87545013 604.00061035
v 13.16296959 14.90997028 604.00061035
v 13.08979034 14.89451981 611.69396973
v 13.16296959 14.90997028 611.69396973
v 13.08979034 14.89451981 604.00061035
v 13.23682976 14.92173958 604.00061035
v 13.16296959 14.90997028 611.69396973
v 13.23682976 14.92173958 611.69396973
v 13.16296959 14.90997028 604.00061035
v 13.31118965 14.92982006 604.00061035
v 13.23682976 14.92173958 611.69396973
v 13.31118965 14.92982006 611.69396973
v 13.23682976 14.92173958 604.00061035
v 13.38584995 14.93418980 604.00061035
v 13.31118965 14.92982006 611.69396973
v 13.38584995 14.93418980 611.69396973
v 13.31118965 14.92982006 604.00061035
v 13.46063995 14.93482971 604.00061035
v 13.38584995 14.93418980 611.69396973
v 13.46063995 14.93482971 611.69396973
v 13.38584995 14.93418980 604.00061035
v 13.53536987 14.93173981 604.00061035
v 13.46063995 14.93482971 611.69396973
v 13.53536987 14.93173981 611.69396973
v 13.46063995 14.93482971 604.00061035
v 13.60984993 14.92492008 604.00061035
v 13.53536987 14.93173981 611.69396973
v 13.60984993 14.92492008 611.69396973
v 13.60984993 14.92492008 604.00061035
v 13.60984993 14.92492008 611.69396973
v 13.68389988 14.91440964 611.69396973
v 13.53536987 14.93173981 604.00061035
v 13.68389988 14.91440964 604.00061035
v 13.75732994 14.90021038 604.00061035
v 13.68389988 14.91440964 611.69396973
v 13.75732994 14.90021038 611.69396973
v 13.68389988 14.91440964 604.00061035
v 13.82997036 14.88237953 604.00061035
v 13.75732994 14.90021038 611.69396973
v 13.82997036 14.88237953 611.69396973
v 13.75732994 14.90021038 604.00061035
v 13.90161991 14.86093998 604.00061035
v 13.82997036 14.88237953 611.69396973
v 13.90161991 14.86093998 611.69396973
v 13.82997036 14.88237953 604.00061035
v 13.97212029 14.83596039 604.00061035
v 13.90161991 14.86093998 611.69396973
v 13.97212029 14.83596039 611.69396973
v 13.90161991 14.86093998 604.00061035
v 14.04127979 14.80749989 604.00061035
v 13.97212029 14.83596039 611.69396973
v 14.04127979 14.80749989 611.69396973
v 13.97212029 14.83596039 604.00061035
v 14.10894012 14.77562046 604.00061035
v 14.04127979 14.80749989 611.69396973
v 14.10894012 14.77562046 611.69396973
v 14.04127979 14.80749989 604.00061035
v 14.17492962 14.74040985 604.00061035
v 14.10894012 14.77562046 611.69396973
v 14.17492962 14.74040985 611.69396973
v 14.10894012 14.77562046 604.00061035
v 14.23908043 14.70195961 604.00061035
v 14.17492962 14.74040985 611.69396973
v 14.23908043 14.70195961 611.69396973
v 14.17492962 14.74040985 604.00061035
v 14.30123043 14.66036034 604.00061035
v 14.23908043 14.70195961 611.69396973
v 14.30123043 14.66036034 611.69396973
v 14.23908043 14.70195961 604.00061035
v 14.36122990 14.61571026 604.00061035
v 14.30123043 14.66036034 611.69396973
v 14.36122990 14.61571026 611.69396973
v 14.30123043 14.66036034 604.00061035
v 14.41893005 14.56812000 604.00061035
v 14.36122990 14.61571026 611.69396973
v 14.41893005 14.56812000 611.69396973
v 14.36122990 14.61571026 604.00061035
v 14.47418976 14.51772022 604.00061035
v 14.41893005 14.56812000 611.69396973
v 14.47418976 14.51772022 611.69396973
v 14.41893005 14.56812000 604.00061035
v 14.52686977 14.46461964 604.00061035
v 14.47418976 14.51772022 604.00061035
v 14.47418976 14.51772022 611.69396973
v 14.52686977 14.46461964 611.69396973
v 14.57682991 14.40896988 604.00061035
v 14.52686977 14.46461964 604.00061035
v 14.52686977 14.46461964 611.69396973
v 14.57682991 14.40896988 611.69396973
v 14.62395954 14.35089016 604.00061035
v 14.57682991 14.40896988 604.00061035
v 14.57682991 14.40896988 611.69396973
v 14.62395954 14.35089016 611.69396973
v 14.66814041 14.29053974 604.00061035
v 14.62395954 14.35089016 604.00061035
v 14.62395954 14.35089016 611.69396973
v 14.66814041 14.29053974 611.69396973
v 14.70925045 14.22805977 604.00061035
v 14.66814041 14.29053974 604.00061035
v 14.66814041 14.29053974 611.69396973
v 14.70925045 14.22805977 611.69396973
v 14.74720001 14.16361046 604.00061035
v 14.70925045 14.22805977 604.00061035
v 14.70925045 14.22805977 611.69396973
v 14.74720001 14.16361046 611.69396973
v 14.78188038 14.09735012 604.00061035
v 14.74720001 14.16361046 604.00061035
v 14.74720001 14.16361046 611.69396973
v 14.78188038 14.09735012 611.69396973
v 14.81322956 14.02943993 604.00061035
v 14.78188038 14.09735012 604.00061035
v 14.78188038 14.09735012 611.69396973
v 14.81322956 14.02943993 611.69396973
v 14.84113979 13.96006012 604.00061035
v 14.81322956 14.02943993 604.00061035
v 14.81322956 14.02943993 611.69396973
v 14.84113979 13.96006012 611.69396973
v 14.86557007 13.88936043 604.00061035
v 14.84113979 13.96006012 604.00061035
v 14.84113979 13.96006012 611.69396973
v 14.86557007 13.88936043 611.69396973
v 14.88644028 13.81754017 604.00061035
v 14.86557007 13.88936043 604.00061035
v 14.86557007 13.88936043 611.69396973
v 14.88644028 13.81754017 611.69396973
v 14.90369987 13.74477005 604.00061035
v 14.88644028 13.81754017 604.00061035
v 14.88644028 13.81754017 611.69396973
v 14.90369987 13.74477005 611.69396973
v 14.91732025 13.67123032 604.00061035
v 14.90369987 13.74477005 611.69396973
v 14.91732025 13.67123032 611.69396973
v 14.90369987 13.74477005 604.00061035
v 14.92724991 13.59710026 604.00061035
v 14.91732025 13.67123032 611.69396973
v 14.92724991 13.59710026 611.69396973
v 14.91732025 13.67123032 604.00061035
v 16.16992950 13.73215961 601.30047607
v 16.16992950 13.73215961 604.00061035
v 16.18133926 13.59550953 604.00061035
v 16.18133926 13.59550953 601.30047607
v 16.18133926 13.59550953 604.00061035
v 16.18593025 13.45847034 604.00061035
v 16.18133926 13.59550953 601.30047607
v 16.18593025 13.45847034 601.30047607
v 16.18593025 13.45847034 604.00061035
v 16.18367958 13.32137012 604.00061035
v 16.18593025 13.45847034 601.30047607
v 16.18367958 13.32137012 601.30047607
v 16.18367958 13.32137012 604.00061035
v 16.17460060 13.18455029 604.00061035
v 16.18367958 13.32137012 601.30047607
v 16.17460060 13.18455029 601.30047607
v 16.17460060 13.18455029 604.00061035
v 16.15871048 13.04835987 604.00061035
v 16.17460060 13.18455029 601.30047607
v 16.15871048 13.04835987 601.30047607
v 16.15871048 13.04835987 604.00061035
v 16.13604927 12.91312027 604.00061035
v 16.15871048 13.04835987 601.30047607
v 16.13604927 12.91312027 601.30047607
v 16.13604927 12.91312027 604.00061035
v 16.10667992 12.77919006 604.00061035
v 16.13604927 12.91312027 601.30047607
v 16.10667992 12.77919006 601.30047607
v 16.10667992 12.77919006 604.00061035
v 16.07066917 12.64688015 604.00061035
v 16.10667992 12.77919006 601.30047607
v 16.07066917 12.64688015 601.30047607
v 16.07066917 12.64688015 604.00061035
v 16.02811050 12.51653957 604.00061035
v 16.07066917 12.64688015 601.30047607
v 16.02811050 12.51653957 601.30047607
v 16.02811050 12.51653957 604.00061035
v 15.97910023 12.38846970 604.00061035
v 16.02811050 12.51653957 601.30047607
v 15.97910023 12.38846970 601.30047607
v 15.97910023 12.38846970 604.00061035
v 15.92376995 12.26301003 604.00061035
v 15.97910023 12.38846970 601.30047607
v 15.92376995 12.26301003 601.30047607
v 15.92376995 12.26301003 601.30047607
v 15.92376995 12.26301003 604.00061035
v 15.86225986 12.14046955 604.00061035
v 15.86225986 12.14046955 601.30047607
v 15.86225986 12.14046955 601.30047607
v 15.86225986 12.14046955 604.00061035
v 15.79471970 12.02114010 604.00061035
v 15.79471970 12.02114010 601.30047607
v 15.79471970 12.02114010 601.30047607
v 15.79471970 12.02114010 604.00061035
v 15.72130966 11.90532017 604.00061035
v 15.72130966 11.90532017 601.30047607
v 15.72130966 11.90532017 601.30047607
v 15.72130966 11.90532017 604.00061035
v 15.64221954 11.79331017 604.00061035
v 15.64221954 11.79331017 601.30047607
v 15.64221954 11.79331017 601.30047607
v 15.64221954 11.79331017 604.00061035
v 15.55764008 11.68537998 604.00061035
v 15.55764008 11.68537998 601.30047607
v 15.55764008 11.68537998 601.30047607
v 15.55764008 11.68537998 604.00061035
v 15.46778965 11.58181000 604.00061035
v 15.46778965 11.58181000 601.30047607
v 15.46778965 11.58181000 601.30047607
v 15.46778965 11.58181000 604.00061035
v 15.37289047 11.48283005 604.00061035
v 15.37289047 11.48283005 601.30047607
v 15.37289047 11.48283005 601.30047607
v 15.37289047 11.48283005 604.00061035
v 15.27318001 11.38871956 604.00061035
v 15.27318001 11.38871956 601.30047607
v 15.27318001 11.38871956 604.00061035
v 15.16889000 11.29969025 604.00061035
v 15.27318001 11.38871956 601.30047607
v 15.16889000 11.29969025 601.30047607
v 15.16889000 11.29969025 601.30047607
v 15.16889000 11.29969025 604.00061035
v 15.06029987 11.21595955 604.00061035
v 15.06029987 11.21595955 601.30047607
v 15.06029987 11.21595955 604.00061035
v 14.94766998 11.13776016 604.00061035
v 15.06029987 11.21595955 601.30047607
v 14.94766998 11.13776016 601.30047607
v 14.94766998 11.13776016 604.00061035
v 14.83127975 11.06527042 604.00061035
v 14.94766998 11.13776016 601.30047607
v 14.83127975 11.06527042 601.30047607
v 14.83127975 11.06527042 604.00061035
v 14.71142006 10.99866009 604.00061035
v 14.83127975 11.06527042 601.30047607
v 14.71142006 10.99866009 601.30047607
v 14.71142006 10.99866009 604.00061035
v 14.58839035 10.93811989 604.00061035
v 14.71142006 10.99866009 601.30047607
v 14.58839035 10.93811989 601.30047607
v 14.58839035 10.93811989 604.00061035
v 14.46249962 10.88377953 604.00061035
v 14.58839035 10.93811989 601.30047607
v 14.46249962 10.88377953 601.30047607
v 14.46249962 10.88377953 604.00061035
v 14.33405972 10.83578968 604.00061035
v 14.46249962 10.88377953 601.30047607
v 14.33405972 10.83578968 601.30047607
v 14.33405972 10.83578968 604.00061035
v 14.20337963 10.79426003 604.00061035
v 14.33405972 10.83578968 601.30047607
v 14.20337963 10.79426003 601.30047607
v 14.20337963 10.79426003 604.00061035
v 14.07079029 10.75928974 604.00061035
v 14.20337963 10.79426003 601.30047607
v 14.07079029 10.75928974 601.30047607
v 14.07079029 10.75928974 604.00061035
v 13.93663025 10.73097992 604.00061035
v 14.07079029 10.75928974 601.30047607
v 13.93663025 10.73097992 601.30047607
v 13.93663025 10.73097992 604.00061035
v 13.80121994 10.70938015 604.00061035
v 13.93663025 10.73097992 601.30047607
v 13.80121994 10.70938015 601.30047607
v 13.80121994 10.70938015 604.00061035
v 13.66489983 10.69456959 604.00061035
v 13.80121994 10.70938015 601.30047607
v 13.66489983 10.69456959 601.30047607
v 13.66489983 10.69456959 604.00061035
v 13.52801991 10.68657017 604.00061035
v 13.66489983 10.69456959 601.30047607
v 13.52801991 10.68657017 601.30047607
v 13.52801991 10.68657017 604.00061035
v 13.39091015 10.68540001 604.00061035
v 13.52801991 10.68657017 601.30047607
v 13.39091015 10.68540001 601.30047607
v 13.39091015 10.68540001 604.00061035
v 13.25391006 10.69106960 604.00061035
v 13.39091015 10.68540001 601.30047607
v 13.25391006 10.69106960 601.30047607
v 13.25391006 10.69106960 604.00061035
v 13.11736012 10.70355034 604.00061035
v 13.25391006 10.69106960 601.30047607
v 13.11736012 10.70355034 601.30047607
v 13.11736012 10.70355034 601.30047607
v 13.11736012 10.70355034 604.00061035
v 12.98159981 10.72284031 604.00061035
v 12.98159981 10.72284031 601.30047607
v 12.98159981 10.72284031 601.30047607
v 12.98159981 10.72284031 604.00061035
v 12.84696960 10.74886036 604.00061035
v 12.84696960 10.74886036 601.30047607
v 12.84696960 10.74886036 601.30047607
v 12.84696960 10.74886036 604.00061035
v 12.71380997 10.78155994 604.00061035
v 12.71380997 10.78155994 601.30047607
v 12.71380997 10.78155994 604.00061035
v 12.58244038 10.82085991 604.00061035
v 12.71380997 10.78155994 601.30047607
v 12.58244038 10.82085991 601.30047607
v 12.58244038 10.82085991 604.00061035
v 12.45320034 10.86664963 604.00061035
v 12.58244038 10.82085991 601.30047607
v 12.45320034 10.86664963 601.30047607
v 12.45320034 10.86664963 604.00061035
v 12.32639980 10.91884041 604.00061035
v 12.45320034 10.86664963 601.30047607
v 12.32639980 10.91884041 601.30047607
v 12.32639980 10.91884041 604.00061035
v 12.20236015 10.97727966 604.00061035
v 12.32639980 10.91884041 601.30047607
v 12.20236015 10.97727966 601.30047607
v 12.20236015 10.97727966 604.00061035
v 12.08137989 11.04181957 604.00061035
v 12.20236015 10.97727966 601.30047607
v 12.08137989 11.04181957 601.30047607
v 12.08137989 11.04181957 604.00061035
v 11.96376991 11.11231995 604.00061035
v 12.08137989 11.04181957 601.30047607
v 11.96376991 11.11231995 601.30047607
v 11.96376991 11.11231995 604.00061035
v 11.84982014 11.18859959 604.00061035
v 11.96376991 11.11231995 601.30047607
v 11.84982014 11.18859959 601.30047607
v 11.84982014 11.18859959 604.00061035
v 11.73981953 11.27046013 604.00061035
v 11.84982014 11.18859959 601.30047607
v 11.73981953 11.27046013 601.30047607
v 11.73981953 11.27046013 604.00061035
v 11.63403034 11.35768986 604.00061035
v 11.73981953 11.27046013 601.30047607
v 11.63403034 11.35768986 601.30047607
v 11.63403034 11.35768986 604.00061035
v 11.53273010 11.45009995 604.00061035
v 11.63403034 11.35768986 601.30047607
v 11.53273010 11.45009995 601.30047607
v 11.53273010 11.45009995 604.00061035
v 11.43614960 11.54743958 604.00061035
v 11.53273010 11.45009995 601.30047607
v 11.43614960 11.54743958 601.30047607
v 11.43614960 11.54743958 604.00061035
v 11.34455013 11.64947033 604.00061035
v 11.43614960 11.54743958 601.30047607
v 11.34455013 11.64947033 601.30047607
v 11.34455013 11.64947033 604.00061035
v 11.25815010 11.75594044 604.00061035
v 11.34455013 11.64947033 601.30047607
v 11.25815010 11.75594044 601.30047607
v 11.25815010 11.75594044 601.30047607
v 11.25815010 11.75594044 604.00061035
v 11.17716026 11.86658955 604.00061035
v 11.17716026 11.86658955 601.30047607
v 11.17716026 11.86658955 601.30047607
v 11.17716026 11.86658955 604.00061035
v 11.10179043 11.98112965 604.00061035
v 11.10179043 11.98112965 601.30047607
v 11.10179043 11.98112965 601.30047607
v 11.10179043 11.98112965 604.00061035
v 11.03221989 12.09928989 604.00061035
v 11.03221989 12.09928989 601.30047607
v 11.03221989 12.09928989 601.30047607
v 11.03221989 12.09928989 604.00061035
v 10.96862984 12.22076988 604.00061035
v 10.96862984 12.22076988 601.30047607
v 10.96862984 12.22076988 601.30047607
v 10.96862984 12.22076988 604.00061035
v 10.91117001 12.34527016 604.00061035
v 10.91117001 12.34527016 601.30047607
v 10.91117001 12.34527016 601.30047607
v 10.91117001 12.34527016 604.00061035
v 10.85999012 12.47247982 604.00061035
v 10.85999012 12.47247982 601.30047607
v 10.85999012 12.47247982 601.30047607
v 10.85999012 12.47247982 604.00061035
v 10.81521034 12.60208035 604.00061035
v 10.81521034 12.60208035 601.30047607
v 10.81521034 12.60208035 604.00061035
v 10.77694988 12.73375034 604.00061035
v 10.81521034 12.60208035 601.30047607
v 10.77694988 12.73375034 601.30047607
v 10.77694988 12.73375034 604.00061035
v 10.74530029 12.86717033 604.00061035
v 10.77694988 12.73375034 601.30047607
v 10.74530029 12.86717033 601.30047607
v 10.74530029 12.86717033 604.00061035
v 10.72033978 13.00199986 604.00061035
v 10.74530029 12.86717033 601.30047607
v 10.72033978 13.00199986 601.30047607
v 10.72033978 13.00199986 604.00061035
v 10.70213032 13.13790035 604.00061035
v 10.72033978 13.00199986 601.30047607
v 10.70213032 13.13790035 601.30047607
v 10.69071960 13.27453995 601.30047607
v 10.70213032 13.13790035 601.30047607
v 10.70213032 13.13790035 604.00061035
v 10.69071960 13.27453995 604.00061035
v 10.68612957 13.41158962 601.30047607
v 10.69071960 13.27453995 601.30047607
v 10.69071960 13.27453995 604.00061035
v 10.68612957 13.41158962 604.00061035
v 10.68838024 13.54868984 601.30047607
v 10.68612957 13.41158962 601.30047607
v 10.68612957 13.41158962 604.00061035
v 10.68838024 13.54868984 604.00061035
v 10.69746017 13.68550014 601.30047607
v 10.68838024 13.54868984 601.30047607
v 10.68838024 13.54868984 604.00061035
v 10.69746017 13.68550014 604.00061035
v 10.71335030 13.82170010 601.30047607
v 10.69746017 13.68550014 601.30047607
v 10.69746017 13.68550014 604.00061035
v 10.71335030 13.82170010 604.00061035
v 10.73600960 13.95693016 601.30047607
v 10.71335030 13.82170010 601.30047607
v 10.71335030 13.82170010 604.00061035
v 10.73600960 13.95693016 604.00061035
v 10.76537991 14.09086990 601.30047607
v 10.73600960 13.95693016 601.30047607
v 10.73600960 13.95693016 604.00061035
v 10.76537991 14.09086990 604.00061035
v 10.80138969 14.22317982 601.30047607
v 10.76537991 14.09086990 601.30047607
v 10.76537991 14.09086990 604.00061035
v 10.80138969 14.22317982 604.00061035
v 10.84395027 14.35352039 601.30047607
v 10.80138969 14.22317982 601.30047607
v 10.80138969 14.22317982 604.00061035
v 10.84395027 14.35352039 604.00061035
v 10.89295959 14.48157978 601.30047607
v 10.84395027 14.35352039 601.30047607
v 10.84395027 14.35352039 604.00061035
v 10.89295959 14.48157978 604.00061035
v 10.94828033 14.60704041 601.30047607
v 10.89295959 14.48157978 601.30047607
v 10.89295959 14.48157978 604.00061035
v 10.94828033 14.60704041 604.00061035
v 11.00979996 14.72959042 601.30047607
v 10.94828033 14.60704041 601.30047607
v 10.94828033 14.60704041 604.00061035
v 11.00979996 14.72959042 604.00061035
v 11.07734013 14.84891987 601.30047607
v 11.00979996 14.72959042 601.30047607
v 11.00979996 14.72959042 604.00061035
v 11.07734013 14.84891987 604.00061035
v 11.15075016 14.96473026 601.30047607
v 11.07734013 14.84891987 601.30047607
v 11.07734013 14.84891987 604.00061035
v 11.15075016 14.96473026 604.00061035
v 11.22984028 15.07674026 601.30047607
v 11.15075016 14.96473026 601.30047607
v 11.15075016 14.96473026 604.00061035
v 11.22984028 15.07674026 604.00061035
v 11.31441021 15.18467045 601.30047607
v 11.22984028 15.07674026 601.30047607
v 11.22984028 15.07674026 604.00061035
v 11.31441021 15.18467045 604.00061035
v 11.40425968 15.28824997 601.30047607
v 11.31441021 15.18467045 604.00061035
v 11.40425968 15.28824997 604.00061035
v 11.31441021 15.18467045 601.30047607
v 11.49917030 15.38722038 601.30047607
v 11.40425968 15.28824997 601.30047607
v 11.40425968 15.28824997 604.00061035
v 11.49917030 15.38722038 604.00061035
v 11.59887981 15.48134041 601.30047607
v 11.49917030 15.38722038 604.00061035
v 11.59887981 15.48134041 604.00061035
v 11.49917030 15.38722038 601.30047607
v 11.70316029 15.57036972 601.30047607
v 11.59887981 15.48134041 604.00061035
v 11.70316029 15.57036972 604.00061035
v 11.59887981 15.48134041 601.30047607
v 11.81175995 15.65408993 601.30047607
v 11.70316029 15.57036972 604.00061035
v 11.81175995 15.65408993 604.00061035
v 11.70316029 15.57036972 601.30047607
v 11.92438984 15.73229980 601.30047607
v 11.81175995 15.65408993 604.00061035
v 11.92438984 15.73229980 604.00061035
v 11.81175995 15.65408993 601.30047607
v 12.04078007 15.80478954 601.30047607
v 11.92438984 15.73229980 604.00061035
v 12.04078007 15.80478954 604.00061035
v 11.92438984 15.73229980 601.30047607
v 12.16063023 15.87139034 601.30047607
v 12.04078007 15.80478954 601.30047607
v 12.04078007 15.80478954 604.00061035
v 12.16063023 15.87139034 604.00061035
v 12.28365993 15.93194008 601.30047607
v 12.16063023 15.87139034 601.30047607
v 12.16063023 15.87139034 604.00061035
v 12.28365993 15.93194008 604.00061035
v 12.40956020 15.98626995 601.30047607
v 12.28365993 15.93194008 601.30047607
v 12.28365993 15.93194008 604.00061035
v 12.40956020 15.98626995 604.00061035
v 12.53800011 16.03426933 601.30047607
v 12.40956020 15.98626995 601.30047607
v 12.40956020 15.98626995 604.00061035
v 12.53800011 16.03426933 604.00061035
v 12.66868019 16.07579994 601.30047607
v 12.53800011 16.03426933 601.30047607
v 12.53800011 16.03426933 604.00061035
v 12.66868019 16.07579994 604.00061035
v 12.80125999 16.11076927 601.30047607
v 12.66868019 16.07579994 601.30047607
v 12.66868019 16.07579994 604.00061035
v 12.80125999 16.11076927 604.00061035
v 12.93542957 16.13908005 601.30047607
v 12.80125999 16.11076927 601.30047607
v 12.80125999 16.11076927 604.00061035
v 12.93542957 16.13908005 604.00061035
v 13.07083988 16.16066933 601.30047607
v 12.93542957 16.13908005 601.30047607
v 12.93542957 16.13908005 604.00061035
v 13.07083988 16.16066933 604.00061035
v 13.20715046 16.17548943 601.30047607
v 13.07083988 16.16066933 601.30047607
v 13.07083988 16.16066933 604.00061035
v 13.20715046 16.17548943 604.00061035
v 13.34403992 16.18349075 601.30047607
v 13.20715046 16.17548943 601.30047607
v 13.20715046 16.17548943 604.00061035
v 13.34403992 16.18349075 604.00061035
v 13.48114967 16.18465996 601.30047607
v 13.34403992 16.18349075 601.30047607
v 13.34403992 16.18349075 604.00061035
v 13.48114967 16.18465996 604.00061035
v 13.61814976 16.17898941 601.30047607
v 13.48114967 16.18465996 601.30047607
v 13.48114967 16.18465996 604.00061035
v 13.61814976 16.17898941 604.00061035
v 13.75469971 16.16650009 601.30047607
v 13.61814976 16.17898941 601.30047607
v 13.61814976 16.17898941 604.00061035
v 13.75469971 16.16650009 604.00061035
v 13.89046001 16.14722061 601.30047607
v 13.75469971 16.16650009 604.00061035
v 13.89046001 16.14722061 604.00061035
v 13.75469971 16.16650009 601.30047607
v 14.02507973 16.12120056 601.30047607
v 13.89046001 16.14722061 601.30047607
v 13.89046001 16.14722061 604.00061035
v 14.02507973 16.12120056 604.00061035
v 14.15824986 16.08849907 601.30047607
v 14.02507973 16.12120056 604.00061035
v 14.15824986 16.08849907 604.00061035
v 14.02507973 16.12120056 601.30047607
v 14.28960991 16.04920006 601.30047607
v 14.15824986 16.08849907 604.00061035
v 14.28960991 16.04920006 604.00061035
v 14.15824986 16.08849907 601.30047607
v 14.41886044 16.00340080 601.30047607
v 14.28960991 16.04920006 604.00061035
v 14.41886044 16.00340080 604.00061035
v 14.28960991 16.04920006 601.30047607
v 14.54566002 15.95121956 601.30047607
v 14.41886044 16.00340080 604.00061035
v 14.54566002 15.95121956 604.00061035
v 14.41886044 16.00340080 601.30047607
v 14.66969967 15.89278030 601.30047607
v 14.54566002 15.95121956 604.00061035
v 14.66969967 15.89278030 604.00061035
v 14.54566002 15.95121956 601.30047607
v 14.79067993 15.82822990 601.30047607
v 14.66969967 15.89278030 604.00061035
v 14.79067993 15.82822990 604.00061035
v 14.66969967 15.89278030 601.30047607
v 14.90828037 15.75772953 601.30047607
v 14.79067993 15.82822990 604.00061035
v 14.90828037 15.75772953 604.00061035
v 14.79067993 15.82822990 601.30047607
v 15.02223015 15.68146038 601.30047607
v 14.90828037 15.75772953 604.00061035
v 15.02223015 15.68146038 604.00061035
v 14.90828037 15.75772953 601.30047607
v 15.13224030 15.59959984 601.30047607
v 15.02223015 15.68146038 604.00061035
v 15.13224030 15.59959984 604.00061035
v 15.02223015 15.68146038 601.30047607
v 15.23801994 15.51235962 601.30047607
v 15.13224030 15.59959984 604.00061035
v 15.23801994 15.51235962 604.00061035
v 15.13224030 15.59959984 601.30047607
v 15.33932972 15.41996002 601.30047607
v 15.23801994 15.51235962 604.00061035
v 15.33932972 15.41996002 604.00061035
v 15.23801994 15.51235962 601.30047607
v 15.43589973 15.32262039 601.30047607
v 15.33932972 15.41996002 601.30047607
v 15.33932972 15.41996002 604.00061035
v 15.43589973 15.32262039 604.00061035
v 15.52750969 15.22058964 601.30047607
v 15.43589973 15.32262039 601.30047607
v 15.43589973 15.32262039 604.00061035
v 15.52750969 15.22058964 604.00061035
v 15.61390972 15.11411953 601.30047607
v 15.52750969 15.22058964 601.30047607
v 15.52750969 15.22058964 604.00061035
v 15.61390972 15.11411953 604.00061035
v 15.69489956 15.00347042 601.30047607
v 15.61390972 15.11411953 601.30047607
v 15.61390972 15.11411953 604.00061035
v 15.69489956 15.00347042 604.00061035
v 15.77027035 14.88893032 601.30047607
v 15.69489956 15.00347042 601.30047607
v 15.69489956 15.00347042 604.00061035
v 15.77027035 14.88893032 604.00061035
v 15.83983994 14.77077007 601.30047607
v 15.77027035 14.88893032 601.30047607
v 15.77027035 14.88893032 604.00061035
v 15.83983994 14.77077007 604.00061035
v 15.90342999 14.64929008 601.30047607
v 15.83983994 14.77077007 601.30047607
v 15.83983994 14.77077007 604.00061035
v 15.90342999 14.64929008 604.00061035
v 15.96088982 14.52478981 601.30047607
v 15.90342999 14.64929008 604.00061035
v 15.96088982 14.52478981 604.00061035
v 15.90342999 14.64929008 601.30047607
v 16.01206970 14.39758015 601.30047607
v 15.96088982 14.52478981 601.30047607
v 15.96088982 14.52478981 604.00061035
v 16.01206970 14.39758015 604.00061035
v 16.05685043 14.26797962 601.30047607
v 16.01206970 14.39758015 604.00061035
v 16.05685043 14.26797962 604.00061035
v 16.01206970 14.39758015 601.30047607
v 16.09510994 14.13630009 601.30047607
v 16.05685043 14.26797962 604.00061035
v 16.09510994 14.13630009 604.00061035
v 16.05685043 14.26797962 601.30047607
v 16.12676048 14.00288963 601.30047607
v 16.09510994 14.13630009 604.00061035
v 16.12676048 14.00288963 604.00061035
v 16.09510994 14.13630009 601.30047607
v 16.15172005 13.86806011 601.30047607
v 16.12676048 14.00288963 604.00061035
v 16.15172005 13.86806011 604.00061035
v 16.12676048 14.00288963 601.30047607
v 16.16992950 13.73215961 601.30047607
v 16.15172005 13.86806011 604.00061035
v 16.16992950 13.73215961 604.00061035
v 16.15172005 13.86806011 601.30047607
v 12.45312023 12.30193996 604.00061035
v 11.63403034 11.35768986 604.00061035
v 11.73981953 11.27046013 604.00061035
v 12.51082039 12.25434971 604.00061035
v 12.57083035 12.20969963 604.00061035
v 11.84982014 11.18859959 604.00061035
v 12.39787006 12.35233974 604.00061035
v 11.53273010 11.45009995 604.00061035
v 12.63298035 12.16810036 604.00061035
v 11.96376991 11.11231995 604.00061035
v 12.34519005 12.40542984 604.00061035
v 11.43614960 11.54743958 604.00061035
v 12.69713020 12.12963963 604.00061035
v 12.08137989 11.04181957 604.00061035
v 12.29522038 12.46109009 604.00061035
v 11.34455013 11.64947033 604.00061035
v 12.76311970 12.09444046 604.00061035
v 12.20236015 10.97727966 604.00061035
v 12.24808979 12.51916027 604.00061035
v 11.25815010 11.75594044 604.00061035
v 12.83078003 12.06256008 604.00061035
v 12.32639980 10.91884041 604.00061035
v 12.20392036 12.57950974 604.00061035
v 11.17716026 11.86658955 604.00061035
v 12.89993954 12.03409958 604.00061035
v 12.45320034 10.86664963 604.00061035
v 12.16281033 12.64198971 604.00061035
v 11.10179043 11.98112965 604.00061035
v 12.97043991 12.00911999 604.00061035
v 12.58244038 10.82085991 604.00061035
v 12.12485981 12.70643997 604.00061035
v 11.03221989 12.09928989 604.00061035
v 13.04209042 11.98768044 604.00061035
v 12.71380997 10.78155994 604.00061035
v 12.84696960 10.74886036 604.00061035
v 12.09016991 12.77270985 604.00061035
v 10.96862984 12.22076988 604.00061035
v 13.11472988 11.96984005 604.00061035
v 12.05883026 12.84062004 604.00061035
v 10.91117001 12.34527016 604.00061035
v 13.18815994 11.95565033 604.00061035
v 12.98159981 10.72284031 604.00061035
v 12.03090954 12.90999985 604.00061035
v 10.85999012 12.47247982 604.00061035
v 13.26220989 11.94513035 604.00061035
v 13.11736012 10.70355034 604.00061035
v 12.00648975 12.98069000 604.00061035
v 10.81521034 12.60208035 604.00061035
v 13.33668995 11.93832016 604.00061035
v 13.25391006 10.69106960 604.00061035
v 11.98561954 13.05251026 604.00061035
v 10.77694988 12.73375034 604.00061035
v 13.41141987 11.93523026 604.00061035
v 13.39091015 10.68540001 604.00061035
v 13.52801991 10.68657017 604.00061035
v 11.96835995 13.12528992 604.00061035
v 10.74530029 12.86717033 604.00061035
v 13.48620033 11.93587017 604.00061035
v 11.95473957 13.19882965 604.00061035
v 10.72033978 13.00199986 604.00061035
v 13.56087017 11.94023037 604.00061035
v 13.66489983 10.69456959 604.00061035
v 11.94480991 13.27295971 604.00061035
v 10.70213032 13.13790035 604.00061035
v 13.63523006 11.94830990 604.00061035
v 13.80121994 10.70938015 604.00061035
v 11.93859005 13.34749031 604.00061035
v 10.68612957 13.41158962 604.00061035
v 10.69071960 13.27453995 604.00061035
v 13.70907974 11.96008968 604.00061035
v 13.93663025 10.73097992 604.00061035
v 11.93607998 13.42224026 604.00061035
v 13.78225994 11.97554016 604.00061035
v 14.07079029 10.75928974 604.00061035
v 14.20337963 10.79426003 604.00061035
v 11.93731022 13.49701977 604.00061035
v 10.68838024 13.54868984 604.00061035
v 13.85457993 11.99460983 604.00061035
v 11.94225979 13.57164955 604.00061035
v 10.69746017 13.68550014 604.00061035
v 13.92586040 12.01725960 604.00061035
v 14.33405972 10.83578968 604.00061035
v 11.95092964 13.64593983 604.00061035
v 10.71335030 13.82170010 604.00061035
v 13.99592018 12.04343987 604.00061035
v 14.46249962 10.88377953 604.00061035
v 11.96329021 13.71969986 604.00061035
v 10.73600960 13.95693016 604.00061035
v 14.06459045 12.07308006 604.00061035
v 14.58839035 10.93811989 604.00061035
v 11.97931004 13.79275990 604.00061035
v 10.76537991 14.09086990 604.00061035
v 14.13169956 12.10610008 604.00061035
v 14.71142006 10.99866009 604.00061035
v 11.99895000 13.86493015 604.00061035
v 10.80138969 14.22317982 604.00061035
v 14.19707012 12.14243031 604.00061035
v 14.83127975 11.06527042 604.00061035
v 12.02217007 13.93601990 604.00061035
v 10.84395027 14.35352039 604.00061035
v 14.26056004 12.18196964 604.00061035
v 14.94766998 11.13776016 604.00061035
v 12.04889965 14.00588036 604.00061035
v 10.94828033 14.60704041 604.00061035
v 10.89295959 14.48157978 604.00061035
v 14.32199001 12.22463036 604.00061035
v 15.06029987 11.21595955 604.00061035
v 12.07907963 14.07431030 604.00061035
v 14.38123035 12.27029991 604.00061035
v 15.16889000 11.29969025 604.00061035
v 12.11262989 14.14115047 604.00061035
v 11.00979996 14.72959042 604.00061035
v 14.43811035 12.31886005 604.00061035
v 15.27318001 11.38871956 604.00061035
v 12.14947033 14.20623970 604.00061035
v 11.07734013 14.84891987 604.00061035
v 14.49250031 12.37020016 604.00061035
v 15.37289047 11.48283005 604.00061035
v 12.18951035 14.26941013 604.00061035
v 11.15075016 14.96473026 604.00061035
v 14.54426003 12.42418003 604.00061035
v 15.46778965 11.58181000 604.00061035
v 12.23264980 14.33051014 604.00061035
v 11.22984028 15.07674026 604.00061035
v 15.55764008 11.68537998 604.00061035
v 14.59327030 12.48068047 604.00061035
v 11.31441021 15.18467045 604.00061035
v 12.27877998 14.38938046 604.00061035
v 14.63939953 12.53954983 604.00061035
v 15.64221954 11.79331017 604.00061035
v 11.40425968 15.28824997 604.00061035
v 12.32779026 14.44587994 604.00061035
v 15.72130966 11.90532017 604.00061035
v 14.68253994 12.60064030 604.00061035
v 11.49917030 15.38722038 604.00061035
v 12.37956047 14.49985981 604.00061035
v 15.79471970 12.02114010 604.00061035
v 14.72259045 12.66382027 604.00061035
v 14.75942993 12.72889996 604.00061035
v 11.59887981 15.48134041 604.00061035
v 12.43395042 14.55119991 604.00061035
v 15.86225986 12.14046955 604.00061035
v 11.70316029 15.57036972 604.00061035
v 12.49083042 14.59976006 604.00061035
v 15.92376995 12.26301003 604.00061035
v 14.79298019 12.79574966 604.00061035
v 11.81175995 15.65408993 604.00061035
v 12.55006027 14.64542961 604.00061035
v 15.97910023 12.38846970 604.00061035
v 14.82316017 12.86417961 604.00061035
v 11.92438984 15.73229980 604.00061035
v 12.61149979 14.68807983 604.00061035
v 16.02811050 12.51653957 604.00061035
v 14.84988976 12.93402958 604.00061035
v 14.87310028 13.00512981 604.00061035
v 12.04078007 15.80478954 604.00061035
v 12.67498016 14.72762966 604.00061035
v 16.07066917 12.64688015 604.00061035
v 12.16063023 15.87139034 604.00061035
v 12.74036026 14.76395035 604.00061035
v 16.10667992 12.77919006 604.00061035
v 14.89274979 13.07730007 604.00061035
v 12.28365993 15.93194008 604.00061035
v 12.80745983 14.79697990 604.00061035
v 12.87613010 14.82662010 604.00061035
v 16.13604927 12.91312027 604.00061035
v 14.90876961 13.15034962 604.00061035
v 14.92113018 13.22412014 604.00061035
v 12.40956020 15.98626995 604.00061035
v 16.15871048 13.04835987 604.00061035
v 12.53800011 16.03426933 604.00061035
v 12.94620037 14.85280037 604.00061035
v 13.01747036 14.87545013 604.00061035
v 16.17460060 13.18455029 604.00061035
v 14.92978954 13.29839993 604.00061035
v 12.66868019 16.07579994 604.00061035
v 16.18367958 13.32137012 604.00061035
v 14.93474960 13.37302971 604.00061035
v 12.80125999 16.11076927 604.00061035
v 13.08979034 14.89451981 604.00061035
v 16.18593025 13.45847034 604.00061035
v 14.93597031 13.44781971 604.00061035
v 12.93542957 16.13908005 604.00061035
v 13.16296959 14.90997028 604.00061035
v 13.23682976 14.92173958 604.00061035
v 16.18133926 13.59550953 604.00061035
v 14.93346977 13.52256966 604.00061035
v 13.07083988 16.16066933 604.00061035
v 13.31118965 14.92982006 604.00061035
v 16.16992950 13.73215961 604.00061035
v 14.91732025 13.67123032 604.00061035
v 14.92724991 13.59710026 604.00061035
v 13.20715046 16.17548943 604.00061035
v 16.15172005 13.86806011 604.00061035
v 13.34403992 16.18349075 604.00061035
v 13.38584995 14.93418980 604.00061035
v 16.12676048 14.00288963 604.00061035
v 14.90369987 13.74477005 604.00061035
v 14.88644028 13.81754017 604.00061035
v 13.48114967 16.18465996 604.00061035
v 13.46063995 14.93482971 604.00061035
v 16.09510994 14.13630009 604.00061035
v 13.61814976 16.17898941 604.00061035
v 13.53536987 14.93173981 604.00061035
v 13.60984993 14.92492008 604.00061035
v 16.05685043 14.26797962 604.00061035
v 14.86557007 13.88936043 604.00061035
v 13.75469971 16.16650009 604.00061035
v 13.68389988 14.91440964 604.00061035
v 16.01206970 14.39758015 604.00061035
v 14.84113979 13.96006012 604.00061035
v 13.89046001 16.14722061 604.00061035
v 15.96088982 14.52478981 604.00061035
v 14.81322956 14.02943993 604.00061035
v 14.02507973 16.12120056 604.00061035
v 13.75732994 14.90021038 604.00061035
v 13.82997036 14.88237953 604.00061035
v 15.90342999 14.64929008 604.00061035
v 14.78188038 14.09735012 604.00061035
v 14.15824986 16.08849907 604.00061035
v 15.83983994 14.77077007 604.00061035
v 14.74720001 14.16361046 604.00061035
v 14.70925045 14.22805977 604.00061035
v 14.28960991 16.04920006 604.00061035
v 13.90161991 14.86093998 604.00061035
v 15.77027035 14.88893032 604.00061035
v 14.41886044 16.00340080 604.00061035
v 13.97212029 14.83596039 604.00061035
v 14.04127979 14.80749989 604.00061035
v 15.69489956 15.00347042 604.00061035
v 14.66814041 14.29053974 604.00061035
v 14.62395954 14.35089016 604.00061035
v 14.54566002 15.95121956 604.00061035
v 14.10894012 14.77562046 604.00061035
v 15.61390972 15.11411953 604.00061035
v 14.66969967 15.89278030 604.00061035
v 15.52750969 15.22058964 604.00061035
v 14.57682991 14.40896988 604.00061035
v 14.52686977 14.46461964 604.00061035
v 14.79067993 15.82822990 604.00061035
v 14.17492962 14.74040985 604.00061035
v 14.23908043 14.70195961 604.00061035
v 15.43589973 15.32262039 604.00061035
v 14.90828037 15.75772953 604.00061035
v 15.33932972 15.41996002 604.00061035
v 14.47418976 14.51772022 604.00061035
v 15.02223015 15.68146038 604.00061035
v 14.30123043 14.66036034 604.00061035
v 15.23801994 15.51235962 604.00061035
v 14.41893005 14.56812000 604.00061035
v 14.36122990 14.61571026 604.00061035
v 15.13224030 15.59959984 604.00061035
v 12.33693981 11.24538994 601.00061035
v 12.27132034 12.58250999 601.00061035
v 12.44744968 11.19332981 601.00061035
v 12.22916031 11.30290031 601.00061035
v 12.12438011 11.36571026 601.00061035
v 12.02287006 11.43365955 601.00061035
v 11.92486000 11.50658989 601.00061035
v 11.83061981 11.58430958 601.00061035
v 11.74036026 11.66664028 601.00061035
v 11.65431976 11.75335979 601.00061035
v 11.57271004 11.84426022 601.00061035
v 11.49573040 11.93910980 601.00061035
v 11.42358017 12.03769016 601.00061035
v 11.35643005 12.13973999 601.00061035
v 11.29444981 12.24501038 601.00061035
v 11.23779964 12.35324001 601.00061035
v 11.18661022 12.46415043 601.00061035
v 11.14101028 12.57748032 601.00061035
v 11.10112000 12.69295025 601.00061035
v 11.06702995 12.81025982 601.00061035
v 11.03882980 12.92912006 601.00061035
v 11.01659012 13.04924011 601.00061035
v 11.00037003 13.17031956 601.00061035
v 12.91123009 11.04189014 601.00061035
v 13.59197998 12.00010014 601.00061035
v 13.03116989 11.01871014 601.00061035
v 12.79259968 11.07102966 601.00061035
v 12.67556000 11.10604000 601.00061035
v 12.56042004 11.14684010 601.00061035
v 14.35052013 11.16209984 601.00061035
v 14.46267986 11.21051025 601.00061035
v 14.23608971 11.11933994 601.00061035
v 14.11966991 11.08234024 601.00061035
v 14.00154972 11.05119038 601.00061035
v 13.88202000 11.02595997 601.00061035
v 13.76138020 11.00673008 601.00061035
v 13.63994026 10.99353027 601.00061035
v 13.51799011 10.98639965 601.00061035
v 13.39583015 10.98536015 601.00061035
v 13.27377033 10.99040985 601.00061035
v 13.15211964 11.00152969 601.00061035
v 14.57229042 11.26445007 601.00061035
v 14.67907047 11.32378960 601.00061035
v 14.78275967 11.38836956 601.00061035
v 14.88311005 11.45804024 601.00061035
v 10.99020004 13.29205036 601.00061035
v 12.11536980 14.01743031 601.00061035
v 10.98612022 13.41413975 601.00061035
v 10.98812008 13.53629017 601.00061035
v 10.99621010 13.65818024 601.00061035
v 11.01037025 13.77952003 601.00061035
v 11.03055954 13.89999962 601.00061035
v 11.05671978 14.01931953 601.00061035
v 11.08880043 14.13720036 601.00061035
v 11.12672043 14.25331974 601.00061035
v 11.17037964 14.36742020 601.00061035
v 11.21967030 14.47918987 601.00061035
v 11.27447033 14.58837032 601.00061035
v 11.33465004 14.69468021 601.00061035
v 11.40005016 14.79786015 601.00061035
v 11.47052002 14.89764977 601.00061035
v 11.54586029 14.99380016 601.00061035
v 11.62590981 15.08607960 601.00061035
v 11.71045971 15.17426014 601.00061035
v 14.75669003 12.85262012 601.00061035
v 15.47200012 12.07219982 601.00061035
v 15.53740025 12.17537975 601.00061035
v 15.40153980 11.97241020 601.00061035
v 15.32618999 11.87625027 601.00061035
v 15.24615002 11.78398037 601.00061035
v 15.16160011 11.69579983 601.00061035
v 15.07275963 11.61194992 601.00061035
v 14.97984982 11.53262997 601.00061035
v 11.79930019 15.25811005 601.00061035
v 15.59757996 12.28168964 601.00061035
v 11.89221001 15.33742046 601.00061035
v 15.65237999 12.39087009 601.00061035
v 11.98894978 15.41201019 601.00061035
v 15.70168018 12.50263977 601.00061035
v 15.74532986 12.61674023 601.00061035
v 15.78324986 12.73285961 601.00061035
v 12.08930016 15.48169041 601.00061035
v 13.28007984 14.86995029 601.00061035
v 12.19299030 15.54627037 601.00061035
v 12.29977036 15.60560989 601.00061035
v 15.81534004 12.85072994 601.00061035
v 12.40937042 15.65954971 601.00061035
v 15.84150028 12.97006035 601.00061035
v 12.52153015 15.70796013 601.00061035
v 15.86168957 13.09053993 601.00061035
v 12.63597012 15.75072002 601.00061035
v 15.87584019 13.21187973 601.00061035
v 12.75238991 15.78771973 601.00061035
v 15.88393021 13.33376980 601.00061035
v 12.87051010 15.81886959 601.00061035
v 15.88593960 13.45590973 601.00061035
v 12.99003983 15.84409046 601.00061035
v 15.88185024 13.57800961 601.00061035
v 13.11067009 15.86332989 601.00061035
v 14.60074043 14.28754997 601.00061035
v 15.87168980 13.69974041 601.00061035
v 13.23211956 15.87652969 601.00061035
v 15.85546017 13.82081985 601.00061035
v 13.35406971 15.88366032 601.00061035
v 15.83323002 13.94093990 601.00061035
v 13.47622967 15.88469982 601.00061035
v 15.80502987 14.05980015 601.00061035
v 13.59827995 15.87965012 601.00061035
v 15.77093983 14.17710972 601.00061035
v 13.71994019 15.86851978 601.00061035
v 15.73104954 14.29257011 601.00061035
v 13.84088039 15.85134983 601.00061035
v 15.68544960 14.40590000 601.00061035
v 13.96082020 15.82816029 601.00061035
v 15.63426018 14.51681995 601.00061035
v 14.07946014 15.79903030 601.00061035
v 15.57761002 14.62504959 601.00061035
v 14.19649029 15.76401997 601.00061035
v 15.51562023 14.73031998 601.00061035
v 14.31163979 15.72321987 601.00061035
v 15.44847965 14.83236980 601.00061035
v 14.42461014 15.67673016 601.00061035
v 15.37631989 14.93093967 601.00061035
v 14.53512001 15.62465954 601.00061035
v 15.29934025 15.02579975 601.00061035
v 14.64290047 15.56715965 601.00061035
v 15.21774006 15.11670017 601.00061035
v 14.74767017 15.50434971 601.00061035
v 15.13169003 15.20341969 601.00061035
v 14.84918976 15.43640041 601.00061035
v 15.04144001 15.28575039 601.00061035
v 14.94719028 15.36347008 601.00061035
v 12.45567989 12.75432014 612.00061035
v 12.49083042 12.70629978 612.00061035
v 12.52832985 12.66009998 612.00061035
v 13.06556988 12.30047989 612.00061035
v 12.90060997 12.36835957 612.00061035
v 12.95444965 12.34300041 612.00061035
v 13.00948048 12.32034969 612.00061035
v 12.31803036 13.01727962 612.00061035
v 12.34023952 12.96207047 612.00061035
v 12.36518002 12.90804005 612.00061035
v 12.39278030 12.85531998 612.00061035
v 12.42296982 12.80403996 612.00061035
v 13.29771996 12.24956989 612.00061035
v 13.18037987 12.26922989 612.00061035
v 13.23880959 12.25794029 612.00061035
v 13.35698986 12.24415016 612.00061035
v 13.18037987 12.26922989 612.00061035
v 13.29771996 12.24956989 612.00061035
v 13.47595024 12.24219990 612.00061035
v 13.41644955 12.24168968 612.00061035
v 13.76906013 12.28892994 612.00061035
v 13.59451962 12.25209999 612.00061035
v 13.65328979 12.26146984 612.00061035
v 13.71152020 12.27375984 612.00061035
v 12.25438976 13.60284042 612.00061035
v 12.24748993 13.54374027 612.00061035
v 12.24355030 13.48435974 612.00061035
v 13.93614960 12.35136986 612.00061035
v 13.82577038 12.30696011 612.00061035
v 13.88152027 12.32779026 612.00061035
v 12.29259014 13.77707958 612.00061035
v 12.27696991 13.71965981 612.00061035
v 12.26422024 13.66152954 612.00061035
v 12.29259014 13.77707958 612.00061035
v 12.26422024 13.66152954 612.00061035
v 12.25438976 13.60284042 612.00061035
v 14.04156971 12.40655041 612.00061035
v 13.98954964 12.37765026 612.00061035
v 14.09208012 12.43801022 612.00061035
v 14.09208012 12.43801022 612.00061035
v 13.93614960 12.35136986 612.00061035
v 14.04156971 12.40655041 612.00061035
v 12.33234024 13.88922977 612.00061035
v 12.31107044 13.83364964 612.00061035
v 12.38304043 13.99687004 612.00061035
v 12.35634995 13.94367981 612.00061035
v 12.33234024 13.88922977 612.00061035
v 12.44421959 14.09891987 612.00061035
v 12.44421959 14.09891987 612.00061035
v 12.41236019 14.04866028 612.00061035
v 12.38304043 13.99687004 612.00061035
v 14.31781006 12.63072968 612.00061035
v 14.14095974 12.47196007 612.00061035
v 14.31781006 12.63072968 612.00061035
v 14.14095974 12.47196007 612.00061035
v 14.18809032 12.50829029 612.00061035
v 14.31781006 12.63072968 612.00061035
v 14.18809032 12.50829029 612.00061035
v 14.23334980 12.54693031 612.00061035
v 14.23334980 12.54693031 612.00061035
v 14.27663040 12.58778000 612.00061035
v 12.51525021 14.19437027 612.00061035
v 12.47854042 14.14752960 612.00061035
v 14.39350986 12.72251987 612.00061035
v 14.35680962 12.67568016 612.00061035
v 12.59543037 14.28227997 612.00061035
v 12.25438976 13.60284042 612.00061035
v 12.24355030 13.48435974 612.00061035
v 12.29259014 13.77707958 612.00061035
v 12.51525021 14.19437027 612.00061035
v 12.59543037 14.28227997 612.00061035
v 12.55424023 14.23933029 612.00061035
v 12.24256992 13.42486000 612.00061035
v 14.45969963 12.82139969 612.00061035
v 14.42784023 12.77114010 612.00061035
v 14.48900986 12.87318993 612.00061035
v 14.51570988 12.92636967 612.00061035
v 14.48900986 12.87318993 612.00061035
v 14.53971958 12.98081970 612.00061035
v 14.51570988 12.92636967 612.00061035
v 12.77997971 14.43204021 612.00061035
v 12.73110008 14.39809990 612.00061035
v 12.68397045 14.36176968 612.00061035
v 12.77997971 14.43204021 612.00061035
v 12.68397045 14.36176968 612.00061035
v 12.63871002 14.32312965 612.00061035
v 12.77997971 14.43204021 612.00061035
v 12.63871002 14.32312965 612.00061035
v 12.59543037 14.28227997 612.00061035
v 12.45567989 12.75432014 612.00061035
v 12.52832985 12.66009998 612.00061035
v 12.24456024 13.36538029 612.00061035
v 12.24952030 13.30607986 612.00061035
v 12.25741959 13.24709034 612.00061035
v 12.26825047 13.18857956 612.00061035
v 12.28199005 13.13068008 612.00061035
v 12.29858971 13.07353020 612.00061035
v 12.56807995 12.61581039 612.00061035
v 12.60999966 12.57357025 612.00061035
v 12.65396023 12.53347015 612.00061035
v 12.69987011 12.49559975 612.00061035
v 12.74761963 12.46008015 612.00061035
v 12.79706955 12.42696953 612.00061035
v 14.56099033 13.03639984 612.00061035
v 12.88251019 14.49240971 612.00061035
v 12.83049011 14.46350956 612.00061035
v 12.77997971 14.43204021 612.00061035
v 14.60783958 13.20851994 612.00061035
v 14.57946014 13.09296989 612.00061035
v 14.59508991 13.15038967 612.00061035
v 14.61767006 13.26721001 612.00061035
v 14.61767006 13.26721001 612.00061035
v 14.57946014 13.09296989 612.00061035
v 14.60783958 13.20851994 612.00061035
v 13.10299969 14.58111954 612.00061035
v 13.04627991 14.56309986 612.00061035
v 12.99053955 14.54226971 612.00061035
v 12.93589973 14.51869011 612.00061035
v 13.16053963 14.59630013 612.00061035
v 12.88251019 14.49240971 612.00061035
v 14.62948036 13.44519997 612.00061035
v 14.61767006 13.26721001 612.00061035
v 14.62456989 13.32631969 612.00061035
v 14.62948036 13.44519997 612.00061035
v 14.62456989 13.32631969 612.00061035
v 14.62851048 13.38570023 612.00061035
v 13.39610004 14.62786007 612.00061035
v 13.33670044 14.62438965 612.00061035
v 13.27754021 14.61795998 612.00061035
v 13.21877003 14.60859013 612.00061035
v 14.60381031 13.68148041 612.00061035
v 14.62254047 13.56398010 612.00061035
v 14.61464024 13.62296009 612.00061035
v 14.59006977 13.73937988 612.00061035
v 14.62948036 13.44519997 612.00061035
v 14.62749004 13.50467968 612.00061035
v 14.59006977 13.73937988 612.00061035
v 14.62749004 13.50467968 612.00061035
v 14.62254047 13.56398010 612.00061035
v 14.59006977 13.73937988 612.00061035
v 14.62254047 13.56398010 612.00061035
v 14.60381031 13.68148041 612.00061035
v 13.57433033 14.62049007 612.00061035
v 13.51506996 14.62590981 612.00061035
v 13.45561028 14.62837029 612.00061035
v 14.55403042 13.85278034 612.00061035
v 14.59006977 13.73937988 612.00061035
v 14.57345963 13.79652977 612.00061035
v 14.53182030 13.90797997 612.00061035
v 14.53182030 13.90797997 612.00061035
v 14.59006977 13.73937988 612.00061035
v 14.55403042 13.85278034 612.00061035
v 13.69167995 14.60083008 612.00061035
v 13.69167995 14.60083008 612.00061035
v 13.63325024 14.61211967 612.00061035
v 13.57433033 14.62049007 612.00061035
v 13.74946976 14.58662987 612.00061035
v 14.41637993 14.11573029 612.00061035
v 14.50687981 13.96201992 612.00061035
v 14.47928047 14.01473999 612.00061035
v 14.41637993 14.11573029 612.00061035
v 14.47928047 14.01473999 612.00061035
v 14.44909000 14.06602001 612.00061035
v 14.38123035 14.16374969 612.00061035
v 14.50687981 13.96201992 612.00061035
v 14.41637993 14.11573029 612.00061035
v 14.34372997 14.20995998 612.00061035
v 14.02394962 14.47367954 612.00061035
v 13.97144032 14.50168991 612.00061035
v 13.91761017 14.52705956 612.00061035
v 14.02394962 14.47367954 612.00061035
v 13.91761017 14.52705956 612.00061035
v 13.86258030 14.54969978 612.00061035
v 13.80648994 14.56958008 612.00061035
v 14.30397034 14.25424004 612.00061035
v 14.07499027 14.44307995 612.00061035
v 14.12444019 14.40997982 612.00061035
v 14.21809006 14.33658981 612.00061035
v 14.26206017 14.29648972 612.00061035
v 14.17218018 14.37444973 612.00061035
v 12.84811020 12.39638042 612.00061035
v 13.12259007 12.28341961 612.00061035
v 13.53536034 12.24567032 612.00061035
v 13.28007984 14.86995029 602.30047607
v 12.11536980 14.01743031 602.30047607
v 13.28007984 14.86995029 601.00061035
v 12.11536980 14.01743031 601.00061035
v 12.27132034 12.58250999 601.00061035
v 12.11536980 14.01743031 602.30047607
v 12.27132034 12.58250999 602.30047607
v 12.11536980 14.01743031 601.00061035
v 12.27132034 12.58250999 602.30047607
v 13.59197998 12.00010014 602.30047607
v 12.27132034 12.58250999 601.00061035
v 13.59197998 12.00010014 601.00061035
v 13.59197998 12.00010014 602.30047607
v 14.75669003 12.85262012 602.30047607
v 13.59197998 12.00010014 601.00061035
v 14.75669003 12.85262012 601.00061035
v 14.60074043 14.28754997 602.30047607
v 14.60074043 14.28754997 601.00061035
v 14.75669003 12.85262012 602.30047607
v 14.75669003 12.85262012 601.00061035
v 14.60074043 14.28754997 602.30047607
v 13.28007984 14.86995029 602.30047607
v 14.60074043 14.28754997 601.00061035
v 13.28007984 14.86995029 601.00061035
v 12.27132034 12.58250999 602.30047607
v 14.75669003 12.85262012 602.30047607
v 13.59197998 12.00010014 602.30047607
v 13.28007984 14.86995029 602.30047607
v 14.60074043 14.28754997 602.30047607
v 12.11536980 14.01743031 602.30047607
v -11.93657970 -13.34749031 604.00061035
v -11.94281006 -13.27295971 604.00061035
v -11.94281006 -13.27295971 611.69396973
v -11.93657970 -13.34749031 611.69396973
v -11.93408012 -13.42224026 604.00061035
v -11.93657970 -13.34749031 611.69396973
v -11.93408012 -13.42224026 611.69396973
v -11.93657970 -13.34749031 604.00061035
v -11.93531036 -13.49701977 604.00061035
v -11.93408012 -13.42224026 611.69396973
v -11.93531036 -13.49701977 611.69396973
v -11.93408012 -13.42224026 604.00061035
v -11.94025993 -13.57164955 604.00061035
v -11.93531036 -13.49701977 611.69396973
v -11.94025993 -13.57164955 611.69396973
v -11.93531036 -13.49701977 604.00061035
v -11.94892979 -13.64593983 604.00061035
v -11.94025993 -13.57164955 611.69396973
v -11.94892979 -13.64593983 611.69396973
v -11.94025993 -13.57164955 604.00061035
v -11.96129036 -13.71969986 604.00061035
v -11.94892979 -13.64593983 611.69396973
v -11.96129036 -13.71969986 611.69396973
v -11.94892979 -13.64593983 604.00061035
v -11.97731018 -13.79275990 604.00061035
v -11.96129036 -13.71969986 611.69396973
v -11.97731018 -13.79275990 611.69396973
v -11.96129036 -13.71969986 604.00061035
v -11.99695015 -13.86493015 604.00061035
v -11.97731018 -13.79275990 611.69396973
v -11.99695015 -13.86493015 611.69396973
v -11.97731018 -13.79275990 604.00061035
v -12.02017021 -13.93601990 604.00061035
v -11.99695015 -13.86493015 611.69396973
v -12.02017021 -13.93601990 611.69396973
v -11.99695015 -13.86493015 604.00061035
v -12.04689980 -14.00588036 604.00061035
v -12.02017021 -13.93601990 611.69396973
v -12.04689980 -14.00588036 611.69396973
v -12.02017021 -13.93601990 604.00061035
v -12.07707977 -14.07431030 604.00061035
v -12.04689980 -14.00588036 604.00061035
v -12.04689980 -14.00588036 611.69396973
v -12.07707977 -14.07431030 611.69396973
v -12.11063004 -14.14115047 604.00061035
v -12.07707977 -14.07431030 604.00061035
v -12.07707977 -14.07431030 611.69396973
v -12.11063004 -14.14115047 611.69396973
v -12.14747047 -14.20623970 604.00061035
v -12.11063004 -14.14115047 604.00061035
v -12.11063004 -14.14115047 611.69396973
v -12.14747047 -14.20623970 611.69396973
v -12.18750954 -14.26941013 604.00061035
v -12.14747047 -14.20623970 604.00061035
v -12.14747047 -14.20623970 611.69396973
v -12.18750954 -14.26941013 611.69396973
v -12.23064995 -14.33051014 604.00061035
v -12.18750954 -14.26941013 604.00061035
v -12.18750954 -14.26941013 611.69396973
v -12.23064995 -14.33051014 611.69396973
v -12.27678013 -14.38938046 604.00061035
v -12.23064995 -14.33051014 604.00061035
v -12.23064995 -14.33051014 611.69396973
v -12.27678013 -14.38938046 611.69396973
v -12.32579041 -14.44587994 604.00061035
v -12.27678013 -14.38938046 604.00061035
v -12.27678013 -14.38938046 611.69396973
v -12.32579041 -14.44587994 611.69396973
v -12.37755966 -14.49985981 604.00061035
v -12.32579041 -14.44587994 604.00061035
v -12.32579041 -14.44587994 611.69396973
v -12.37755966 -14.49985981 611.69396973
v -12.43194962 -14.55119991 604.00061035
v -12.37755966 -14.49985981 604.00061035
v -12.37755966 -14.49985981 611.69396973
v -12.43194962 -14.55119991 611.69396973
v -12.48882961 -14.59976006 604.00061035
v -12.43194962 -14.55119991 604.00061035
v -12.43194962 -14.55119991 611.69396973
v -12.48882961 -14.59976006 611.69396973
v -12.54806042 -14.64542961 604.00061035
v -12.48882961 -14.59976006 604.00061035
v -12.48882961 -14.59976006 611.69396973
v -12.54806042 -14.64542961 611.69396973
v -12.60949993 -14.68807983 604.00061035
v -12.54806042 -14.64542961 604.00061035
v -12.54806042 -14.64542961 611.69396973
v -12.60949993 -14.68807983 611.69396973
v -12.67298031 -14.72762966 604.00061035
v -12.60949993 -14.68807983 611.69396973
v -12.67298031 -14.72762966 611.69396973
v -12.60949993 -14.68807983 604.00061035
v -12.73836040 -14.76395035 604.00061035
v -12.67298031 -14.72762966 611.69396973
v -12.73836040 -14.76395035 611.69396973
v -12.67298031 -14.72762966 604.00061035
v -12.80547047 -14.79697990 604.00061035
v -12.73836040 -14.76395035 611.69396973
v -12.80547047 -14.79697990 611.69396973
v -12.73836040 -14.76395035 604.00061035
v -12.87413025 -14.82662010 604.00061035
v -12.80547047 -14.79697990 611.69396973
v -12.87413025 -14.82662010 611.69396973
v -12.80547047 -14.79697990 604.00061035
v -12.94419956 -14.85280037 604.00061035
v -12.87413025 -14.82662010 611.69396973
v -12.94419956 -14.85280037 611.69396973
v -12.87413025 -14.82662010 604.00061035
v -13.01546955 -14.87545013 604.00061035
v -12.94419956 -14.85280037 611.69396973
v -13.01546955 -14.87545013 611.69396973
v -12.94419956 -14.85280037 604.00061035
v -13.08778954 -14.89451981 604.00061035
v -13.01546955 -14.87545013 611.69396973
v -13.08778954 -14.89451981 611.69396973
v -13.01546955 -14.87545013 604.00061035
v -13.16096973 -14.90997028 604.00061035
v -13.08778954 -14.89451981 611.69396973
v -13.16096973 -14.90997028 611.69396973
v -13.08778954 -14.89451981 604.00061035
v -13.23482990 -14.92173958 604.00061035
v -13.16096973 -14.90997028 611.69396973
v -13.23482990 -14.92173958 611.69396973
v -13.16096973 -14.90997028 604.00061035
v -13.30918980 -14.92982006 604.00061035
v -13.23482990 -14.92173958 611.69396973
v -13.30918980 -14.92982006 611.69396973
v -13.23482990 -14.92173958 604.00061035
v -13.38385010 -14.93418980 604.00061035
v -13.30918980 -14.92982006 611.69396973
v -13.38385010 -14.93418980 611.69396973
v -13.30918980 -14.92982006 604.00061035
v -13.45864010 -14.93482971 604.00061035
v -13.38385010 -14.93418980 611.69396973
v -13.45864010 -14.93482971 611.69396973
v -13.38385010 -14.93418980 604.00061035
v -13.53337002 -14.93173981 604.00061035
v -13.45864010 -14.93482971 611.69396973
v -13.53337002 -14.93173981 611.69396973
v -13.45864010 -14.93482971 604.00061035
v -13.60785007 -14.92492008 604.00061035
v -13.53337002 -14.93173981 611.69396973
v -13.60785007 -14.92492008 611.69396973
v -13.53337002 -14.93173981 604.00061035
v -13.68190002 -14.91440964 604.00061035
v -13.60785007 -14.92492008 604.00061035
v -13.60785007 -14.92492008 611.69396973
v -13.68190002 -14.91440964 611.69396973
v -13.75533009 -14.90021038 604.00061035
v -13.68190002 -14.91440964 604.00061035
v -13.68190002 -14.91440964 611.69396973
v -13.75533009 -14.90021038 611.69396973
v -13.82796955 -14.88237953 604.00061035
v -13.75533009 -14.90021038 604.00061035
v -13.75533009 -14.90021038 611.69396973
v -13.82796955 -14.88237953 611.69396973
v -13.89962006 -14.86093998 604.00061035
v -13.82796955 -14.88237953 604.00061035
v -13.82796955 -14.88237953 611.69396973
v -13.89962006 -14.86093998 611.69396973
v -13.97012043 -14.83596039 604.00061035
v -13.89962006 -14.86093998 604.00061035
v -13.89962006 -14.86093998 611.69396973
v -13.97012043 -14.83596039 611.69396973
v -14.03927994 -14.80749989 604.00061035
v -13.97012043 -14.83596039 604.00061035
v -13.97012043 -14.83596039 611.69396973
v -14.03927994 -14.80749989 611.69396973
v -14.10694027 -14.77562046 604.00061035
v -14.03927994 -14.80749989 604.00061035
v -14.03927994 -14.80749989 611.69396973
v -14.10694027 -14.77562046 611.69396973
v -14.17292976 -14.74040985 604.00061035
v -14.10694027 -14.77562046 604.00061035
v -14.10694027 -14.77562046 611.69396973
v -14.17292976 -14.74040985 611.69396973
v -14.23707962 -14.70195961 604.00061035
v -14.17292976 -14.74040985 604.00061035
v -14.17292976 -14.74040985 611.69396973
v -14.23707962 -14.70195961 611.69396973
v -14.29922962 -14.66036034 604.00061035
v -14.23707962 -14.70195961 604.00061035
v -14.23707962 -14.70195961 611.69396973
v -14.29922962 -14.66036034 611.69396973
v -14.35923004 -14.61571026 604.00061035
v -14.29922962 -14.66036034 604.00061035
v -14.29922962 -14.66036034 611.69396973
v -14.35923004 -14.61571026 611.69396973
v -14.41693020 -14.56812000 604.00061035
v -14.35923004 -14.61571026 604.00061035
v -14.35923004 -14.61571026 611.69396973
v -14.41693020 -14.56812000 611.69396973
v -14.47218990 -14.51772022 604.00061035
v -14.41693020 -14.56812000 604.00061035
v -14.41693020 -14.56812000 611.69396973
v -14.47218990 -14.51772022 611.69396973
v -14.52486992 -14.46461964 604.00061035
v -14.47218990 -14.51772022 604.00061035
v -14.47218990 -14.51772022 611.69396973
v -14.52486992 -14.46461964 611.69396973
v -14.57483006 -14.40896988 604.00061035
v -14.52486992 -14.46461964 604.00061035
v -14.52486992 -14.46461964 611.69396973
v -14.57483006 -14.40896988 611.69396973
v -14.62195969 -14.35089016 604.00061035
v -14.57483006 -14.40896988 604.00061035
v -14.57483006 -14.40896988 611.69396973
v -14.62195969 -14.35089016 611.69396973
v -14.62195969 -14.35089016 604.00061035
v -14.62195969 -14.35089016 611.69396973
v -14.66613960 -14.29053974 611.69396973
v -14.66613960 -14.29053974 604.00061035
v -14.70724964 -14.22805977 604.00061035
v -14.66613960 -14.29053974 604.00061035
v -14.66613960 -14.29053974 611.69396973
v -14.70724964 -14.22805977 611.69396973
v -14.74520016 -14.16361046 604.00061035
v -14.70724964 -14.22805977 604.00061035
v -14.70724964 -14.22805977 611.69396973
v -14.74520016 -14.16361046 611.69396973
v -14.77987957 -14.09735012 604.00061035
v -14.74520016 -14.16361046 604.00061035
v -14.74520016 -14.16361046 611.69396973
v -14.77987957 -14.09735012 611.69396973
v -14.77987957 -14.09735012 604.00061035
v -14.77987957 -14.09735012 611.69396973
v -14.81122971 -14.02943993 611.69396973
v -14.81122971 -14.02943993 604.00061035
v -14.83913994 -13.96006012 604.00061035
v -14.81122971 -14.02943993 611.69396973
v -14.83913994 -13.96006012 611.69396973
v -14.81122971 -14.02943993 604.00061035
v -14.86357021 -13.88936043 604.00061035
v -14.83913994 -13.96006012 611.69396973
v -14.86357021 -13.88936043 611.69396973
v -14.83913994 -13.96006012 604.00061035
v -14.88444042 -13.81754017 604.00061035
v -14.86357021 -13.88936043 611.69396973
v -14.88444042 -13.81754017 611.69396973
v -14.86357021 -13.88936043 604.00061035
v -14.90170002 -13.74477005 604.00061035
v -14.88444042 -13.81754017 611.69396973
v -14.90170002 -13.74477005 611.69396973
v -14.88444042 -13.81754017 604.00061035
v -14.91530991 -13.67123032 604.00061035
v -14.90170002 -13.74477005 604.00061035
v -14.90170002 -13.74477005 611.69396973
v -14.91530991 -13.67123032 611.69396973
v -14.92525005 -13.59710026 604.00061035
v -14.91530991 -13.67123032 604.00061035
v -14.91530991 -13.67123032 611.69396973
v -14.92525005 -13.59710026 611.69396973
v -14.93146992 -13.52256966 604.00061035
v -14.92525005 -13.59710026 604.00061035
v -14.92525005 -13.59710026 611.69396973
v -14.93146992 -13.52256966 611.69396973
v -14.93397045 -13.44781971 604.00061035
v -14.93146992 -13.52256966 604.00061035
v -14.93146992 -13.52256966 611.69396973
v -14.93397045 -13.44781971 611.69396973
v -14.93274975 -13.37302971 604.00061035
v -14.93397045 -13.44781971 604.00061035
v -14.93397045 -13.44781971 611.69396973
v -14.93274975 -13.37302971 611.69396973
v -14.92778969 -13.29839993 604.00061035
v -14.93274975 -13.37302971 604.00061035
v -14.93274975 -13.37302971 611.69396973
v -14.92778969 -13.29839993 611.69396973
v -14.92778969 -13.29839993 604.00061035
v -14.92778969 -13.29839993 611.69396973
v -14.91913033 -13.22412014 611.69396973
v -14.91913033 -13.22412014 604.00061035
v -14.90676975 -13.15034962 604.00061035
v -14.91913033 -13.22412014 604.00061035
v -14.91913033 -13.22412014 611.69396973
v -14.90676975 -13.15034962 611.69396973
v -14.89074993 -13.07730007 604.00061035
v -14.90676975 -13.15034962 604.00061035
v -14.90676975 -13.15034962 611.69396973
v -14.89074993 -13.07730007 611.69396973
v -14.87110043 -13.00512981 604.00061035
v -14.89074993 -13.07730007 604.00061035
v -14.89074993 -13.07730007 611.69396973
v -14.87110043 -13.00512981 611.69396973
v -14.84788990 -12.93402958 604.00061035
v -14.87110043 -13.00512981 604.00061035
v -14.87110043 -13.00512981 611.69396973
v -14.84788990 -12.93402958 611.69396973
v -14.82116032 -12.86417961 604.00061035
v -14.84788990 -12.93402958 604.00061035
v -14.84788990 -12.93402958 611.69396973
v -14.82116032 -12.86417961 611.69396973
v -14.79098034 -12.79574966 604.00061035
v -14.82116032 -12.86417961 604.00061035
v -14.82116032 -12.86417961 611.69396973
v -14.79098034 -12.79574966 611.69396973
v -14.75743008 -12.72889996 604.00061035
v -14.79098034 -12.79574966 611.69396973
v -14.75743008 -12.72889996 611.69396973
v -14.79098034 -12.79574966 604.00061035
v -14.72058964 -12.66382027 604.00061035
v -14.75743008 -12.72889996 611.69396973
v -14.72058964 -12.66382027 611.69396973
v -14.75743008 -12.72889996 604.00061035
v -14.68054008 -12.60064030 604.00061035
v -14.72058964 -12.66382027 611.69396973
v -14.68054008 -12.60064030 611.69396973
v -14.72058964 -12.66382027 604.00061035
v -14.63739967 -12.53954983 604.00061035
v -14.68054008 -12.60064030 611.69396973
v -14.63739967 -12.53954983 611.69396973
v -14.68054008 -12.60064030 604.00061035
v -14.59127045 -12.48068047 604.00061035
v -14.63739967 -12.53954983 611.69396973
v -14.59127045 -12.48068047 611.69396973
v -14.63739967 -12.53954983 604.00061035
v -14.54226017 -12.42418003 604.00061035
v -14.59127045 -12.48068047 611.69396973
v -14.54226017 -12.42418003 611.69396973
v -14.59127045 -12.48068047 604.00061035
v -14.49050045 -12.37020016 604.00061035
v -14.54226017 -12.42418003 611.69396973
v -14.49050045 -12.37020016 611.69396973
v -14.49050045 -12.37020016 604.00061035
v -14.49050045 -12.37020016 611.69396973
v -14.43610954 -12.31886005 611.69396973
v -14.54226017 -12.42418003 604.00061035
v -14.43610954 -12.31886005 604.00061035
v -14.37922955 -12.27029991 604.00061035
v -14.43610954 -12.31886005 611.69396973
v -14.37922955 -12.27029991 611.69396973
v -14.43610954 -12.31886005 604.00061035
v -14.31999016 -12.22463036 604.00061035
v -14.37922955 -12.27029991 611.69396973
v -14.31999016 -12.22463036 611.69396973
v -14.37922955 -12.27029991 604.00061035
v -14.25856018 -12.18196964 604.00061035
v -14.31999016 -12.22463036 611.69396973
v -14.25856018 -12.18196964 611.69396973
v -14.31999016 -12.22463036 604.00061035
v -14.19507027 -12.14243031 604.00061035
v -14.25856018 -12.18196964 611.69396973
v -14.19507027 -12.14243031 611.69396973
v -14.25856018 -12.18196964 604.00061035
v -14.12969971 -12.10610008 604.00061035
v -14.19507027 -12.14243031 611.69396973
v -14.12969971 -12.10610008 611.69396973
v -14.19507027 -12.14243031 604.00061035
v -14.06258965 -12.07308006 604.00061035
v -14.12969971 -12.10610008 604.00061035
v -14.12969971 -12.10610008 611.69396973
v -14.06258965 -12.07308006 611.69396973
v -14.06258965 -12.07308006 604.00061035
v -14.06258965 -12.07308006 611.69396973
v -13.99392033 -12.04343987 611.69396973
v -13.99392033 -12.04343987 604.00061035
v -13.92385960 -12.01725960 604.00061035
v -13.99392033 -12.04343987 604.00061035
v -13.99392033 -12.04343987 611.69396973
v -13.92385960 -12.01725960 611.69396973
v -13.85258007 -11.99460983 604.00061035
v -13.92385960 -12.01725960 604.00061035
v -13.92385960 -12.01725960 611.69396973
v -13.85258007 -11.99460983 611.69396973
v -13.78026009 -11.97554016 604.00061035
v -13.85258007 -11.99460983 611.69396973
v -13.78026009 -11.97554016 611.69396973
v -13.85258007 -11.99460983 604.00061035
v -13.70707989 -11.96008968 604.00061035
v -13.78026009 -11.97554016 611.69396973
v -13.70707989 -11.96008968 611.69396973
v -13.78026009 -11.97554016 604.00061035
v -13.63321972 -11.94830990 604.00061035
v -13.70707989 -11.96008968 611.69396973
v -13.63321972 -11.94830990 611.69396973
v -13.70707989 -11.96008968 604.00061035
v -13.55887032 -11.94023037 604.00061035
v -13.63321972 -11.94830990 611.69396973
v -13.55887032 -11.94023037 611.69396973
v -13.63321972 -11.94830990 604.00061035
v -13.48421001 -11.93587017 604.00061035
v -13.55887032 -11.94023037 611.69396973
v -13.48421001 -11.93587017 611.69396973
v -13.48421001 -11.93587017 604.00061035
v -13.48421001 -11.93587017 611.69396973
v -13.40942001 -11.93523026 611.69396973
v -13.55887032 -11.94023037 604.00061035
v -13.40942001 -11.93523026 604.00061035
v -13.33469009 -11.93832016 604.00061035
v -13.40942001 -11.93523026 611.69396973
v -13.33469009 -11.93832016 611.69396973
v -13.40942001 -11.93523026 604.00061035
v -13.26021004 -11.94513035 604.00061035
v -13.33469009 -11.93832016 611.69396973
v -13.26021004 -11.94513035 611.69396973
v -13.33469009 -11.93832016 604.00061035
v -13.18616009 -11.95565033 604.00061035
v -13.26021004 -11.94513035 611.69396973
v -13.18616009 -11.95565033 611.69396973
v -13.26021004 -11.94513035 604.00061035
v -13.11273003 -11.96984005 604.00061035
v -13.18616009 -11.95565033 611.69396973
v -13.11273003 -11.96984005 611.69396973
v -13.18616009 -11.95565033 604.00061035
v -13.04008961 -11.98768044 604.00061035
v -13.11273003 -11.96984005 611.69396973
v -13.04008961 -11.98768044 611.69396973
v -13.11273003 -11.96984005 604.00061035
v -12.96844006 -12.00911999 604.00061035
v -13.04008961 -11.98768044 611.69396973
v -12.96844006 -12.00911999 611.69396973
v -12.96844006 -12.00911999 604.00061035
v -12.96844006 -12.00911999 611.69396973
v -12.89793968 -12.03409958 611.69396973
v -13.04008961 -11.98768044 604.00061035
v -12.89793968 -12.03409958 604.00061035
v -12.82878017 -12.06256008 604.00061035
v -12.89793968 -12.03409958 611.69396973
v -12.82878017 -12.06256008 611.69396973
v -12.89793968 -12.03409958 604.00061035
v -12.76111984 -12.09444046 604.00061035
v -12.82878017 -12.06256008 611.69396973
v -12.76111984 -12.09444046 611.69396973
v -12.82878017 -12.06256008 604.00061035
v -12.69513035 -12.12963963 604.00061035
v -12.76111984 -12.09444046 611.69396973
v -12.69513035 -12.12963963 611.69396973
v -12.76111984 -12.09444046 604.00061035
v -12.63097954 -12.16810036 604.00061035
v -12.69513035 -12.12963963 611.69396973
v -12.63097954 -12.16810036 611.69396973
v -12.69513035 -12.12963963 604.00061035
v -12.56882954 -12.20969963 604.00061035
v -12.63097954 -12.16810036 611.69396973
v -12.56882954 -12.20969963 611.69396973
v -12.56882954 -12.20969963 604.00061035
v -12.56882954 -12.20969963 611.69396973
v -12.50883007 -12.25434971 611.69396973
v -12.63097954 -12.16810036 604.00061035
v -12.50883007 -12.25434971 604.00061035
v -12.45112038 -12.30193996 604.00061035
v -12.50883007 -12.25434971 611.69396973
v -12.45112038 -12.30193996 611.69396973
v -12.50883007 -12.25434971 604.00061035
v -12.39587021 -12.35233974 604.00061035
v -12.45112038 -12.30193996 604.00061035
v -12.45112038 -12.30193996 611.69396973
v -12.39587021 -12.35233974 611.69396973
v -12.34319019 -12.40542984 604.00061035
v -12.39587021 -12.35233974 604.00061035
v -12.39587021 -12.35233974 611.69396973
v -12.34319019 -12.40542984 611.69396973
v -12.34319019 -12.40542984 604.00061035
v -12.34319019 -12.40542984 611.69396973
v -12.29321957 -12.46109009 611.69396973
v -12.29321957 -12.46109009 604.00061035
v -12.24608994 -12.51916027 604.00061035
v -12.29321957 -12.46109009 604.00061035
v -12.29321957 -12.46109009 611.69396973
v -12.24608994 -12.51916027 611.69396973
v -12.20191956 -12.57950974 604.00061035
v -12.24608994 -12.51916027 604.00061035
v -12.24608994 -12.51916027 611.69396973
v -12.20191956 -12.57950974 611.69396973
v -12.16081047 -12.64198971 604.00061035
v -12.20191956 -12.57950974 604.00061035
v -12.20191956 -12.57950974 611.69396973
v -12.16081047 -12.64198971 611.69396973
v -12.12285995 -12.70643997 604.00061035
v -12.16081047 -12.64198971 604.00061035
v -12.16081047 -12.64198971 611.69396973
v -12.12285995 -12.70643997 611.69396973
v -12.08817005 -12.77270985 604.00061035
v -12.12285995 -12.70643997 604.00061035
v -12.12285995 -12.70643997 611.69396973
v -12.08817005 -12.77270985 611.69396973
v -12.05683041 -12.84062004 604.00061035
v -12.08817005 -12.77270985 604.00061035
v -12.08817005 -12.77270985 611.69396973
v -12.05683041 -12.84062004 611.69396973
v -12.02890968 -12.90999985 604.00061035
v -12.05683041 -12.84062004 604.00061035
v -12.05683041 -12.84062004 611.69396973
v -12.02890968 -12.90999985 611.69396973
v -12.00448990 -12.98069000 604.00061035
v -12.02890968 -12.90999985 604.00061035
v -12.02890968 -12.90999985 611.69396973
v -12.00448990 -12.98069000 611.69396973
v -11.98361969 -13.05251026 604.00061035
v -12.00448990 -12.98069000 604.00061035
v -12.00448990 -12.98069000 611.69396973
v -11.98361969 -13.05251026 611.69396973
v -11.98361969 -13.05251026 604.00061035
v -11.98361969 -13.05251026 611.69396973
v -11.96636009 -13.12528992 611.69396973
v -11.96636009 -13.12528992 604.00061035
v -11.95273972 -13.19882965 604.00061035
v -11.96636009 -13.12528992 611.69396973
v -11.95273972 -13.19882965 611.69396973
v -11.96636009 -13.12528992 604.00061035
v -11.94281006 -13.27295971 604.00061035
v -11.95273972 -13.19882965 611.69396973
v -11.94281006 -13.27295971 611.69396973
v -11.95273972 -13.19882965 604.00061035
v -10.70013046 -13.13790035 601.30047607
v -10.70013046 -13.13790035 604.00061035
v -10.68871975 -13.27453995 604.00061035
v -10.68871975 -13.27453995 601.30047607
v -10.68871975 -13.27453995 604.00061035
v -10.68412971 -13.41158962 604.00061035
v -10.68871975 -13.27453995 601.30047607
v -10.68412971 -13.41158962 601.30047607
v -10.68412971 -13.41158962 604.00061035
v -10.68638039 -13.54868984 604.00061035
v -10.68412971 -13.41158962 601.30047607
v -10.68638039 -13.54868984 601.30047607
v -10.68638039 -13.54868984 604.00061035
v -10.69546032 -13.68550014 604.00061035
v -10.68638039 -13.54868984 601.30047607
v -10.69546032 -13.68550014 601.30047607
v -10.69546032 -13.68550014 604.00061035
v -10.71135044 -13.82170010 604.00061035
v -10.69546032 -13.68550014 601.30047607
v -10.71135044 -13.82170010 601.30047607
v -10.71135044 -13.82170010 604.00061035
v -10.73400974 -13.95693016 604.00061035
v -10.71135044 -13.82170010 601.30047607
v -10.73400974 -13.95693016 601.30047607
v -10.73400974 -13.95693016 604.00061035
v -10.76338005 -14.09086990 604.00061035
v -10.73400974 -13.95693016 601.30047607
v -10.76338005 -14.09086990 601.30047607
v -10.76338005 -14.09086990 604.00061035
v -10.79938984 -14.22317982 604.00061035
v -10.76338005 -14.09086990 601.30047607
v -10.79938984 -14.22317982 601.30047607
v -10.79938984 -14.22317982 604.00061035
v -10.84195042 -14.35352039 604.00061035
v -10.79938984 -14.22317982 601.30047607
v -10.84195042 -14.35352039 601.30047607
v -10.84195042 -14.35352039 604.00061035
v -10.89095974 -14.48157978 604.00061035
v -10.84195042 -14.35352039 601.30047607
v -10.89095974 -14.48157978 601.30047607
v -10.89095974 -14.48157978 604.00061035
v -10.94627953 -14.60704041 604.00061035
v -10.89095974 -14.48157978 601.30047607
v -10.94627953 -14.60704041 601.30047607
v -10.94627953 -14.60704041 601.30047607
v -10.94627953 -14.60704041 604.00061035
v -11.00780010 -14.72959042 604.00061035
v -11.00780010 -14.72959042 601.30047607
v -11.00780010 -14.72959042 601.30047607
v -11.00780010 -14.72959042 604.00061035
v -11.07534027 -14.84891987 604.00061035
v -11.07534027 -14.84891987 601.30047607
v -11.07534027 -14.84891987 601.30047607
v -11.07534027 -14.84891987 604.00061035
v -11.14875031 -14.96473026 604.00061035
v -11.14875031 -14.96473026 601.30047607
v -11.14875031 -14.96473026 601.30047607
v -11.14875031 -14.96473026 604.00061035
v -11.22784042 -15.07674026 604.00061035
v -11.22784042 -15.07674026 601.30047607
v -11.22784042 -15.07674026 601.30047607
v -11.22784042 -15.07674026 604.00061035
v -11.31241035 -15.18467045 604.00061035
v -11.31241035 -15.18467045 601.30047607
v -11.31241035 -15.18467045 601.30047607
v -11.31241035 -15.18467045 604.00061035
v -11.40225983 -15.28824997 604.00061035
v -11.40225983 -15.28824997 601.30047607
v -11.40225983 -15.28824997 601.30047607
v -11.40225983 -15.28824997 604.00061035
v -11.49717045 -15.38722038 604.00061035
v -11.49717045 -15.38722038 601.30047607
v -11.49717045 -15.38722038 601.30047607
v -11.49717045 -15.38722038 604.00061035
v -11.59687996 -15.48134041 604.00061035
v -11.59687996 -15.48134041 601.30047607
v -11.59687996 -15.48134041 604.00061035
v -11.70116997 -15.57036972 604.00061035
v -11.59687996 -15.48134041 601.30047607
v -11.70116997 -15.57036972 601.30047607
v -11.70116997 -15.57036972 601.30047607
v -11.70116997 -15.57036972 604.00061035
v -11.80976009 -15.65408993 604.00061035
v -11.80976009 -15.65408993 601.30047607
v -11.80976009 -15.65408993 604.00061035
v -11.92238998 -15.73229980 604.00061035
v -11.80976009 -15.65408993 601.30047607
v -11.92238998 -15.73229980 601.30047607
v -11.92238998 -15.73229980 604.00061035
v -12.03878021 -15.80478954 604.00061035
v -11.92238998 -15.73229980 601.30047607
v -12.03878021 -15.80478954 601.30047607
v -12.03878021 -15.80478954 604.00061035
v -12.15863037 -15.87139034 604.00061035
v -12.03878021 -15.80478954 601.30047607
v -12.15863037 -15.87139034 601.30047607
v -12.15863037 -15.87139034 604.00061035
v -12.28166008 -15.93194008 604.00061035
v -12.15863037 -15.87139034 601.30047607
v -12.28166008 -15.93194008 601.30047607
v -12.28166008 -15.93194008 604.00061035
v -12.40756035 -15.98626995 604.00061035
v -12.28166008 -15.93194008 601.30047607
v -12.40756035 -15.98626995 601.30047607
v -12.40756035 -15.98626995 604.00061035
v -12.53600025 -16.03426933 604.00061035
v -12.40756035 -15.98626995 601.30047607
v -12.53600025 -16.03426933 601.30047607
v -12.53600025 -16.03426933 604.00061035
v -12.66668034 -16.07579994 604.00061035
v -12.53600025 -16.03426933 601.30047607
v -12.66668034 -16.07579994 601.30047607
v -12.66668034 -16.07579994 604.00061035
v -12.79926014 -16.11076927 604.00061035
v -12.66668034 -16.07579994 601.30047607
v -12.79926014 -16.11076927 601.30047607
v -12.79926014 -16.11076927 604.00061035
v -12.93342972 -16.13908005 604.00061035
v -12.79926014 -16.11076927 601.30047607
v -12.93342972 -16.13908005 601.30047607
v -12.93342972 -16.13908005 604.00061035
v -13.06884003 -16.16066933 604.00061035
v -12.93342972 -16.13908005 601.30047607
v -13.06884003 -16.16066933 601.30047607
v -13.06884003 -16.16066933 604.00061035
v -13.20514965 -16.17548943 604.00061035
v -13.06884003 -16.16066933 601.30047607
v -13.20514965 -16.17548943 601.30047607
v -13.20514965 -16.17548943 604.00061035
v -13.34204006 -16.18349075 604.00061035
v -13.20514965 -16.17548943 601.30047607
v -13.34204006 -16.18349075 601.30047607
v -13.34204006 -16.18349075 604.00061035
v -13.47914982 -16.18465996 604.00061035
v -13.34204006 -16.18349075 601.30047607
v -13.47914982 -16.18465996 601.30047607
v -13.47914982 -16.18465996 604.00061035
v -13.61614990 -16.17898941 604.00061035
v -13.47914982 -16.18465996 601.30047607
v -13.61614990 -16.17898941 601.30047607
v -13.61614990 -16.17898941 604.00061035
v -13.75269985 -16.16650009 604.00061035
v -13.61614990 -16.17898941 601.30047607
v -13.75269985 -16.16650009 601.30047607
v -13.75269985 -16.16650009 601.30047607
v -13.75269985 -16.16650009 604.00061035
v -13.88846016 -16.14722061 604.00061035
v -13.88846016 -16.14722061 601.30047607
v -13.88846016 -16.14722061 601.30047607
v -13.88846016 -16.14722061 604.00061035
v -14.02307987 -16.12120056 604.00061035
v -14.02307987 -16.12120056 601.30047607
v -14.02307987 -16.12120056 601.30047607
v -14.02307987 -16.12120056 604.00061035
v -14.15625000 -16.08849907 604.00061035
v -14.15625000 -16.08849907 601.30047607
v -14.15625000 -16.08849907 604.00061035
v -14.28761005 -16.04920006 604.00061035
v -14.15625000 -16.08849907 601.30047607
v -14.28761005 -16.04920006 601.30047607
v -14.28761005 -16.04920006 604.00061035
v -14.41685963 -16.00340080 604.00061035
v -14.28761005 -16.04920006 601.30047607
v -14.41685963 -16.00340080 601.30047607
v -14.41685963 -16.00340080 604.00061035
v -14.54366016 -15.95121956 604.00061035
v -14.41685963 -16.00340080 601.30047607
v -14.54366016 -15.95121956 601.30047607
v -14.54366016 -15.95121956 604.00061035
v -14.66769981 -15.89278030 604.00061035
v -14.54366016 -15.95121956 601.30047607
v -14.66769981 -15.89278030 601.30047607
v -14.66769981 -15.89278030 604.00061035
v -14.78868008 -15.82822990 604.00061035
v -14.66769981 -15.89278030 601.30047607
v -14.78868008 -15.82822990 601.30047607
v -14.78868008 -15.82822990 604.00061035
v -14.90627956 -15.75772953 604.00061035
v -14.78868008 -15.82822990 601.30047607
v -14.90627956 -15.75772953 601.30047607
v -14.90627956 -15.75772953 604.00061035
v -15.02023029 -15.68146038 604.00061035
v -14.90627956 -15.75772953 601.30047607
v -15.02023029 -15.68146038 601.30047607
v -15.02023029 -15.68146038 604.00061035
v -15.13024044 -15.59959984 604.00061035
v -15.02023029 -15.68146038 601.30047607
v -15.13024044 -15.59959984 601.30047607
v -15.13024044 -15.59959984 604.00061035
v -15.23602009 -15.51235962 604.00061035
v -15.13024044 -15.59959984 601.30047607
v -15.23602009 -15.51235962 601.30047607
v -15.23602009 -15.51235962 604.00061035
v -15.33732986 -15.41996002 604.00061035
v -15.23602009 -15.51235962 601.30047607
v -15.33732986 -15.41996002 601.30047607
v -15.33732986 -15.41996002 604.00061035
v -15.43389988 -15.32262039 604.00061035
v -15.33732986 -15.41996002 601.30047607
v -15.43389988 -15.32262039 601.30047607
v -15.43389988 -15.32262039 604.00061035
v -15.52550983 -15.22058964 604.00061035
v -15.43389988 -15.32262039 601.30047607
v -15.52550983 -15.22058964 601.30047607
v -15.52550983 -15.22058964 604.00061035
v -15.61190987 -15.11411953 604.00061035
v -15.52550983 -15.22058964 601.30047607
v -15.61190987 -15.11411953 601.30047607
v -15.61190987 -15.11411953 601.30047607
v -15.61190987 -15.11411953 604.00061035
v -15.69289970 -15.00347042 604.00061035
v -15.69289970 -15.00347042 601.30047607
v -15.69289970 -15.00347042 601.30047607
v -15.69289970 -15.00347042 604.00061035
v -15.76826954 -14.88893032 604.00061035
v -15.76826954 -14.88893032 601.30047607
v -15.76826954 -14.88893032 601.30047607
v -15.76826954 -14.88893032 604.00061035
v -15.83784008 -14.77077007 604.00061035
v -15.83784008 -14.77077007 601.30047607
v -15.83784008 -14.77077007 601.30047607
v -15.83784008 -14.77077007 604.00061035
v -15.90143013 -14.64929008 604.00061035
v -15.90143013 -14.64929008 601.30047607
v -15.90143013 -14.64929008 601.30047607
v -15.90143013 -14.64929008 604.00061035
v -15.95888996 -14.52478981 604.00061035
v -15.95888996 -14.52478981 601.30047607
v -15.95888996 -14.52478981 601.30047607
v -15.95888996 -14.52478981 604.00061035
v -16.01007080 -14.39758015 604.00061035
v -16.01007080 -14.39758015 601.30047607
v -16.01007080 -14.39758015 601.30047607
v -16.01007080 -14.39758015 604.00061035
v -16.05484962 -14.26797962 604.00061035
v -16.05484962 -14.26797962 601.30047607
v -16.05484962 -14.26797962 604.00061035
v -16.09310913 -14.13630009 604.00061035
v -16.05484962 -14.26797962 601.30047607
v -16.09310913 -14.13630009 601.30047607
v -16.09310913 -14.13630009 604.00061035
v -16.12475967 -14.00288963 604.00061035
v -16.09310913 -14.13630009 601.30047607
v -16.12475967 -14.00288963 601.30047607
v -16.12475967 -14.00288963 604.00061035
v -16.14971924 -13.86806011 604.00061035
v -16.12475967 -14.00288963 601.30047607
v -16.14971924 -13.86806011 601.30047607
v -16.14971924 -13.86806011 604.00061035
v -16.16793060 -13.73215961 604.00061035
v -16.14971924 -13.86806011 601.30047607
v -16.16793060 -13.73215961 601.30047607
v -16.17934036 -13.59550953 601.30047607
v -16.16793060 -13.73215961 601.30047607
v -16.16793060 -13.73215961 604.00061035
v -16.17934036 -13.59550953 604.00061035
v -16.18392944 -13.45847034 601.30047607
v -16.17934036 -13.59550953 601.30047607
v -16.17934036 -13.59550953 604.00061035
v -16.18392944 -13.45847034 604.00061035
v -16.18168068 -13.32137012 601.30047607
v -16.18392944 -13.45847034 601.30047607
v -16.18392944 -13.45847034 604.00061035
v -16.18168068 -13.32137012 604.00061035
v -16.17259979 -13.18455029 601.30047607
v -16.18168068 -13.32137012 601.30047607
v -16.18168068 -13.32137012 604.00061035
v -16.17259979 -13.18455029 604.00061035
v -16.15670967 -13.04835987 601.30047607
v -16.17259979 -13.18455029 601.30047607
v -16.17259979 -13.18455029 604.00061035
v -16.15670967 -13.04835987 604.00061035
v -16.13405037 -12.91312027 601.30047607
v -16.15670967 -13.04835987 601.30047607
v -16.15670967 -13.04835987 604.00061035
v -16.13405037 -12.91312027 604.00061035
v -16.10467911 -12.77919006 601.30047607
v -16.13405037 -12.91312027 601.30047607
v -16.13405037 -12.91312027 604.00061035
v -16.10467911 -12.77919006 604.00061035
v -16.06867027 -12.64688015 601.30047607
v -16.10467911 -12.77919006 601.30047607
v -16.10467911 -12.77919006 604.00061035
v -16.06867027 -12.64688015 604.00061035
v -16.02610970 -12.51653957 601.30047607
v -16.06867027 -12.64688015 601.30047607
v -16.06867027 -12.64688015 604.00061035
v -16.02610970 -12.51653957 604.00061035
v -15.97710037 -12.38846970 601.30047607
v -16.02610970 -12.51653957 601.30047607
v -16.02610970 -12.51653957 604.00061035
v -15.97710037 -12.38846970 604.00061035
v -15.92177010 -12.26301003 601.30047607
v -15.97710037 -12.38846970 601.30047607
v -15.97710037 -12.38846970 604.00061035
v -15.92177010 -12.26301003 604.00061035
v -15.86026001 -12.14046955 601.30047607
v -15.92177010 -12.26301003 601.30047607
v -15.92177010 -12.26301003 604.00061035
v -15.86026001 -12.14046955 604.00061035
v -15.79271984 -12.02114010 601.30047607
v -15.86026001 -12.14046955 601.30047607
v -15.86026001 -12.14046955 604.00061035
v -15.79271984 -12.02114010 604.00061035
v -15.71930981 -11.90532017 601.30047607
v -15.79271984 -12.02114010 601.30047607
v -15.79271984 -12.02114010 604.00061035
v -15.71930981 -11.90532017 604.00061035
v -15.64021969 -11.79331017 601.30047607
v -15.71930981 -11.90532017 601.30047607
v -15.71930981 -11.90532017 604.00061035
v -15.64021969 -11.79331017 604.00061035
v -15.55564022 -11.68537998 601.30047607
v -15.64021969 -11.79331017 601.30047607
v -15.64021969 -11.79331017 604.00061035
v -15.55564022 -11.68537998 604.00061035
v -15.46578979 -11.58181000 601.30047607
v -15.55564022 -11.68537998 604.00061035
v -15.46578979 -11.58181000 604.00061035
v -15.55564022 -11.68537998 601.30047607
v -15.37088966 -11.48283005 601.30047607
v -15.46578979 -11.58181000 601.30047607
v -15.46578979 -11.58181000 604.00061035
v -15.37088966 -11.48283005 604.00061035
v -15.27118015 -11.38871956 601.30047607
v -15.37088966 -11.48283005 604.00061035
v -15.27118015 -11.38871956 604.00061035
v -15.37088966 -11.48283005 601.30047607
v -15.16689014 -11.29969025 601.30047607
v -15.27118015 -11.38871956 604.00061035
v -15.16689014 -11.29969025 604.00061035
v -15.27118015 -11.38871956 601.30047607
v -15.05830002 -11.21595955 601.30047607
v -15.16689014 -11.29969025 604.00061035
v -15.05830002 -11.21595955 604.00061035
v -15.16689014 -11.29969025 601.30047607
v -14.94567013 -11.13776016 601.30047607
v -15.05830002 -11.21595955 604.00061035
v -14.94567013 -11.13776016 604.00061035
v -15.05830002 -11.21595955 601.30047607
v -14.82927990 -11.06527042 601.30047607
v -14.94567013 -11.13776016 604.00061035
v -14.82927990 -11.06527042 604.00061035
v -14.94567013 -11.13776016 601.30047607
v -14.70942020 -10.99866009 601.30047607
v -14.82927990 -11.06527042 601.30047607
v -14.82927990 -11.06527042 604.00061035
v -14.70942020 -10.99866009 604.00061035
v -14.58640003 -10.93811989 601.30047607
v -14.70942020 -10.99866009 601.30047607
v -14.70942020 -10.99866009 604.00061035
v -14.58640003 -10.93811989 604.00061035
v -14.46049976 -10.88377953 601.30047607
v -14.58640003 -10.93811989 601.30047607
v -14.58640003 -10.93811989 604.00061035
v -14.46049976 -10.88377953 604.00061035
v -14.33205986 -10.83578968 601.30047607
v -14.46049976 -10.88377953 601.30047607
v -14.46049976 -10.88377953 604.00061035
v -14.33205986 -10.83578968 604.00061035
v -14.20137978 -10.79426003 601.30047607
v -14.33205986 -10.83578968 601.30047607
v -14.33205986 -10.83578968 604.00061035
v -14.20137978 -10.79426003 604.00061035
v -14.06879044 -10.75928974 601.30047607
v -14.20137978 -10.79426003 601.30047607
v -14.20137978 -10.79426003 604.00061035
v -14.06879044 -10.75928974 604.00061035
v -13.93463039 -10.73097992 601.30047607
v -14.06879044 -10.75928974 601.30047607
v -14.06879044 -10.75928974 604.00061035
v -13.93463039 -10.73097992 604.00061035
v -13.79922009 -10.70938015 601.30047607
v -13.93463039 -10.73097992 601.30047607
v -13.93463039 -10.73097992 604.00061035
v -13.79922009 -10.70938015 604.00061035
v -13.66291046 -10.69456959 601.30047607
v -13.79922009 -10.70938015 601.30047607
v -13.79922009 -10.70938015 604.00061035
v -13.66291046 -10.69456959 604.00061035
v -13.52602005 -10.68657017 601.30047607
v -13.66291046 -10.69456959 601.30047607
v -13.66291046 -10.69456959 604.00061035
v -13.52602005 -10.68657017 604.00061035
v -13.38891029 -10.68540001 601.30047607
v -13.52602005 -10.68657017 601.30047607
v -13.52602005 -10.68657017 604.00061035
v -13.38891029 -10.68540001 604.00061035
v -13.25191021 -10.69106960 601.30047607
v -13.38891029 -10.68540001 601.30047607
v -13.38891029 -10.68540001 604.00061035
v -13.25191021 -10.69106960 604.00061035
v -13.11536026 -10.70355034 601.30047607
v -13.25191021 -10.69106960 601.30047607
v -13.25191021 -10.69106960 604.00061035
v -13.11536026 -10.70355034 604.00061035
v -12.97959995 -10.72284031 601.30047607
v -13.11536026 -10.70355034 604.00061035
v -12.97959995 -10.72284031 604.00061035
v -13.11536026 -10.70355034 601.30047607
v -12.84496975 -10.74886036 601.30047607
v -12.97959995 -10.72284031 601.30047607
v -12.97959995 -10.72284031 604.00061035
v -12.84496975 -10.74886036 604.00061035
v -12.71181011 -10.78155994 601.30047607
v -12.84496975 -10.74886036 604.00061035
v -12.71181011 -10.78155994 604.00061035
v -12.84496975 -10.74886036 601.30047607
v -12.58043957 -10.82085991 601.30047607
v -12.71181011 -10.78155994 604.00061035
v -12.58043957 -10.82085991 604.00061035
v -12.71181011 -10.78155994 601.30047607
v -12.45119953 -10.86664963 601.30047607
v -12.58043957 -10.82085991 604.00061035
v -12.45119953 -10.86664963 604.00061035
v -12.58043957 -10.82085991 601.30047607
v -12.32439995 -10.91884041 601.30047607
v -12.45119953 -10.86664963 604.00061035
v -12.32439995 -10.91884041 604.00061035
v -12.45119953 -10.86664963 601.30047607
v -12.20036030 -10.97727966 601.30047607
v -12.32439995 -10.91884041 604.00061035
v -12.20036030 -10.97727966 604.00061035
v -12.32439995 -10.91884041 601.30047607
v -12.07938004 -11.04181957 601.30047607
v -12.20036030 -10.97727966 604.00061035
v -12.07938004 -11.04181957 604.00061035
v -12.20036030 -10.97727966 601.30047607
v -11.96177006 -11.11231995 601.30047607
v -12.07938004 -11.04181957 604.00061035
v -11.96177006 -11.11231995 604.00061035
v -12.07938004 -11.04181957 601.30047607
v -11.84782982 -11.18859005 601.30047607
v -11.96177006 -11.11231995 604.00061035
v -11.84782982 -11.18859005 604.00061035
v -11.96177006 -11.11231995 601.30047607
v -11.73781967 -11.27046013 601.30047607
v -11.84782982 -11.18859005 604.00061035
v -11.73781967 -11.27046013 604.00061035
v -11.84782982 -11.18859005 601.30047607
v -11.63204002 -11.35768986 601.30047607
v -11.73781967 -11.27046013 604.00061035
v -11.63204002 -11.35768986 604.00061035
v -11.73781967 -11.27046013 601.30047607
v -11.53073025 -11.45009995 601.30047607
v -11.63204002 -11.35768986 604.00061035
v -11.53073025 -11.45009995 604.00061035
v -11.63204002 -11.35768986 601.30047607
v -11.43414974 -11.54743958 601.30047607
v -11.53073025 -11.45009995 601.30047607
v -11.53073025 -11.45009995 604.00061035
v -11.43414974 -11.54743958 604.00061035
v -11.34255028 -11.64947033 601.30047607
v -11.43414974 -11.54743958 601.30047607
v -11.43414974 -11.54743958 604.00061035
v -11.34255028 -11.64947033 604.00061035
v -11.25615025 -11.75594044 601.30047607
v -11.34255028 -11.64947033 601.30047607
v -11.34255028 -11.64947033 604.00061035
v -11.25615025 -11.75594044 604.00061035
v -11.17516041 -11.86658955 601.30047607
v -11.25615025 -11.75594044 601.30047607
v -11.25615025 -11.75594044 604.00061035
v -11.17516041 -11.86658955 604.00061035
v -11.09978962 -11.98112965 601.30047607
v -11.17516041 -11.86658955 601.30047607
v -11.17516041 -11.86658955 604.00061035
v -11.09978962 -11.98112965 604.00061035
v -11.03022003 -12.09928989 601.30047607
v -11.09978962 -11.98112965 601.30047607
v -11.09978962 -11.98112965 604.00061035
v -11.03022003 -12.09928989 604.00061035
v -10.96662045 -12.22076988 601.30047607
v -11.03022003 -12.09928989 601.30047607
v -11.03022003 -12.09928989 604.00061035
v -10.96662045 -12.22076988 604.00061035
v -10.90917015 -12.34527016 601.30047607
v -10.96662045 -12.22076988 604.00061035
v -10.90917015 -12.34527016 604.00061035
v -10.96662045 -12.22076988 601.30047607
v -10.85799026 -12.47247982 601.30047607
v -10.90917015 -12.34527016 601.30047607
v -10.90917015 -12.34527016 604.00061035
v -10.85799026 -12.47247982 604.00061035
v -10.81320953 -12.60208035 601.30047607
v -10.85799026 -12.47247982 604.00061035
v -10.81320953 -12.60208035 604.00061035
v -10.85799026 -12.47247982 601.30047607
v -10.77495003 -12.73375034 601.30047607
v -10.81320953 -12.60208035 604.00061035
v -10.77495003 -12.73375034 604.00061035
v -10.81320953 -12.60208035 601.30047607
v -10.74330044 -12.86717033 601.30047607
v -10.77495003 -12.73375034 604.00061035
v -10.74330044 -12.86717033 604.00061035
v -10.77495003 -12.73375034 601.30047607
v -10.71833992 -13.00199986 601.30047607
v -10.74330044 -12.86717033 604.00061035
v -10.71833992 -13.00199986 604.00061035
v -10.74330044 -12.86717033 601.30047607
v -10.70013046 -13.13790035 601.30047607
v -10.71833992 -13.00199986 604.00061035
v -10.70013046 -13.13790035 604.00061035
v -10.71833992 -13.00199986 601.30047607
v -14.41693020 -14.56812000 604.00061035
v -15.13024044 -15.59959984 604.00061035
v -14.35923004 -14.61571026 604.00061035
v -15.23602009 -15.51235962 604.00061035
v -14.29922962 -14.66036034 604.00061035
v -15.02023029 -15.68146038 604.00061035
v -14.47218990 -14.51772022 604.00061035
v -15.33732986 -15.41996002 604.00061035
v -14.23707962 -14.70195961 604.00061035
v -14.90627956 -15.75772953 604.00061035
v -14.52486992 -14.46461964 604.00061035
v -15.43389988 -15.32262039 604.00061035
v -14.17292976 -14.74040985 604.00061035
v -14.78868008 -15.82822990 604.00061035
v -14.57483006 -14.40896988 604.00061035
v -15.52550983 -15.22058964 604.00061035
v -14.10694027 -14.77562046 604.00061035
v -14.66769981 -15.89278030 604.00061035
v -14.62195969 -14.35089016 604.00061035
v -15.61190987 -15.11411953 604.00061035
v -14.03927994 -14.80749989 604.00061035
v -14.54366016 -15.95121956 604.00061035
v -14.66613960 -14.29053974 604.00061035
v -15.69289970 -15.00347042 604.00061035
v -13.97012043 -14.83596039 604.00061035
v -14.41685963 -16.00340080 604.00061035
v -14.70724964 -14.22805977 604.00061035
v -15.76826954 -14.88893032 604.00061035
v -13.89962006 -14.86093998 604.00061035
v -14.28761005 -16.04920006 604.00061035
v -14.74520016 -14.16361046 604.00061035
v -15.83784008 -14.77077007 604.00061035
v -13.82796955 -14.88237953 604.00061035
v -14.15625000 -16.08849907 604.00061035
v -14.77987957 -14.09735012 604.00061035
v -15.90143013 -14.64929008 604.00061035
v -13.75533009 -14.90021038 604.00061035
v -14.02307987 -16.12120056 604.00061035
v -14.81122971 -14.02943993 604.00061035
v -15.95888996 -14.52478981 604.00061035
v -13.68190002 -14.91440964 604.00061035
v -13.88846016 -16.14722061 604.00061035
v -14.83913994 -13.96006012 604.00061035
v -16.01007080 -14.39758015 604.00061035
v -13.60785007 -14.92492008 604.00061035
v -13.75269985 -16.16650009 604.00061035
v -14.86357021 -13.88936043 604.00061035
v -16.05484962 -14.26797962 604.00061035
v -13.53337002 -14.93173981 604.00061035
v -13.61614990 -16.17898941 604.00061035
v -14.88444042 -13.81754017 604.00061035
v -16.09310913 -14.13630009 604.00061035
v -13.45864010 -14.93482971 604.00061035
v -13.47914982 -16.18465996 604.00061035
v -14.90170002 -13.74477005 604.00061035
v -16.12475967 -14.00288963 604.00061035
v -13.38385010 -14.93418980 604.00061035
v -13.34204006 -16.18349075 604.00061035
v -14.91530991 -13.67123032 604.00061035
v -16.14971924 -13.86806011 604.00061035
v -13.30918980 -14.92982006 604.00061035
v -13.20514965 -16.17548943 604.00061035
v -14.92525005 -13.59710026 604.00061035
v -16.16793060 -13.73215961 604.00061035
v -13.23482990 -14.92173958 604.00061035
v -13.06884003 -16.16066933 604.00061035
v -14.93146992 -13.52256966 604.00061035
v -16.18392944 -13.45847034 604.00061035
v -16.17934036 -13.59550953 604.00061035
v -13.16096973 -14.90997028 604.00061035
v -12.93342972 -16.13908005 604.00061035
v -14.93397045 -13.44781971 604.00061035
v -13.08778954 -14.89451981 604.00061035
v -12.79926014 -16.11076927 604.00061035
v -14.93274975 -13.37302971 604.00061035
v -16.18168068 -13.32137012 604.00061035
v -13.01546955 -14.87545013 604.00061035
v -12.66668034 -16.07579994 604.00061035
v -14.92778969 -13.29839993 604.00061035
v -16.17259979 -13.18455029 604.00061035
v -12.94419956 -14.85280037 604.00061035
v -12.53600025 -16.03426933 604.00061035
v -14.91913033 -13.22412014 604.00061035
v -16.15670967 -13.04835987 604.00061035
v -12.87413025 -14.82662010 604.00061035
v -12.40756035 -15.98626995 604.00061035
v -14.90676975 -13.15034962 604.00061035
v -16.13405037 -12.91312027 604.00061035
v -12.80547047 -14.79697990 604.00061035
v -12.28166008 -15.93194008 604.00061035
v -14.89074993 -13.07730007 604.00061035
v -16.10467911 -12.77919006 604.00061035
v -12.73836040 -14.76395035 604.00061035
v -12.15863037 -15.87139034 604.00061035
v -14.87110043 -13.00512981 604.00061035
v -16.06867027 -12.64688015 604.00061035
v -12.67298031 -14.72762966 604.00061035
v -12.03878021 -15.80478954 604.00061035
v -14.84788990 -12.93402958 604.00061035
v -16.02610970 -12.51653957 604.00061035
v -12.60949993 -14.68807983 604.00061035
v -11.92238998 -15.73229980 604.00061035
v -11.80976009 -15.65408993 604.00061035
v -14.82116032 -12.86417961 604.00061035
v -15.97710037 -12.38846970 604.00061035
v -12.54806042 -14.64542961 604.00061035
v -14.79098034 -12.79574966 604.00061035
v -15.92177010 -12.26301003 604.00061035
v -12.48882961 -14.59976006 604.00061035
v -11.70116997 -15.57036972 604.00061035
v -14.75743008 -12.72889996 604.00061035
v -15.86026001 -12.14046955 604.00061035
v -12.43194962 -14.55119991 604.00061035
v -11.59687996 -15.48134041 604.00061035
v -14.72058964 -12.66382027 604.00061035
v -15.71930981 -11.90532017 604.00061035
v -15.79271984 -12.02114010 604.00061035
v -12.37755966 -14.49985981 604.00061035
v -11.49717045 -15.38722038 604.00061035
v -14.68054008 -12.60064030 604.00061035
v -12.32579041 -14.44587994 604.00061035
v -11.40225983 -15.28824997 604.00061035
v -14.63739967 -12.53954983 604.00061035
v -15.64021969 -11.79331017 604.00061035
v -12.27678013 -14.38938046 604.00061035
v -11.31241035 -15.18467045 604.00061035
v -15.55564022 -11.68537998 604.00061035
v -14.59127045 -12.48068047 604.00061035
v -11.22784042 -15.07674026 604.00061035
v -12.23064995 -14.33051014 604.00061035
v -15.46578979 -11.58181000 604.00061035
v -14.54226017 -12.42418003 604.00061035
v -11.14875031 -14.96473026 604.00061035
v -12.18750954 -14.26941013 604.00061035
v -15.37088966 -11.48283005 604.00061035
v -14.49050045 -12.37020016 604.00061035
v -11.07534027 -14.84891987 604.00061035
v -12.14747047 -14.20623970 604.00061035
v -15.27118015 -11.38871956 604.00061035
v -14.43610954 -12.31886005 604.00061035
v -14.37922955 -12.27029991 604.00061035
v -11.00780010 -14.72959042 604.00061035
v -12.11063004 -14.14115047 604.00061035
v -12.07707977 -14.07431030 604.00061035
v -15.16689014 -11.29969025 604.00061035
v -10.94627953 -14.60704041 604.00061035
v -15.05830002 -11.21595955 604.00061035
v -14.31999016 -12.22463036 604.00061035
v -10.89095974 -14.48157978 604.00061035
v -12.04689980 -14.00588036 604.00061035
v -14.94567013 -11.13776016 604.00061035
v -14.25856018 -12.18196964 604.00061035
v -10.84195042 -14.35352039 604.00061035
v -12.02017021 -13.93601990 604.00061035
v -14.82927990 -11.06527042 604.00061035
v -14.19507027 -12.14243031 604.00061035
v -10.79938984 -14.22317982 604.00061035
v -11.99695015 -13.86493015 604.00061035
v -14.70942020 -10.99866009 604.00061035
v -14.12969971 -12.10610008 604.00061035
v -14.06258965 -12.07308006 604.00061035
v -10.76338005 -14.09086990 604.00061035
v -11.97731018 -13.79275990 604.00061035
v -11.96129036 -13.71969986 604.00061035
v -14.58640003 -10.93811989 604.00061035
v -10.73400974 -13.95693016 604.00061035
v -11.94892979 -13.64593983 604.00061035
v -14.46049976 -10.88377953 604.00061035
v -13.99392033 -12.04343987 604.00061035
v -10.71135044 -13.82170010 604.00061035
v -14.33205986 -10.83578968 604.00061035
v -13.92385960 -12.01725960 604.00061035
v -10.69546032 -13.68550014 604.00061035
v -11.94025993 -13.57164955 604.00061035
v -14.20137978 -10.79426003 604.00061035
v -13.85258007 -11.99460983 604.00061035
v -13.78026009 -11.97554016 604.00061035
v -10.68638039 -13.54868984 604.00061035
v -11.93531036 -13.49701977 604.00061035
v -14.06879044 -10.75928974 604.00061035
v -13.70707989 -11.96008968 604.00061035
v -10.68412971 -13.41158962 604.00061035
v -11.93408012 -13.42224026 604.00061035
v -13.93463039 -10.73097992 604.00061035
v -10.68871975 -13.27453995 604.00061035
v -11.93657970 -13.34749031 604.00061035
v -11.94281006 -13.27295971 604.00061035
v -13.79922009 -10.70938015 604.00061035
v -13.63321972 -11.94830990 604.00061035
v -10.70013046 -13.13790035 604.00061035
v -13.66291046 -10.69456959 604.00061035
v -13.55887032 -11.94023037 604.00061035
v -10.71833992 -13.00199986 604.00061035
v -11.95273972 -13.19882965 604.00061035
v -13.52602005 -10.68657017 604.00061035
v -13.48421001 -11.93587017 604.00061035
v -10.74330044 -12.86717033 604.00061035
v -11.96636009 -13.12528992 604.00061035
v -11.98361969 -13.05251026 604.00061035
v -13.38891029 -10.68540001 604.00061035
v -13.40942001 -11.93523026 604.00061035
v -13.33469009 -11.93832016 604.00061035
v -10.77495003 -12.73375034 604.00061035
v -13.25191021 -10.69106960 604.00061035
v -13.26021004 -11.94513035 604.00061035
v -10.81320953 -12.60208035 604.00061035
v -12.00448990 -12.98069000 604.00061035
v -12.02890968 -12.90999985 604.00061035
v -13.11536026 -10.70355034 604.00061035
v -10.85799026 -12.47247982 604.00061035
v -12.97959995 -10.72284031 604.00061035
v -13.18616009 -11.95565033 604.00061035
v -13.11273003 -11.96984005 604.00061035
v -10.90917015 -12.34527016 604.00061035
v -12.05683041 -12.84062004 604.00061035
v -12.84496975 -10.74886036 604.00061035
v -13.04008961 -11.98768044 604.00061035
v -10.96662045 -12.22076988 604.00061035
v -12.08817005 -12.77270985 604.00061035
v -12.71181011 -10.78155994 604.00061035
v -12.96844006 -12.00911999 604.00061035
v -11.03022003 -12.09928989 604.00061035
v -12.12285995 -12.70643997 604.00061035
v -12.58043957 -10.82085991 604.00061035
v -11.09978962 -11.98112965 604.00061035
v -12.16081047 -12.64198971 604.00061035
v -12.45119953 -10.86664963 604.00061035
v -12.89793968 -12.03409958 604.00061035
v -12.82878017 -12.06256008 604.00061035
v -11.17516041 -11.86658955 604.00061035
v -12.20191956 -12.57950974 604.00061035
v -12.32439995 -10.91884041 604.00061035
v -11.25615025 -11.75594044 604.00061035
v -12.24608994 -12.51916027 604.00061035
v -12.20036030 -10.97727966 604.00061035
v -12.76111984 -12.09444046 604.00061035
v -11.34255028 -11.64947033 604.00061035
v -12.29321957 -12.46109009 604.00061035
v -12.07938004 -11.04181957 604.00061035
v -12.69513035 -12.12963963 604.00061035
v -11.43414974 -11.54743958 604.00061035
v -12.34319019 -12.40542984 604.00061035
v -12.39587021 -12.35233974 604.00061035
v -11.96177006 -11.11231995 604.00061035
v -12.63097954 -12.16810036 604.00061035
v -11.53073025 -11.45009995 604.00061035
v -11.84782982 -11.18859005 604.00061035
v -12.56882954 -12.20969963 604.00061035
v -11.63204002 -11.35768986 604.00061035
v -12.45112038 -12.30193996 604.00061035
v -11.73781967 -11.27046013 604.00061035
v -12.50883007 -12.25434971 604.00061035
v -14.53312016 -15.62465954 601.00061035
v -14.59873009 -14.28754997 601.00061035
v -14.42261028 -15.67673016 601.00061035
v -14.64089966 -15.56715965 601.00061035
v -14.74567032 -15.50434971 601.00061035
v -14.84718990 -15.43640041 601.00061035
v -14.94519043 -15.36347008 601.00061035
v -15.03944016 -15.28575039 601.00061035
v -15.12969971 -15.20341969 601.00061035
v -15.21572971 -15.11670017 601.00061035
v -15.29734039 -15.02579975 601.00061035
v -15.37432003 -14.93093967 601.00061035
v -15.44647026 -14.83236980 601.00061035
v -15.51362038 -14.73031998 601.00061035
v -15.57561016 -14.62504959 601.00061035
v -15.63226032 -14.51681995 601.00061035
v -15.68344975 -14.40590000 601.00061035
v -15.72904968 -14.29257011 601.00061035
v -15.76893997 -14.17710972 601.00061035
v -15.80303001 -14.05980015 601.00061035
v -15.83123016 -13.94093990 601.00061035
v -15.85346031 -13.82081985 601.00061035
v -15.86968994 -13.69974041 601.00061035
v -13.95882034 -15.82816029 601.00061035
v -13.27807999 -14.86995029 601.00061035
v -13.83887959 -15.85134983 601.00061035
v -14.07746029 -15.79903030 601.00061035
v -14.19449997 -15.76401997 601.00061035
v -14.30963993 -15.72321987 601.00061035
v -12.51953030 -15.70796013 601.00061035
v -12.40738010 -15.65954971 601.00061035
v -12.63397026 -15.75072002 601.00061035
v -12.75039005 -15.78771973 601.00061035
v -12.86851025 -15.81886959 601.00061035
v -12.98803997 -15.84409046 601.00061035
v -13.10867023 -15.86332989 601.00061035
v -13.23011971 -15.87652969 601.00061035
v -13.35206985 -15.88366032 601.00061035
v -13.47422981 -15.88469982 601.00061035
v -13.59628963 -15.87965012 601.00061035
v -13.71794033 -15.86851978 601.00061035
v -12.29776955 -15.60560989 601.00061035
v -12.19099045 -15.54627037 601.00061035
v -12.08728981 -15.48169041 601.00061035
v -11.98694992 -15.41201019 601.00061035
v -15.87985039 -13.57800961 601.00061035
v -14.75469017 -12.85262012 601.00061035
v -15.88393974 -13.45590973 601.00061035
v -15.88193035 -13.33376980 601.00061035
v -15.87384033 -13.21187973 601.00061035
v -15.85968971 -13.09053993 601.00061035
v -15.83950043 -12.97006035 601.00061035
v -15.81334019 -12.85072994 601.00061035
v -15.78125000 -12.73285961 601.00061035
v -15.74333000 -12.61674023 601.00061035
v -15.69968033 -12.50263977 601.00061035
v -15.65038013 -12.39087009 601.00061035
v -15.59558010 -12.28168964 601.00061035
v -15.53540039 -12.17537975 601.00061035
v -15.47000027 -12.07219982 601.00061035
v -15.39953995 -11.97241020 601.00061035
v -15.32419014 -11.87625027 601.00061035
v -15.24415016 -11.78398037 601.00061035
v -15.15960026 -11.69579983 601.00061035
v -12.11336994 -14.01743031 601.00061035
v -11.39805031 -14.79786015 601.00061035
v -11.33265018 -14.69468021 601.00061035
v -11.46850967 -14.89764977 601.00061035
v -11.54386044 -14.99380016 601.00061035
v -11.62390995 -15.08607960 601.00061035
v -11.70845985 -15.17426014 601.00061035
v -11.79730034 -15.25811005 601.00061035
v -11.89021015 -15.33742046 601.00061035
v -15.07075977 -11.61194992 601.00061035
v -11.27248001 -14.58837032 601.00061035
v -14.97784996 -11.53262997 601.00061035
v -11.21767044 -14.47918987 601.00061035
v -14.88111019 -11.45804024 601.00061035
v -11.16837978 -14.36742020 601.00061035
v -11.12471962 -14.25331974 601.00061035
v -11.08679962 -14.13720036 601.00061035
v -14.78075981 -11.38836956 601.00061035
v -13.58998013 -12.00010014 601.00061035
v -14.67706966 -11.32378960 601.00061035
v -14.57028961 -11.26445007 601.00061035
v -11.05471992 -14.01931953 601.00061035
v -14.46068001 -11.21051025 601.00061035
v -11.02855968 -13.89999962 601.00061035
v -14.34852028 -11.16209984 601.00061035
v -11.00837040 -13.77952003 601.00061035
v -14.23408985 -11.11933994 601.00061035
v -10.99421024 -13.65818024 601.00061035
v -14.11767006 -11.08234024 601.00061035
v -10.98612022 -13.53629017 601.00061035
v -13.99954033 -11.05119038 601.00061035
v -10.98412037 -13.41413975 601.00061035
v -13.88002014 -11.02595997 601.00061035
v -10.98820019 -13.29205036 601.00061035
v -13.75938034 -11.00673008 601.00061035
v -12.26931953 -12.58250999 601.00061035
v -10.99837017 -13.17031956 601.00061035
v -13.63794041 -10.99353027 601.00061035
v -11.01459026 -13.04924011 601.00061035
v -13.51599026 -10.98639965 601.00061035
v -11.03682995 -12.92912006 601.00061035
v -13.39383030 -10.98536015 601.00061035
v -11.06503010 -12.81025982 601.00061035
v -13.27176952 -10.99040985 601.00061035
v -11.09912014 -12.69295025 601.00061035
v -13.15011978 -11.00152969 601.00061035
v -11.13901043 -12.57748032 601.00061035
v -13.02917004 -11.01871014 601.00061035
v -11.18461037 -12.46415043 601.00061035
v -12.90923023 -11.04189014 601.00061035
v -11.23579979 -12.35324001 601.00061035
v -12.79059982 -11.07102966 601.00061035
v -11.29244995 -12.24501038 601.00061035
v -12.67356014 -11.10604000 601.00061035
v -11.35443020 -12.13973999 601.00061035
v -12.55842018 -11.14684010 601.00061035
v -11.42158031 -12.03769016 601.00061035
v -12.44544983 -11.19332981 601.00061035
v -11.49374008 -11.93910980 601.00061035
v -12.33493996 -11.24538994 601.00061035
v -11.57071018 -11.84426022 601.00061035
v -12.22716045 -11.30290031 601.00061035
v -11.65231991 -11.75335979 601.00061035
v -12.12238026 -11.36571026 601.00061035
v -11.73836040 -11.66664028 601.00061035
v -12.02087021 -11.43365955 601.00061035
v -11.82861042 -11.58430958 601.00061035
v -11.92286015 -11.50658989 601.00061035
v -14.41438007 -14.11573029 612.00061035
v -14.37922955 -14.16374969 612.00061035
v -14.34173012 -14.20995998 612.00061035
v -13.80447960 -14.56958008 612.00061035
v -13.96944046 -14.50168991 612.00061035
v -13.91561031 -14.52705956 612.00061035
v -13.86058044 -14.54969978 612.00061035
v -14.55202961 -13.85278034 612.00061035
v -14.52982044 -13.90797997 612.00061035
v -14.50487995 -13.96201992 612.00061035
v -14.55202961 -13.85278034 612.00061035
v -14.50487995 -13.96201992 612.00061035
v -14.47727966 -14.01473999 612.00061035
v -14.44709015 -14.06602001 612.00061035
v -13.57233047 -14.62049007 612.00061035
v -13.68968010 -14.60083008 612.00061035
v -13.63125038 -14.61211967 612.00061035
v -13.51307011 -14.62590981 612.00061035
v -13.68968010 -14.60083008 612.00061035
v -13.57233047 -14.62049007 612.00061035
v -13.39410019 -14.62786007 612.00061035
v -13.45361042 -14.62837029 612.00061035
v -13.10099983 -14.58111954 612.00061035
v -13.27552986 -14.61795998 612.00061035
v -13.21677017 -14.60859013 612.00061035
v -13.15853977 -14.59630013 612.00061035
v -14.61567020 -13.26721001 612.00061035
v -14.62257004 -13.32631969 612.00061035
v -14.62650967 -13.38570023 612.00061035
v -12.93389988 -14.51869011 612.00061035
v -13.04428959 -14.56309986 612.00061035
v -12.98853970 -14.54226971 612.00061035
v -14.57746029 -13.09296989 612.00061035
v -14.59309006 -13.15038967 612.00061035
v -14.60583973 -13.20851994 612.00061035
v -14.57746029 -13.09296989 612.00061035
v -14.60583973 -13.20851994 612.00061035
v -14.61567020 -13.26721001 612.00061035
v -12.82849026 -14.46350956 612.00061035
v -12.88051033 -14.49240971 612.00061035
v -12.77797985 -14.43204021 612.00061035
v -12.77797985 -14.43204021 612.00061035
v -12.93389988 -14.51869011 612.00061035
v -12.82849026 -14.46350956 612.00061035
v -14.53771973 -12.98081970 612.00061035
v -14.55898952 -13.03639984 612.00061035
v -14.48701000 -12.87318993 612.00061035
v -14.51371002 -12.92636967 612.00061035
v -14.53771973 -12.98081970 612.00061035
v -14.42584038 -12.77114010 612.00061035
v -14.48701000 -12.87318993 612.00061035
v -14.53771973 -12.98081970 612.00061035
v -14.42584038 -12.77114010 612.00061035
v -14.45769978 -12.82139969 612.00061035
v -14.48701000 -12.87318993 612.00061035
v -12.55224037 -14.23933029 612.00061035
v -12.72910023 -14.39809990 612.00061035
v -12.55224037 -14.23933029 612.00061035
v -12.72910023 -14.39809990 612.00061035
v -12.68196964 -14.36176968 612.00061035
v -12.55224037 -14.23933029 612.00061035
v -12.68196964 -14.36176968 612.00061035
v -12.63671017 -14.32312965 612.00061035
v -12.63671017 -14.32312965 612.00061035
v -12.59342957 -14.28227997 612.00061035
v -14.35480976 -12.67568016 612.00061035
v -14.39151001 -12.72251987 612.00061035
v -12.47653961 -14.14752960 612.00061035
v -12.51325035 -14.19437027 612.00061035
v -14.27462959 -12.58778000 612.00061035
v -14.61567020 -13.26721001 612.00061035
v -14.62650967 -13.38570023 612.00061035
v -14.27462959 -12.58778000 612.00061035
v -14.35480976 -12.67568016 612.00061035
v -14.42584038 -12.77114010 612.00061035
v -14.27462959 -12.58778000 612.00061035
v -14.31581020 -12.63072968 612.00061035
v -14.62749004 -13.44519997 612.00061035
v -12.41036034 -14.04866028 612.00061035
v -12.44221973 -14.09891987 612.00061035
v -12.38103962 -13.99687004 612.00061035
v -12.35435009 -13.94367981 612.00061035
v -12.33032990 -13.88922977 612.00061035
v -14.09008026 -12.43801022 612.00061035
v -14.13895988 -12.47196007 612.00061035
v -14.18609047 -12.50829029 612.00061035
v -14.09008026 -12.43801022 612.00061035
v -14.18609047 -12.50829029 612.00061035
v -14.23134995 -12.54693031 612.00061035
v -14.23134995 -12.54693031 612.00061035
v -14.41438007 -14.11573029 612.00061035
v -14.34173012 -14.20995998 612.00061035
v -14.62549019 -13.50467968 612.00061035
v -14.62053967 -13.56398010 612.00061035
v -14.61264038 -13.62296009 612.00061035
v -14.60181046 -13.68148041 612.00061035
v -14.58806992 -13.73937988 612.00061035
v -14.57145977 -13.79652977 612.00061035
v -14.44709015 -14.06602001 612.00061035
v -14.30196953 -14.25424004 612.00061035
v -14.26006031 -14.29648972 612.00061035
v -14.21609020 -14.33658981 612.00061035
v -14.17018032 -14.37444973 612.00061035
v -14.12244034 -14.40997982 612.00061035
v -14.07299042 -14.44307995 612.00061035
v -12.30906963 -13.83364964 612.00061035
v -13.98754978 -12.37765026 612.00061035
v -14.03956985 -12.40655041 612.00061035
v -14.09008026 -12.43801022 612.00061035
v -12.26222038 -13.66152954 612.00061035
v -12.29059029 -13.77707958 612.00061035
v -12.27497005 -13.71965981 612.00061035
v -12.25238991 -13.60284042 612.00061035
v -12.29059029 -13.77707958 612.00061035
v -12.26222038 -13.66152954 612.00061035
v -13.76706028 -12.28892994 612.00061035
v -13.82376957 -12.30696011 612.00061035
v -13.87952042 -12.32779026 612.00061035
v -13.93416023 -12.35136986 612.00061035
v -13.70952034 -12.27375984 612.00061035
v -13.98754978 -12.37765026 612.00061035
v -12.24057007 -13.42486000 612.00061035
v -12.25238991 -13.60284042 612.00061035
v -12.24549007 -13.54374027 612.00061035
v -12.24057007 -13.42486000 612.00061035
v -12.24549007 -13.54374027 612.00061035
v -12.24155045 -13.48435974 612.00061035
v -13.47395039 -12.24219990 612.00061035
v -13.53335953 -12.24567032 612.00061035
v -13.59251976 -12.25209999 612.00061035
v -13.65128994 -12.26146984 612.00061035
v -12.26624966 -13.18857956 612.00061035
v -12.24752045 -13.30607986 612.00061035
v -12.25541973 -13.24709034 612.00061035
v -12.27999020 -13.13068008 612.00061035
v -12.24256039 -13.36538029 612.00061035
v -12.27999020 -13.13068008 612.00061035
v -12.24256039 -13.36538029 612.00061035
v -12.24752045 -13.30607986 612.00061035
v -12.27999020 -13.13068008 612.00061035
v -12.24752045 -13.30607986 612.00061035
v -12.26624966 -13.18857956 612.00061035
v -13.29572010 -12.24956989 612.00061035
v -13.35499001 -12.24415016 612.00061035
v -13.41444969 -12.24168968 612.00061035
v -12.31602955 -13.01727962 612.00061035
v -12.27999020 -13.13068008 612.00061035
v -12.29658985 -13.07353020 612.00061035
v -12.33823967 -12.96207047 612.00061035
v -12.33823967 -12.96207047 612.00061035
v -12.27999020 -13.13068008 612.00061035
v -12.31602955 -13.01727962 612.00061035
v -13.17838001 -12.26922989 612.00061035
v -13.17838001 -12.26922989 612.00061035
v -13.23680973 -12.25794029 612.00061035
v -13.29572010 -12.24956989 612.00061035
v -13.12059021 -12.28341961 612.00061035
v -12.45368004 -12.75432014 612.00061035
v -12.36318016 -12.90804005 612.00061035
v -12.39076996 -12.85531998 612.00061035
v -12.45368004 -12.75432014 612.00061035
v -12.39076996 -12.85531998 612.00061035
v -12.42096996 -12.80403996 612.00061035
v -12.48882961 -12.70629978 612.00061035
v -12.36318016 -12.90804005 612.00061035
v -12.45368004 -12.75432014 612.00061035
v -12.52632999 -12.66009998 612.00061035
v -12.84611034 -12.39638042 612.00061035
v -12.89861012 -12.36835957 612.00061035
v -12.95244980 -12.34300041 612.00061035
v -12.84611034 -12.39638042 612.00061035
v -12.95244980 -12.34300041 612.00061035
v -13.00747967 -12.32034969 612.00061035
v -13.06357002 -12.30047989 612.00061035
v -12.56608009 -12.61581039 612.00061035
v -12.79506969 -12.42696953 612.00061035
v -12.74561977 -12.46008015 612.00061035
v -12.65196037 -12.53347015 612.00061035
v -12.60799980 -12.57357025 612.00061035
v -12.69787025 -12.49559975 612.00061035
v -12.69787025 -12.49559975 612.00061035
v -12.56608009 -12.61581039 612.00061035
v -12.65196037 -12.53347015 612.00061035
v -14.02194977 -14.47367954 612.00061035
v -13.74746990 -14.58662987 612.00061035
v -13.33469963 -14.62438965 612.00061035
v -13.58998013 -12.00010014 602.30047607
v -14.75469017 -12.85262012 602.30047607
v -13.58998013 -12.00010014 601.00061035
v -14.75469017 -12.85262012 601.00061035
v -14.59873009 -14.28754997 601.00061035
v -14.75469017 -12.85262012 602.30047607
v -14.59873009 -14.28754997 602.30047607
v -14.75469017 -12.85262012 601.00061035
v -14.59873009 -14.28754997 602.30047607
v -13.27807999 -14.86995029 602.30047607
v -14.59873009 -14.28754997 601.00061035
v -13.27807999 -14.86995029 601.00061035
v -13.27807999 -14.86995029 602.30047607
v -12.11336994 -14.01743031 602.30047607
v -13.27807999 -14.86995029 601.00061035
v -12.11336994 -14.01743031 601.00061035
v -12.26931953 -12.58250999 602.30047607
v -12.26931953 -12.58250999 601.00061035
v -12.11336994 -14.01743031 602.30047607
v -12.11336994 -14.01743031 601.00061035
v -12.26931953 -12.58250999 602.30047607
v -13.58998013 -12.00010014 602.30047607
v -12.26931953 -12.58250999 601.00061035
v -13.58998013 -12.00010014 601.00061035
v -14.59873009 -14.28754997 602.30047607
v -12.11336994 -14.01743031 602.30047607
v -13.27807999 -14.86995029 602.30047607
v -13.58998013 -12.00010014 602.30047607
v -12.26931953 -12.58250999 602.30047607
v -14.75469017 -12.85262012 602.30047607
f 1 2 3
f 4 1 3
f 5 6 7
f 5 8 6
f 9 10 11
f 9 12 10
f 13 14 15
f 13 16 14
f 17 18 19
f 17 20 18
f 21 22 23
f 21 24 22
f 25 26 27
f 25 28 26
f 29 30 31
f 29 32 30
f 33 34 35
f 33 36 34
f 37 38 39
f 37 40 38
f 41 42 43
f 41 43 44
f 45 46 47
f 45 47 48
f 49 50 51
f 49 51 52
f 53 54 55
f 53 55 56
f 57 58 59
f 57 59 60
f 61 62 63
f 61 63 64
f 65 66 67
f 65 67 68
f 69 70 71
f 69 71 72
f 73 74 75
f 73 75 76
f 77 78 79
f 77 79 80
f 81 82 83
f 81 83 84
f 85 86 87
f 85 87 88
f 89 90 91
f 89 92 90
f 93 94 95
f 93 96 94
f 97 98 99
f 97 100 98
f 101 102 103
f 101 104 102
f 105 106 107
f 105 108 106
f 109 110 111
f 109 112 110
f 113 114 115
f 113 116 114
f 117 118 119
f 117 120 118
f 121 122 123
f 121 124 122
f 125 126 127
f 125 128 126
f 129 130 131
f 129 132 130
f 133 134 135
f 133 136 134
f 137 138 139
f 137 140 138
f 141 142 143
f 141 144 142
f 145 146 147
f 145 147 148
f 149 150 151
f 149 151 152
f 153 154 155
f 153 155 156
f 157 158 159
f 157 159 160
f 161 162 163
f 161 163 164
f 165 166 167
f 165 167 168
f 169 170 171
f 169 171 172
f 173 174 175
f 173 175 176
f 177 178 179
f 177 179 180
f 181 182 183
f 181 183 184
f 185 186 187
f 185 187 188
f 189 190 191
f 189 191 192
f 193 194 195
f 193 195 196
f 197 198 199
f 197 199 200
f 201 202 203
f 201 203 204
f 205 206 207
f 205 207 208
f 209 210 211
f 209 211 212
f 213 214 215
f 213 215 216
f 217 218 219
f 217 219 220
f 221 222 223
f 221 223 224
f 225 226 227
f 225 227 228
f 229 230 231
f 229 232 230
f 233 234 235
f 233 236 234
f 237 238 239
f 237 240 238
f 241 242 243
f 241 244 242
f 245 246 247
f 245 247 248
f 249 250 251
f 249 251 252
f 253 254 255
f 253 255 256
f 257 258 259
f 257 259 260
f 261 262 263
f 261 263 264
f 265 266 267
f 265 267 268
f 269 270 271
f 269 271 272
f 273 274 275
f 273 275 276
f 277 278 279
f 280 277 279
f 281 282 283
f 281 283 284
f 285 286 287
f 285 287 288
f 289 290 291
f 292 289 291
f 293 294 295
f 293 295 296
f 297 298 299
f 297 300 298
f 301 302 303
f 301 304 302
f 305 306 307
f 305 308 306
f 309 310 311
f 309 312 310
f 313 314 315
f 313 316 314
f 317 318 319
f 317 320 318
f 321 322 323
f 321 324 322
f 325 326 327
f 325 328 326
f 329 330 331
f 332 333 334
f 329 335 330
f 336 332 334
f 337 338 339
f 337 340 338
f 341 342 343
f 341 344 342
f 345 346 347
f 345 348 346
f 349 350 351
f 349 351 352
f 353 354 355
f 353 355 356
f 357 358 359
f 357 359 360
f 361 362 363
f 361 363 364
f 365 366 367
f 365 368 366
f 369 370 371
f 369 372 370
f 373 374 375
f 373 376 374
f 377 378 379
f 377 380 378
f 381 382 383
f 381 384 382
f 385 386 387
f 385 388 386
f 389 390 391
f 389 392 390
f 393 394 395
f 396 397 398
f 393 399 394
f 400 396 398
f 401 402 403
f 401 404 402
f 405 406 407
f 405 408 406
f 409 410 411
f 409 412 410
f 413 414 415
f 413 416 414
f 417 418 419
f 417 420 418
f 421 422 423
f 421 424 422
f 425 426 427
f 425 428 426
f 429 430 431
f 429 432 430
f 433 434 435
f 433 436 434
f 437 438 439
f 437 440 438
f 441 442 443
f 441 444 442
f 445 446 447
f 445 448 446
f 449 450 451
f 449 451 452
f 453 454 455
f 453 455 456
f 457 458 459
f 457 459 460
f 461 462 463
f 461 463 464
f 465 466 467
f 465 467 468
f 469 470 471
f 469 471 472
f 473 474 475
f 473 475 476
f 477 478 479
f 477 479 480
f 481 482 483
f 481 483 484
f 485 486 487
f 485 487 488
f 489 490 491
f 489 491 492
f 493 494 495
f 493 495 496
f 497 498 499
f 497 500 498
f 501 502 503
f 501 504 502
f 505 506 507
f 508 509 510
f 511 505 507
f 512 513 514
f 515 508 510
f 516 517 518
f 519 512 514
f 520 521 522
f 523 516 518
f 524 525 526
f 527 520 522
f 528 529 530
f 531 524 526
f 532 533 534
f 535 528 530
f 536 537 538
f 539 532 534
f 540 541 542
f 543 536 538
f 544 545 546
f 547 540 542
f 548 544 546
f 549 550 551
f 552 549 551
f 553 554 555
f 556 553 555
f 557 558 559
f 560 557 559
f 561 562 563
f 564 561 563
f 565 566 567
f 568 565 567
f 569 570 571
f 572 569 571
f 573 574 575
f 576 573 575
f 577 578 579
f 580 581 582
f 583 577 579
f 584 580 582
f 585 586 587
f 588 589 590
f 591 585 587
f 592 593 594
f 595 588 590
f 596 597 598
f 599 592 594
f 600 601 602
f 603 596 598
f 604 605 606
f 607 600 602
f 608 609 610
f 611 604 606
f 612 613 614
f 615 608 610
f 616 617 618
f 619 612 614
f 620 621 622
f 623 616 618
f 624 625 626
f 627 620 622
f 628 629 630
f 631 624 626
f 632 633 634
f 635 628 630
f 636 637 638
f 639 632 634
f 640 641 642
f 643 636 638
f 644 645 646
f 647 640 642
f 648 644 646
f 649 650 651
f 652 649 651
f 653 654 655
f 656 653 655
f 657 658 659
f 660 661 662
f 663 657 659
f 664 665 666
f 667 660 662
f 668 669 670
f 671 664 666
f 672 673 674
f 675 668 670
f 676 677 678
f 679 672 674
f 680 681 682
f 683 676 678
f 684 685 686
f 687 680 682
f 688 689 690
f 691 684 686
f 692 693 694
f 695 688 690
f 696 697 698
f 699 692 694
f 700 701 702
f 703 696 698
f 704 705 706
f 707 700 702
f 708 709 710
f 711 704 706
f 712 708 710
f 713 714 715
f 716 713 715
f 717 718 719
f 720 717 719
f 721 722 723
f 724 721 723
f 725 726 727
f 728 725 727
f 729 730 731
f 732 729 731
f 733 734 735
f 736 733 735
f 737 738 739
f 740 741 742
f 743 737 739
f 744 745 746
f 747 740 742
f 748 749 750
f 751 744 746
f 752 753 754
f 755 748 750
f 756 752 754
f 757 758 759
f 757 759 760
f 761 762 763
f 761 763 764
f 765 766 767
f 765 767 768
f 769 770 771
f 769 771 772
f 773 774 775
f 773 775 776
f 777 778 779
f 777 779 780
f 781 782 783
f 781 783 784
f 785 786 787
f 785 787 788
f 789 790 791
f 789 791 792
f 793 794 795
f 793 795 796
f 797 798 799
f 797 799 800
f 801 802 803
f 801 803 804
f 805 806 807
f 805 807 808
f 809 810 811
f 809 811 812
f 813 814 815
f 813 815 816
f 817 818 819
f 817 819 820
f 821 822 823
f 821 824 822
f 825 826 827
f 825 827 828
f 829 830 831
f 829 832 830
f 833 834 835
f 833 836 834
f 837 838 839
f 837 840 838
f 841 842 843
f 841 844 842
f 845 846 847
f 845 848 846
f 849 850 851
f 849 851 852
f 853 854 855
f 853 855 856
f 857 858 859
f 857 859 860
f 861 862 863
f 861 863 864
f 865 866 867
f 865 867 868
f 869 870 871
f 869 871 872
f 873 874 875
f 873 875 876
f 877 878 879
f 877 879 880
f 881 882 883
f 881 883 884
f 885 886 887
f 885 887 888
f 889 890 891
f 889 891 892
f 893 894 895
f 893 895 896
f 897 898 899
f 897 899 900
f 901 902 903
f 901 904 902
f 905 906 907
f 905 907 908
f 909 910 911
f 909 912 910
f 913 914 915
f 913 916 914
f 917 918 919
f 917 920 918
f 921 922 923
f 921 924 922
f 925 926 927
f 925 928 926
f 929 930 931
f 929 932 930
f 933 934 935
f 933 936 934
f 937 938 939
f 937 940 938
f 941 942 943
f 941 944 942
f 945 946 947
f 945 948 946
f 949 950 951
f 949 952 950
f 953 954 955
f 953 955 956
f 957 958 959
f 957 959 960
f 961 962 963
f 961 963 964
f 965 966 967
f 965 967 968
f 969 970 971
f 969 971 972
f 973 974 975
f 973 975 976
f 977 978 979
f 977 979 980
f 981 982 983
f 981 984 982
f 985 986 987
f 985 987 988
f 989 990 991
f 989 992 990
f 993 994 995
f 993 996 994
f 997 998 999
f 997 1000 998
f 1001 1002 1003
f 1001 1004 1002
f 1005 1006 1007
f 1005 1008 1006
f 1009 1010 1011
f 1009 1011 1012
f 1013 1011 1014
f 1013 1012 1011
f 1015 1010 1009
f 1015 1016 1010
f 1017 1013 1014
f 1017 1014 1018
f 1019 1016 1015
f 1019 1020 1016
f 1021 1017 1018
f 1021 1018 1022
f 1023 1020 1019
f 1023 1024 1020
f 1025 1021 1022
f 1025 1022 1026
f 1027 1024 1023
f 1027 1028 1024
f 1029 1026 1030
f 1029 1025 1026
f 1031 1028 1027
f 1031 1032 1028
f 1033 1029 1030
f 1033 1030 1034
f 1035 1032 1031
f 1035 1036 1032
f 1037 1033 1034
f 1037 1034 1038
f 1039 1036 1035
f 1039 1040 1036
f 1041 1037 1038
f 1041 1038 1042
f 1043 1040 1039
f 1043 1044 1040
f 1045 1041 1042
f 1045 1042 1046
f 1047 1048 1044
f 1047 1044 1043
f 1049 1045 1046
f 1049 1046 1050
f 1051 1048 1047
f 1051 1052 1048
f 1053 1049 1050
f 1053 1050 1054
f 1055 1056 1052
f 1055 1052 1051
f 1057 1054 1058
f 1057 1053 1054
f 1059 1056 1055
f 1059 1060 1056
f 1061 1057 1058
f 1061 1058 1062
f 1061 1062 1063
f 1064 1065 1060
f 1064 1060 1059
f 1066 1061 1063
f 1067 1068 1065
f 1067 1065 1064
f 1069 1063 1070
f 1069 1066 1063
f 1071 1068 1067
f 1071 1072 1068
f 1073 1069 1070
f 1073 1070 1074
f 1075 1076 1077
f 1075 1077 1072
f 1075 1072 1071
f 1078 1073 1074
f 1078 1074 1079
f 1080 1076 1075
f 1081 1078 1079
f 1081 1079 1082
f 1083 1084 1076
f 1083 1076 1080
f 1085 1081 1082
f 1085 1082 1086
f 1087 1084 1083
f 1087 1088 1084
f 1089 1085 1086
f 1089 1086 1090
f 1091 1088 1087
f 1091 1092 1088
f 1093 1089 1090
f 1093 1090 1094
f 1095 1092 1091
f 1095 1096 1092
f 1097 1094 1098
f 1097 1093 1094
f 1099 1096 1095
f 1099 1100 1096
f 1101 1098 1102
f 1101 1097 1098
f 1103 1100 1099
f 1103 1104 1100
f 1105 1102 1106
f 1105 1101 1102
f 1107 1108 1104
f 1107 1104 1103
f 1109 1106 1110
f 1109 1105 1106
f 1111 1112 1113
f 1111 1113 1108
f 1111 1108 1107
f 1114 1110 1115
f 1114 1109 1110
f 1116 1112 1111
f 1117 1115 1118
f 1117 1114 1115
f 1119 1120 1112
f 1119 1112 1116
f 1121 1118 1122
f 1121 1117 1118
f 1123 1124 1120
f 1123 1120 1119
f 1125 1122 1126
f 1125 1121 1122
f 1127 1128 1124
f 1127 1124 1123
f 1129 1126 1130
f 1129 1125 1126
f 1131 1132 1128
f 1131 1128 1127
f 1133 1130 1134
f 1133 1129 1130
f 1135 1131 1136
f 1135 1132 1131
f 1137 1138 1133
f 1137 1133 1134
f 1139 1138 1137
f 1140 1135 1136
f 1140 1141 1142
f 1140 1136 1141
f 1143 1139 1137
f 1144 1140 1142
f 1145 1139 1143
f 1145 1146 1139
f 1145 1147 1146
f 1148 1144 1142
f 1148 1149 1150
f 1148 1142 1149
f 1151 1147 1145
f 1152 1148 1150
f 1153 1147 1151
f 1153 1154 1147
f 1155 1152 1150
f 1155 1150 1156
f 1157 1158 1154
f 1157 1154 1153
f 1159 1155 1156
f 1159 1156 1160
f 1161 1158 1157
f 1161 1162 1158
f 1161 1163 1162
f 1164 1160 1165
f 1164 1159 1160
f 1166 1163 1161
f 1167 1165 1168
f 1167 1164 1165
f 1169 1170 1163
f 1169 1163 1166
f 1171 1167 1168
f 1171 1172 1173
f 1171 1168 1172
f 1174 1175 1170
f 1174 1176 1175
f 1174 1170 1169
f 1177 1171 1173
f 1178 1179 1176
f 1178 1176 1174
f 1180 1177 1173
f 1180 1181 1182
f 1180 1173 1181
f 1183 1179 1178
f 1184 1180 1182
f 1185 1186 1179
f 1185 1179 1183
f 1187 1184 1182
f 1187 1182 1188
f 1189 1190 1186
f 1189 1186 1185
f 1191 1188 1192
f 1191 1187 1188
f 1193 1194 1190
f 1193 1190 1189
f 1195 1192 1196
f 1195 1191 1192
f 1197 1194 1193
f 1197 1198 1194
f 1199 1196 1200
f 1199 1195 1196
f 1201 1202 1198
f 1201 1203 1202
f 1201 1198 1197
f 1204 1200 1205
f 1204 1199 1200
f 1206 1207 1203
f 1206 1203 1201
f 1208 1205 1209
f 1208 1204 1205
f 1210 1207 1206
f 1211 1212 1213
f 1211 1209 1212
f 1211 1208 1209
f 1214 1207 1210
f 1214 1215 1207
f 1216 1213 1217
f 1216 1211 1213
f 1218 1219 1215
f 1218 1215 1214
f 1220 1216 1217
f 1221 1222 1219
f 1221 1223 1222
f 1221 1219 1218
f 1224 1220 1217
f 1224 1225 1226
f 1224 1217 1225
f 1227 1223 1221
f 1228 1224 1226
f 1229 1223 1227
f 1229 1230 1223
f 1229 1231 1230
f 1232 1233 1234
f 1232 1226 1233
f 1232 1228 1226
f 1235 1231 1229
f 1236 1232 1234
f 1236 1234 1237
f 1238 1231 1235
f 1238 1239 1231
f 1240 1236 1237
f 1240 1237 1241
f 1242 1239 1238
f 1242 1243 1239
f 1244 1240 1241
f 1245 1243 1242
f 1245 1246 1243
f 1247 1244 1241
f 1247 1241 1248
f 1249 1246 1245
f 1249 1250 1246
f 1249 1251 1250
f 1252 1247 1248
f 1252 1248 1253
f 1254 1251 1249
f 1255 1253 1256
f 1255 1252 1253
f 1257 1258 1251
f 1257 1251 1254
f 1259 1260 1258
f 1259 1256 1260
f 1259 1255 1256
f 1259 1258 1257
f 1261 1262 1263
f 1264 1262 1261
f 1265 1262 1264
f 1266 1262 1265
f 1267 1262 1266
f 1268 1262 1267
f 1269 1262 1268
f 1270 1262 1269
f 1271 1262 1270
f 1272 1262 1271
f 1273 1262 1272
f 1274 1262 1273
f 1275 1262 1274
f 1276 1262 1275
f 1277 1262 1276
f 1278 1262 1277
f 1279 1262 1278
f 1280 1262 1279
f 1281 1262 1280
f 1282 1262 1281
f 1283 1262 1282
f 1284 1285 1286
f 1287 1285 1284
f 1288 1285 1287
f 1289 1285 1288
f 1263 1285 1289
f 1262 1285 1263
f 1290 1285 1291
f 1292 1285 1290
f 1293 1285 1292
f 1294 1285 1293
f 1295 1285 1294
f 1296 1285 1295
f 1297 1285 1296
f 1298 1285 1297
f 1299 1285 1298
f 1300 1285 1299
f 1301 1285 1300
f 1286 1285 1301
f 1285 1302 1291
f 1285 1303 1302
f 1285 1304 1303
f 1285 1305 1304
f 1306 1307 1283
f 1308 1307 1306
f 1309 1307 1308
f 1310 1307 1309
f 1311 1307 1310
f 1312 1307 1311
f 1313 1307 1312
f 1314 1307 1313
f 1315 1307 1314
f 1316 1307 1315
f 1317 1307 1316
f 1318 1307 1317
f 1283 1307 1262
f 1318 1319 1307
f 1319 1320 1307
f 1320 1321 1307
f 1321 1322 1307
f 1322 1323 1307
f 1323 1324 1307
f 1285 1325 1305
f 1326 1325 1327
f 1328 1325 1326
f 1329 1325 1328
f 1330 1325 1329
f 1331 1325 1330
f 1332 1325 1331
f 1333 1325 1332
f 1305 1325 1333
f 1324 1334 1307
f 1325 1335 1327
f 1334 1336 1307
f 1325 1337 1335
f 1336 1338 1307
f 1325 1339 1337
f 1325 1340 1339
f 1325 1341 1340
f 1342 1343 1338
f 1344 1343 1342
f 1345 1343 1344
f 1338 1343 1307
f 1325 1346 1341
f 1345 1347 1343
f 1325 1348 1346
f 1347 1349 1343
f 1325 1350 1348
f 1349 1351 1343
f 1325 1352 1350
f 1351 1353 1343
f 1325 1354 1352
f 1353 1355 1343
f 1325 1356 1354
f 1355 1357 1343
f 1325 1358 1356
f 1357 1359 1343
f 1360 1361 1325
f 1325 1361 1358
f 1359 1362 1343
f 1360 1363 1361
f 1362 1364 1343
f 1360 1365 1363
f 1364 1366 1343
f 1360 1367 1365
f 1366 1368 1343
f 1360 1369 1367
f 1368 1370 1343
f 1360 1371 1369
f 1370 1372 1343
f 1360 1373 1371
f 1372 1374 1343
f 1360 1375 1373
f 1374 1376 1343
f 1360 1377 1375
f 1376 1378 1343
f 1360 1379 1377
f 1378 1380 1343
f 1360 1381 1379
f 1343 1382 1360
f 1380 1382 1343
f 1360 1383 1381
f 1382 1384 1360
f 1360 1385 1383
f 1384 1386 1360
f 1360 1387 1385
f 1386 1388 1360
f 1360 1389 1387
f 1388 1390 1360
f 1360 1391 1389
f 1390 1392 1360
f 1360 1392 1391
f 1393 1394 1395
f 1396 1397 1398
f 1396 1398 1399
f 1400 1401 1402
f 1403 1404 1405
f 1403 1405 1406
f 1407 1408 1409
f 1410 1411 1412
f 1413 1410 1414
f 1415 1416 1417
f 1415 1417 1418
f 1419 1420 1421
f 1422 1423 1424
f 1425 1426 1427
f 1428 1429 1430
f 1431 1422 1432
f 1433 1423 1422
f 1434 1435 1436
f 1433 1415 1423
f 1437 1438 1425
f 1439 1440 1441
f 1442 1443 1444
f 1445 1446 1447
f 1448 1433 1449
f 1450 1451 1452
f 1453 1454 1455
f 1448 1456 1457
f 1458 1459 1445
f 1460 1448 1461
f 1462 1463 1464
f 1462 1425 1463
f 1465 1466 1442
f 1462 1437 1425
f 1462 1467 1437
f 1468 1469 1458
f 1462 1464 1470
f 1471 1460 1472
f 1473 1460 1471
f 1473 1448 1460
f 1474 1448 1473
f 1475 1448 1474
f 1476 1477 1478
f 1479 1480 1481
f 1476 1482 1462
f 1476 1483 1484
f 1476 1470 1485
f 1476 1485 1486
f 1476 1486 1487
f 1476 1487 1488
f 1476 1488 1489
f 1476 1489 1490
f 1476 1490 1400
f 1476 1400 1491
f 1476 1491 1483
f 1476 1484 1492
f 1476 1492 1493
f 1476 1493 1494
f 1476 1494 1495
f 1476 1495 1496
f 1476 1496 1497
f 1476 1462 1470
f 1498 1448 1475
f 1499 1500 1501
f 1502 1503 1504
f 1505 1498 1506
f 1505 1506 1507
f 1508 1509 1510
f 1508 1510 1511
f 1512 1511 1513
f 1512 1508 1511
f 1514 1515 1516
f 1517 1518 1519
f 1517 1498 1505
f 1520 1521 1522
f 1520 1522 1523
f 1520 1523 1512
f 1524 1525 1526
f 1527 1517 1528
f 1529 1530 1531
f 1532 1533 1534
f 1535 1536 1537
f 1538 1539 1540
f 1541 1498 1517
f 1541 1517 1527
f 1542 1543 1544
f 1545 1535 1537
f 1546 1547 1548
f 1545 1537 1520
f 1549 1545 1520
f 1550 1551 1552
f 1553 1554 1555
f 1556 1557 1558
f 1559 1557 1556
f 1560 1561 1562
f 1563 1564 1565
f 1563 1565 1566
f 1567 1541 1557
f 1567 1557 1559
f 1568 1563 1566
f 1569 1566 1549
f 1569 1568 1566
f 1570 1567 1571
f 1572 1512 1513
f 1572 1416 1415
f 1572 1498 1541
f 1572 1415 1433
f 1572 1520 1512
f 1572 1549 1520
f 1572 1433 1448
f 1572 1569 1549
f 1572 1411 1410
f 1572 1397 1396
f 1572 1541 1567
f 1573 1574 1575
f 1572 1448 1498
f 1572 1410 1413
f 1572 1476 1497
f 1572 1497 1576
f 1572 1576 1397
f 1572 1513 1476
f 1572 1396 1577
f 1572 1577 1411
f 1572 1413 1578
f 1572 1578 1416
f 1579 1580 1581
f 1581 1580 1582
f 1583 1584 1585
f 1586 1584 1583
f 1587 1588 1589
f 1589 1588 1590
f 1591 1592 1593
f 1593 1592 1594
f 1595 1596 1597
f 1597 1596 1598
f 1599 1600 1601
f 1601 1600 1602
f 1603 1604 1605
f 1606 1607 1604
f 1606 1604 1603
f 1608 1606 1603
f 1609 1610 1611
f 1609 1611 1612
f 1613 1614 1615
f 1613 1616 1614
f 1617 1618 1619
f 1617 1620 1618
f 1621 1622 1623
f 1621 1624 1622
f 1625 1626 1627
f 1625 1628 1626
f 1629 1630 1631
f 1629 1632 1630
f 1633 1634 1635
f 1633 1636 1634
f 1637 1638 1639
f 1637 1640 1638
f 1641 1642 1643
f 1641 1644 1642
f 1645 1646 1647
f 1645 1648 1646
f 1649 1650 1651
f 1649 1651 1652
f 1653 1654 1655
f 1653 1655 1656
f 1657 1658 1659
f 1657 1659 1660
f 1661 1662 1663
f 1661 1663 1664
f 1665 1666 1667
f 1665 1667 1668
f 1669 1670 1671
f 1669 1671 1672
f 1673 1674 1675
f 1673 1675 1676
f 1677 1678 1679
f 1677 1679 1680
f 1681 1682 1683
f 1681 1683 1684
f 1685 1686 1687
f 1685 1687 1688
f 1689 1690 1691
f 1689 1691 1692
f 1693 1694 1695
f 1693 1695 1696
f 1697 1698 1699
f 1697 1700 1698
f 1701 1702 1703
f 1701 1704 1702
f 1705 1706 1707
f 1705 1708 1706
f 1709 1710 1711
f 1709 1712 1710
f 1713 1714 1715
f 1713 1716 1714
f 1717 1718 1719
f 1717 1720 1718
f 1721 1722 1723
f 1721 1724 1722
f 1725 1726 1727
f 1725 1728 1726
f 1729 1730 1731
f 1729 1732 1730
f 1733 1734 1735
f 1733 1736 1734
f 1737 1738 1739
f 1737 1740 1738
f 1741 1742 1743
f 1741 1744 1742
f 1745 1746 1747
f 1745 1748 1746
f 1749 1750 1751
f 1749 1752 1750
f 1753 1754 1755
f 1753 1755 1756
f 1757 1758 1759
f 1757 1759 1760
f 1761 1762 1763
f 1761 1763 1764
f 1765 1766 1767
f 1765 1767 1768
f 1769 1770 1771
f 1769 1771 1772
f 1773 1774 1775
f 1773 1775 1776
f 1777 1778 1779
f 1777 1779 1780
f 1781 1782 1783
f 1781 1783 1784
f 1785 1786 1787
f 1785 1787 1788
f 1789 1790 1791
f 1789 1791 1792
f 1793 1794 1795
f 1793 1795 1796
f 1797 1798 1799
f 1797 1799 1800
f 1801 1802 1803
f 1801 1803 1804
f 1805 1806 1807
f 1805 1807 1808
f 1809 1810 1811
f 1809 1811 1812
f 1813 1814 1815
f 1813 1815 1816
f 1817 1818 1819
f 1817 1819 1820
f 1821 1822 1823
f 1821 1823 1824
f 1825 1826 1827
f 1825 1827 1828
f 1829 1830 1831
f 1829 1831 1832
f 1833 1834 1835
f 1833 1835 1836
f 1837 1838 1839
f 1840 1837 1839
f 1841 1842 1843
f 1841 1844 1842
f 1845 1846 1847
f 1845 1848 1846
f 1849 1850 1851
f 1849 1852 1850
f 1853 1854 1855
f 1853 1855 1856
f 1857 1858 1859
f 1857 1859 1860
f 1861 1862 1863
f 1861 1863 1864
f 1865 1866 1867
f 1868 1865 1867
f 1869 1870 1871
f 1869 1871 1872
f 1873 1874 1875
f 1873 1875 1876
f 1877 1878 1879
f 1880 1877 1879
f 1881 1882 1883
f 1881 1883 1884
f 1885 1886 1887
f 1885 1887 1888
f 1889 1890 1891
f 1889 1891 1892
f 1893 1894 1895
f 1893 1895 1896
f 1897 1898 1899
f 1897 1899 1900
f 1901 1902 1903
f 1904 1905 1906
f 1904 1906 1907
f 1908 1901 1903
f 1909 1910 1911
f 1909 1912 1910
f 1913 1914 1915
f 1913 1916 1914
f 1917 1918 1919
f 1917 1920 1918
f 1921 1922 1923
f 1921 1924 1922
f 1925 1926 1927
f 1925 1928 1926
f 1929 1930 1931
f 1929 1932 1930
f 1933 1934 1935
f 1933 1936 1934
f 1937 1938 1939
f 1937 1940 1938
f 1941 1942 1943
f 1941 1944 1942
f 1945 1946 1947
f 1945 1948 1946
f 1949 1950 1951
f 1949 1952 1950
f 1953 1954 1955
f 1953 1956 1954
f 1957 1958 1959
f 1957 1959 1960
f 1961 1962 1963
f 1961 1963 1964
f 1965 1966 1967
f 1968 1965 1967
f 1969 1970 1971
f 1969 1971 1972
f 1973 1974 1975
f 1973 1976 1974
f 1977 1978 1979
f 1977 1980 1978
f 1981 1982 1983
f 1981 1984 1982
f 1985 1986 1987
f 1985 1988 1986
f 1989 1990 1991
f 1989 1992 1990
f 1993 1994 1995
f 1996 1997 1998
f 1993 1999 1994
f 2000 1996 1998
f 2001 2002 2003
f 2001 2004 2002
f 2005 2006 2007
f 2005 2008 2006
f 2009 2010 2011
f 2009 2012 2010
f 2013 2014 2015
f 2013 2016 2014
f 2017 2018 2019
f 2017 2020 2018
f 2021 2022 2023
f 2024 2025 2026
f 2021 2027 2022
f 2028 2024 2026
f 2029 2030 2031
f 2029 2032 2030
f 2033 2034 2035
f 2033 2036 2034
f 2037 2038 2039
f 2037 2040 2038
f 2041 2042 2043
f 2041 2044 2042
f 2045 2046 2047
f 2045 2048 2046
f 2049 2050 2051
f 2049 2052 2050
f 2053 2054 2055
f 2053 2055 2056
f 2057 2058 2059
f 2057 2059 2060
f 2061 2062 2063
f 2061 2063 2064
f 2065 2066 2067
f 2065 2067 2068
f 2069 2070 2071
f 2069 2071 2072
f 2073 2074 2075
f 2073 2075 2076
f 2077 2078 2079
f 2080 2077 2079
f 2081 2082 2083
f 2081 2083 2084
f 2085 2086 2087
f 2088 2085 2087
f 2089 2090 2091
f 2092 2089 2091
f 2093 2094 2095
f 2093 2095 2096
f 2097 2098 2099
f 2097 2099 2100
f 2101 2102 2103
f 2101 2103 2104
f 2105 2106 2107
f 2105 2108 2106
f 2109 2110 2111
f 2109 2112 2110
f 2113 2114 2115
f 2116 2117 2118
f 2119 2113 2115
f 2120 2121 2122
f 2123 2116 2118
f 2124 2125 2126
f 2127 2120 2122
f 2128 2129 2130
f 2131 2124 2126
f 2132 2133 2134
f 2135 2128 2130
f 2136 2137 2138
f 2139 2132 2134
f 2140 2141 2142
f 2143 2136 2138
f 2144 2145 2146
f 2147 2140 2142
f 2148 2149 2150
f 2151 2144 2146
f 2152 2153 2154
f 2155 2148 2150
f 2156 2152 2154
f 2157 2158 2159
f 2160 2157 2159
f 2161 2162 2163
f 2164 2161 2163
f 2165 2166 2167
f 2168 2165 2167
f 2169 2170 2171
f 2172 2169 2171
f 2173 2174 2175
f 2176 2173 2175
f 2177 2178 2179
f 2180 2177 2179
f 2181 2182 2183
f 2184 2181 2183
f 2185 2186 2187
f 2188 2189 2190
f 2191 2185 2187
f 2192 2188 2190
f 2193 2194 2195
f 2196 2197 2198
f 2199 2193 2195
f 2200 2201 2202
f 2203 2196 2198
f 2204 2205 2206
f 2207 2200 2202
f 2208 2209 2210
f 2211 2204 2206
f 2212 2213 2214
f 2215 2208 2210
f 2216 2217 2218
f 2219 2212 2214
f 2220 2221 2222
f 2223 2216 2218
f 2224 2225 2226
f 2227 2220 2222
f 2228 2229 2230
f 2231 2232 2233
f 2234 2235 2236
f 2237 2228 2230
f 2238 2239 2240
f 2241 2234 2236
f 2242 2243 2244
f 2245 2238 2240
f 2246 2247 2248
f 2249 2242 2244
f 2250 2251 2252
f 2253 2246 2248
f 2254 2255 2256
f 2257 2250 2252
f 2258 2254 2256
f 2259 2260 2261
f 2262 2259 2261
f 2263 2264 2265
f 2266 2263 2265
f 2267 2268 2269
f 2270 2271 2272
f 2273 2267 2269
f 2274 2275 2276
f 2277 2270 2272
f 2278 2279 2280
f 2281 2274 2276
f 2282 2283 2284
f 2285 2278 2280
f 2286 2287 2288
f 2289 2282 2284
f 2290 2291 2292
f 2293 2286 2288
f 2294 2295 2296
f 2297 2290 2292
f 2298 2299 2300
f 2301 2294 2296
f 2302 2303 2304
f 2305 2298 2300
f 2306 2307 2308
f 2309 2302 2304
f 2310 2311 2312
f 2313 2306 2308
f 2314 2315 2316
f 2317 2310 2312
f 2318 2319 2320
f 2321 2314 2316
f 2322 2318 2320
f 2323 2324 2325
f 2326 2323 2325
f 2327 2328 2329
f 2330 2327 2329
f 2331 2332 2333
f 2334 2331 2333
f 2335 2336 2337
f 2338 2335 2337
f 2339 2340 2341
f 2342 2339 2341
f 2343 2344 2345
f 2346 2343 2345
f 2347 2348 2349
f 2350 2351 2352
f 2353 2347 2349
f 2354 2355 2356
f 2357 2350 2352
f 2358 2359 2360
f 2361 2354 2356
f 2362 2363 2364
f 2365 2358 2360
f 2366 2362 2364
f 2367 2368 2369
f 2367 2369 2370
f 2371 2372 2373
f 2371 2373 2374
f 2375 2376 2377
f 2375 2377 2378
f 2379 2380 2381
f 2379 2381 2382
f 2383 2384 2385
f 2383 2385 2386
f 2387 2388 2389
f 2387 2389 2390
f 2391 2392 2393
f 2391 2393 2394
f 2395 2396 2397
f 2395 2397 2398
f 2399 2400 2401
f 2399 2401 2402
f 2403 2404 2405
f 2403 2405 2406
f 2407 2408 2409
f 2407 2409 2410
f 2411 2412 2413
f 2411 2413 2414
f 2415 2416 2417
f 2415 2417 2418
f 2419 2420 2421
f 2419 2421 2422
f 2423 2424 2425
f 2423 2425 2426
f 2427 2428 2429
f 2427 2429 2430
f 2431 2432 2433
f 2431 2434 2432
f 2435 2436 2437
f 2435 2437 2438
f 2439 2440 2441
f 2439 2442 2440
f 2443 2444 2445
f 2443 2446 2444
f 2447 2448 2449
f 2447 2450 2448
f 2451 2452 2453
f 2451 2454 2452
f 2455 2456 2457
f 2455 2458 2456
f 2459 2460 2461
f 2459 2461 2462
f 2463 2464 2465
f 2463 2465 2466
f 2467 2468 2469
f 2467 2469 2470
f 2471 2472 2473
f 2471 2473 2474
f 2475 2476 2477
f 2475 2477 2478
f 2479 2480 2481
f 2479 2481 2482
f 2483 2484 2485
f 2483 2485 2486
f 2487 2488 2489
f 2487 2489 2490
f 2491 2492 2493
f 2491 2493 2494
f 2495 2496 2497
f 2495 2497 2498
f 2499 2500 2501
f 2499 2501 2502
f 2503 2504 2505
f 2503 2505 2506
f 2507 2508 2509
f 2507 2509 2510
f 2511 2512 2513
f 2511 2514 2512
f 2515 2516 2517
f 2515 2517 2518
f 2519 2520 2521
f 2519 2522 2520
f 2523 2524 2525
f 2523 2526 2524
f 2527 2528 2529
f 2527 2530 2528
f 2531 2532 2533
f 2531 2534 2532
f 2535 2536 2537
f 2535 2538 2536
f 2539 2540 2541
f 2539 2542 2540
f 2543 2544 2545
f 2543 2546 2544
f 2547 2548 2549
f 2547 2550 2548
f 2551 2552 2553
f 2551 2554 2552
f 2555 2556 2557
f 2555 2558 2556
f 2559 2560 2561
f 2559 2562 2560
f 2563 2564 2565
f 2563 2565 2566
f 2567 2568 2569
f 2567 2569 2570
f 2571 2572 2573
f 2571 2573 2574
f 2575 2576 2577
f 2575 2577 2578
f 2579 2580 2581
f 2579 2581 2582
f 2583 2584 2585
f 2583 2585 2586
f 2587 2588 2589
f 2587 2589 2590
f 2591 2592 2593
f 2591 2594 2592
f 2595 2596 2597
f 2595 2597 2598
f 2599 2600 2601
f 2599 2602 2600
f 2603 2604 2605
f 2603 2606 2604
f 2607 2608 2609
f 2607 2610 2608
f 2611 2612 2613
f 2611 2614 2612
f 2615 2616 2617
f 2615 2618 2616
f 2619 2620 2621
f 2619 2622 2620
f 2623 2621 2620
f 2623 2620 2624
f 2625 2622 2619
f 2625 2626 2622
f 2627 2623 2624
f 2627 2624 2628
f 2629 2626 2625
f 2629 2630 2626
f 2631 2627 2628
f 2631 2628 2632
f 2633 2630 2629
f 2633 2634 2630
f 2635 2631 2632
f 2635 2632 2636
f 2637 2634 2633
f 2637 2638 2634
f 2639 2635 2636
f 2639 2636 2640
f 2641 2638 2637
f 2641 2642 2638
f 2643 2639 2640
f 2643 2640 2644
f 2645 2642 2641
f 2645 2646 2647
f 2645 2647 2642
f 2648 2644 2649
f 2648 2643 2644
f 2650 2646 2645
f 2651 2648 2649
f 2651 2649 2652
f 2653 2646 2650
f 2653 2654 2646
f 2655 2651 2652
f 2655 2652 2656
f 2657 2658 2654
f 2657 2654 2653
f 2659 2655 2656
f 2659 2656 2660
f 2661 2662 2658
f 2661 2658 2657
f 2663 2659 2660
f 2663 2660 2664
f 2665 2666 2662
f 2665 2662 2661
f 2667 2663 2664
f 2667 2664 2668
f 2667 2668 2669
f 2670 2671 2666
f 2670 2666 2665
f 2672 2667 2669
f 2672 2669 2673
f 2674 2671 2670
f 2674 2675 2671
f 2676 2672 2673
f 2677 2675 2674
f 2677 2678 2675
f 2679 2673 2680
f 2679 2676 2673
f 2681 2682 2678
f 2681 2678 2677
f 2683 2679 2680
f 2683 2680 2684
f 2685 2686 2682
f 2685 2682 2681
f 2687 2683 2684
f 2687 2684 2688
f 2689 2686 2685
f 2689 2690 2686
f 2691 2687 2688
f 2691 2688 2692
f 2693 2690 2689
f 2693 2694 2690
f 2695 2691 2692
f 2695 2692 2696
f 2697 2694 2693
f 2697 2698 2699
f 2697 2699 2694
f 2700 2695 2696
f 2700 2696 2701
f 2702 2698 2697
f 2703 2700 2701
f 2703 2701 2704
f 2705 2698 2702
f 2705 2706 2698
f 2707 2704 2708
f 2707 2703 2704
f 2709 2706 2705
f 2709 2710 2706
f 2711 2708 2712
f 2711 2707 2708
f 2713 2710 2709
f 2713 2714 2715
f 2713 2715 2710
f 2716 2712 2717
f 2716 2711 2712
f 2718 2714 2713
f 2719 2717 2720
f 2719 2720 2721
f 2719 2716 2717
f 2722 2723 2714
f 2722 2714 2718
f 2724 2719 2721
f 2725 2726 2723
f 2725 2723 2722
f 2727 2721 2728
f 2727 2724 2721
f 2729 2730 2726
f 2729 2726 2725
f 2731 2728 2732
f 2731 2727 2728
f 2733 2734 2730
f 2733 2730 2729
f 2735 2732 2736
f 2735 2731 2732
f 2737 2738 2734
f 2737 2734 2733
f 2739 2736 2740
f 2739 2735 2736
f 2741 2742 2738
f 2741 2738 2737
f 2743 2740 2744
f 2743 2739 2740
f 2745 2741 2746
f 2745 2742 2741
f 2747 2748 2743
f 2747 2743 2744
f 2749 2748 2747
f 2750 2745 2746
f 2750 2746 2751
f 2752 2753 2749
f 2752 2749 2747
f 2754 2750 2751
f 2754 2751 2755
f 2756 2753 2752
f 2757 2754 2755
f 2757 2758 2759
f 2757 2755 2758
f 2760 2753 2756
f 2760 2761 2753
f 2762 2757 2759
f 2763 2761 2760
f 2763 2764 2761
f 2765 2762 2759
f 2765 2759 2766
f 2767 2768 2764
f 2767 2764 2763
f 2769 2765 2766
f 2769 2766 2770
f 2771 2772 2768
f 2771 2768 2767
f 2773 2770 2774
f 2773 2769 2770
f 2775 2776 2772
f 2775 2772 2771
f 2777 2774 2778
f 2777 2773 2774
f 2779 2780 2776
f 2779 2781 2780
f 2779 2776 2775
f 2782 2777 2778
f 2782 2783 2784
f 2782 2778 2783
f 2785 2781 2779
f 2786 2782 2784
f 2786 2784 2787
f 2788 2781 2785
f 2788 2789 2781
f 2790 2786 2787
f 2791 2792 2789
f 2791 2789 2788
f 2793 2790 2787
f 2793 2787 2794
f 2795 2792 2791
f 2795 2796 2792
f 2795 2797 2796
f 2798 2794 2799
f 2798 2793 2794
f 2800 2801 2797
f 2800 2797 2795
f 2802 2799 2803
f 2802 2798 2799
f 2804 2805 2801
f 2804 2801 2800
f 2806 2807 2808
f 2806 2803 2807
f 2806 2802 2803
f 2809 2805 2804
f 2810 2806 2808
f 2811 2812 2805
f 2811 2805 2809
f 2813 2808 2814
f 2813 2810 2808
f 2815 2816 2812
f 2815 2817 2816
f 2815 2812 2811
f 2818 2814 2819
f 2818 2813 2814
f 2820 2817 2815
f 2821 2818 2819
f 2821 2819 2822
f 2823 2817 2820
f 2823 2824 2817
f 2825 2821 2822
f 2825 2822 2826
f 2827 2828 2824
f 2827 2829 2828
f 2827 2824 2823
f 2830 2825 2826
f 2830 2831 2832
f 2830 2826 2831
f 2833 2829 2827
f 2834 2830 2832
f 2835 2836 2829
f 2835 2837 2836
f 2835 2829 2833
f 2838 2832 2839
f 2838 2834 2832
f 2840 2837 2835
f 2841 2838 2839
f 2841 2839 2842
f 2843 2837 2840
f 2843 2844 2837
f 2845 2841 2842
f 2845 2846 2847
f 2845 2842 2846
f 2848 2844 2843
f 2848 2849 2844
f 2850 2845 2847
f 2851 2852 2849
f 2851 2849 2848
f 2853 2850 2847
f 2853 2847 2854
f 2855 2852 2851
f 2855 2856 2852
f 2857 2853 2854
f 2857 2854 2858
f 2859 2856 2855
f 2859 2860 2856
f 2859 2861 2860
f 2862 2857 2858
f 2862 2858 2863
f 2864 2865 2861
f 2864 2861 2859
f 2866 2867 2868
f 2866 2863 2867
f 2866 2862 2863
f 2869 2865 2864
f 2870 2866 2868
f 2870 2868 2865
f 2870 2865 2869
f 2871 2872 2873
f 2874 2872 2871
f 2875 2872 2874
f 2876 2872 2875
f 2877 2872 2876
f 2878 2872 2877
f 2879 2872 2878
f 2880 2872 2879
f 2881 2872 2880
f 2882 2872 2881
f 2883 2872 2882
f 2884 2872 2883
f 2885 2872 2884
f 2886 2872 2885
f 2887 2872 2886
f 2888 2872 2887
f 2889 2872 2888
f 2890 2872 2889
f 2891 2872 2890
f 2892 2872 2891
f 2893 2872 2892
f 2894 2895 2896
f 2897 2895 2894
f 2898 2895 2897
f 2899 2895 2898
f 2873 2895 2899
f 2872 2895 2873
f 2900 2895 2901
f 2902 2895 2900
f 2903 2895 2902
f 2904 2895 2903
f 2905 2895 2904
f 2906 2895 2905
f 2907 2895 2906
f 2908 2895 2907
f 2909 2895 2908
f 2910 2895 2909
f 2911 2895 2910
f 2896 2895 2911
f 2895 2912 2901
f 2895 2913 2912
f 2895 2914 2913
f 2895 2915 2914
f 2916 2917 2893
f 2918 2917 2916
f 2919 2917 2918
f 2920 2917 2919
f 2921 2917 2920
f 2922 2917 2921
f 2923 2917 2922
f 2893 2917 2872
f 2924 2917 2923
f 2925 2917 2924
f 2926 2917 2925
f 2927 2917 2926
f 2928 2917 2927
f 2928 2929 2917
f 2929 2930 2917
f 2930 2931 2917
f 2931 2932 2917
f 2932 2933 2917
f 2933 2934 2917
f 2895 2935 2915
f 2936 2935 2937
f 2938 2935 2936
f 2939 2935 2938
f 2940 2935 2939
f 2941 2935 2940
f 2942 2935 2941
f 2943 2935 2942
f 2915 2935 2943
f 2934 2944 2917
f 2935 2945 2937
f 2944 2946 2917
f 2935 2947 2945
f 2946 2948 2917
f 2935 2949 2947
f 2935 2950 2949
f 2935 2951 2950
f 2952 2953 2948
f 2954 2953 2952
f 2955 2953 2954
f 2948 2953 2917
f 2935 2956 2951
f 2955 2957 2953
f 2935 2958 2956
f 2957 2959 2953
f 2935 2960 2958
f 2959 2961 2953
f 2935 2962 2960
f 2961 2963 2953
f 2935 2964 2962
f 2963 2965 2953
f 2935 2966 2964
f 2965 2967 2953
f 2935 2968 2966
f 2967 2969 2953
f 2970 2971 2935
f 2935 2971 2968
f 2969 2972 2953
f 2970 2973 2971
f 2972 2974 2953
f 2970 2975 2973
f 2974 2976 2953
f 2970 2977 2975
f 2976 2978 2953
f 2970 2979 2977
f 2978 2980 2953
f 2970 2981 2979
f 2980 2982 2953
f 2970 2983 2981
f 2982 2984 2953
f 2970 2985 2983
f 2984 2986 2953
f 2970 2987 2985
f 2986 2988 2953
f 2970 2989 2987
f 2988 2990 2953
f 2970 2991 2989
f 2953 2992 2970
f 2990 2992 2953
f 2970 2993 2991
f 2992 2994 2970
f 2970 2995 2993
f 2994 2996 2970
f 2970 2997 2995
f 2996 2998 2970
f 2970 2999 2997
f 2998 3000 2970
f 2970 3001 2999
f 3000 3002 2970
f 2970 3002 3001
f 3003 3004 3005
f 3006 3007 3008
f 3006 3008 3009
f 3010 3011 3012
f 3010 3012 3013
f 3010 3013 3014
f 3015 3016 3017
f 3018 3019 3020
f 3021 3018 3022
f 3023 3024 3025
f 3023 3025 3026
f 3027 3028 3029
f 3030 3031 3032
f 3033 3034 3035
f 3036 3037 3038
f 3039 3030 3040
f 3041 3031 3030
f 3042 3043 3044
f 3041 3023 3031
f 3045 3046 3033
f 3047 3048 3049
f 3050 3047 3049
f 3051 3052 3053
f 3054 3041 3055
f 3056 3057 3058
f 3059 3060 3061
f 3054 3062 3063
f 3064 3065 3051
f 3066 3054 3067
f 3068 3069 3070
f 3068 3071 3069
f 3068 3072 3050
f 3068 3049 3071
f 3068 3050 3049
f 3073 3074 3064
f 3068 3070 3075
f 3076 3066 3077
f 3078 3066 3076
f 3078 3054 3066
f 3079 3059 3080
f 3081 3054 3082
f 3083 3084 3085
f 3086 3087 3088
f 3089 3090 3091
f 3083 3092 3093
f 3083 3075 3094
f 3083 3094 3095
f 3083 3095 3096
f 3083 3096 3097
f 3083 3097 3098
f 3083 3098 3099
f 3083 3099 3010
f 3083 3010 3014
f 3083 3014 3092
f 3083 3093 3100
f 3083 3100 3101
f 3083 3101 3102
f 3083 3102 3103
f 3083 3103 3104
f 3083 3104 3105
f 3083 3068 3075
f 3106 3054 3081
f 3107 3108 3109
f 3110 3111 3112
f 3113 3106 3111
f 3114 3115 3116
f 3117 3118 3119
f 3117 3119 3120
f 3121 3120 3122
f 3121 3117 3120
f 3123 3124 3125
f 3126 3127 3128
f 3126 3106 3113
f 3129 3130 3131
f 3129 3131 3132
f 3129 3132 3121
f 3133 3134 3135
f 3136 3137 3138
f 3139 3140 3141
f 3142 3143 3144
f 3145 3146 3147
f 3148 3149 3150
f 3151 3106 3126
f 3151 3126 3142
f 3152 3153 3154
f 3155 3145 3147
f 3156 3157 3158
f 3155 3147 3129
f 3159 3155 3129
f 3160 3161 3162
f 3163 3164 3165
f 3166 3167 3168
f 3169 3167 3166
f 3170 3171 3172
f 3173 3174 3175
f 3173 3175 3176
f 3177 3151 3167
f 3177 3167 3169
f 3178 3173 3176
f 3179 3176 3159
f 3179 3178 3176
f 3180 3177 3181
f 3182 3121 3122
f 3182 3024 3023
f 3182 3106 3151
f 3182 3023 3041
f 3182 3129 3121
f 3182 3159 3129
f 3182 3041 3054
f 3182 3179 3159
f 3182 3019 3018
f 3182 3007 3006
f 3182 3151 3177
f 3182 3177 3180
f 3182 3054 3106
f 3182 3018 3021
f 3182 3083 3105
f 3182 3105 3183
f 3182 3183 3007
f 3182 3122 3083
f 3182 3006 3184
f 3182 3184 3019
f 3182 3021 3185
f 3182 3185 3024
f 3186 3187 3188
f 3188 3187 3189
f 3190 3191 3192
f 3193 3191 3190
f 3194 3195 3196
f 3196 3195 3197
f 3198 3199 3200
f 3200 3199 3201
f 3202 3203 3204
f 3204 3203 3205
f 3206 3207 3208
f 3208 3207 3209
f 3210 3211 3212
f 3213 3214 3211
f 3213 3211 3210
f 3215 3213 3210
f 3216 3217 3218
f 3219 3216 3218
f 3220 3221 3222
f 3220 3223 3221
f 3224 3225 3226
f 3224 3227 3225
f 3228 3229 3230
f 3228 3231 3229
f 3232 3233 3234
f 3232 3235 3233
f 3236 3237 3238
f 3236 3239 3237
f 3240 3241 3242
f 3240 3243 3241
f 3244 3245 3246
f 3244 3247 3245
f 3248 3249 3250
f 3248 3251 3249
f 3252 3253 3254
f 3252 3255 3253
f 3256 3257 3258
f 3256 3258 3259
f 3260 3261 3262
f 3260 3262 3263
f 3264 3265 3266
f 3264 3266 3267
f 3268 3269 3270
f 3268 3270 3271
f 3272 3273 3274
f 3272 3274 3275
f 3276 3277 3278
f 3276 3278 3279
f 3280 3281 3282
f 3280 3282 3283
f 3284 3285 3286
f 3284 3286 3287
f 3288 3289 3290
f 3288 3290 3291
f 3292 3293 3294
f 3292 3294 3295
f 3296 3297 3298
f 3296 3298 3299
f 3300 3301 3302
f 3300 3302 3303
f 3304 3305 3306
f 3304 3307 3305
f 3308 3309 3310
f 3308 3311 3309
f 3312 3313 3314
f 3312 3315 3313
f 3316 3317 3318
f 3316 3319 3317
f 3320 3321 3322
f 3320 3323 3321
f 3324 3325 3326
f 3324 3327 3325
f 3328 3329 3330
f 3328 3331 3329
f 3332 3333 3334
f 3332 3335 3333
f 3336 3337 3338
f 3336 3339 3337
f 3340 3341 3342
f 3340 3343 3341
f 3344 3345 3346
f 3344 3347 3345
f 3348 3349 3350
f 3348 3351 3349
f 3352 3353 3354
f 3352 3355 3353
f 3356 3357 3358
f 3356 3359 3357
f 3360 3361 3362
f 3360 3362 3363
f 3364 3365 3366
f 3364 3366 3367
f 3368 3369 3370
f 3368 3370 3371
f 3372 3373 3374
f 3372 3374 3375
f 3376 3377 3378
f 3376 3378 3379
f 3380 3381 3382
f 3380 3382 3383
f 3384 3385 3386
f 3384 3386 3387
f 3388 3389 3390
f 3388 3390 3391
f 3392 3393 3394
f 3392 3394 3395
f 3396 3397 3398
f 3396 3398 3399
f 3400 3401 3402
f 3400 3402 3403
f 3404 3405 3406
f 3404 3406 3407
f 3408 3409 3410
f 3408 3410 3411
f 3412 3413 3414
f 3412 3414 3415
f 3416 3417 3418
f 3416 3418 3419
f 3420 3421 3422
f 3420 3422 3423
f 3424 3425 3426
f 3424 3426 3427
f 3428 3429 3430
f 3428 3430 3431
f 3432 3433 3434
f 3432 3434 3435
f 3436 3437 3438
f 3436 3438 3439
f 3440 3441 3442
f 3440 3442 3443
f 3444 3445 3446
f 3444 3447 3445
f 3448 3449 3450
f 3448 3451 3449
f 3452 3453 3454
f 3452 3455 3453
f 3456 3457 3458
f 3456 3459 3457
f 3460 3461 3462
f 3460 3462 3463
f 3464 3465 3466
f 3464 3466 3467
f 3468 3469 3470
f 3468 3470 3471
f 3472 3473 3474
f 3472 3474 3475
f 3476 3477 3478
f 3476 3478 3479
f 3480 3481 3482
f 3480 3482 3483
f 3484 3485 3486
f 3484 3486 3487
f 3488 3489 3490
f 3488 3490 3491
f 3492 3493 3494
f 3495 3492 3494
f 3496 3497 3498
f 3496 3498 3499
f 3500 3501 3502
f 3500 3502 3503
f 3504 3505 3506
f 3507 3504 3506
f 3508 3509 3510
f 3508 3510 3511
f 3512 3513 3514
f 3512 3515 3513
f 3516 3517 3518
f 3516 3519 3517
f 3520 3521 3522
f 3520 3523 3521
f 3524 3525 3526
f 3524 3527 3525
f 3528 3529 3530
f 3528 3531 3529
f 3532 3533 3534
f 3532 3535 3533
f 3536 3537 3538
f 3536 3539 3537
f 3540 3541 3542
f 3540 3543 3541
f 3544 3545 3546
f 3547 3548 3549
f 3544 3550 3545
f 3551 3547 3549
f 3552 3553 3554
f 3552 3555 3553
f 3556 3557 3558
f 3556 3559 3557
f 3560 3561 3562
f 3560 3563 3561
f 3564 3565 3566
f 3564 3566 3567
f 3568 3569 3570
f 3568 3570 3571
f 3572 3573 3574
f 3572 3574 3575
f 3576 3577 3578
f 3576 3578 3579
f 3580 3581 3582
f 3580 3583 3581
f 3584 3585 3586
f 3584 3587 3585
f 3588 3589 3590
f 3588 3591 3589
f 3592 3593 3594
f 3592 3595 3593
f 3596 3597 3598
f 3596 3599 3597
f 3600 3601 3602
f 3600 3603 3601
f 3604 3605 3606
f 3604 3607 3605
f 3608 3609 3610
f 3611 3612 3613
f 3608 3614 3609
f 3615 3611 3613
f 3616 3617 3618
f 3616 3619 3617
f 3620 3621 3622
f 3620 3623 3621
f 3624 3625 3626
f 3624 3627 3625
f 3628 3629 3630
f 3628 3631 3629
f 3632 3633 3634
f 3632 3635 3633
f 3636 3637 3638
f 3636 3639 3637
f 3640 3641 3642
f 3640 3643 3641
f 3644 3645 3646
f 3644 3647 3645
f 3648 3649 3650
f 3648 3651 3649
f 3652 3653 3654
f 3652 3655 3653
f 3656 3657 3658
f 3656 3659 3657
f 3660 3661 3662
f 3660 3663 3661
f 3664 3665 3666
f 3664 3666 3667
f 3668 3669 3670
f 3668 3670 3671
f 3672 3673 3674
f 3672 3674 3675
f 3676 3677 3678
f 3676 3678 3679
f 3680 3681 3682
f 3680 3682 3683
f 3684 3685 3686
f 3684 3686 3687
f 3688 3689 3690
f 3688 3690 3691
f 3692 3693 3694
f 3692 3694 3695
f 3696 3697 3698
f 3696 3698 3699
f 3700 3701 3702
f 3700 3702 3703
f 3704 3705 3706
f 3704 3706 3707
f 3708 3709 3710
f 3708 3710 3711
f 3712 3713 3714
f 3712 3715 3713
f 3716 3717 3718
f 3716 3719 3717
f 3720 3721 3722
f 3723 3724 3725
f 3726 3720 3722
f 3727 3728 3729
f 3730 3723 3725
f 3731 3732 3733
f 3734 3727 3729
f 3735 3736 3737
f 3738 3731 3733
f 3739 3740 3741
f 3742 3735 3737
f 3743 3744 3745
f 3746 3739 3741
f 3747 3748 3749
f 3750 3743 3745
f 3751 3752 3753
f 3754 3747 3749
f 3755 3756 3757
f 3758 3751 3753
f 3759 3760 3761
f 3762 3755 3757
f 3763 3759 3761
f 3764 3765 3766
f 3767 3764 3766
f 3768 3769 3770
f 3771 3768 3770
f 3772 3773 3774
f 3775 3772 3774
f 3776 3777 3778
f 3779 3776 3778
f 3780 3781 3782
f 3783 3780 3782
f 3784 3785 3786
f 3787 3784 3786
f 3788 3789 3790
f 3791 3788 3790
f 3792 3793 3794
f 3795 3796 3797
f 3798 3792 3794
f 3799 3795 3797
f 3800 3801 3802
f 3803 3804 3805
f 3806 3800 3802
f 3807 3808 3809
f 3810 3803 3805
f 3811 3812 3813
f 3814 3807 3809
f 3815 3816 3817
f 3818 3811 3813
f 3819 3820 3821
f 3822 3815 3817
f 3823 3824 3825
f 3826 3819 3821
f 3827 3828 3829
f 3830 3823 3825
f 3831 3832 3833
f 3834 3827 3829
f 3835 3836 3837
f 3838 3831 3833
f 3839 3840 3841
f 3842 3835 3837
f 3843 3844 3845
f 3846 3839 3841
f 3847 3848 3849
f 3850 3843 3845
f 3851 3852 3853
f 3854 3847 3849
f 3855 3856 3857
f 3858 3851 3853
f 3859 3860 3861
f 3862 3855 3857
f 3863 3859 3861
f 3864 3865 3866
f 3867 3864 3866
f 3868 3869 3870
f 3871 3868 3870
f 3872 3873 3874
f 3875 3876 3877
f 3878 3872 3874
f 3879 3880 3881
f 3882 3875 3877
f 3883 3884 3885
f 3886 3879 3881
f 3887 3888 3889
f 3890 3883 3885
f 3891 3892 3893
f 3894 3887 3889
f 3895 3896 3897
f 3898 3891 3893
f 3899 3900 3901
f 3902 3895 3897
f 3903 3904 3905
f 3906 3899 3901
f 3907 3908 3909
f 3910 3903 3905
f 3911 3912 3913
f 3914 3907 3909
f 3915 3916 3917
f 3918 3911 3913
f 3919 3920 3921
f 3922 3915 3917
f 3923 3924 3925
f 3926 3919 3921
f 3927 3923 3925
f 3928 3929 3930
f 3931 3928 3930
f 3932 3933 3934
f 3935 3932 3934
f 3936 3937 3938
f 3939 3936 3938
f 3940 3941 3942
f 3943 3940 3942
f 3944 3945 3946
f 3947 3944 3946
f 3948 3949 3950
f 3951 3948 3950
f 3952 3953 3954
f 3955 3956 3957
f 3958 3952 3954
f 3959 3960 3961
f 3962 3955 3957
f 3963 3964 3965
f 3966 3959 3961
f 3967 3968 3969
f 3970 3963 3965
f 3971 3967 3969
f 3972 3973 3974
f 3972 3974 3975
f 3976 3977 3978
f 3976 3978 3979
f 3980 3981 3982
f 3980 3982 3983
f 3984 3985 3986
f 3984 3986 3987
f 3988 3989 3990
f 3988 3990 3991
f 3992 3993 3994
f 3992 3994 3995
f 3996 3997 3998
f 3996 3998 3999
f 4000 4001 4002
f 4000 4002 4003
f 4004 4005 4006
f 4004 4006 4007
f 4008 4009 4010
f 4008 4010 4011
f 4012 4013 4014
f 4012 4014 4015
f 4016 4017 4018
f 4016 4018 4019
f 4020 4021 4022
f 4020 4022 4023
f 4024 4025 4026
f 4024 4026 4027
f 4028 4029 4030
f 4028 4030 4031
f 4032 4033 4034
f 4032 4034 4035
f 4036 4037 4038
f 4036 4039 4037
f 4040 4041 4042
f 4040 4042 4043
f 4044 4045 4046
f 4044 4047 4045
f 4048 4049 4050
f 4048 4051 4049
f 4052 4053 4054
f 4052 4055 4053
f 4056 4057 4058
f 4056 4059 4057
f 4060 4061 4062
f 4060 4063 4061
f 4064 4065 4066
f 4064 4066 4067
f 4068 4069 4070
f 4068 4070 4071
f 4072 4073 4074
f 4072 4074 4075
f 4076 4077 4078
f 4076 4078 4079
f 4080 4081 4082
f 4080 4082 4083
f 4084 4085 4086
f 4084 4086 4087
f 4088 4089 4090
f 4088 4090 4091
f 4092 4093 4094
f 4092 4094 4095
f 4096 4097 4098
f 4096 4098 4099
f 4100 4101 4102
f 4100 4102 4103
f 4104 4105 4106
f 4104 4106 4107
f 4108 4109 4110
f 4108 4110 4111
f 4112 4113 4114
f 4112 4114 4115
f 4116 4117 4118
f 4116 4119 4117
f 4120 4121 4122
f 4120 4122 4123
f 4124 4125 4126
f 4124 4127 4125
f 4128 4129 4130
f 4128 4131 4129
f 4132 4133 4134
f 4132 4135 4133
f 4136 4137 4138
f 4136 4139 4137
f 4140 4141 4142
f 4140 4143 4141
f 4144 4145 4146
f 4144 4147 4145
f 4148 4149 4150
f 4148 4151 4149
f 4152 4153 4154
f 4152 4155 4153
f 4156 4157 4158
f 4156 4159 4157
f 4160 4161 4162
f 4160 4163 4161
f 4164 4165 4166
f 4164 4167 4165
f 4168 4169 4170
f 4168 4170 4171
f 4172 4173 4174
f 4172 4174 4175
f 4176 4177 4178
f 4176 4178 4179
f 4180 4181 4182
f 4180 4182 4183
f 4184 4185 4186
f 4184 4186 4187
f 4188 4189 4190
f 4188 4190 4191
f 4192 4193 4194
f 4192 4194 4195
f 4196 4197 4198
f 4196 4199 4197
f 4200 4201 4202
f 4200 4202 4203
f 4204 4205 4206
f 4204 4207 4205
f 4208 4209 4210
f 4208 4211 4209
f 4212 4213 4214
f 4212 4215 4213
f 4216 4217 4218
f 4216 4219 4217
f 4220 4221 4222
f 4220 4223 4221
f 4224 4225 4226
f 4224 4226 4227
f 4228 4226 4229
f 4228 4227 4226
f 4230 4225 4224
f 4230 4231 4225
f 4232 4228 4229
f 4232 4229 4233
f 4234 4231 4230
f 4234 4235 4231
f 4236 4232 4233
f 4236 4233 4237
f 4238 4235 4234
f 4238 4239 4235
f 4240 4236 4237
f 4240 4237 4241
f 4242 4239 4238
f 4242 4243 4239
f 4244 4241 4245
f 4244 4240 4241
f 4246 4243 4242
f 4246 4247 4243
f 4248 4244 4245
f 4248 4245 4249
f 4250 4247 4246
f 4250 4251 4247
f 4252 4249 4253
f 4252 4248 4249
f 4254 4251 4250
f 4254 4255 4251
f 4256 4252 4253
f 4256 4253 4257
f 4256 4257 4258
f 4259 4255 4254
f 4259 4260 4255
f 4261 4256 4258
f 4262 4263 4260
f 4262 4260 4259
f 4264 4261 4258
f 4264 4258 4265
f 4266 4267 4263
f 4266 4263 4262
f 4268 4264 4265
f 4268 4265 4269
f 4270 4271 4267
f 4270 4267 4266
f 4272 4268 4269
f 4272 4269 4273
f 4274 4271 4270
f 4274 4275 4271
f 4276 4272 4273
f 4276 4273 4277
f 4276 4277 4278
f 4279 4280 4275
f 4279 4275 4274
f 4281 4276 4278
f 4282 4280 4279
f 4282 4283 4280
f 4284 4278 4285
f 4284 4281 4278
f 4286 4287 4283
f 4286 4283 4282
f 4288 4284 4285
f 4288 4285 4289
f 4290 4287 4286
f 4290 4291 4292
f 4290 4292 4287
f 4293 4288 4289
f 4293 4289 4294
f 4295 4291 4290
f 4296 4293 4294
f 4296 4294 4297
f 4296 4297 4298
f 4299 4291 4295
f 4299 4300 4291
f 4301 4296 4298
f 4302 4300 4299
f 4302 4303 4300
f 4304 4301 4298
f 4304 4298 4305
f 4306 4303 4302
f 4306 4307 4303
f 4308 4304 4305
f 4308 4305 4309
f 4310 4307 4306
f 4310 4311 4307
f 4312 4309 4313
f 4312 4308 4309
f 4314 4311 4310
f 4314 4315 4311
f 4316 4313 4317
f 4316 4312 4313
f 4318 4315 4314
f 4318 4319 4315
f 4320 4317 4321
f 4320 4316 4317
f 4322 4323 4319
f 4322 4319 4318
f 4324 4321 4325
f 4324 4320 4321
f 4326 4327 4328
f 4326 4328 4323
f 4326 4323 4322
f 4329 4325 4330
f 4329 4324 4325
f 4331 4327 4326
f 4332 4330 4333
f 4332 4329 4330
f 4334 4327 4331
f 4334 4335 4327
f 4336 4333 4337
f 4336 4332 4333
f 4338 4339 4335
f 4338 4335 4334
f 4340 4337 4341
f 4340 4336 4337
f 4342 4339 4338
f 4342 4343 4339
f 4344 4341 4345
f 4344 4340 4341
f 4346 4347 4343
f 4346 4343 4342
f 4348 4344 4345
f 4349 4344 4348
f 4350 4346 4351
f 4350 4347 4346
f 4352 4349 4348
f 4353 4352 4348
f 4354 4350 4351
f 4354 4351 4355
f 4356 4352 4353
f 4356 4357 4352
f 4358 4354 4355
f 4358 4355 4359
f 4360 4357 4356
f 4360 4361 4357
f 4360 4362 4361
f 4363 4358 4359
f 4363 4359 4364
f 4365 4362 4360
f 4366 4363 4364
f 4366 4364 4367
f 4368 4362 4365
f 4368 4369 4362
f 4370 4366 4367
f 4370 4367 4371
f 4372 4373 4369
f 4372 4369 4368
f 4374 4370 4371
f 4374 4371 4375
f 4376 4377 4373
f 4376 4378 4377
f 4376 4373 4372
f 4379 4375 4380
f 4379 4374 4375
f 4381 4378 4376
f 4382 4380 4383
f 4382 4379 4380
f 4384 4385 4378
f 4384 4378 4381
f 4386 4382 4383
f 4386 4387 4388
f 4386 4383 4387
f 4389 4390 4385
f 4389 4391 4390
f 4389 4385 4384
f 4392 4386 4388
f 4393 4391 4389
f 4394 4392 4388
f 4394 4395 4396
f 4394 4388 4395
f 4397 4398 4391
f 4397 4391 4393
f 4399 4394 4396
f 4400 4398 4397
f 4400 4401 4398
f 4402 4399 4396
f 4402 4396 4403
f 4404 4401 4400
f 4404 4405 4401
f 4406 4407 4408
f 4406 4403 4407
f 4406 4402 4403
f 4409 4405 4404
f 4409 4410 4405
f 4411 4408 4412
f 4411 4406 4408
f 4413 4414 4415
f 4413 4415 4410
f 4413 4410 4409
f 4416 4411 4412
f 4417 4414 4413
f 4418 4412 4419
f 4418 4416 4412
f 4420 4414 4417
f 4420 4421 4414
f 4420 4422 4421
f 4423 4419 4424
f 4423 4418 4419
f 4425 4422 4420
f 4426 4423 4424
f 4426 4427 4428
f 4426 4424 4427
f 4429 4430 4422
f 4429 4422 4425
f 4431 4426 4428
f 4431 4428 4432
f 4433 4430 4429
f 4433 4434 4430
f 4435 4431 4432
f 4436 4434 4433
f 4436 4437 4434
f 4438 4435 4432
f 4438 4439 4440
f 4438 4432 4439
f 4441 4442 4437
f 4441 4437 4436
f 4443 4438 4440
f 4444 4445 4442
f 4444 4446 4445
f 4444 4442 4441
f 4447 4443 4440
f 4447 4440 4448
f 4449 4446 4444
f 4450 4447 4448
f 4450 4451 4452
f 4450 4448 4451
f 4453 4454 4446
f 4453 4455 4454
f 4453 4446 4449
f 4456 4450 4452
f 4456 4452 4457
f 4458 4455 4453
f 4459 4456 4457
f 4460 4455 4458
f 4460 4461 4455
f 4460 4462 4461
f 4463 4459 4457
f 4463 4464 4465
f 4463 4457 4464
f 4466 4462 4460
f 4467 4463 4465
f 4468 4469 4462
f 4468 4462 4466
f 4470 4465 4471
f 4470 4467 4465
f 4472 4469 4468
f 4472 4473 4469
f 4472 4474 4473
f 4475 4471 4474
f 4475 4474 4472
f 4475 4470 4471
f 4476 4477 4478
f 4479 4477 4476
f 4480 4477 4479
f 4481 4477 4480
f 4482 4477 4481
f 4483 4477 4482
f 4484 4477 4483
f 4485 4477 4484
f 4486 4477 4485
f 4487 4477 4486
f 4488 4477 4487
f 4489 4477 4488
f 4490 4477 4489
f 4491 4477 4490
f 4492 4477 4491
f 4493 4477 4492
f 4494 4477 4493
f 4495 4477 4494
f 4496 4477 4495
f 4497 4477 4496
f 4498 4477 4497
f 4499 4500 4501
f 4502 4500 4499
f 4503 4500 4502
f 4504 4500 4503
f 4478 4500 4504
f 4477 4500 4478
f 4505 4500 4506
f 4507 4500 4505
f 4508 4500 4507
f 4509 4500 4508
f 4510 4500 4509
f 4511 4500 4510
f 4512 4500 4511
f 4513 4500 4512
f 4514 4500 4513
f 4515 4500 4514
f 4516 4500 4515
f 4501 4500 4516
f 4500 4517 4506
f 4500 4518 4517
f 4500 4519 4518
f 4500 4520 4519
f 4521 4522 4498
f 4523 4522 4521
f 4524 4522 4523
f 4525 4522 4524
f 4526 4522 4525
f 4527 4522 4526
f 4528 4522 4527
f 4529 4522 4528
f 4530 4522 4529
f 4531 4522 4530
f 4532 4522 4531
f 4533 4522 4532
f 4498 4522 4477
f 4533 4534 4522
f 4534 4535 4522
f 4535 4536 4522
f 4536 4537 4522
f 4537 4538 4522
f 4538 4539 4522
f 4500 4540 4520
f 4541 4540 4542
f 4543 4540 4541
f 4544 4540 4543
f 4545 4540 4544
f 4546 4540 4545
f 4547 4540 4546
f 4548 4540 4547
f 4520 4540 4548
f 4539 4549 4522
f 4540 4550 4542
f 4549 4551 4522
f 4540 4552 4550
f 4551 4553 4522
f 4540 4554 4552
f 4540 4555 4554
f 4540 4556 4555
f 4557 4558 4553
f 4559 4558 4557
f 4560 4558 4559
f 4553 4558 4522
f 4540 4561 4556
f 4560 4562 4558
f 4540 4563 4561
f 4562 4564 4558
f 4540 4565 4563
f 4564 4566 4558
f 4540 4567 4565
f 4566 4568 4558
f 4540 4569 4567
f 4568 4570 4558
f 4540 4571 4569
f 4570 4572 4558
f 4540 4573 4571
f 4572 4574 4558
f 4575 4576 4540
f 4540 4576 4573
f 4574 4577 4558
f 4575 4578 4576
f 4577 4579 4558
f 4575 4580 4578
f 4579 4581 4558
f 4575 4582 4580
f 4581 4583 4558
f 4575 4584 4582
f 4583 4585 4558
f 4575 4586 4584
f 4585 4587 4558
f 4575 4588 4586
f 4587 4589 4558
f 4575 4590 4588
f 4589 4591 4558
f 4575 4592 4590
f 4591 4593 4558
f 4575 4594 4592
f 4593 4595 4558
f 4575 4596 4594
f 4558 4597 4575
f 4595 4597 4558
f 4575 4598 4596
f 4597 4599 4575
f 4575 4600 4598
f 4599 4601 4575
f 4575 4602 4600
f 4601 4603 4575
f 4575 4604 4602
f 4603 4605 4575
f 4575 4606 4604
f 4605 4607 4575
f 4575 4607 4606
f 4608 4609 4610
f 4611 4612 4613
f 4611 4613 4614
f 4615 4616 4617
f 4615 4617 4618
f 4615 4618 4619
f 4620 4621 4622
f 4623 4624 4625
f 4626 4623 4627
f 4628 4629 4630
f 4628 4630 4631
f 4632 4633 4634
f 4635 4636 4637
f 4638 4639 4640
f 4641 4642 4643
f 4644 4635 4645
f 4646 4636 4635
f 4647 4648 4649
f 4646 4628 4636
f 4650 4651 4638
f 4652 4653 4654
f 4655 4652 4654
f 4656 4657 4658
f 4659 4646 4660
f 4661 4662 4663
f 4664 4665 4666
f 4659 4667 4668
f 4669 4670 4656
f 4671 4659 4672
f 4673 4674 4675
f 4673 4676 4674
f 4673 4677 4655
f 4673 4654 4676
f 4673 4655 4654
f 4678 4679 4669
f 4673 4675 4680
f 4681 4671 4682
f 4683 4671 4681
f 4683 4659 4671
f 4684 4664 4685
f 4686 4659 4687
f 4688 4689 4690
f 4691 4692 4693
f 4694 4695 4696
f 4688 4697 4698
f 4688 4680 4699
f 4688 4699 4700
f 4688 4700 4701
f 4688 4701 4702
f 4688 4702 4703
f 4688 4703 4704
f 4688 4704 4615
f 4688 4615 4619
f 4688 4619 4697
f 4688 4698 4705
f 4688 4705 4706
f 4688 4706 4707
f 4688 4707 4708
f 4688 4708 4709
f 4688 4709 4710
f 4688 4673 4680
f 4711 4659 4686
f 4712 4713 4714
f 4715 4716 4717
f 4718 4711 4716
f 4719 4720 4721
f 4722 4723 4724
f 4722 4724 4725
f 4726 4725 4727
f 4726 4722 4725
f 4728 4729 4730
f 4731 4732 4733
f 4731 4711 4718
f 4734 4735 4736
f 4734 4736 4737
f 4734 4737 4726
f 4738 4739 4740
f 4741 4742 4743
f 4744 4745 4746
f 4747 4748 4749
f 4750 4751 4752
f 4753 4754 4755
f 4756 4711 4731
f 4756 4731 4747
f 4757 4758 4759
f 4760 4750 4752
f 4761 4762 4763
f 4760 4752 4734
f 4764 4760 4734
f 4765 4766 4767
f 4768 4769 4770
f 4771 4772 4773
f 4774 4772 4771
f 4775 4776 4777
f 4778 4779 4780
f 4778 4780 4781
f 4782 4756 4772
f 4782 4772 4774
f 4783 4778 4781
f 4784 4781 4764
f 4784 4783 4781
f 4785 4782 4786
f 4787 4726 4727
f 4787 4629 4628
f 4787 4711 4756
f 4787 4628 4646
f 4787 4734 4726
f 4787 4764 4734
f 4787 4646 4659
f 4787 4784 4764
f 4787 4624 4623
f 4787 4612 4611
f 4787 4756 4782
f 4787 4782 4785
f 4787 4659 4711
f 4787 4623 4626
f 4787 4688 4710
f 4787 4710 4788
f 4787 4788 4612
f 4787 4727 4688
f 4787 4611 4789
f 4787 4789 4624
f 4787 4626 4790
f 4787 4790 4629
f 4791 4792 4793
f 4793 4792 4794
f 4795 4796 4797
f 4798 4796 4795
f 4799 4800 4801
f 4801 4800 4802
f 4803 4804 4805
f 4805 4804 4806
f 4807 4808 4809
f 4809 4808 4810
f 4811 4812 4813
f 4813 4812 4814
f 4815 4816 4817
f 4818 4819 4816
f 4818 4816 4815
f 4820 4818 4815
f 4821 4822 4823
f 4821 4823 4824
f 4825 4826 4827
f 4825 4828 4826
f 4829 4830 4831
f 4829 4832 4830
f 4833 4834 4835
f 4833 4836 4834
f 4837 4838 4839
f 4837 4840 4838
f 4841 4842 4843
f 4841 4844 4842
f 4845 4846 4847
f 4845 4848 4846
f 4849 4850 4851
f 4849 4852 4850
f 4853 4854 4855
f 4853 4856 4854
f 4857 4858 4859
f 4857 4860 4858
f 4861 4862 4863
f 4861 4863 4864
f 4865 4866 4867
f 4865 4867 4868
f 4869 4870 4871
f 4869 4871 4872
f 4873 4874 4875
f 4873 4875 4876
f 4877 4878 4879
f 4877 4879 4880
f 4881 4882 4883
f 4881 4883 4884
f 4885 4886 4887
f 4885 4887 4888
f 4889 4890 4891
f 4889 4891 4892
f 4893 4894 4895
f 4893 4895 4896
f 4897 4898 4899
f 4897 4899 4900
f 4901 4902 4903
f 4901 4903 4904
f 4905 4906 4907
f 4905 4907 4908
f 4909 4910 4911
f 4909 4912 4910
f 4913 4914 4915
f 4913 4916 4914
f 4917 4918 4919
f 4917 4920 4918
f 4921 4922 4923
f 4921 4924 4922
f 4925 4926 4927
f 4925 4928 4926
f 4929 4930 4931
f 4929 4932 4930
f 4933 4934 4935
f 4933 4936 4934
f 4937 4938 4939
f 4937 4940 4938
f 4941 4942 4943
f 4941 4944 4942
f 4945 4946 4947
f 4945 4948 4946
f 4949 4950 4951
f 4949 4952 4950
f 4953 4954 4955
f 4953 4956 4954
f 4957 4958 4959
f 4957 4960 4958
f 4961 4962 4963
f 4961 4964 4962
f 4965 4966 4967
f 4965 4967 4968
f 4969 4970 4971
f 4969 4971 4972
f 4973 4974 4975
f 4973 4975 4976
f 4977 4978 4979
f 4977 4979 4980
f 4981 4982 4983
f 4981 4983 4984
f 4985 4986 4987
f 4985 4987 4988
f 4989 4990 4991
f 4989 4991 4992
f 4993 4994 4995
f 4993 4995 4996
f 4997 4998 4999
f 4997 4999 5000
f 5001 5002 5003
f 5001 5003 5004
f 5005 5006 5007
f 5005 5007 5008
f 5009 5010 5011
f 5009 5011 5012
f 5013 5014 5015
f 5013 5015 5016
f 5017 5018 5019
f 5017 5019 5020
f 5021 5022 5023
f 5021 5023 5024
f 5025 5026 5027
f 5025 5027 5028
f 5029 5030 5031
f 5032 5029 5031
f 5033 5034 5035
f 5033 5035 5036
f 5037 5038 5039
f 5037 5039 5040
f 5041 5042 5043
f 5041 5043 5044
f 5045 5046 5047
f 5048 5045 5047
f 5049 5050 5051
f 5049 5052 5050
f 5053 5054 5055
f 5053 5056 5054
f 5057 5058 5059
f 5057 5060 5058
f 5061 5062 5063
f 5061 5064 5062
f 5065 5066 5067
f 5065 5067 5068
f 5069 5070 5071
f 5069 5071 5072
f 5073 5074 5075
f 5073 5075 5076
f 5077 5078 5079
f 5077 5079 5080
f 5081 5082 5083
f 5081 5083 5084
f 5085 5086 5087
f 5085 5087 5088
f 5089 5090 5091
f 5092 5089 5091
f 5093 5094 5095
f 5093 5095 5096
f 5097 5098 5099
f 5097 5099 5100
f 5101 5102 5103
f 5101 5103 5104
f 5105 5106 5107
f 5105 5107 5108
f 5109 5110 5111
f 5109 5111 5112
f 5113 5114 5115
f 5113 5115 5116
f 5117 5118 5119
f 5117 5120 5118
f 5121 5122 5123
f 5121 5124 5122
f 5125 5126 5127
f 5125 5128 5126
f 5129 5130 5131
f 5129 5132 5130
f 5133 5134 5135
f 5133 5136 5134
f 5137 5138 5139
f 5137 5140 5138
f 5141 5142 5143
f 5144 5145 5146
f 5141 5147 5142
f 5148 5144 5146
f 5149 5150 5151
f 5149 5152 5150
f 5153 5154 5155
f 5153 5156 5154
f 5157 5158 5159
f 5157 5160 5158
f 5161 5162 5163
f 5161 5164 5162
f 5165 5166 5167
f 5165 5168 5166
f 5169 5170 5171
f 5169 5171 5172
f 5173 5174 5175
f 5176 5173 5175
f 5177 5178 5179
f 5177 5179 5180
f 5181 5182 5183
f 5181 5183 5184
f 5185 5186 5187
f 5185 5188 5186
f 5189 5190 5191
f 5189 5192 5190
f 5193 5194 5195
f 5193 5196 5194
f 5197 5198 5199
f 5197 5200 5198
f 5201 5202 5203
f 5204 5205 5206
f 5201 5207 5202
f 5208 5204 5206
f 5209 5210 5211
f 5209 5212 5210
f 5213 5214 5215
f 5213 5216 5214
f 5217 5218 5219
f 5217 5220 5218
f 5221 5222 5223
f 5221 5224 5222
f 5225 5226 5227
f 5225 5228 5226
f 5229 5230 5231
f 5232 5233 5234
f 5229 5235 5230
f 5236 5232 5234
f 5237 5238 5239
f 5237 5240 5238
f 5241 5242 5243
f 5241 5244 5242
f 5245 5246 5247
f 5245 5248 5246
f 5249 5250 5251
f 5249 5252 5250
f 5253 5254 5255
f 5256 5257 5258
f 5253 5259 5254
f 5260 5256 5258
f 5261 5262 5263
f 5261 5264 5262
f 5265 5266 5267
f 5265 5267 5268
f 5269 5270 5271
f 5269 5271 5272
f 5273 5274 5275
f 5276 5273 5275
f 5277 5278 5279
f 5277 5279 5280
f 5281 5282 5283
f 5281 5283 5284
f 5285 5286 5287
f 5285 5287 5288
f 5289 5290 5291
f 5289 5291 5292
f 5293 5294 5295
f 5293 5295 5296
f 5297 5298 5299
f 5297 5299 5300
f 5301 5302 5303
f 5301 5303 5304
f 5305 5306 5307
f 5305 5307 5308
f 5309 5310 5311
f 5309 5311 5312
f 5313 5314 5315
f 5316 5313 5315
f 5317 5318 5319
f 5317 5320 5318
f 5321 5322 5323
f 5321 5324 5322
f 5325 5326 5327
f 5328 5329 5330
f 5331 5325 5327
f 5332 5333 5334
f 5335 5328 5330
f 5336 5337 5338
f 5339 5332 5334
f 5340 5341 5342
f 5343 5336 5338
f 5344 5345 5346
f 5347 5340 5342
f 5348 5349 5350
f 5351 5344 5346
f 5352 5353 5354
f 5355 5348 5350
f 5356 5357 5358
f 5359 5352 5354
f 5360 5361 5362
f 5363 5356 5358
f 5364 5365 5366
f 5367 5360 5362
f 5368 5364 5366
f 5369 5370 5371
f 5372 5369 5371
f 5373 5374 5375
f 5376 5373 5375
f 5377 5378 5379
f 5380 5377 5379
f 5381 5382 5383
f 5384 5381 5383
f 5385 5386 5387
f 5388 5385 5387
f 5389 5390 5391
f 5392 5389 5391
f 5393 5394 5395
f 5396 5393 5395
f 5397 5398 5399
f 5400 5401 5402
f 5403 5397 5399
f 5404 5400 5402
f 5405 5406 5407
f 5408 5409 5410
f 5411 5405 5407
f 5412 5413 5414
f 5415 5408 5410
f 5416 5417 5418
f 5419 5412 5414
f 5420 5421 5422
f 5423 5416 5418
f 5424 5425 5426
f 5427 5420 5422
f 5428 5429 5430
f 5431 5424 5426
f 5432 5433 5434
f 5435 5428 5430
f 5436 5437 5438
f 5439 5432 5434
f 5440 5441 5442
f 5443 5436 5438
f 5444 5445 5446
f 5447 5440 5442
f 5448 5449 5450
f 5451 5444 5446
f 5452 5453 5454
f 5455 5448 5450
f 5456 5457 5458
f 5459 5452 5454
f 5460 5461 5462
f 5463 5456 5458
f 5464 5465 5466
f 5467 5460 5462
f 5468 5464 5466
f 5469 5470 5471
f 5472 5469 5471
f 5473 5474 5475
f 5476 5473 5475
f 5477 5478 5479
f 5480 5481 5482
f 5483 5477 5479
f 5484 5485 5486
f 5487 5480 5482
f 5488 5489 5490
f 5491 5484 5486
f 5492 5493 5494
f 5495 5488 5490
f 5496 5497 5498
f 5499 5492 5494
f 5500 5501 5502
f 5503 5496 5498
f 5504 5505 5506
f 5507 5500 5502
f 5508 5509 5510
f 5511 5504 5506
f 5512 5513 5514
f 5515 5508 5510
f 5516 5517 5518
f 5519 5512 5514
f 5520 5521 5522
f 5523 5516 5518
f 5524 5525 5526
f 5527 5520 5522
f 5528 5529 5530
f 5531 5524 5526
f 5532 5528 5530
f 5533 5534 5535
f 5536 5533 5535
f 5537 5538 5539
f 5540 5537 5539
f 5541 5542 5543
f 5544 5541 5543
f 5545 5546 5547
f 5548 5545 5547
f 5549 5550 5551
f 5552 5549 5551
f 5553 5554 5555
f 5556 5553 5555
f 5557 5558 5559
f 5560 5561 5562
f 5563 5557 5559
f 5564 5565 5566
f 5567 5560 5562
f 5568 5569 5570
f 5571 5564 5566
f 5572 5573 5574
f 5575 5568 5570
f 5576 5572 5574
f 5577 5578 5579
f 5577 5579 5580
f 5581 5582 5583
f 5581 5583 5584
f 5585 5586 5587
f 5585 5587 5588
f 5589 5590 5591
f 5589 5591 5592
f 5593 5594 5595
f 5593 5595 5596
f 5597 5598 5599
f 5597 5599 5600
f 5601 5602 5603
f 5601 5603 5604
f 5605 5606 5607
f 5605 5607 5608
f 5609 5610 5611
f 5609 5611 5612
f 5613 5614 5615
f 5613 5615 5616
f 5617 5618 5619
f 5617 5619 5620
f 5621 5622 5623
f 5621 5623 5624
f 5625 5626 5627
f 5625 5627 5628
f 5629 5630 5631
f 5629 5631 5632
f 5633 5634 5635
f 5633 5635 5636
f 5637 5638 5639
f 5637 5639 5640
f 5641 5642 5643
f 5641 5644 5642
f 5645 5646 5647
f 5645 5647 5648
f 5649 5650 5651
f 5649 5652 5650
f 5653 5654 5655
f 5653 5656 5654
f 5657 5658 5659
f 5657 5660 5658
f 5661 5662 5663
f 5661 5664 5662
f 5665 5666 5667
f 5665 5668 5666
f 5669 5670 5671
f 5669 5671 5672
f 5673 5674 5675
f 5673 5675 5676
f 5677 5678 5679
f 5677 5679 5680
f 5681 5682 5683
f 5681 5683 5684
f 5685 5686 5687
f 5685 5687 5688
f 5689 5690 5691
f 5689 5691 5692
f 5693 5694 5695
f 5693 5695 5696
f 5697 5698 5699
f 5697 5699 5700
f 5701 5702 5703
f 5701 5703 5704
f 5705 5706 5707
f 5705 5707 5708
f 5709 5710 5711
f 5709 5711 5712
f 5713 5714 5715
f 5713 5715 5716
f 5717 5718 5719
f 5717 5719 5720
f 5721 5722 5723
f 5721 5724 5722
f 5725 5726 5727
f 5725 5727 5728
f 5729 5730 5731
f 5729 5732 5730
f 5733 5734 5735
f 5733 5736 5734
f 5737 5738 5739
f 5737 5740 5738
f 5741 5742 5743
f 5741 5744 5742
f 5745 5746 5747
f 5745 5748 5746
f 5749 5750 5751
f 5749 5752 5750
f 5753 5754 5755
f 5753 5756 5754
f 5757 5758 5759
f 5757 5760 5758
f 5761 5762 5763
f 5761 5764 5762
f 5765 5766 5767
f 5765 5768 5766
f 5769 5770 5771
f 5769 5772 5770
f 5773 5774 5775
f 5773 5775 5776
f 5777 5778 5779
f 5777 5779 5780
f 5781 5782 5783
f 5781 5783 5784
f 5785 5786 5787
f 5785 5787 5788
f 5789 5790 5791
f 5789 5791 5792
f 5793 5794 5795
f 5793 5795 5796
f 5797 5798 5799
f 5797 5799 5800
f 5801 5802 5803
f 5801 5804 5802
f 5805 5806 5807
f 5805 5807 5808
f 5809 5810 5811
f 5809 5812 5810
f 5813 5814 5815
f 5813 5816 5814
f 5817 5818 5819
f 5817 5820 5818
f 5821 5822 5823
f 5821 5824 5822
f 5825 5826 5827
f 5825 5828 5826
f 5829 5830 5831
f 5829 5832 5830
f 5833 5831 5830
f 5833 5830 5834
f 5835 5832 5829
f 5835 5836 5832
f 5837 5833 5834
f 5837 5834 5838
f 5839 5836 5835
f 5839 5840 5836
f 5841 5837 5838
f 5841 5838 5842
f 5843 5840 5839
f 5843 5844 5840
f 5845 5841 5842
f 5845 5842 5846
f 5847 5844 5843
f 5847 5848 5844
f 5849 5845 5846
f 5849 5846 5850
f 5851 5848 5847
f 5851 5852 5848
f 5853 5849 5850
f 5853 5850 5854
f 5855 5852 5851
f 5855 5856 5852
f 5857 5854 5858
f 5857 5853 5854
f 5859 5856 5855
f 5859 5860 5856
f 5861 5857 5858
f 5861 5858 5862
f 5863 5860 5859
f 5863 5864 5860
f 5865 5862 5866
f 5865 5861 5862
f 5867 5868 5864
f 5867 5864 5863
f 5869 5865 5866
f 5869 5866 5870
f 5871 5868 5867
f 5871 5872 5868
f 5873 5869 5870
f 5873 5870 5874
f 5875 5876 5872
f 5875 5872 5871
f 5877 5873 5874
f 5877 5874 5878
f 5879 5880 5876
f 5879 5876 5875
f 5881 5877 5878
f 5881 5878 5882
f 5883 5880 5879
f 5883 5884 5880
f 5885 5881 5882
f 5885 5882 5886
f 5887 5884 5883
f 5887 5888 5884
f 5889 5886 5890
f 5889 5885 5886
f 5891 5892 5888
f 5891 5888 5887
f 5893 5889 5890
f 5893 5890 5894
f 5895 5896 5897
f 5895 5897 5892
f 5895 5892 5891
f 5898 5893 5894
f 5898 5894 5899
f 5900 5896 5895
f 5901 5898 5899
f 5901 5899 5902
f 5903 5896 5900
f 5903 5904 5896
f 5905 5901 5902
f 5905 5902 5906
f 5907 5908 5904
f 5907 5904 5903
f 5909 5905 5906
f 5909 5906 5910
f 5911 5908 5907
f 5911 5912 5908
f 5913 5909 5910
f 5913 5910 5914
f 5915 5912 5911
f 5915 5916 5912
f 5917 5914 5918
f 5917 5913 5914
f 5919 5916 5915
f 5919 5920 5916
f 5921 5918 5922
f 5921 5917 5918
f 5923 5920 5919
f 5923 5924 5920
f 5925 5922 5926
f 5925 5921 5922
f 5927 5928 5924
f 5927 5924 5923
f 5929 5926 5930
f 5929 5930 5931
f 5929 5925 5926
f 5932 5928 5927
f 5932 5933 5928
f 5934 5929 5931
f 5935 5936 5933
f 5935 5933 5932
f 5937 5931 5938
f 5937 5934 5931
f 5939 5940 5936
f 5939 5936 5935
f 5941 5938 5942
f 5941 5937 5938
f 5943 5944 5945
f 5943 5945 5940
f 5943 5940 5939
f 5946 5942 5947
f 5946 5941 5942
f 5948 5944 5943
f 5949 5947 5950
f 5949 5946 5947
f 5951 5952 5944
f 5951 5944 5948
f 5953 5950 5954
f 5953 5949 5950
f 5955 5951 5956
f 5955 5952 5951
f 5957 5958 5953
f 5957 5953 5954
f 5959 5955 5956
f 5959 5956 5960
f 5961 5958 5957
f 5961 5962 5958
f 5963 5959 5960
f 5963 5960 5964
f 5965 5962 5961
f 5965 5966 5962
f 5967 5963 5964
f 5967 5968 5969
f 5967 5964 5968
f 5970 5966 5965
f 5970 5971 5966
f 5970 5972 5971
f 5973 5967 5969
f 5974 5972 5970
f 5975 5969 5976
f 5975 5973 5969
f 5977 5978 5972
f 5977 5972 5974
f 5979 5975 5976
f 5979 5976 5980
f 5981 5982 5978
f 5981 5978 5977
f 5983 5980 5984
f 5983 5979 5980
f 5985 5986 5982
f 5985 5982 5981
f 5987 5988 5989
f 5987 5984 5988
f 5987 5983 5984
f 5990 5991 5986
f 5990 5992 5991
f 5990 5986 5985
f 5993 5987 5989
f 5994 5995 5992
f 5994 5992 5990
f 5996 5993 5989
f 5996 5989 5997
f 5998 5995 5994
f 5999 5996 5997
f 5999 5997 6000
f 6001 5995 5998
f 6001 6002 5995
f 6003 5999 6000
f 6003 6004 6005
f 6003 6000 6004
f 6006 6002 6001
f 6006 6007 6002
f 6008 6005 6009
f 6008 6003 6005
f 6010 6011 6007
f 6010 6007 6006
f 6012 6008 6009
f 6013 6014 6011
f 6013 6015 6014
f 6013 6011 6010
f 6016 6009 6017
f 6016 6012 6009
f 6018 6015 6013
f 6019 6017 6020
f 6019 6016 6017
f 6021 6022 6015
f 6021 6015 6018
f 6023 6019 6020
f 6023 6020 6024
f 6025 6026 6022
f 6025 6027 6026
f 6025 6022 6021
f 6028 6029 6030
f 6028 6024 6029
f 6028 6023 6024
f 6031 6027 6025
f 6032 6028 6030
f 6032 6030 6033
f 6034 6035 6027
f 6034 6036 6035
f 6034 6027 6031
f 6037 6032 6033
f 6038 6036 6034
f 6039 6040 6041
f 6039 6033 6040
f 6039 6037 6033
f 6042 6036 6038
f 6042 6043 6036
f 6044 6039 6041
f 6044 6041 6045
f 6046 6043 6042
f 6046 6047 6043
f 6048 6044 6045
f 6048 6045 6049
f 6050 6047 6046
f 6050 6051 6047
f 6052 6048 6049
f 6053 6051 6050
f 6053 6054 6051
f 6055 6056 6057
f 6055 6049 6056
f 6055 6052 6049
f 6058 6054 6053
f 6058 6059 6054
f 6060 6055 6057
f 6061 6059 6058
f 6061 6062 6059
f 6063 6060 6057
f 6063 6057 6064
f 6065 6062 6061
f 6065 6066 6062
f 6067 6063 6064
f 6067 6064 6068
f 6069 6070 6066
f 6069 6071 6070
f 6069 6066 6065
f 6072 6067 6068
f 6072 6068 6073
f 6074 6071 6069
f 6075 6073 6076
f 6075 6072 6073
f 6077 6078 6071
f 6077 6071 6074
f 6079 6080 6078
f 6079 6076 6080
f 6079 6075 6076
f 6079 6078 6077
f 6081 6082 6083
f 6084 6082 6081
f 6085 6082 6084
f 6086 6082 6085
f 6087 6082 6086
f 6088 6082 6087
f 6089 6082 6088
f 6090 6082 6089
f 6091 6082 6090
f 6092 6082 6091
f 6093 6082 6092
f 6094 6082 6093
f 6095 6082 6094
f 6096 6082 6095
f 6097 6082 6096
f 6098 6082 6097
f 6099 6082 6098
f 6100 6082 6099
f 6101 6082 6100
f 6102 6082 6101
f 6103 6082 6102
f 6104 6105 6106
f 6107 6105 6104
f 6108 6105 6107
f 6109 6105 6108
f 6083 6105 6109
f 6082 6105 6083
f 6110 6105 6111
f 6112 6105 6110
f 6113 6105 6112
f 6114 6105 6113
f 6115 6105 6114
f 6116 6105 6115
f 6117 6105 6116
f 6118 6105 6117
f 6119 6105 6118
f 6120 6105 6119
f 6121 6105 6120
f 6106 6105 6121
f 6105 6122 6111
f 6105 6123 6122
f 6105 6124 6123
f 6105 6125 6124
f 6126 6127 6103
f 6128 6127 6126
f 6129 6127 6128
f 6130 6127 6129
f 6131 6127 6130
f 6132 6127 6131
f 6133 6127 6132
f 6103 6127 6082
f 6134 6127 6133
f 6135 6127 6134
f 6136 6127 6135
f 6137 6127 6136
f 6138 6127 6137
f 6138 6139 6127
f 6139 6140 6127
f 6140 6141 6127
f 6141 6142 6127
f 6142 6143 6127
f 6143 6144 6127
f 6105 6145 6125
f 6146 6145 6147
f 6148 6145 6146
f 6149 6145 6148
f 6150 6145 6149
f 6151 6145 6150
f 6152 6145 6151
f 6153 6145 6152
f 6125 6145 6153
f 6144 6154 6127
f 6145 6155 6147
f 6154 6156 6127
f 6145 6157 6155
f 6156 6158 6127
f 6145 6159 6157
f 6145 6160 6159
f 6145 6161 6160
f 6162 6163 6158
f 6164 6163 6162
f 6165 6163 6164
f 6158 6163 6127
f 6145 6166 6161
f 6165 6167 6163
f 6145 6168 6166
f 6167 6169 6163
f 6145 6170 6168
f 6169 6171 6163
f 6145 6172 6170
f 6171 6173 6163
f 6145 6174 6172
f 6173 6175 6163
f 6145 6176 6174
f 6175 6177 6163
f 6145 6178 6176
f 6177 6179 6163
f 6180 6181 6145
f 6145 6181 6178
f 6179 6182 6163
f 6180 6183 6181
f 6182 6184 6163
f 6180 6185 6183
f 6184 6186 6163
f 6180 6187 6185
f 6186 6188 6163
f 6180 6189 6187
f 6188 6190 6163
f 6180 6191 6189
f 6190 6192 6163
f 6180 6193 6191
f 6192 6194 6163
f 6180 6195 6193
f 6194 6196 6163
f 6180 6197 6195
f 6196 6198 6163
f 6180 6199 6197
f 6198 6200 6163
f 6180 6201 6199
f 6163 6202 6180
f 6200 6202 6163
f 6180 6203 6201
f 6202 6204 6180
f 6180 6205 6203
f 6204 6206 6180
f 6180 6207 6205
f 6206 6208 6180
f 6180 6209 6207
f 6208 6210 6180
f 6180 6211 6209
f 6210 6212 6180
f 6180 6212 6211
f 6213 6214 6215
f 6216 6217 6218
f 6216 6218 6219
f 6220 6221 6222
f 6223 6224 6225
f 6223 6225 6226
f 6227 6228 6229
f 6230 6231 6232
f 6233 6230 6234
f 6235 6236 6237
f 6235 6237 6238
f 6239 6240 6241
f 6242 6243 6244
f 6245 6246 6247
f 6248 6249 6250
f 6251 6242 6252
f 6253 6243 6242
f 6254 6255 6256
f 6253 6235 6243
f 6257 6258 6245
f 6259 6260 6261
f 6262 6263 6264
f 6265 6266 6267
f 6268 6253 6269
f 6270 6271 6272
f 6273 6274 6275
f 6268 6276 6277
f 6278 6279 6265
f 6280 6268 6281
f 6282 6283 6284
f 6282 6245 6283
f 6285 6286 6262
f 6282 6257 6245
f 6282 6287 6257
f 6288 6289 6278
f 6282 6284 6290
f 6291 6280 6292
f 6293 6280 6291
f 6293 6268 6280
f 6294 6268 6293
f 6295 6268 6294
f 6296 6297 6298
f 6299 6300 6301
f 6296 6302 6282
f 6296 6303 6304
f 6296 6290 6305
f 6296 6305 6306
f 6296 6306 6307
f 6296 6307 6308
f 6296 6308 6309
f 6296 6309 6310
f 6296 6310 6220
f 6296 6220 6311
f 6296 6311 6303
f 6296 6304 6312
f 6296 6312 6313
f 6296 6313 6314
f 6296 6314 6315
f 6296 6315 6316
f 6296 6316 6317
f 6296 6282 6290
f 6318 6268 6295
f 6319 6320 6321
f 6322 6323 6324
f 6325 6318 6326
f 6325 6326 6327
f 6328 6329 6330
f 6328 6330 6331
f 6332 6331 6333
f 6332 6328 6331
f 6334 6335 6336
f 6337 6338 6339
f 6337 6318 6325
f 6340 6341 6342
f 6340 6342 6343
f 6340 6343 6332
f 6344 6345 6346
f 6347 6337 6348
f 6349 6350 6351
f 6352 6353 6354
f 6355 6356 6357
f 6358 6359 6360
f 6361 6318 6337
f 6361 6337 6347
f 6362 6363 6364
f 6365 6355 6357
f 6366 6367 6368
f 6365 6357 6340
f 6369 6365 6340
f 6370 6371 6372
f 6373 6374 6375
f 6376 6377 6378
f 6379 6377 6376
f 6380 6381 6382
f 6383 6384 6385
f 6383 6385 6386
f 6387 6361 6377
f 6387 6377 6379
f 6388 6383 6386
f 6389 6386 6369
f 6389 6388 6386
f 6390 6387 6391
f 6392 6332 6333
f 6392 6236 6235
f 6392 6318 6361
f 6392 6235 6253
f 6392 6340 6332
f 6392 6369 6340
f 6392 6253 6268
f 6392 6389 6369
f 6392 6231 6230
f 6392 6217 6216
f 6392 6361 6387
f 6393 6394 6395
f 6392 6268 6318
f 6392 6230 6233
f 6392 6296 6317
f 6392 6317 6396
f 6392 6396 6217
f 6392 6333 6296
f 6392 6216 6397
f 6392 6397 6231
f 6392 6233 6398
f 6392 6398 6236
f 6399 6400 6401
f 6401 6400 6402
f 6403 6404 6405
f 6406 6404 6403
f 6407 6408 6409
f 6409 6408 6410
f 6411 6412 6413
f 6413 6412 6414
f 6415 6416 6417
f 6417 6416 6418
f 6419 6420 6421
f 6421 6420 6422
f 6423 6424 6425
f 6426 6427 6424
f 6426 6424 6423
f 6428 6426 6423

